record_id,citation_short,doi,coverage_category,pdf_status,supplement_status,visualization_audit_status,visualization_type,visualization_label,candidate_status,detected_terms,source_file,page_or_section,visual_verification_required,plotted_parameter_visual_checklist,manual_review_fields,evidence_note
canzoneri_2012_dynamic_sounds,Canzoneri et al. (2012),10.1371/journal.pone.0044306,covered_runnable_profile,downloaded,needs_user_download,source_mined,rt_by_soa_or_distance_curve,RT by SOA/distance curve,inferred_low_confidence,reaction time; rt; facilitation; distance; t1; t2; t3; t4; t5; temporal delay,artifacts/paper_metadata_audit/extracted/fallback/canzoneri_2012_dynamic_sounds/canzoneri_2012_dynamic_sounds.fallback.txt,"source page/section(s) 5, 3, 4",yes,Render and inspect the source figure/table/page; record figure/table/panel pointer; verify x-axis values and units; verify y-axis metric and units; verify plotted SOA/distance/bin labels; verify model parameters/boundary/index values when shown; verify uncertainty display; cross-check plotted parameters against methods/results tables or text.,figure/table/panel pointer; visualization form; x and y encodings; PPS metric shown; model function if any; boundary/index definition; condition facets; uncertainty display; visual verification status for plotted parameters.,"Automated PPS visualization miner found result/figure/model terms; verify against figures, captions, axes, legends, and results text before treating this visualization form as confirmed."
canzoneri_2012_dynamic_sounds,Canzoneri et al. (2012),10.1371/journal.pone.0044306,covered_runnable_profile,downloaded,needs_user_download,source_mined,sigmoid_psychometric_fit,Sigmoid or psychometric fit,inferred_low_confidence,sigmoid; fit; fitted; slope; r2,artifacts/paper_metadata_audit/extracted/fallback/canzoneri_2012_dynamic_sounds/canzoneri_2012_dynamic_sounds.fallback.txt,"source page/section(s) 5, 6",yes,Render and inspect the source figure/table/page; record figure/table/panel pointer; verify x-axis values and units; verify y-axis metric and units; verify plotted SOA/distance/bin labels; verify model parameters/boundary/index values when shown; verify uncertainty display; cross-check plotted parameters against methods/results tables or text.,figure/table/panel pointer; visualization form; x and y encodings; PPS metric shown; model function if any; boundary/index definition; condition facets; uncertainty display; visual verification status for plotted parameters.,"Automated PPS visualization miner found result/figure/model terms; verify against figures, captions, axes, legends, and results text before treating this visualization form as confirmed."
canzoneri_2012_dynamic_sounds,Canzoneri et al. (2012),10.1371/journal.pone.0044306,covered_runnable_profile,downloaded,needs_user_download,source_mined,pps_boundary_or_size_index,PPS boundary or size index,inferred_low_confidence,threshold; extension; index; boundary; extent,artifacts/paper_metadata_audit/extracted/fallback/canzoneri_2012_dynamic_sounds/canzoneri_2012_dynamic_sounds.fallback.txt,"source page/section(s) 2, 5",yes,Render and inspect the source figure/table/page; record figure/table/panel pointer; verify x-axis values and units; verify y-axis metric and units; verify plotted SOA/distance/bin labels; verify model parameters/boundary/index values when shown; verify uncertainty display; cross-check plotted parameters against methods/results tables or text.,figure/table/panel pointer; visualization form; x and y encodings; PPS metric shown; model function if any; boundary/index definition; condition facets; uncertainty display; visual verification status for plotted parameters.,"Automated PPS visualization miner found result/figure/model terms; verify against figures, captions, axes, legends, and results text before treating this visualization form as confirmed."
canzoneri_2012_dynamic_sounds,Canzoneri et al. (2012),10.1371/journal.pone.0044306,covered_runnable_profile,downloaded,needs_user_download,source_mined,condition_group_bar_box_summary,Condition/group bar or box summary,inferred_low_confidence,mean; sem; condition; pre; post; comparison,artifacts/paper_metadata_audit/extracted/fallback/canzoneri_2012_dynamic_sounds/canzoneri_2012_dynamic_sounds.fallback.txt,"source page/section(s) 2, 7",yes,Render and inspect the source figure/table/page; record figure/table/panel pointer; verify x-axis values and units; verify y-axis metric and units; verify plotted SOA/distance/bin labels; verify model parameters/boundary/index values when shown; verify uncertainty display; cross-check plotted parameters against methods/results tables or text.,figure/table/panel pointer; visualization form; x and y encodings; PPS metric shown; model function if any; boundary/index definition; condition facets; uncertainty display; visual verification status for plotted parameters.,"Automated PPS visualization miner found result/figure/model terms; verify against figures, captions, axes, legends, and results text before treating this visualization form as confirmed."
canzoneri_2012_dynamic_sounds,Canzoneri et al. (2012),10.1371/journal.pone.0044306,covered_runnable_profile,downloaded,needs_user_download,source_mined,near_far_or_distance_bin_plot,Near/far or distance-bin plot,inferred_low_confidence,near; far; close,artifacts/paper_metadata_audit/extracted/fallback/canzoneri_2012_dynamic_sounds/canzoneri_2012_dynamic_sounds.fallback.txt,"source page/section(s) 2, 6",yes,Render and inspect the source figure/table/page; record figure/table/panel pointer; verify x-axis values and units; verify y-axis metric and units; verify plotted SOA/distance/bin labels; verify model parameters/boundary/index values when shown; verify uncertainty display; cross-check plotted parameters against methods/results tables or text.,figure/table/panel pointer; visualization form; x and y encodings; PPS metric shown; model function if any; boundary/index definition; condition facets; uncertainty display; visual verification status for plotted parameters.,"Automated PPS visualization miner found result/figure/model terms; verify against figures, captions, axes, legends, and results text before treating this visualization form as confirmed."
canzoneri_2012_dynamic_sounds,Canzoneri et al. (2012),10.1371/journal.pone.0044306,covered_runnable_profile,downloaded,needs_user_download,source_mined,apparatus_trajectory_schematic,Apparatus or trajectory schematic,inferred_low_confidence,speaker; loudspeaker; approaching; receding; looming; participant; tactile; source; figure; setup; experimental setup,artifacts/paper_metadata_audit/extracted/fallback/canzoneri_2012_dynamic_sounds/canzoneri_2012_dynamic_sounds.fallback.txt,"source page/section(s) 2, 4, 3",yes,Render and inspect the source figure/table/page; record figure/table/panel pointer; verify x-axis values and units; verify y-axis metric and units; verify plotted SOA/distance/bin labels; verify model parameters/boundary/index values when shown; verify uncertainty display; cross-check plotted parameters against methods/results tables or text.,figure/table/panel pointer; visualization form; x and y encodings; PPS metric shown; model function if any; boundary/index definition; condition facets; uncertainty display; visual verification status for plotted parameters.,"Automated PPS visualization miner found result/figure/model terms; verify against figures, captions, axes, legends, and results text before treating this visualization form as confirmed."
canzoneri_2012_dynamic_sounds,Canzoneri et al. (2012),10.1371/journal.pone.0044306,covered_runnable_profile,downloaded,needs_user_download,source_mined,neural_trace_topography_or_brain_map,"Neural trace, topography, or brain map",inferred_low_confidence,eeg; tms; fmri; brain; cortex; electrode; erp,artifacts/paper_metadata_audit/extracted/fallback/canzoneri_2012_dynamic_sounds/canzoneri_2012_dynamic_sounds.fallback.txt,"source page/section(s) 2, 8",yes,Render and inspect the source figure/table/page; record figure/table/panel pointer; verify x-axis values and units; verify y-axis metric and units; verify plotted SOA/distance/bin labels; verify model parameters/boundary/index values when shown; verify uncertainty display; cross-check plotted parameters against methods/results tables or text.,figure/table/panel pointer; visualization form; x and y encodings; PPS metric shown; model function if any; boundary/index definition; condition facets; uncertainty display; visual verification status for plotted parameters.,"Automated PPS visualization miner found result/figure/model terms; verify against figures, captions, axes, legends, and results text before treating this visualization form as confirmed."
canzoneri_2012_dynamic_sounds,Canzoneri et al. (2012),10.1371/journal.pone.0044306,covered_runnable_profile,downloaded,needs_user_download,source_mined,model_parameter_or_fit_table,Model parameter or fit table,inferred_low_confidence,model; parameter; slope; intercept; table; rmse,artifacts/paper_metadata_audit/extracted/fallback/canzoneri_2012_dynamic_sounds/canzoneri_2012_dynamic_sounds.fallback.txt,"source page/section(s) 5, 6",yes,Render and inspect the source figure/table/page; record figure/table/panel pointer; verify x-axis values and units; verify y-axis metric and units; verify plotted SOA/distance/bin labels; verify model parameters/boundary/index values when shown; verify uncertainty display; cross-check plotted parameters against methods/results tables or text.,figure/table/panel pointer; visualization form; x and y encodings; PPS metric shown; model function if any; boundary/index definition; condition facets; uncertainty display; visual verification status for plotted parameters.,"Automated PPS visualization miner found result/figure/model terms; verify against figures, captions, axes, legends, and results text before treating this visualization form as confirmed."
canzoneri_2013_amputation_prosthesis,Canzoneri et al. (2013b),10.1038/srep02844,covered_blocked_missing_publication_parameters,downloaded,needs_user_download,source_mined,rt_by_soa_or_distance_curve,RT by SOA/distance curve,inferred_low_confidence,rt; distance; t1; t2; t3; t4; t5; d1; d2; soa; temporal delay,artifacts/paper_metadata_audit/extracted/fallback/canzoneri_2013_amputation_prosthesis/canzoneri_2013_amputation_prosthesis.fallback.txt,"source page/section(s) 2, 4, 6",yes,Render and inspect the source figure/table/page; record figure/table/panel pointer; verify x-axis values and units; verify y-axis metric and units; verify plotted SOA/distance/bin labels; verify model parameters/boundary/index values when shown; verify uncertainty display; cross-check plotted parameters against methods/results tables or text.,figure/table/panel pointer; visualization form; x and y encodings; PPS metric shown; model function if any; boundary/index definition; condition facets; uncertainty display; visual verification status for plotted parameters.,"Automated PPS visualization miner found result/figure/model terms; verify against figures, captions, axes, legends, and results text before treating this visualization form as confirmed."
canzoneri_2013_amputation_prosthesis,Canzoneri et al. (2013b),10.1038/srep02844,covered_blocked_missing_publication_parameters,downloaded,needs_user_download,source_mined,pps_boundary_or_size_index,PPS boundary or size index,inferred_low_confidence,threshold; extension; extent,artifacts/paper_metadata_audit/extracted/fallback/canzoneri_2013_amputation_prosthesis/canzoneri_2013_amputation_prosthesis.fallback.txt,source page/section(s) 2,yes,Render and inspect the source figure/table/page; record figure/table/panel pointer; verify x-axis values and units; verify y-axis metric and units; verify plotted SOA/distance/bin labels; verify model parameters/boundary/index values when shown; verify uncertainty display; cross-check plotted parameters against methods/results tables or text.,figure/table/panel pointer; visualization form; x and y encodings; PPS metric shown; model function if any; boundary/index definition; condition facets; uncertainty display; visual verification status for plotted parameters.,"Automated PPS visualization miner found result/figure/model terms; verify against figures, captions, axes, legends, and results text before treating this visualization form as confirmed."
canzoneri_2013_amputation_prosthesis,Canzoneri et al. (2013b),10.1038/srep02844,covered_blocked_missing_publication_parameters,downloaded,needs_user_download,source_mined,condition_group_bar_box_summary,Condition/group bar or box summary,inferred_low_confidence,mean; sem; condition; group; pre; post,artifacts/paper_metadata_audit/extracted/fallback/canzoneri_2013_amputation_prosthesis/canzoneri_2013_amputation_prosthesis.fallback.txt,"source page/section(s) 4, 6, 5",yes,Render and inspect the source figure/table/page; record figure/table/panel pointer; verify x-axis values and units; verify y-axis metric and units; verify plotted SOA/distance/bin labels; verify model parameters/boundary/index values when shown; verify uncertainty display; cross-check plotted parameters against methods/results tables or text.,figure/table/panel pointer; visualization form; x and y encodings; PPS metric shown; model function if any; boundary/index definition; condition facets; uncertainty display; visual verification status for plotted parameters.,"Automated PPS visualization miner found result/figure/model terms; verify against figures, captions, axes, legends, and results text before treating this visualization form as confirmed."
canzoneri_2013_amputation_prosthesis,Canzoneri et al. (2013b),10.1038/srep02844,covered_blocked_missing_publication_parameters,downloaded,needs_user_download,source_mined,near_far_or_distance_bin_plot,Near/far or distance-bin plot,inferred_low_confidence,near; far; close; d1; d2; d3; d4; d5; proximal; distal; d6,artifacts/paper_metadata_audit/extracted/fallback/canzoneri_2013_amputation_prosthesis/canzoneri_2013_amputation_prosthesis.fallback.txt,"source page/section(s) 4, 3, 7",yes,Render and inspect the source figure/table/page; record figure/table/panel pointer; verify x-axis values and units; verify y-axis metric and units; verify plotted SOA/distance/bin labels; verify model parameters/boundary/index values when shown; verify uncertainty display; cross-check plotted parameters against methods/results tables or text.,figure/table/panel pointer; visualization form; x and y encodings; PPS metric shown; model function if any; boundary/index definition; condition facets; uncertainty display; visual verification status for plotted parameters.,"Automated PPS visualization miner found result/figure/model terms; verify against figures, captions, axes, legends, and results text before treating this visualization form as confirmed."
canzoneri_2013_amputation_prosthesis,Canzoneri et al. (2013b),10.1038/srep02844,covered_blocked_missing_publication_parameters,downloaded,needs_user_download,source_mined,apparatus_trajectory_schematic,Apparatus or trajectory schematic,inferred_low_confidence,figure; approaching; receding; participant; tactile; source; speaker; loudspeaker,artifacts/paper_metadata_audit/extracted/fallback/canzoneri_2013_amputation_prosthesis/canzoneri_2013_amputation_prosthesis.fallback.txt,"source page/section(s) 2, 4, 7",yes,Render and inspect the source figure/table/page; record figure/table/panel pointer; verify x-axis values and units; verify y-axis metric and units; verify plotted SOA/distance/bin labels; verify model parameters/boundary/index values when shown; verify uncertainty display; cross-check plotted parameters against methods/results tables or text.,figure/table/panel pointer; visualization form; x and y encodings; PPS metric shown; model function if any; boundary/index definition; condition facets; uncertainty display; visual verification status for plotted parameters.,"Automated PPS visualization miner found result/figure/model terms; verify against figures, captions, axes, legends, and results text before treating this visualization form as confirmed."
canzoneri_2013_amputation_prosthesis,Canzoneri et al. (2013b),10.1038/srep02844,covered_blocked_missing_publication_parameters,downloaded,needs_user_download,source_mined,neural_trace_topography_or_brain_map,"Neural trace, topography, or brain map",inferred_low_confidence,erp; tms; fmri; bold; topographic; brain; cortex; electrode,artifacts/paper_metadata_audit/extracted/fallback/canzoneri_2013_amputation_prosthesis/canzoneri_2013_amputation_prosthesis.fallback.txt,source page/section(s) 7,yes,Render and inspect the source figure/table/page; record figure/table/panel pointer; verify x-axis values and units; verify y-axis metric and units; verify plotted SOA/distance/bin labels; verify model parameters/boundary/index values when shown; verify uncertainty display; cross-check plotted parameters against methods/results tables or text.,figure/table/panel pointer; visualization form; x and y encodings; PPS metric shown; model function if any; boundary/index definition; condition facets; uncertainty display; visual verification status for plotted parameters.,"Automated PPS visualization miner found result/figure/model terms; verify against figures, captions, axes, legends, and results text before treating this visualization form as confirmed."
ferri_2015_jneurosci_itv,"Ferri et al. (2015), JNeurosci",10.1523/jneurosci.1696-15.2015,not_yet_templated_missing_publication_parameters,downloaded,paywalled,source_mined,rt_by_soa_or_distance_curve,RT by SOA/distance curve,inferred_low_confidence,rt; temporal delay; distance; t1; t2; t5; d1; d2; t3; t4; curve; plot,artifacts/paper_metadata_audit/extracted/fallback/ferri_2015_jneurosci_itv/ferri_2015_jneurosci_itv.fallback.txt,"source page/section(s) 4, 7, 3",yes,Render and inspect the source figure/table/page; record figure/table/panel pointer; verify x-axis values and units; verify y-axis metric and units; verify plotted SOA/distance/bin labels; verify model parameters/boundary/index values when shown; verify uncertainty display; cross-check plotted parameters against methods/results tables or text.,figure/table/panel pointer; visualization form; x and y encodings; PPS metric shown; model function if any; boundary/index definition; condition facets; uncertainty display; visual verification status for plotted parameters.,"Automated PPS visualization miner found result/figure/model terms; verify against figures, captions, axes, legends, and results text before treating this visualization form as confirmed."
ferri_2015_jneurosci_itv,"Ferri et al. (2015), JNeurosci",10.1523/jneurosci.1696-15.2015,not_yet_templated_missing_publication_parameters,downloaded,paywalled,source_mined,sigmoid_psychometric_fit,Sigmoid or psychometric fit,inferred_low_confidence,sigmoid; fit; fitted; r2; slope,artifacts/paper_metadata_audit/extracted/fallback/ferri_2015_jneurosci_itv/ferri_2015_jneurosci_itv.fallback.txt,"source page/section(s) 6, 2, 3",yes,Render and inspect the source figure/table/page; record figure/table/panel pointer; verify x-axis values and units; verify y-axis metric and units; verify plotted SOA/distance/bin labels; verify model parameters/boundary/index values when shown; verify uncertainty display; cross-check plotted parameters against methods/results tables or text.,figure/table/panel pointer; visualization form; x and y encodings; PPS metric shown; model function if any; boundary/index definition; condition facets; uncertainty display; visual verification status for plotted parameters.,"Automated PPS visualization miner found result/figure/model terms; verify against figures, captions, axes, legends, and results text before treating this visualization form as confirmed."
ferri_2015_jneurosci_itv,"Ferri et al. (2015), JNeurosci",10.1523/jneurosci.1696-15.2015,not_yet_templated_missing_publication_parameters,downloaded,paywalled,source_mined,pps_boundary_or_size_index,PPS boundary or size index,inferred_low_confidence,pps boundary; boundary; threshold; index; extension; extent,artifacts/paper_metadata_audit/extracted/fallback/ferri_2015_jneurosci_itv/ferri_2015_jneurosci_itv.fallback.txt,"source page/section(s) 2, 8, 9",yes,Render and inspect the source figure/table/page; record figure/table/panel pointer; verify x-axis values and units; verify y-axis metric and units; verify plotted SOA/distance/bin labels; verify model parameters/boundary/index values when shown; verify uncertainty display; cross-check plotted parameters against methods/results tables or text.,figure/table/panel pointer; visualization form; x and y encodings; PPS metric shown; model function if any; boundary/index definition; condition facets; uncertainty display; visual verification status for plotted parameters.,"Automated PPS visualization miner found result/figure/model terms; verify against figures, captions, axes, legends, and results text before treating this visualization form as confirmed."
ferri_2015_jneurosci_itv,"Ferri et al. (2015), JNeurosci",10.1523/jneurosci.1696-15.2015,not_yet_templated_missing_publication_parameters,downloaded,paywalled,source_mined,near_far_or_distance_bin_plot,Near/far or distance-bin plot,inferred_low_confidence,near; far; close; distant; d2; d4; d5; d1,artifacts/paper_metadata_audit/extracted/fallback/ferri_2015_jneurosci_itv/ferri_2015_jneurosci_itv.fallback.txt,"source page/section(s) 6, 4, 9",yes,Render and inspect the source figure/table/page; record figure/table/panel pointer; verify x-axis values and units; verify y-axis metric and units; verify plotted SOA/distance/bin labels; verify model parameters/boundary/index values when shown; verify uncertainty display; cross-check plotted parameters against methods/results tables or text.,figure/table/panel pointer; visualization form; x and y encodings; PPS metric shown; model function if any; boundary/index definition; condition facets; uncertainty display; visual verification status for plotted parameters.,"Automated PPS visualization miner found result/figure/model terms; verify against figures, captions, axes, legends, and results text before treating this visualization form as confirmed."
ferri_2015_jneurosci_itv,"Ferri et al. (2015), JNeurosci",10.1523/jneurosci.1696-15.2015,not_yet_templated_missing_publication_parameters,downloaded,paywalled,source_mined,apparatus_trajectory_schematic,Apparatus or trajectory schematic,inferred_low_confidence,fig.; apparatus; setup; speaker; loudspeaker; approaching; receding; looming; participant; tactile; source; figure,artifacts/paper_metadata_audit/extracted/fallback/ferri_2015_jneurosci_itv/ferri_2015_jneurosci_itv.fallback.txt,"source page/section(s) 2, 7, 4",yes,Render and inspect the source figure/table/page; record figure/table/panel pointer; verify x-axis values and units; verify y-axis metric and units; verify plotted SOA/distance/bin labels; verify model parameters/boundary/index values when shown; verify uncertainty display; cross-check plotted parameters against methods/results tables or text.,figure/table/panel pointer; visualization form; x and y encodings; PPS metric shown; model function if any; boundary/index definition; condition facets; uncertainty display; visual verification status for plotted parameters.,"Automated PPS visualization miner found result/figure/model terms; verify against figures, captions, axes, legends, and results text before treating this visualization form as confirmed."
ferri_2015_jneurosci_itv,"Ferri et al. (2015), JNeurosci",10.1523/jneurosci.1696-15.2015,not_yet_templated_missing_publication_parameters,downloaded,paywalled,source_mined,neural_trace_topography_or_brain_map,"Neural trace, topography, or brain map",inferred_low_confidence,erp; fmri; bold; brain; cortex; electrode; amplitude; tms,artifacts/paper_metadata_audit/extracted/fallback/ferri_2015_jneurosci_itv/ferri_2015_jneurosci_itv.fallback.txt,"source page/section(s) 2, 7, 11",yes,Render and inspect the source figure/table/page; record figure/table/panel pointer; verify x-axis values and units; verify y-axis metric and units; verify plotted SOA/distance/bin labels; verify model parameters/boundary/index values when shown; verify uncertainty display; cross-check plotted parameters against methods/results tables or text.,figure/table/panel pointer; visualization form; x and y encodings; PPS metric shown; model function if any; boundary/index definition; condition facets; uncertainty display; visual verification status for plotted parameters.,"Automated PPS visualization miner found result/figure/model terms; verify against figures, captions, axes, legends, and results text before treating this visualization form as confirmed."
ferri_2015_jneurosci_itv,"Ferri et al. (2015), JNeurosci",10.1523/jneurosci.1696-15.2015,not_yet_templated_missing_publication_parameters,downloaded,paywalled,source_mined,model_parameter_or_fit_table,Model parameter or fit table,inferred_low_confidence,model; parameter; slope; intercept; table; rmse; coefficient,artifacts/paper_metadata_audit/extracted/fallback/ferri_2015_jneurosci_itv/ferri_2015_jneurosci_itv.fallback.txt,"source page/section(s) 3, 5, 6",yes,Render and inspect the source figure/table/page; record figure/table/panel pointer; verify x-axis values and units; verify y-axis metric and units; verify plotted SOA/distance/bin labels; verify model parameters/boundary/index values when shown; verify uncertainty display; cross-check plotted parameters against methods/results tables or text.,figure/table/panel pointer; visualization form; x and y encodings; PPS metric shown; model function if any; boundary/index definition; condition facets; uncertainty display; visual verification status for plotted parameters.,"Automated PPS visualization miner found result/figure/model terms; verify against figures, captions, axes, legends, and results text before treating this visualization form as confirmed."
galli_2015_wheelchair,Galli et al. (2015),10.3389/fpsyg.2015.00639,covered_blocked_toolkit_structure,downloaded,needs_user_download,source_mined,rt_by_soa_or_distance_curve,RT by SOA/distance curve,inferred_low_confidence,reaction time; rt; temporal delay; distance; t1; t2; t3; d1; d2,artifacts/paper_metadata_audit/extracted/fallback/galli_2015_wheelchair/galli_2015_wheelchair.fallback.txt,"source page/section(s) 5, 3, 6",yes,Render and inspect the source figure/table/page; record figure/table/panel pointer; verify x-axis values and units; verify y-axis metric and units; verify plotted SOA/distance/bin labels; verify model parameters/boundary/index values when shown; verify uncertainty display; cross-check plotted parameters against methods/results tables or text.,figure/table/panel pointer; visualization form; x and y encodings; PPS metric shown; model function if any; boundary/index definition; condition facets; uncertainty display; visual verification status for plotted parameters.,"Automated PPS visualization miner found result/figure/model terms; verify against figures, captions, axes, legends, and results text before treating this visualization form as confirmed."
galli_2015_wheelchair,Galli et al. (2015),10.3389/fpsyg.2015.00639,covered_blocked_toolkit_structure,downloaded,needs_user_download,source_mined,pps_boundary_or_size_index,PPS boundary or size index,inferred_low_confidence,threshold; extension; extent,artifacts/paper_metadata_audit/extracted/fallback/galli_2015_wheelchair/galli_2015_wheelchair.fallback.txt,source page/section(s) 4,yes,Render and inspect the source figure/table/page; record figure/table/panel pointer; verify x-axis values and units; verify y-axis metric and units; verify plotted SOA/distance/bin labels; verify model parameters/boundary/index values when shown; verify uncertainty display; cross-check plotted parameters against methods/results tables or text.,figure/table/panel pointer; visualization form; x and y encodings; PPS metric shown; model function if any; boundary/index definition; condition facets; uncertainty display; visual verification status for plotted parameters.,"Automated PPS visualization miner found result/figure/model terms; verify against figures, captions, axes, legends, and results text before treating this visualization form as confirmed."
galli_2015_wheelchair,Galli et al. (2015),10.3389/fpsyg.2015.00639,covered_blocked_toolkit_structure,downloaded,needs_user_download,source_mined,condition_group_bar_box_summary,Condition/group bar or box summary,inferred_low_confidence,mean; sem; condition; group; pre; post; baseline; comparison,artifacts/paper_metadata_audit/extracted/fallback/galli_2015_wheelchair/galli_2015_wheelchair.fallback.txt,"source page/section(s) 5, 7, 8",yes,Render and inspect the source figure/table/page; record figure/table/panel pointer; verify x-axis values and units; verify y-axis metric and units; verify plotted SOA/distance/bin labels; verify model parameters/boundary/index values when shown; verify uncertainty display; cross-check plotted parameters against methods/results tables or text.,figure/table/panel pointer; visualization form; x and y encodings; PPS metric shown; model function if any; boundary/index definition; condition facets; uncertainty display; visual verification status for plotted parameters.,"Automated PPS visualization miner found result/figure/model terms; verify against figures, captions, axes, legends, and results text before treating this visualization form as confirmed."
galli_2015_wheelchair,Galli et al. (2015),10.3389/fpsyg.2015.00639,covered_blocked_toolkit_structure,downloaded,needs_user_download,source_mined,spatial_map_heatmap_or_body_boundary,"Spatial map, heatmap, or body boundary",inferred_low_confidence,map; near space; body-centered,artifacts/paper_metadata_audit/extracted/fallback/galli_2015_wheelchair/galli_2015_wheelchair.fallback.txt,source page/section(s) 9,yes,Render and inspect the source figure/table/page; record figure/table/panel pointer; verify x-axis values and units; verify y-axis metric and units; verify plotted SOA/distance/bin labels; verify model parameters/boundary/index values when shown; verify uncertainty display; cross-check plotted parameters against methods/results tables or text.,figure/table/panel pointer; visualization form; x and y encodings; PPS metric shown; model function if any; boundary/index definition; condition facets; uncertainty display; visual verification status for plotted parameters.,"Automated PPS visualization miner found result/figure/model terms; verify against figures, captions, axes, legends, and results text before treating this visualization form as confirmed."
galli_2015_wheelchair,Galli et al. (2015),10.3389/fpsyg.2015.00639,covered_blocked_toolkit_structure,downloaded,needs_user_download,source_mined,near_far_or_distance_bin_plot,Near/far or distance-bin plot,inferred_low_confidence,distant; d1; d2; d3; d4; d5; d6; close; near; far,artifacts/paper_metadata_audit/extracted/fallback/galli_2015_wheelchair/galli_2015_wheelchair.fallback.txt,"source page/section(s) 6, 5, 3",yes,Render and inspect the source figure/table/page; record figure/table/panel pointer; verify x-axis values and units; verify y-axis metric and units; verify plotted SOA/distance/bin labels; verify model parameters/boundary/index values when shown; verify uncertainty display; cross-check plotted parameters against methods/results tables or text.,figure/table/panel pointer; visualization form; x and y encodings; PPS metric shown; model function if any; boundary/index definition; condition facets; uncertainty display; visual verification status for plotted parameters.,"Automated PPS visualization miner found result/figure/model terms; verify against figures, captions, axes, legends, and results text before treating this visualization form as confirmed."
galli_2015_wheelchair,Galli et al. (2015),10.3389/fpsyg.2015.00639,covered_blocked_toolkit_structure,downloaded,needs_user_download,source_mined,apparatus_trajectory_schematic,Apparatus or trajectory schematic,inferred_low_confidence,figure; schematic; setup; speaker; loudspeaker; approaching; looming; participant; tactile; source,artifacts/paper_metadata_audit/extracted/fallback/galli_2015_wheelchair/galli_2015_wheelchair.fallback.txt,"source page/section(s) 3, 2, 4",yes,Render and inspect the source figure/table/page; record figure/table/panel pointer; verify x-axis values and units; verify y-axis metric and units; verify plotted SOA/distance/bin labels; verify model parameters/boundary/index values when shown; verify uncertainty display; cross-check plotted parameters against methods/results tables or text.,figure/table/panel pointer; visualization form; x and y encodings; PPS metric shown; model function if any; boundary/index definition; condition facets; uncertainty display; visual verification status for plotted parameters.,"Automated PPS visualization miner found result/figure/model terms; verify against figures, captions, axes, legends, and results text before treating this visualization form as confirmed."
galli_2015_wheelchair,Galli et al. (2015),10.3389/fpsyg.2015.00639,covered_blocked_toolkit_structure,downloaded,needs_user_download,source_mined,neural_trace_topography_or_brain_map,"Neural trace, topography, or brain map",inferred_low_confidence,erp; tms; brain; cortex,artifacts/paper_metadata_audit/extracted/fallback/galli_2015_wheelchair/galli_2015_wheelchair.fallback.txt,source page/section(s) 11,yes,Render and inspect the source figure/table/page; record figure/table/panel pointer; verify x-axis values and units; verify y-axis metric and units; verify plotted SOA/distance/bin labels; verify model parameters/boundary/index values when shown; verify uncertainty display; cross-check plotted parameters against methods/results tables or text.,figure/table/panel pointer; visualization form; x and y encodings; PPS metric shown; model function if any; boundary/index definition; condition facets; uncertainty display; visual verification status for plotted parameters.,"Automated PPS visualization miner found result/figure/model terms; verify against figures, captions, axes, legends, and results text before treating this visualization form as confirmed."
noel_2015_bodily_self,Noel et al. (2015a),10.1016/j.cognition.2015.07.012,covered_runnable_profile,downloaded,not_found,source_mined,rt_by_soa_or_distance_curve,RT by SOA/distance curve,inferred_low_confidence,reaction time; rt; facilitation; soa; distance; t1; t2; d1; plotted; plot; temporal delay,artifacts/paper_metadata_audit/extracted/fallback/noel_2015_bodily_self/noel_2015_bodily_self.fallback.txt,"source page/section(s) 4, 3, 5",yes,Render and inspect the source figure/table/page; record figure/table/panel pointer; verify x-axis values and units; verify y-axis metric and units; verify plotted SOA/distance/bin labels; verify model parameters/boundary/index values when shown; verify uncertainty display; cross-check plotted parameters against methods/results tables or text.,figure/table/panel pointer; visualization form; x and y encodings; PPS metric shown; model function if any; boundary/index definition; condition facets; uncertainty display; visual verification status for plotted parameters.,"Automated PPS visualization miner found result/figure/model terms; verify against figures, captions, axes, legends, and results text before treating this visualization form as confirmed."
noel_2015_bodily_self,Noel et al. (2015a),10.1016/j.cognition.2015.07.012,covered_runnable_profile,downloaded,not_found,source_mined,pps_boundary_or_size_index,PPS boundary or size index,inferred_low_confidence,pps boundary; boundary; extension,artifacts/paper_metadata_audit/extracted/fallback/noel_2015_bodily_self/noel_2015_bodily_self.fallback.txt,"source page/section(s) 6, 4, 5",yes,Render and inspect the source figure/table/page; record figure/table/panel pointer; verify x-axis values and units; verify y-axis metric and units; verify plotted SOA/distance/bin labels; verify model parameters/boundary/index values when shown; verify uncertainty display; cross-check plotted parameters against methods/results tables or text.,figure/table/panel pointer; visualization form; x and y encodings; PPS metric shown; model function if any; boundary/index definition; condition facets; uncertainty display; visual verification status for plotted parameters.,"Automated PPS visualization miner found result/figure/model terms; verify against figures, captions, axes, legends, and results text before treating this visualization form as confirmed."
noel_2015_bodily_self,Noel et al. (2015a),10.1016/j.cognition.2015.07.012,covered_runnable_profile,downloaded,not_found,source_mined,condition_group_bar_box_summary,Condition/group bar or box summary,inferred_low_confidence,sem; condition; pre; baseline,artifacts/paper_metadata_audit/extracted/fallback/noel_2015_bodily_self/noel_2015_bodily_self.fallback.txt,source page/section(s) 7,yes,Render and inspect the source figure/table/page; record figure/table/panel pointer; verify x-axis values and units; verify y-axis metric and units; verify plotted SOA/distance/bin labels; verify model parameters/boundary/index values when shown; verify uncertainty display; cross-check plotted parameters against methods/results tables or text.,figure/table/panel pointer; visualization form; x and y encodings; PPS metric shown; model function if any; boundary/index definition; condition facets; uncertainty display; visual verification status for plotted parameters.,"Automated PPS visualization miner found result/figure/model terms; verify against figures, captions, axes, legends, and results text before treating this visualization form as confirmed."
noel_2015_bodily_self,Noel et al. (2015a),10.1016/j.cognition.2015.07.012,covered_runnable_profile,downloaded,not_found,source_mined,near_far_or_distance_bin_plot,Near/far or distance-bin plot,inferred_low_confidence,far; close; d1; d4; d5; d6,artifacts/paper_metadata_audit/extracted/fallback/noel_2015_bodily_self/noel_2015_bodily_self.fallback.txt,"source page/section(s) 6, 4, 5",yes,Render and inspect the source figure/table/page; record figure/table/panel pointer; verify x-axis values and units; verify y-axis metric and units; verify plotted SOA/distance/bin labels; verify model parameters/boundary/index values when shown; verify uncertainty display; cross-check plotted parameters against methods/results tables or text.,figure/table/panel pointer; visualization form; x and y encodings; PPS metric shown; model function if any; boundary/index definition; condition facets; uncertainty display; visual verification status for plotted parameters.,"Automated PPS visualization miner found result/figure/model terms; verify against figures, captions, axes, legends, and results text before treating this visualization form as confirmed."
noel_2015_bodily_self,Noel et al. (2015a),10.1016/j.cognition.2015.07.012,covered_runnable_profile,downloaded,not_found,source_mined,apparatus_trajectory_schematic,Apparatus or trajectory schematic,inferred_low_confidence,fig.; apparatus; setup; speaker; loudspeaker; approaching; participant; tactile; figure; looming; source,artifacts/paper_metadata_audit/extracted/fallback/noel_2015_bodily_self/noel_2015_bodily_self.fallback.txt,"source page/section(s) 2, 3, 4",yes,Render and inspect the source figure/table/page; record figure/table/panel pointer; verify x-axis values and units; verify y-axis metric and units; verify plotted SOA/distance/bin labels; verify model parameters/boundary/index values when shown; verify uncertainty display; cross-check plotted parameters against methods/results tables or text.,figure/table/panel pointer; visualization form; x and y encodings; PPS metric shown; model function if any; boundary/index definition; condition facets; uncertainty display; visual verification status for plotted parameters.,"Automated PPS visualization miner found result/figure/model terms; verify against figures, captions, axes, legends, and results text before treating this visualization form as confirmed."
serino_2015_peri_trunk_exp1,"Serino et al. (2015), Exp. 1",10.1038/srep18603,covered_runnable_profile,downloaded,downloaded,source_mined,rt_by_soa_or_distance_curve,RT by SOA/distance curve,inferred_low_confidence,reaction time; rt; facilitation; temporal delay; distance; t1; t2; d1; d2,artifacts/paper_metadata_audit/extracted/fallback/serino_2015_peri_trunk_exp1/serino_2015_peri_trunk_exp1.fallback.txt,"source page/section(s) 12, 2, 5",yes,Render and inspect the source figure/table/page; record figure/table/panel pointer; verify x-axis values and units; verify y-axis metric and units; verify plotted SOA/distance/bin labels; verify model parameters/boundary/index values when shown; verify uncertainty display; cross-check plotted parameters against methods/results tables or text.,figure/table/panel pointer; visualization form; x and y encodings; PPS metric shown; model function if any; boundary/index definition; condition facets; uncertainty display; visual verification status for plotted parameters.,"Automated PPS visualization miner found result/figure/model terms; verify against figures, captions, axes, legends, and results text before treating this visualization form as confirmed."
serino_2015_peri_trunk_exp1,"Serino et al. (2015), Exp. 1",10.1038/srep18603,covered_runnable_profile,downloaded,downloaded,source_mined,sigmoid_psychometric_fit,Sigmoid or psychometric fit,inferred_low_confidence,sigmoid; fit; fitted; r2,artifacts/paper_metadata_audit/extracted/fallback/serino_2015_peri_trunk_exp1/serino_2015_peri_trunk_exp1.fallback.txt,"source page/section(s) 8, 13",yes,Render and inspect the source figure/table/page; record figure/table/panel pointer; verify x-axis values and units; verify y-axis metric and units; verify plotted SOA/distance/bin labels; verify model parameters/boundary/index values when shown; verify uncertainty display; cross-check plotted parameters against methods/results tables or text.,figure/table/panel pointer; visualization form; x and y encodings; PPS metric shown; model function if any; boundary/index definition; condition facets; uncertainty display; visual verification status for plotted parameters.,"Automated PPS visualization miner found result/figure/model terms; verify against figures, captions, axes, legends, and results text before treating this visualization form as confirmed."
serino_2015_peri_trunk_exp1,"Serino et al. (2015), Exp. 1",10.1038/srep18603,covered_runnable_profile,downloaded,downloaded,source_mined,pps_boundary_or_size_index,PPS boundary or size index,inferred_low_confidence,boundary; size of pps; extension; extent; pps boundary,artifacts/paper_metadata_audit/extracted/fallback/serino_2015_peri_trunk_exp1/serino_2015_peri_trunk_exp1.fallback.txt,"source page/section(s) 5, 9, 3",yes,Render and inspect the source figure/table/page; record figure/table/panel pointer; verify x-axis values and units; verify y-axis metric and units; verify plotted SOA/distance/bin labels; verify model parameters/boundary/index values when shown; verify uncertainty display; cross-check plotted parameters against methods/results tables or text.,figure/table/panel pointer; visualization form; x and y encodings; PPS metric shown; model function if any; boundary/index definition; condition facets; uncertainty display; visual verification status for plotted parameters.,"Automated PPS visualization miner found result/figure/model terms; verify against figures, captions, axes, legends, and results text before treating this visualization form as confirmed."
serino_2015_peri_trunk_exp1,"Serino et al. (2015), Exp. 1",10.1038/srep18603,covered_runnable_profile,downloaded,downloaded,source_mined,spatial_map_heatmap_or_body_boundary,"Spatial map, heatmap, or body boundary",inferred_low_confidence,map; peri-hand; peri-trunk; schema; schematic,artifacts/paper_metadata_audit/extracted/fallback/serino_2015_peri_trunk_exp1/serino_2015_peri_trunk_exp1.fallback.txt,"source page/section(s) 10, 13, 2",yes,Render and inspect the source figure/table/page; record figure/table/panel pointer; verify x-axis values and units; verify y-axis metric and units; verify plotted SOA/distance/bin labels; verify model parameters/boundary/index values when shown; verify uncertainty display; cross-check plotted parameters against methods/results tables or text.,figure/table/panel pointer; visualization form; x and y encodings; PPS metric shown; model function if any; boundary/index definition; condition facets; uncertainty display; visual verification status for plotted parameters.,"Automated PPS visualization miner found result/figure/model terms; verify against figures, captions, axes, legends, and results text before treating this visualization form as confirmed."
serino_2015_peri_trunk_exp1,"Serino et al. (2015), Exp. 1",10.1038/srep18603,covered_runnable_profile,downloaded,downloaded,source_mined,near_far_or_distance_bin_plot,Near/far or distance-bin plot,inferred_low_confidence,near; far; close; distant; d1; d2; d3; d4; d6; d5; d7,artifacts/paper_metadata_audit/extracted/fallback/serino_2015_peri_trunk_exp1/serino_2015_peri_trunk_exp1.fallback.txt,"source page/section(s) 5, 2, 13",yes,Render and inspect the source figure/table/page; record figure/table/panel pointer; verify x-axis values and units; verify y-axis metric and units; verify plotted SOA/distance/bin labels; verify model parameters/boundary/index values when shown; verify uncertainty display; cross-check plotted parameters against methods/results tables or text.,figure/table/panel pointer; visualization form; x and y encodings; PPS metric shown; model function if any; boundary/index definition; condition facets; uncertainty display; visual verification status for plotted parameters.,"Automated PPS visualization miner found result/figure/model terms; verify against figures, captions, axes, legends, and results text before treating this visualization form as confirmed."
serino_2015_peri_trunk_exp1,"Serino et al. (2015), Exp. 1",10.1038/srep18603,covered_runnable_profile,downloaded,downloaded,source_mined,apparatus_trajectory_schematic,Apparatus or trajectory schematic,inferred_low_confidence,figure; fig.; setup; experimental setup; speaker; loudspeaker; trajectory; receding; looming; participant; tactile; source,artifacts/paper_metadata_audit/extracted/fallback/serino_2015_peri_trunk_exp1/serino_2015_peri_trunk_exp1.fallback.txt,"source page/section(s) 3, 7, 11",yes,Render and inspect the source figure/table/page; record figure/table/panel pointer; verify x-axis values and units; verify y-axis metric and units; verify plotted SOA/distance/bin labels; verify model parameters/boundary/index values when shown; verify uncertainty display; cross-check plotted parameters against methods/results tables or text.,figure/table/panel pointer; visualization form; x and y encodings; PPS metric shown; model function if any; boundary/index definition; condition facets; uncertainty display; visual verification status for plotted parameters.,"Automated PPS visualization miner found result/figure/model terms; verify against figures, captions, axes, legends, and results text before treating this visualization form as confirmed."
serino_2015_front_back_trunk_exp2,"Serino et al. (2015), Exp. 2",10.1038/srep18603,covered_runnable_profile,downloaded,downloaded,source_mined,rt_by_soa_or_distance_curve,RT by SOA/distance curve,inferred_low_confidence,reaction time; rt; facilitation; temporal delay; distance; t1; t2; d1; d2,artifacts/paper_metadata_audit/extracted/fallback/serino_2015_front_back_trunk_exp2/serino_2015_front_back_trunk_exp2.fallback.txt,"source page/section(s) 12, 2, 5",yes,Render and inspect the source figure/table/page; record figure/table/panel pointer; verify x-axis values and units; verify y-axis metric and units; verify plotted SOA/distance/bin labels; verify model parameters/boundary/index values when shown; verify uncertainty display; cross-check plotted parameters against methods/results tables or text.,figure/table/panel pointer; visualization form; x and y encodings; PPS metric shown; model function if any; boundary/index definition; condition facets; uncertainty display; visual verification status for plotted parameters.,"Automated PPS visualization miner found result/figure/model terms; verify against figures, captions, axes, legends, and results text before treating this visualization form as confirmed."
serino_2015_front_back_trunk_exp2,"Serino et al. (2015), Exp. 2",10.1038/srep18603,covered_runnable_profile,downloaded,downloaded,source_mined,sigmoid_psychometric_fit,Sigmoid or psychometric fit,inferred_low_confidence,sigmoid; fit; fitted; r2,artifacts/paper_metadata_audit/extracted/fallback/serino_2015_front_back_trunk_exp2/serino_2015_front_back_trunk_exp2.fallback.txt,"source page/section(s) 8, 13",yes,Render and inspect the source figure/table/page; record figure/table/panel pointer; verify x-axis values and units; verify y-axis metric and units; verify plotted SOA/distance/bin labels; verify model parameters/boundary/index values when shown; verify uncertainty display; cross-check plotted parameters against methods/results tables or text.,figure/table/panel pointer; visualization form; x and y encodings; PPS metric shown; model function if any; boundary/index definition; condition facets; uncertainty display; visual verification status for plotted parameters.,"Automated PPS visualization miner found result/figure/model terms; verify against figures, captions, axes, legends, and results text before treating this visualization form as confirmed."
serino_2015_front_back_trunk_exp2,"Serino et al. (2015), Exp. 2",10.1038/srep18603,covered_runnable_profile,downloaded,downloaded,source_mined,pps_boundary_or_size_index,PPS boundary or size index,inferred_low_confidence,boundary; size of pps; extension; extent; pps boundary,artifacts/paper_metadata_audit/extracted/fallback/serino_2015_front_back_trunk_exp2/serino_2015_front_back_trunk_exp2.fallback.txt,"source page/section(s) 5, 9, 3",yes,Render and inspect the source figure/table/page; record figure/table/panel pointer; verify x-axis values and units; verify y-axis metric and units; verify plotted SOA/distance/bin labels; verify model parameters/boundary/index values when shown; verify uncertainty display; cross-check plotted parameters against methods/results tables or text.,figure/table/panel pointer; visualization form; x and y encodings; PPS metric shown; model function if any; boundary/index definition; condition facets; uncertainty display; visual verification status for plotted parameters.,"Automated PPS visualization miner found result/figure/model terms; verify against figures, captions, axes, legends, and results text before treating this visualization form as confirmed."
serino_2015_front_back_trunk_exp2,"Serino et al. (2015), Exp. 2",10.1038/srep18603,covered_runnable_profile,downloaded,downloaded,source_mined,spatial_map_heatmap_or_body_boundary,"Spatial map, heatmap, or body boundary",inferred_low_confidence,map; peri-hand; peri-trunk; schema; schematic,artifacts/paper_metadata_audit/extracted/fallback/serino_2015_front_back_trunk_exp2/serino_2015_front_back_trunk_exp2.fallback.txt,"source page/section(s) 10, 13, 2",yes,Render and inspect the source figure/table/page; record figure/table/panel pointer; verify x-axis values and units; verify y-axis metric and units; verify plotted SOA/distance/bin labels; verify model parameters/boundary/index values when shown; verify uncertainty display; cross-check plotted parameters against methods/results tables or text.,figure/table/panel pointer; visualization form; x and y encodings; PPS metric shown; model function if any; boundary/index definition; condition facets; uncertainty display; visual verification status for plotted parameters.,"Automated PPS visualization miner found result/figure/model terms; verify against figures, captions, axes, legends, and results text before treating this visualization form as confirmed."
serino_2015_front_back_trunk_exp2,"Serino et al. (2015), Exp. 2",10.1038/srep18603,covered_runnable_profile,downloaded,downloaded,source_mined,near_far_or_distance_bin_plot,Near/far or distance-bin plot,inferred_low_confidence,near; far; close; distant; d1; d2; d3; d4; d6; d5; d7,artifacts/paper_metadata_audit/extracted/fallback/serino_2015_front_back_trunk_exp2/serino_2015_front_back_trunk_exp2.fallback.txt,"source page/section(s) 5, 2, 13",yes,Render and inspect the source figure/table/page; record figure/table/panel pointer; verify x-axis values and units; verify y-axis metric and units; verify plotted SOA/distance/bin labels; verify model parameters/boundary/index values when shown; verify uncertainty display; cross-check plotted parameters against methods/results tables or text.,figure/table/panel pointer; visualization form; x and y encodings; PPS metric shown; model function if any; boundary/index definition; condition facets; uncertainty display; visual verification status for plotted parameters.,"Automated PPS visualization miner found result/figure/model terms; verify against figures, captions, axes, legends, and results text before treating this visualization form as confirmed."
serino_2015_front_back_trunk_exp2,"Serino et al. (2015), Exp. 2",10.1038/srep18603,covered_runnable_profile,downloaded,downloaded,source_mined,apparatus_trajectory_schematic,Apparatus or trajectory schematic,inferred_low_confidence,figure; fig.; setup; experimental setup; speaker; loudspeaker; trajectory; receding; looming; participant; tactile; source,artifacts/paper_metadata_audit/extracted/fallback/serino_2015_front_back_trunk_exp2/serino_2015_front_back_trunk_exp2.fallback.txt,"source page/section(s) 3, 7, 11",yes,Render and inspect the source figure/table/page; record figure/table/panel pointer; verify x-axis values and units; verify y-axis metric and units; verify plotted SOA/distance/bin labels; verify model parameters/boundary/index values when shown; verify uncertainty display; cross-check plotted parameters against methods/results tables or text.,figure/table/panel pointer; visualization form; x and y encodings; PPS metric shown; model function if any; boundary/index definition; condition facets; uncertainty display; visual verification status for plotted parameters.,"Automated PPS visualization miner found result/figure/model terms; verify against figures, captions, axes, legends, and results text before treating this visualization form as confirmed."
serino_2015_peri_hand_exp3,"Serino et al. (2015), Exp. 3",10.1038/srep18603,covered_runnable_profile,downloaded,downloaded,source_mined,rt_by_soa_or_distance_curve,RT by SOA/distance curve,inferred_low_confidence,reaction time; rt; facilitation; temporal delay; distance; t1; t2; d1; d2,artifacts/paper_metadata_audit/extracted/fallback/serino_2015_peri_hand_exp3/serino_2015_peri_hand_exp3.fallback.txt,"source page/section(s) 12, 2, 5",yes,Render and inspect the source figure/table/page; record figure/table/panel pointer; verify x-axis values and units; verify y-axis metric and units; verify plotted SOA/distance/bin labels; verify model parameters/boundary/index values when shown; verify uncertainty display; cross-check plotted parameters against methods/results tables or text.,figure/table/panel pointer; visualization form; x and y encodings; PPS metric shown; model function if any; boundary/index definition; condition facets; uncertainty display; visual verification status for plotted parameters.,"Automated PPS visualization miner found result/figure/model terms; verify against figures, captions, axes, legends, and results text before treating this visualization form as confirmed."
serino_2015_peri_hand_exp3,"Serino et al. (2015), Exp. 3",10.1038/srep18603,covered_runnable_profile,downloaded,downloaded,source_mined,sigmoid_psychometric_fit,Sigmoid or psychometric fit,inferred_low_confidence,sigmoid; fit; fitted; r2,artifacts/paper_metadata_audit/extracted/fallback/serino_2015_peri_hand_exp3/serino_2015_peri_hand_exp3.fallback.txt,"source page/section(s) 8, 13",yes,Render and inspect the source figure/table/page; record figure/table/panel pointer; verify x-axis values and units; verify y-axis metric and units; verify plotted SOA/distance/bin labels; verify model parameters/boundary/index values when shown; verify uncertainty display; cross-check plotted parameters against methods/results tables or text.,figure/table/panel pointer; visualization form; x and y encodings; PPS metric shown; model function if any; boundary/index definition; condition facets; uncertainty display; visual verification status for plotted parameters.,"Automated PPS visualization miner found result/figure/model terms; verify against figures, captions, axes, legends, and results text before treating this visualization form as confirmed."
serino_2015_peri_hand_exp3,"Serino et al. (2015), Exp. 3",10.1038/srep18603,covered_runnable_profile,downloaded,downloaded,source_mined,pps_boundary_or_size_index,PPS boundary or size index,inferred_low_confidence,boundary; size of pps; extension; extent; pps boundary,artifacts/paper_metadata_audit/extracted/fallback/serino_2015_peri_hand_exp3/serino_2015_peri_hand_exp3.fallback.txt,"source page/section(s) 5, 9, 3",yes,Render and inspect the source figure/table/page; record figure/table/panel pointer; verify x-axis values and units; verify y-axis metric and units; verify plotted SOA/distance/bin labels; verify model parameters/boundary/index values when shown; verify uncertainty display; cross-check plotted parameters against methods/results tables or text.,figure/table/panel pointer; visualization form; x and y encodings; PPS metric shown; model function if any; boundary/index definition; condition facets; uncertainty display; visual verification status for plotted parameters.,"Automated PPS visualization miner found result/figure/model terms; verify against figures, captions, axes, legends, and results text before treating this visualization form as confirmed."
serino_2015_peri_hand_exp3,"Serino et al. (2015), Exp. 3",10.1038/srep18603,covered_runnable_profile,downloaded,downloaded,source_mined,spatial_map_heatmap_or_body_boundary,"Spatial map, heatmap, or body boundary",inferred_low_confidence,map; peri-hand; peri-trunk; schema; schematic,artifacts/paper_metadata_audit/extracted/fallback/serino_2015_peri_hand_exp3/serino_2015_peri_hand_exp3.fallback.txt,"source page/section(s) 10, 13, 2",yes,Render and inspect the source figure/table/page; record figure/table/panel pointer; verify x-axis values and units; verify y-axis metric and units; verify plotted SOA/distance/bin labels; verify model parameters/boundary/index values when shown; verify uncertainty display; cross-check plotted parameters against methods/results tables or text.,figure/table/panel pointer; visualization form; x and y encodings; PPS metric shown; model function if any; boundary/index definition; condition facets; uncertainty display; visual verification status for plotted parameters.,"Automated PPS visualization miner found result/figure/model terms; verify against figures, captions, axes, legends, and results text before treating this visualization form as confirmed."
serino_2015_peri_hand_exp3,"Serino et al. (2015), Exp. 3",10.1038/srep18603,covered_runnable_profile,downloaded,downloaded,source_mined,near_far_or_distance_bin_plot,Near/far or distance-bin plot,inferred_low_confidence,near; far; close; distant; d1; d2; d3; d4; d6; d5; d7,artifacts/paper_metadata_audit/extracted/fallback/serino_2015_peri_hand_exp3/serino_2015_peri_hand_exp3.fallback.txt,"source page/section(s) 5, 2, 13",yes,Render and inspect the source figure/table/page; record figure/table/panel pointer; verify x-axis values and units; verify y-axis metric and units; verify plotted SOA/distance/bin labels; verify model parameters/boundary/index values when shown; verify uncertainty display; cross-check plotted parameters against methods/results tables or text.,figure/table/panel pointer; visualization form; x and y encodings; PPS metric shown; model function if any; boundary/index definition; condition facets; uncertainty display; visual verification status for plotted parameters.,"Automated PPS visualization miner found result/figure/model terms; verify against figures, captions, axes, legends, and results text before treating this visualization form as confirmed."
serino_2015_peri_hand_exp3,"Serino et al. (2015), Exp. 3",10.1038/srep18603,covered_runnable_profile,downloaded,downloaded,source_mined,apparatus_trajectory_schematic,Apparatus or trajectory schematic,inferred_low_confidence,figure; fig.; setup; experimental setup; speaker; loudspeaker; trajectory; receding; looming; participant; tactile; source,artifacts/paper_metadata_audit/extracted/fallback/serino_2015_peri_hand_exp3/serino_2015_peri_hand_exp3.fallback.txt,"source page/section(s) 3, 7, 11",yes,Render and inspect the source figure/table/page; record figure/table/panel pointer; verify x-axis values and units; verify y-axis metric and units; verify plotted SOA/distance/bin labels; verify model parameters/boundary/index values when shown; verify uncertainty display; cross-check plotted parameters against methods/results tables or text.,figure/table/panel pointer; visualization form; x and y encodings; PPS metric shown; model function if any; boundary/index definition; condition facets; uncertainty display; visual verification status for plotted parameters.,"Automated PPS visualization miner found result/figure/model terms; verify against figures, captions, axes, legends, and results text before treating this visualization form as confirmed."
serino_2015_exps_4_to_6,"Serino et al. (2015), Exp. 4-6",10.1038/srep18603,not_yet_templated_requires_toolkit_structure,downloaded,downloaded,source_mined,rt_by_soa_or_distance_curve,RT by SOA/distance curve,inferred_low_confidence,reaction time; rt; facilitation; temporal delay; distance; t1; t2; d1; d2,artifacts/paper_metadata_audit/extracted/fallback/serino_2015_exps_4_to_6/serino_2015_exps_4_to_6.fallback.txt,"source page/section(s) 12, 2, 5",yes,Render and inspect the source figure/table/page; record figure/table/panel pointer; verify x-axis values and units; verify y-axis metric and units; verify plotted SOA/distance/bin labels; verify model parameters/boundary/index values when shown; verify uncertainty display; cross-check plotted parameters against methods/results tables or text.,figure/table/panel pointer; visualization form; x and y encodings; PPS metric shown; model function if any; boundary/index definition; condition facets; uncertainty display; visual verification status for plotted parameters.,"Automated PPS visualization miner found result/figure/model terms; verify against figures, captions, axes, legends, and results text before treating this visualization form as confirmed."
serino_2015_exps_4_to_6,"Serino et al. (2015), Exp. 4-6",10.1038/srep18603,not_yet_templated_requires_toolkit_structure,downloaded,downloaded,source_mined,sigmoid_psychometric_fit,Sigmoid or psychometric fit,inferred_low_confidence,sigmoid; fit; fitted; r2,artifacts/paper_metadata_audit/extracted/fallback/serino_2015_exps_4_to_6/serino_2015_exps_4_to_6.fallback.txt,"source page/section(s) 8, 13",yes,Render and inspect the source figure/table/page; record figure/table/panel pointer; verify x-axis values and units; verify y-axis metric and units; verify plotted SOA/distance/bin labels; verify model parameters/boundary/index values when shown; verify uncertainty display; cross-check plotted parameters against methods/results tables or text.,figure/table/panel pointer; visualization form; x and y encodings; PPS metric shown; model function if any; boundary/index definition; condition facets; uncertainty display; visual verification status for plotted parameters.,"Automated PPS visualization miner found result/figure/model terms; verify against figures, captions, axes, legends, and results text before treating this visualization form as confirmed."
serino_2015_exps_4_to_6,"Serino et al. (2015), Exp. 4-6",10.1038/srep18603,not_yet_templated_requires_toolkit_structure,downloaded,downloaded,source_mined,pps_boundary_or_size_index,PPS boundary or size index,inferred_low_confidence,boundary; size of pps; extension; extent; pps boundary,artifacts/paper_metadata_audit/extracted/fallback/serino_2015_exps_4_to_6/serino_2015_exps_4_to_6.fallback.txt,"source page/section(s) 5, 9, 3",yes,Render and inspect the source figure/table/page; record figure/table/panel pointer; verify x-axis values and units; verify y-axis metric and units; verify plotted SOA/distance/bin labels; verify model parameters/boundary/index values when shown; verify uncertainty display; cross-check plotted parameters against methods/results tables or text.,figure/table/panel pointer; visualization form; x and y encodings; PPS metric shown; model function if any; boundary/index definition; condition facets; uncertainty display; visual verification status for plotted parameters.,"Automated PPS visualization miner found result/figure/model terms; verify against figures, captions, axes, legends, and results text before treating this visualization form as confirmed."
serino_2015_exps_4_to_6,"Serino et al. (2015), Exp. 4-6",10.1038/srep18603,not_yet_templated_requires_toolkit_structure,downloaded,downloaded,source_mined,spatial_map_heatmap_or_body_boundary,"Spatial map, heatmap, or body boundary",inferred_low_confidence,map; peri-hand; peri-trunk; schema; schematic,artifacts/paper_metadata_audit/extracted/fallback/serino_2015_exps_4_to_6/serino_2015_exps_4_to_6.fallback.txt,"source page/section(s) 10, 13, 2",yes,Render and inspect the source figure/table/page; record figure/table/panel pointer; verify x-axis values and units; verify y-axis metric and units; verify plotted SOA/distance/bin labels; verify model parameters/boundary/index values when shown; verify uncertainty display; cross-check plotted parameters against methods/results tables or text.,figure/table/panel pointer; visualization form; x and y encodings; PPS metric shown; model function if any; boundary/index definition; condition facets; uncertainty display; visual verification status for plotted parameters.,"Automated PPS visualization miner found result/figure/model terms; verify against figures, captions, axes, legends, and results text before treating this visualization form as confirmed."
serino_2015_exps_4_to_6,"Serino et al. (2015), Exp. 4-6",10.1038/srep18603,not_yet_templated_requires_toolkit_structure,downloaded,downloaded,source_mined,near_far_or_distance_bin_plot,Near/far or distance-bin plot,inferred_low_confidence,near; far; close; distant; d1; d2; d3; d4; d6; d5; d7,artifacts/paper_metadata_audit/extracted/fallback/serino_2015_exps_4_to_6/serino_2015_exps_4_to_6.fallback.txt,"source page/section(s) 5, 2, 13",yes,Render and inspect the source figure/table/page; record figure/table/panel pointer; verify x-axis values and units; verify y-axis metric and units; verify plotted SOA/distance/bin labels; verify model parameters/boundary/index values when shown; verify uncertainty display; cross-check plotted parameters against methods/results tables or text.,figure/table/panel pointer; visualization form; x and y encodings; PPS metric shown; model function if any; boundary/index definition; condition facets; uncertainty display; visual verification status for plotted parameters.,"Automated PPS visualization miner found result/figure/model terms; verify against figures, captions, axes, legends, and results text before treating this visualization form as confirmed."
serino_2015_exps_4_to_6,"Serino et al. (2015), Exp. 4-6",10.1038/srep18603,not_yet_templated_requires_toolkit_structure,downloaded,downloaded,source_mined,apparatus_trajectory_schematic,Apparatus or trajectory schematic,inferred_low_confidence,figure; fig.; setup; experimental setup; speaker; loudspeaker; trajectory; receding; looming; participant; tactile; source,artifacts/paper_metadata_audit/extracted/fallback/serino_2015_exps_4_to_6/serino_2015_exps_4_to_6.fallback.txt,"source page/section(s) 3, 7, 11",yes,Render and inspect the source figure/table/page; record figure/table/panel pointer; verify x-axis values and units; verify y-axis metric and units; verify plotted SOA/distance/bin labels; verify model parameters/boundary/index values when shown; verify uncertainty display; cross-check plotted parameters against methods/results tables or text.,figure/table/panel pointer; visualization form; x and y encodings; PPS metric shown; model function if any; boundary/index definition; condition facets; uncertainty display; visual verification status for plotted parameters.,"Automated PPS visualization miner found result/figure/model terms; verify against figures, captions, axes, legends, and results text before treating this visualization form as confirmed."
serino_2015_toolless_sync_training,Serino/Canzoneri 2015 toolless sync training,10.3389/fnbeh.2015.00004,covered_blocked_missing_publication_parameters,downloaded,needs_user_download,source_mined,rt_by_soa_or_distance_curve,RT by SOA/distance curve,inferred_low_confidence,rt; distance; t1; t2; t3; t4; t5; d1; d2; reaction time,artifacts/paper_metadata_audit/extracted/fallback/serino_2015_toolless_sync_training/serino_2015_toolless_sync_training.fallback.txt,"source page/section(s) 9, 2, 6",yes,Render and inspect the source figure/table/page; record figure/table/panel pointer; verify x-axis values and units; verify y-axis metric and units; verify plotted SOA/distance/bin labels; verify model parameters/boundary/index values when shown; verify uncertainty display; cross-check plotted parameters against methods/results tables or text.,figure/table/panel pointer; visualization form; x and y encodings; PPS metric shown; model function if any; boundary/index definition; condition facets; uncertainty display; visual verification status for plotted parameters.,"Automated PPS visualization miner found result/figure/model terms; verify against figures, captions, axes, legends, and results text before treating this visualization form as confirmed."
serino_2015_toolless_sync_training,Serino/Canzoneri 2015 toolless sync training,10.3389/fnbeh.2015.00004,covered_blocked_missing_publication_parameters,downloaded,needs_user_download,source_mined,sigmoid_psychometric_fit,Sigmoid or psychometric fit,inferred_low_confidence,sigmoid; fit; fitted; slope,artifacts/paper_metadata_audit/extracted/fallback/serino_2015_toolless_sync_training/serino_2015_toolless_sync_training.fallback.txt,"source page/section(s) 11, 6",yes,Render and inspect the source figure/table/page; record figure/table/panel pointer; verify x-axis values and units; verify y-axis metric and units; verify plotted SOA/distance/bin labels; verify model parameters/boundary/index values when shown; verify uncertainty display; cross-check plotted parameters against methods/results tables or text.,figure/table/panel pointer; visualization form; x and y encodings; PPS metric shown; model function if any; boundary/index definition; condition facets; uncertainty display; visual verification status for plotted parameters.,"Automated PPS visualization miner found result/figure/model terms; verify against figures, captions, axes, legends, and results text before treating this visualization form as confirmed."
serino_2015_toolless_sync_training,Serino/Canzoneri 2015 toolless sync training,10.3389/fnbeh.2015.00004,covered_blocked_missing_publication_parameters,downloaded,needs_user_download,source_mined,pps_boundary_or_size_index,PPS boundary or size index,inferred_low_confidence,pps boundary; boundary; extension; index,artifacts/paper_metadata_audit/extracted/fallback/serino_2015_toolless_sync_training/serino_2015_toolless_sync_training.fallback.txt,"source page/section(s) 12, 6",yes,Render and inspect the source figure/table/page; record figure/table/panel pointer; verify x-axis values and units; verify y-axis metric and units; verify plotted SOA/distance/bin labels; verify model parameters/boundary/index values when shown; verify uncertainty display; cross-check plotted parameters against methods/results tables or text.,figure/table/panel pointer; visualization form; x and y encodings; PPS metric shown; model function if any; boundary/index definition; condition facets; uncertainty display; visual verification status for plotted parameters.,"Automated PPS visualization miner found result/figure/model terms; verify against figures, captions, axes, legends, and results text before treating this visualization form as confirmed."
serino_2015_toolless_sync_training,Serino/Canzoneri 2015 toolless sync training,10.3389/fnbeh.2015.00004,covered_blocked_missing_publication_parameters,downloaded,needs_user_download,source_mined,condition_group_bar_box_summary,Condition/group bar or box summary,inferred_low_confidence,mean; sem; condition; pre; post; comparison,artifacts/paper_metadata_audit/extracted/fallback/serino_2015_toolless_sync_training/serino_2015_toolless_sync_training.fallback.txt,"source page/section(s) 10, 5, 7",yes,Render and inspect the source figure/table/page; record figure/table/panel pointer; verify x-axis values and units; verify y-axis metric and units; verify plotted SOA/distance/bin labels; verify model parameters/boundary/index values when shown; verify uncertainty display; cross-check plotted parameters against methods/results tables or text.,figure/table/panel pointer; visualization form; x and y encodings; PPS metric shown; model function if any; boundary/index definition; condition facets; uncertainty display; visual verification status for plotted parameters.,"Automated PPS visualization miner found result/figure/model terms; verify against figures, captions, axes, legends, and results text before treating this visualization form as confirmed."
serino_2015_toolless_sync_training,Serino/Canzoneri 2015 toolless sync training,10.3389/fnbeh.2015.00004,covered_blocked_missing_publication_parameters,downloaded,needs_user_download,source_mined,near_far_or_distance_bin_plot,Near/far or distance-bin plot,inferred_low_confidence,far; close; distant; d1; d2; d3; d4; d5,artifacts/paper_metadata_audit/extracted/fallback/serino_2015_toolless_sync_training/serino_2015_toolless_sync_training.fallback.txt,"source page/section(s) 10, 9, 11",yes,Render and inspect the source figure/table/page; record figure/table/panel pointer; verify x-axis values and units; verify y-axis metric and units; verify plotted SOA/distance/bin labels; verify model parameters/boundary/index values when shown; verify uncertainty display; cross-check plotted parameters against methods/results tables or text.,figure/table/panel pointer; visualization form; x and y encodings; PPS metric shown; model function if any; boundary/index definition; condition facets; uncertainty display; visual verification status for plotted parameters.,"Automated PPS visualization miner found result/figure/model terms; verify against figures, captions, axes, legends, and results text before treating this visualization form as confirmed."
serino_2015_toolless_sync_training,Serino/Canzoneri 2015 toolless sync training,10.3389/fnbeh.2015.00004,covered_blocked_missing_publication_parameters,downloaded,needs_user_download,source_mined,apparatus_trajectory_schematic,Apparatus or trajectory schematic,inferred_low_confidence,figure; apparatus; speaker; loudspeaker; receding; participant; tactile; source; approaching,artifacts/paper_metadata_audit/extracted/fallback/serino_2015_toolless_sync_training/serino_2015_toolless_sync_training.fallback.txt,"source page/section(s) 8, 9, 10",yes,Render and inspect the source figure/table/page; record figure/table/panel pointer; verify x-axis values and units; verify y-axis metric and units; verify plotted SOA/distance/bin labels; verify model parameters/boundary/index values when shown; verify uncertainty display; cross-check plotted parameters against methods/results tables or text.,figure/table/panel pointer; visualization form; x and y encodings; PPS metric shown; model function if any; boundary/index definition; condition facets; uncertainty display; visual verification status for plotted parameters.,"Automated PPS visualization miner found result/figure/model terms; verify against figures, captions, axes, legends, and results text before treating this visualization form as confirmed."
serino_2015_toolless_sync_training,Serino/Canzoneri 2015 toolless sync training,10.3389/fnbeh.2015.00004,covered_blocked_missing_publication_parameters,downloaded,needs_user_download,source_mined,neural_trace_topography_or_brain_map,"Neural trace, topography, or brain map",inferred_low_confidence,erp; fmri; brain; cortex,artifacts/paper_metadata_audit/extracted/fallback/serino_2015_toolless_sync_training/serino_2015_toolless_sync_training.fallback.txt,source page/section(s) 13,yes,Render and inspect the source figure/table/page; record figure/table/panel pointer; verify x-axis values and units; verify y-axis metric and units; verify plotted SOA/distance/bin labels; verify model parameters/boundary/index values when shown; verify uncertainty display; cross-check plotted parameters against methods/results tables or text.,figure/table/panel pointer; visualization form; x and y encodings; PPS metric shown; model function if any; boundary/index definition; condition facets; uncertainty display; visual verification status for plotted parameters.,"Automated PPS visualization miner found result/figure/model terms; verify against figures, captions, axes, legends, and results text before treating this visualization form as confirmed."
noel_2018_neural_adaptation,Noel et al. (2018),10.1152/jn.00652.2017,not_yet_templated_missing_publication_parameters,downloaded,paywalled,source_mined,rt_by_soa_or_distance_curve,RT by SOA/distance curve,inferred_low_confidence,reaction time; rt; facilitation; distance; t1; t2; t3; t4; t5; d1; d2; plot,artifacts/paper_metadata_audit/extracted/fallback/noel_2018_neural_adaptation/noel_2018_neural_adaptation.fallback.txt,"source page/section(s) 3, 15, 13",yes,Render and inspect the source figure/table/page; record figure/table/panel pointer; verify x-axis values and units; verify y-axis metric and units; verify plotted SOA/distance/bin labels; verify model parameters/boundary/index values when shown; verify uncertainty display; cross-check plotted parameters against methods/results tables or text.,figure/table/panel pointer; visualization form; x and y encodings; PPS metric shown; model function if any; boundary/index definition; condition facets; uncertainty display; visual verification status for plotted parameters.,"Automated PPS visualization miner found result/figure/model terms; verify against figures, captions, axes, legends, and results text before treating this visualization form as confirmed."
noel_2018_neural_adaptation,Noel et al. (2018),10.1152/jn.00652.2017,not_yet_templated_missing_publication_parameters,downloaded,paywalled,source_mined,sigmoid_psychometric_fit,Sigmoid or psychometric fit,inferred_low_confidence,sigmoid; fit; fitted; slope; r2,artifacts/paper_metadata_audit/extracted/fallback/noel_2018_neural_adaptation/noel_2018_neural_adaptation.fallback.txt,"source page/section(s) 3, 11, 13",yes,Render and inspect the source figure/table/page; record figure/table/panel pointer; verify x-axis values and units; verify y-axis metric and units; verify plotted SOA/distance/bin labels; verify model parameters/boundary/index values when shown; verify uncertainty display; cross-check plotted parameters against methods/results tables or text.,figure/table/panel pointer; visualization form; x and y encodings; PPS metric shown; model function if any; boundary/index definition; condition facets; uncertainty display; visual verification status for plotted parameters.,"Automated PPS visualization miner found result/figure/model terms; verify against figures, captions, axes, legends, and results text before treating this visualization form as confirmed."
noel_2018_neural_adaptation,Noel et al. (2018),10.1152/jn.00652.2017,not_yet_templated_missing_publication_parameters,downloaded,paywalled,source_mined,pps_boundary_or_size_index,PPS boundary or size index,inferred_low_confidence,pps boundary; boundary; size of pps; extent; auc; threshold; pps size; index,artifacts/paper_metadata_audit/extracted/fallback/noel_2018_neural_adaptation/noel_2018_neural_adaptation.fallback.txt,"source page/section(s) 3, 24, 25",yes,Render and inspect the source figure/table/page; record figure/table/panel pointer; verify x-axis values and units; verify y-axis metric and units; verify plotted SOA/distance/bin labels; verify model parameters/boundary/index values when shown; verify uncertainty display; cross-check plotted parameters against methods/results tables or text.,figure/table/panel pointer; visualization form; x and y encodings; PPS metric shown; model function if any; boundary/index definition; condition facets; uncertainty display; visual verification status for plotted parameters.,"Automated PPS visualization miner found result/figure/model terms; verify against figures, captions, axes, legends, and results text before treating this visualization form as confirmed."
noel_2018_neural_adaptation,Noel et al. (2018),10.1152/jn.00652.2017,not_yet_templated_missing_publication_parameters,downloaded,paywalled,source_mined,condition_group_bar_box_summary,Condition/group bar or box summary,inferred_low_confidence,mean; sem; condition; pre; group; post,artifacts/paper_metadata_audit/extracted/fallback/noel_2018_neural_adaptation/noel_2018_neural_adaptation.fallback.txt,"source page/section(s) 11, 21, 22",yes,Render and inspect the source figure/table/page; record figure/table/panel pointer; verify x-axis values and units; verify y-axis metric and units; verify plotted SOA/distance/bin labels; verify model parameters/boundary/index values when shown; verify uncertainty display; cross-check plotted parameters against methods/results tables or text.,figure/table/panel pointer; visualization form; x and y encodings; PPS metric shown; model function if any; boundary/index definition; condition facets; uncertainty display; visual verification status for plotted parameters.,"Automated PPS visualization miner found result/figure/model terms; verify against figures, captions, axes, legends, and results text before treating this visualization form as confirmed."
noel_2018_neural_adaptation,Noel et al. (2018),10.1152/jn.00652.2017,not_yet_templated_missing_publication_parameters,downloaded,paywalled,source_mined,spatial_map_heatmap_or_body_boundary,"Spatial map, heatmap, or body boundary",inferred_low_confidence,map; peri-trunk; near space; peri-hand,artifacts/paper_metadata_audit/extracted/fallback/noel_2018_neural_adaptation/noel_2018_neural_adaptation.fallback.txt,"source page/section(s) 1, 5, 9",yes,Render and inspect the source figure/table/page; record figure/table/panel pointer; verify x-axis values and units; verify y-axis metric and units; verify plotted SOA/distance/bin labels; verify model parameters/boundary/index values when shown; verify uncertainty display; cross-check plotted parameters against methods/results tables or text.,figure/table/panel pointer; visualization form; x and y encodings; PPS metric shown; model function if any; boundary/index definition; condition facets; uncertainty display; visual verification status for plotted parameters.,"Automated PPS visualization miner found result/figure/model terms; verify against figures, captions, axes, legends, and results text before treating this visualization form as confirmed."
noel_2018_neural_adaptation,Noel et al. (2018),10.1152/jn.00652.2017,not_yet_templated_missing_publication_parameters,downloaded,paywalled,source_mined,near_far_or_distance_bin_plot,Near/far or distance-bin plot,inferred_low_confidence,near; distal; close; d1; d2; d3; d4; d5; d6; d7; far,artifacts/paper_metadata_audit/extracted/fallback/noel_2018_neural_adaptation/noel_2018_neural_adaptation.fallback.txt,"source page/section(s) 3, 13, 1",yes,Render and inspect the source figure/table/page; record figure/table/panel pointer; verify x-axis values and units; verify y-axis metric and units; verify plotted SOA/distance/bin labels; verify model parameters/boundary/index values when shown; verify uncertainty display; cross-check plotted parameters against methods/results tables or text.,figure/table/panel pointer; visualization form; x and y encodings; PPS metric shown; model function if any; boundary/index definition; condition facets; uncertainty display; visual verification status for plotted parameters.,"Automated PPS visualization miner found result/figure/model terms; verify against figures, captions, axes, legends, and results text before treating this visualization form as confirmed."
noel_2018_neural_adaptation,Noel et al. (2018),10.1152/jn.00652.2017,not_yet_templated_missing_publication_parameters,downloaded,paywalled,source_mined,apparatus_trajectory_schematic,Apparatus or trajectory schematic,inferred_low_confidence,fig.; apparatus; setup; speaker; loudspeaker; approaching; looming; participant; tactile; figure; trajectory; receding,artifacts/paper_metadata_audit/extracted/fallback/noel_2018_neural_adaptation/noel_2018_neural_adaptation.fallback.txt,"source page/section(s) 3, 6, 22",yes,Render and inspect the source figure/table/page; record figure/table/panel pointer; verify x-axis values and units; verify y-axis metric and units; verify plotted SOA/distance/bin labels; verify model parameters/boundary/index values when shown; verify uncertainty display; cross-check plotted parameters against methods/results tables or text.,figure/table/panel pointer; visualization form; x and y encodings; PPS metric shown; model function if any; boundary/index definition; condition facets; uncertainty display; visual verification status for plotted parameters.,"Automated PPS visualization miner found result/figure/model terms; verify against figures, captions, axes, legends, and results text before treating this visualization form as confirmed."
noel_2018_neural_adaptation,Noel et al. (2018),10.1152/jn.00652.2017,not_yet_templated_missing_publication_parameters,downloaded,paywalled,source_mined,neural_trace_topography_or_brain_map,"Neural trace, topography, or brain map",inferred_low_confidence,erp; eeg; fmri; brain; cortex; amplitude; mep,artifacts/paper_metadata_audit/extracted/fallback/noel_2018_neural_adaptation/noel_2018_neural_adaptation.fallback.txt,"source page/section(s) 26, 10, 22",yes,Render and inspect the source figure/table/page; record figure/table/panel pointer; verify x-axis values and units; verify y-axis metric and units; verify plotted SOA/distance/bin labels; verify model parameters/boundary/index values when shown; verify uncertainty display; cross-check plotted parameters against methods/results tables or text.,figure/table/panel pointer; visualization form; x and y encodings; PPS metric shown; model function if any; boundary/index definition; condition facets; uncertainty display; visual verification status for plotted parameters.,"Automated PPS visualization miner found result/figure/model terms; verify against figures, captions, axes, legends, and results text before treating this visualization form as confirmed."
noel_2018_neural_adaptation,Noel et al. (2018),10.1152/jn.00652.2017,not_yet_templated_missing_publication_parameters,downloaded,paywalled,source_mined,model_parameter_or_fit_table,Model parameter or fit table,inferred_low_confidence,model; parameter; slope; table,artifacts/paper_metadata_audit/extracted/fallback/noel_2018_neural_adaptation/noel_2018_neural_adaptation.fallback.txt,"source page/section(s) 6, 11, 20",yes,Render and inspect the source figure/table/page; record figure/table/panel pointer; verify x-axis values and units; verify y-axis metric and units; verify plotted SOA/distance/bin labels; verify model parameters/boundary/index values when shown; verify uncertainty display; cross-check plotted parameters against methods/results tables or text.,figure/table/panel pointer; visualization form; x and y encodings; PPS metric shown; model function if any; boundary/index definition; condition facets; uncertainty display; visual verification status for plotted parameters.,"Automated PPS visualization miner found result/figure/model terms; verify against figures, captions, axes, legends, and results text before treating this visualization form as confirmed."
ieeg_trunk_2018,Bernasconi/Noel et al. (2018),10.1093/cercor/bhy156,not_yet_templated_missing_publication_parameters,downloaded,needs_user_download,source_mined,rt_by_soa_or_distance_curve,RT by SOA/distance curve,inferred_low_confidence,rt; distance; t1; t4; t5; d1; t2; plotted; plot; d2,artifacts/paper_metadata_audit/extracted/fallback/ieeg_trunk_2018/ieeg_trunk_2018.fallback.txt,"source page/section(s) 8, 4, 3",yes,Render and inspect the source figure/table/page; record figure/table/panel pointer; verify x-axis values and units; verify y-axis metric and units; verify plotted SOA/distance/bin labels; verify model parameters/boundary/index values when shown; verify uncertainty display; cross-check plotted parameters against methods/results tables or text.,figure/table/panel pointer; visualization form; x and y encodings; PPS metric shown; model function if any; boundary/index definition; condition facets; uncertainty display; visual verification status for plotted parameters.,"Automated PPS visualization miner found result/figure/model terms; verify against figures, captions, axes, legends, and results text before treating this visualization form as confirmed."
ieeg_trunk_2018,Bernasconi/Noel et al. (2018),10.1093/cercor/bhy156,not_yet_templated_missing_publication_parameters,downloaded,needs_user_download,source_mined,condition_group_bar_box_summary,Condition/group bar or box summary,inferred_low_confidence,mean; standard error; pre; post; sem; condition; baseline,artifacts/paper_metadata_audit/extracted/fallback/ieeg_trunk_2018/ieeg_trunk_2018.fallback.txt,"source page/section(s) 2, 4, 7",yes,Render and inspect the source figure/table/page; record figure/table/panel pointer; verify x-axis values and units; verify y-axis metric and units; verify plotted SOA/distance/bin labels; verify model parameters/boundary/index values when shown; verify uncertainty display; cross-check plotted parameters against methods/results tables or text.,figure/table/panel pointer; visualization form; x and y encodings; PPS metric shown; model function if any; boundary/index definition; condition facets; uncertainty display; visual verification status for plotted parameters.,"Automated PPS visualization miner found result/figure/model terms; verify against figures, captions, axes, legends, and results text before treating this visualization form as confirmed."
ieeg_trunk_2018,Bernasconi/Noel et al. (2018),10.1093/cercor/bhy156,not_yet_templated_missing_publication_parameters,downloaded,needs_user_download,source_mined,spatial_map_heatmap_or_body_boundary,"Spatial map, heatmap, or body boundary",inferred_low_confidence,map; perihand; peritrunk,artifacts/paper_metadata_audit/extracted/fallback/ieeg_trunk_2018/ieeg_trunk_2018.fallback.txt,source page/section(s) 2,yes,Render and inspect the source figure/table/page; record figure/table/panel pointer; verify x-axis values and units; verify y-axis metric and units; verify plotted SOA/distance/bin labels; verify model parameters/boundary/index values when shown; verify uncertainty display; cross-check plotted parameters against methods/results tables or text.,figure/table/panel pointer; visualization form; x and y encodings; PPS metric shown; model function if any; boundary/index definition; condition facets; uncertainty display; visual verification status for plotted parameters.,"Automated PPS visualization miner found result/figure/model terms; verify against figures, captions, axes, legends, and results text before treating this visualization form as confirmed."
ieeg_trunk_2018,Bernasconi/Noel et al. (2018),10.1093/cercor/bhy156,not_yet_templated_missing_publication_parameters,downloaded,needs_user_download,source_mined,near_far_or_distance_bin_plot,Near/far or distance-bin plot,inferred_low_confidence,far; close; d1; d2; d3; near; d6,artifacts/paper_metadata_audit/extracted/fallback/ieeg_trunk_2018/ieeg_trunk_2018.fallback.txt,"source page/section(s) 3, 7, 5",yes,Render and inspect the source figure/table/page; record figure/table/panel pointer; verify x-axis values and units; verify y-axis metric and units; verify plotted SOA/distance/bin labels; verify model parameters/boundary/index values when shown; verify uncertainty display; cross-check plotted parameters against methods/results tables or text.,figure/table/panel pointer; visualization form; x and y encodings; PPS metric shown; model function if any; boundary/index definition; condition facets; uncertainty display; visual verification status for plotted parameters.,"Automated PPS visualization miner found result/figure/model terms; verify against figures, captions, axes, legends, and results text before treating this visualization form as confirmed."
ieeg_trunk_2018,Bernasconi/Noel et al. (2018),10.1093/cercor/bhy156,not_yet_templated_missing_publication_parameters,downloaded,needs_user_download,source_mined,apparatus_trajectory_schematic,Apparatus or trajectory schematic,inferred_low_confidence,fig.; apparatus; setup; speaker; approaching; tactile; source,artifacts/paper_metadata_audit/extracted/fallback/ieeg_trunk_2018/ieeg_trunk_2018.fallback.txt,"source page/section(s) 3, 12",yes,Render and inspect the source figure/table/page; record figure/table/panel pointer; verify x-axis values and units; verify y-axis metric and units; verify plotted SOA/distance/bin labels; verify model parameters/boundary/index values when shown; verify uncertainty display; cross-check plotted parameters against methods/results tables or text.,figure/table/panel pointer; visualization form; x and y encodings; PPS metric shown; model function if any; boundary/index definition; condition facets; uncertainty display; visual verification status for plotted parameters.,"Automated PPS visualization miner found result/figure/model terms; verify against figures, captions, axes, legends, and results text before treating this visualization form as confirmed."
ieeg_trunk_2018,Bernasconi/Noel et al. (2018),10.1093/cercor/bhy156,not_yet_templated_missing_publication_parameters,downloaded,needs_user_download,source_mined,neural_trace_topography_or_brain_map,"Neural trace, topography, or brain map",inferred_low_confidence,erp; eeg; mep; fmri; bold; brain; cortex; electrode; amplitude,artifacts/paper_metadata_audit/extracted/fallback/ieeg_trunk_2018/ieeg_trunk_2018.fallback.txt,"source page/section(s) 9, 2, 4",yes,Render and inspect the source figure/table/page; record figure/table/panel pointer; verify x-axis values and units; verify y-axis metric and units; verify plotted SOA/distance/bin labels; verify model parameters/boundary/index values when shown; verify uncertainty display; cross-check plotted parameters against methods/results tables or text.,figure/table/panel pointer; visualization form; x and y encodings; PPS metric shown; model function if any; boundary/index definition; condition facets; uncertainty display; visual verification status for plotted parameters.,"Automated PPS visualization miner found result/figure/model terms; verify against figures, captions, axes, legends, and results text before treating this visualization form as confirmed."
tonelli_2019_echolocation,Tonelli et al. (2019),10.1007/s00221-019-05469-3,covered_runnable_profile,downloaded,downloaded,source_mined,rt_by_soa_or_distance_curve,RT by SOA/distance curve,inferred_low_confidence,rt; temporal delay; distance; facilitation; reaction time,artifacts/paper_metadata_audit/extracted/fallback/tonelli_2019_echolocation/tonelli_2019_echolocation.fallback.txt,"source page/section(s) 3, 8, 1",yes,Render and inspect the source figure/table/page; record figure/table/panel pointer; verify x-axis values and units; verify y-axis metric and units; verify plotted SOA/distance/bin labels; verify model parameters/boundary/index values when shown; verify uncertainty display; cross-check plotted parameters against methods/results tables or text.,figure/table/panel pointer; visualization form; x and y encodings; PPS metric shown; model function if any; boundary/index definition; condition facets; uncertainty display; visual verification status for plotted parameters.,"Automated PPS visualization miner found result/figure/model terms; verify against figures, captions, axes, legends, and results text before treating this visualization form as confirmed."
tonelli_2019_echolocation,Tonelli et al. (2019),10.1007/s00221-019-05469-3,covered_runnable_profile,downloaded,downloaded,source_mined,pps_boundary_or_size_index,PPS boundary or size index,inferred_low_confidence,pps boundary; boundary; threshold; extension,artifacts/paper_metadata_audit/extracted/fallback/tonelli_2019_echolocation/tonelli_2019_echolocation.fallback.txt,"source page/section(s) 8, 4",yes,Render and inspect the source figure/table/page; record figure/table/panel pointer; verify x-axis values and units; verify y-axis metric and units; verify plotted SOA/distance/bin labels; verify model parameters/boundary/index values when shown; verify uncertainty display; cross-check plotted parameters against methods/results tables or text.,figure/table/panel pointer; visualization form; x and y encodings; PPS metric shown; model function if any; boundary/index definition; condition facets; uncertainty display; visual verification status for plotted parameters.,"Automated PPS visualization miner found result/figure/model terms; verify against figures, captions, axes, legends, and results text before treating this visualization form as confirmed."
tonelli_2019_echolocation,Tonelli et al. (2019),10.1007/s00221-019-05469-3,covered_runnable_profile,downloaded,downloaded,source_mined,condition_group_bar_box_summary,Condition/group bar or box summary,inferred_low_confidence,bar plot; mean; condition; group; pre; post; baseline; comparison; standard error,artifacts/paper_metadata_audit/extracted/fallback/tonelli_2019_echolocation/tonelli_2019_echolocation.fallback.txt,"source page/section(s) 5, 6, 7",yes,Render and inspect the source figure/table/page; record figure/table/panel pointer; verify x-axis values and units; verify y-axis metric and units; verify plotted SOA/distance/bin labels; verify model parameters/boundary/index values when shown; verify uncertainty display; cross-check plotted parameters against methods/results tables or text.,figure/table/panel pointer; visualization form; x and y encodings; PPS metric shown; model function if any; boundary/index definition; condition facets; uncertainty display; visual verification status for plotted parameters.,"Automated PPS visualization miner found result/figure/model terms; verify against figures, captions, axes, legends, and results text before treating this visualization form as confirmed."
tonelli_2019_echolocation,Tonelli et al. (2019),10.1007/s00221-019-05469-3,covered_runnable_profile,downloaded,downloaded,source_mined,spatial_map_heatmap_or_body_boundary,"Spatial map, heatmap, or body boundary",inferred_low_confidence,map; peri-hand; body-centered; schema,artifacts/paper_metadata_audit/extracted/fallback/tonelli_2019_echolocation/tonelli_2019_echolocation.fallback.txt,source page/section(s) 10,yes,Render and inspect the source figure/table/page; record figure/table/panel pointer; verify x-axis values and units; verify y-axis metric and units; verify plotted SOA/distance/bin labels; verify model parameters/boundary/index values when shown; verify uncertainty display; cross-check plotted parameters against methods/results tables or text.,figure/table/panel pointer; visualization form; x and y encodings; PPS metric shown; model function if any; boundary/index definition; condition facets; uncertainty display; visual verification status for plotted parameters.,"Automated PPS visualization miner found result/figure/model terms; verify against figures, captions, axes, legends, and results text before treating this visualization form as confirmed."
tonelli_2019_echolocation,Tonelli et al. (2019),10.1007/s00221-019-05469-3,covered_runnable_profile,downloaded,downloaded,source_mined,apparatus_trajectory_schematic,Apparatus or trajectory schematic,inferred_low_confidence,fig.; speaker; loudspeaker; looming; participant; tactile; source; approaching,artifacts/paper_metadata_audit/extracted/fallback/tonelli_2019_echolocation/tonelli_2019_echolocation.fallback.txt,"source page/section(s) 2, 3, 4",yes,Render and inspect the source figure/table/page; record figure/table/panel pointer; verify x-axis values and units; verify y-axis metric and units; verify plotted SOA/distance/bin labels; verify model parameters/boundary/index values when shown; verify uncertainty display; cross-check plotted parameters against methods/results tables or text.,figure/table/panel pointer; visualization form; x and y encodings; PPS metric shown; model function if any; boundary/index definition; condition facets; uncertainty display; visual verification status for plotted parameters.,"Automated PPS visualization miner found result/figure/model terms; verify against figures, captions, axes, legends, and results text before treating this visualization form as confirmed."
tonelli_2019_echolocation,Tonelli et al. (2019),10.1007/s00221-019-05469-3,covered_runnable_profile,downloaded,downloaded,source_mined,neural_trace_topography_or_brain_map,"Neural trace, topography, or brain map",inferred_low_confidence,erp; tms; brain; cortex,artifacts/paper_metadata_audit/extracted/fallback/tonelli_2019_echolocation/tonelli_2019_echolocation.fallback.txt,source page/section(s) 8,yes,Render and inspect the source figure/table/page; record figure/table/panel pointer; verify x-axis values and units; verify y-axis metric and units; verify plotted SOA/distance/bin labels; verify model parameters/boundary/index values when shown; verify uncertainty display; cross-check plotted parameters against methods/results tables or text.,figure/table/panel pointer; visualization form; x and y encodings; PPS metric shown; model function if any; boundary/index definition; condition facets; uncertainty display; visual verification status for plotted parameters.,"Automated PPS visualization miner found result/figure/model terms; verify against figures, captions, axes, legends, and results text before treating this visualization form as confirmed."
pregnancy_2019,Pregnancy PPS study (2019),10.1038/s41598-019-45224-w,not_yet_templated_missing_publication_parameters,downloaded,needs_user_download,source_mined,rt_by_soa_or_distance_curve,RT by SOA/distance curve,inferred_low_confidence,reaction time; rt; temporal delay; distance; d1; d2; plot; facilitation; curve,artifacts/paper_metadata_audit/extracted/fallback/pregnancy_2019/pregnancy_2019.fallback.txt,"source page/section(s) 6, 2, 3",yes,Render and inspect the source figure/table/page; record figure/table/panel pointer; verify x-axis values and units; verify y-axis metric and units; verify plotted SOA/distance/bin labels; verify model parameters/boundary/index values when shown; verify uncertainty display; cross-check plotted parameters against methods/results tables or text.,figure/table/panel pointer; visualization form; x and y encodings; PPS metric shown; model function if any; boundary/index definition; condition facets; uncertainty display; visual verification status for plotted parameters.,"Automated PPS visualization miner found result/figure/model terms; verify against figures, captions, axes, legends, and results text before treating this visualization form as confirmed."
pregnancy_2019,Pregnancy PPS study (2019),10.1038/s41598-019-45224-w,not_yet_templated_missing_publication_parameters,downloaded,needs_user_download,source_mined,sigmoid_psychometric_fit,Sigmoid or psychometric fit,inferred_low_confidence,sigmoid; fit; fitted; slope; r2,artifacts/paper_metadata_audit/extracted/fallback/pregnancy_2019/pregnancy_2019.fallback.txt,source page/section(s) 3,yes,Render and inspect the source figure/table/page; record figure/table/panel pointer; verify x-axis values and units; verify y-axis metric and units; verify plotted SOA/distance/bin labels; verify model parameters/boundary/index values when shown; verify uncertainty display; cross-check plotted parameters against methods/results tables or text.,figure/table/panel pointer; visualization form; x and y encodings; PPS metric shown; model function if any; boundary/index definition; condition facets; uncertainty display; visual verification status for plotted parameters.,"Automated PPS visualization miner found result/figure/model terms; verify against figures, captions, axes, legends, and results text before treating this visualization form as confirmed."
pregnancy_2019,Pregnancy PPS study (2019),10.1038/s41598-019-45224-w,not_yet_templated_missing_publication_parameters,downloaded,needs_user_download,source_mined,pps_boundary_or_size_index,PPS boundary or size index,inferred_low_confidence,pps boundary; boundary; pps size; index; extension; extent,artifacts/paper_metadata_audit/extracted/fallback/pregnancy_2019/pregnancy_2019.fallback.txt,"source page/section(s) 3, 1, 6",yes,Render and inspect the source figure/table/page; record figure/table/panel pointer; verify x-axis values and units; verify y-axis metric and units; verify plotted SOA/distance/bin labels; verify model parameters/boundary/index values when shown; verify uncertainty display; cross-check plotted parameters against methods/results tables or text.,figure/table/panel pointer; visualization form; x and y encodings; PPS metric shown; model function if any; boundary/index definition; condition facets; uncertainty display; visual verification status for plotted parameters.,"Automated PPS visualization miner found result/figure/model terms; verify against figures, captions, axes, legends, and results text before treating this visualization form as confirmed."
pregnancy_2019,Pregnancy PPS study (2019),10.1038/s41598-019-45224-w,not_yet_templated_missing_publication_parameters,downloaded,needs_user_download,source_mined,condition_group_bar_box_summary,Condition/group bar or box summary,inferred_low_confidence,mean; standard error; group; pre; post,artifacts/paper_metadata_audit/extracted/fallback/pregnancy_2019/pregnancy_2019.fallback.txt,source page/section(s) 2,yes,Render and inspect the source figure/table/page; record figure/table/panel pointer; verify x-axis values and units; verify y-axis metric and units; verify plotted SOA/distance/bin labels; verify model parameters/boundary/index values when shown; verify uncertainty display; cross-check plotted parameters against methods/results tables or text.,figure/table/panel pointer; visualization form; x and y encodings; PPS metric shown; model function if any; boundary/index definition; condition facets; uncertainty display; visual verification status for plotted parameters.,"Automated PPS visualization miner found result/figure/model terms; verify against figures, captions, axes, legends, and results text before treating this visualization form as confirmed."
pregnancy_2019,Pregnancy PPS study (2019),10.1038/s41598-019-45224-w,not_yet_templated_missing_publication_parameters,downloaded,needs_user_download,source_mined,near_far_or_distance_bin_plot,Near/far or distance-bin plot,inferred_low_confidence,near; far; close; d1; d2; d3; d4; d5,artifacts/paper_metadata_audit/extracted/fallback/pregnancy_2019/pregnancy_2019.fallback.txt,"source page/section(s) 5, 2, 3",yes,Render and inspect the source figure/table/page; record figure/table/panel pointer; verify x-axis values and units; verify y-axis metric and units; verify plotted SOA/distance/bin labels; verify model parameters/boundary/index values when shown; verify uncertainty display; cross-check plotted parameters against methods/results tables or text.,figure/table/panel pointer; visualization form; x and y encodings; PPS metric shown; model function if any; boundary/index definition; condition facets; uncertainty display; visual verification status for plotted parameters.,"Automated PPS visualization miner found result/figure/model terms; verify against figures, captions, axes, legends, and results text before treating this visualization form as confirmed."
pregnancy_2019,Pregnancy PPS study (2019),10.1038/s41598-019-45224-w,not_yet_templated_missing_publication_parameters,downloaded,needs_user_download,source_mined,apparatus_trajectory_schematic,Apparatus or trajectory schematic,inferred_low_confidence,figure; fig.; speaker; loudspeaker; approaching; participant; tactile; source,artifacts/paper_metadata_audit/extracted/fallback/pregnancy_2019/pregnancy_2019.fallback.txt,"source page/section(s) 6, 5",yes,Render and inspect the source figure/table/page; record figure/table/panel pointer; verify x-axis values and units; verify y-axis metric and units; verify plotted SOA/distance/bin labels; verify model parameters/boundary/index values when shown; verify uncertainty display; cross-check plotted parameters against methods/results tables or text.,figure/table/panel pointer; visualization form; x and y encodings; PPS metric shown; model function if any; boundary/index definition; condition facets; uncertainty display; visual verification status for plotted parameters.,"Automated PPS visualization miner found result/figure/model terms; verify against figures, captions, axes, legends, and results text before treating this visualization form as confirmed."
pregnancy_2019,Pregnancy PPS study (2019),10.1038/s41598-019-45224-w,not_yet_templated_missing_publication_parameters,downloaded,needs_user_download,source_mined,model_parameter_or_fit_table,Model parameter or fit table,inferred_low_confidence,model; parameter; intercept; table; slope,artifacts/paper_metadata_audit/extracted/fallback/pregnancy_2019/pregnancy_2019.fallback.txt,"source page/section(s) 2, 3",yes,Render and inspect the source figure/table/page; record figure/table/panel pointer; verify x-axis values and units; verify y-axis metric and units; verify plotted SOA/distance/bin labels; verify model parameters/boundary/index values when shown; verify uncertainty display; cross-check plotted parameters against methods/results tables or text.,figure/table/panel pointer; visualization form; x and y encodings; PPS metric shown; model function if any; boundary/index definition; condition facets; uncertainty display; visual verification status for plotted parameters.,"Automated PPS visualization miner found result/figure/model terms; verify against figures, captions, axes, legends, and results text before treating this visualization form as confirmed."
newborn_boundaries_2019,Identifying PPS boundaries in newborns (2019),10.1038/s41598-019-45084-4,not_yet_templated_requires_toolkit_structure,downloaded,needs_user_download,source_mined,rt_by_soa_or_distance_curve,RT by SOA/distance curve,inferred_low_confidence,rt; distance; t1; t2; t3; t4; t5; reaction time; d1,artifacts/paper_metadata_audit/extracted/fallback/newborn_boundaries_2019/newborn_boundaries_2019.fallback.txt,"source page/section(s) 8, 1, 2",yes,Render and inspect the source figure/table/page; record figure/table/panel pointer; verify x-axis values and units; verify y-axis metric and units; verify plotted SOA/distance/bin labels; verify model parameters/boundary/index values when shown; verify uncertainty display; cross-check plotted parameters against methods/results tables or text.,figure/table/panel pointer; visualization form; x and y encodings; PPS metric shown; model function if any; boundary/index definition; condition facets; uncertainty display; visual verification status for plotted parameters.,"Automated PPS visualization miner found result/figure/model terms; verify against figures, captions, axes, legends, and results text before treating this visualization form as confirmed."
newborn_boundaries_2019,Identifying PPS boundaries in newborns (2019),10.1038/s41598-019-45084-4,not_yet_templated_requires_toolkit_structure,downloaded,needs_user_download,source_mined,pps_boundary_or_size_index,PPS boundary or size index,inferred_low_confidence,boundary; extent; index,artifacts/paper_metadata_audit/extracted/fallback/newborn_boundaries_2019/newborn_boundaries_2019.fallback.txt,source page/section(s) 6,yes,Render and inspect the source figure/table/page; record figure/table/panel pointer; verify x-axis values and units; verify y-axis metric and units; verify plotted SOA/distance/bin labels; verify model parameters/boundary/index values when shown; verify uncertainty display; cross-check plotted parameters against methods/results tables or text.,figure/table/panel pointer; visualization form; x and y encodings; PPS metric shown; model function if any; boundary/index definition; condition facets; uncertainty display; visual verification status for plotted parameters.,"Automated PPS visualization miner found result/figure/model terms; verify against figures, captions, axes, legends, and results text before treating this visualization form as confirmed."
newborn_boundaries_2019,Identifying PPS boundaries in newborns (2019),10.1038/s41598-019-45084-4,not_yet_templated_requires_toolkit_structure,downloaded,needs_user_download,source_mined,condition_group_bar_box_summary,Condition/group bar or box summary,inferred_low_confidence,mean; standard error; condition; group; pre; comparison; sem; post,artifacts/paper_metadata_audit/extracted/fallback/newborn_boundaries_2019/newborn_boundaries_2019.fallback.txt,"source page/section(s) 4, 2, 6",yes,Render and inspect the source figure/table/page; record figure/table/panel pointer; verify x-axis values and units; verify y-axis metric and units; verify plotted SOA/distance/bin labels; verify model parameters/boundary/index values when shown; verify uncertainty display; cross-check plotted parameters against methods/results tables or text.,figure/table/panel pointer; visualization form; x and y encodings; PPS metric shown; model function if any; boundary/index definition; condition facets; uncertainty display; visual verification status for plotted parameters.,"Automated PPS visualization miner found result/figure/model terms; verify against figures, captions, axes, legends, and results text before treating this visualization form as confirmed."
newborn_boundaries_2019,Identifying PPS boundaries in newborns (2019),10.1038/s41598-019-45084-4,not_yet_templated_requires_toolkit_structure,downloaded,needs_user_download,source_mined,spatial_map_heatmap_or_body_boundary,"Spatial map, heatmap, or body boundary",inferred_low_confidence,map; near space; body-centered; schema,artifacts/paper_metadata_audit/extracted/fallback/newborn_boundaries_2019/newborn_boundaries_2019.fallback.txt,source page/section(s) 10,yes,Render and inspect the source figure/table/page; record figure/table/panel pointer; verify x-axis values and units; verify y-axis metric and units; verify plotted SOA/distance/bin labels; verify model parameters/boundary/index values when shown; verify uncertainty display; cross-check plotted parameters against methods/results tables or text.,figure/table/panel pointer; visualization form; x and y encodings; PPS metric shown; model function if any; boundary/index definition; condition facets; uncertainty display; visual verification status for plotted parameters.,"Automated PPS visualization miner found result/figure/model terms; verify against figures, captions, axes, legends, and results text before treating this visualization form as confirmed."
newborn_boundaries_2019,Identifying PPS boundaries in newborns (2019),10.1038/s41598-019-45084-4,not_yet_templated_requires_toolkit_structure,downloaded,needs_user_download,source_mined,near_far_or_distance_bin_plot,Near/far or distance-bin plot,inferred_low_confidence,near; far; close; d1,artifacts/paper_metadata_audit/extracted/fallback/newborn_boundaries_2019/newborn_boundaries_2019.fallback.txt,source page/section(s) 1,yes,Render and inspect the source figure/table/page; record figure/table/panel pointer; verify x-axis values and units; verify y-axis metric and units; verify plotted SOA/distance/bin labels; verify model parameters/boundary/index values when shown; verify uncertainty display; cross-check plotted parameters against methods/results tables or text.,figure/table/panel pointer; visualization form; x and y encodings; PPS metric shown; model function if any; boundary/index definition; condition facets; uncertainty display; visual verification status for plotted parameters.,"Automated PPS visualization miner found result/figure/model terms; verify against figures, captions, axes, legends, and results text before treating this visualization form as confirmed."
newborn_boundaries_2019,Identifying PPS boundaries in newborns (2019),10.1038/s41598-019-45084-4,not_yet_templated_requires_toolkit_structure,downloaded,needs_user_download,source_mined,apparatus_trajectory_schematic,Apparatus or trajectory schematic,inferred_low_confidence,apparatus; speaker; loudspeaker; participant; tactile; source; approaching; receding,artifacts/paper_metadata_audit/extracted/fallback/newborn_boundaries_2019/newborn_boundaries_2019.fallback.txt,"source page/section(s) 8, 2, 6",yes,Render and inspect the source figure/table/page; record figure/table/panel pointer; verify x-axis values and units; verify y-axis metric and units; verify plotted SOA/distance/bin labels; verify model parameters/boundary/index values when shown; verify uncertainty display; cross-check plotted parameters against methods/results tables or text.,figure/table/panel pointer; visualization form; x and y encodings; PPS metric shown; model function if any; boundary/index definition; condition facets; uncertainty display; visual verification status for plotted parameters.,"Automated PPS visualization miner found result/figure/model terms; verify against figures, captions, axes, legends, and results text before treating this visualization form as confirmed."
newborn_boundaries_2019,Identifying PPS boundaries in newborns (2019),10.1038/s41598-019-45084-4,not_yet_templated_requires_toolkit_structure,downloaded,needs_user_download,source_mined,model_parameter_or_fit_table,Model parameter or fit table,inferred_low_confidence,model; coefficient; table,artifacts/paper_metadata_audit/extracted/fallback/newborn_boundaries_2019/newborn_boundaries_2019.fallback.txt,source page/section(s) 9,yes,Render and inspect the source figure/table/page; record figure/table/panel pointer; verify x-axis values and units; verify y-axis metric and units; verify plotted SOA/distance/bin labels; verify model parameters/boundary/index values when shown; verify uncertainty display; cross-check plotted parameters against methods/results tables or text.,figure/table/panel pointer; visualization form; x and y encodings; PPS metric shown; model function if any; boundary/index definition; condition facets; uncertainty display; visual verification status for plotted parameters.,"Automated PPS visualization miner found result/figure/model terms; verify against figures, captions, axes, legends, and results text before treating this visualization form as confirmed."
ronga_2021_newborn_erp,Spatial tuning of multisensory responses in newborns (2021),10.1073/pnas.2024548118,not_yet_templated_requires_toolkit_structure,downloaded,paywalled,source_mined,condition_group_bar_box_summary,Condition/group bar or box summary,inferred_low_confidence,mean; sem; condition; group; pre; post,artifacts/paper_metadata_audit/extracted/fallback/ronga_2021_newborn_erp/ronga_2021_newborn_erp.fallback.txt,source page/section(s) 2,yes,Render and inspect the source figure/table/page; record figure/table/panel pointer; verify x-axis values and units; verify y-axis metric and units; verify plotted SOA/distance/bin labels; verify model parameters/boundary/index values when shown; verify uncertainty display; cross-check plotted parameters against methods/results tables or text.,figure/table/panel pointer; visualization form; x and y encodings; PPS metric shown; model function if any; boundary/index definition; condition facets; uncertainty display; visual verification status for plotted parameters.,"Automated PPS visualization miner found result/figure/model terms; verify against figures, captions, axes, legends, and results text before treating this visualization form as confirmed."
ronga_2021_newborn_erp,Spatial tuning of multisensory responses in newborns (2021),10.1073/pnas.2024548118,not_yet_templated_requires_toolkit_structure,downloaded,paywalled,source_mined,near_far_or_distance_bin_plot,Near/far or distance-bin plot,inferred_low_confidence,near; far; close,artifacts/paper_metadata_audit/extracted/fallback/ronga_2021_newborn_erp/ronga_2021_newborn_erp.fallback.txt,"source page/section(s) 1, 2, 3",yes,Render and inspect the source figure/table/page; record figure/table/panel pointer; verify x-axis values and units; verify y-axis metric and units; verify plotted SOA/distance/bin labels; verify model parameters/boundary/index values when shown; verify uncertainty display; cross-check plotted parameters against methods/results tables or text.,figure/table/panel pointer; visualization form; x and y encodings; PPS metric shown; model function if any; boundary/index definition; condition facets; uncertainty display; visual verification status for plotted parameters.,"Automated PPS visualization miner found result/figure/model terms; verify against figures, captions, axes, legends, and results text before treating this visualization form as confirmed."
ronga_2021_newborn_erp,Spatial tuning of multisensory responses in newborns (2021),10.1073/pnas.2024548118,not_yet_templated_requires_toolkit_structure,downloaded,paywalled,source_mined,apparatus_trajectory_schematic,Apparatus or trajectory schematic,inferred_low_confidence,fig.; receding; looming; tactile,artifacts/paper_metadata_audit/extracted/fallback/ronga_2021_newborn_erp/ronga_2021_newborn_erp.fallback.txt,source page/section(s) 3,yes,Render and inspect the source figure/table/page; record figure/table/panel pointer; verify x-axis values and units; verify y-axis metric and units; verify plotted SOA/distance/bin labels; verify model parameters/boundary/index values when shown; verify uncertainty display; cross-check plotted parameters against methods/results tables or text.,figure/table/panel pointer; visualization form; x and y encodings; PPS metric shown; model function if any; boundary/index definition; condition facets; uncertainty display; visual verification status for plotted parameters.,"Automated PPS visualization miner found result/figure/model terms; verify against figures, captions, axes, legends, and results text before treating this visualization form as confirmed."
ronga_2021_newborn_erp,Spatial tuning of multisensory responses in newborns (2021),10.1073/pnas.2024548118,not_yet_templated_requires_toolkit_structure,downloaded,paywalled,source_mined,neural_trace_topography_or_brain_map,"Neural trace, topography, or brain map",inferred_low_confidence,erp; eeg; tms; scalp; brain; cortex; amplitude; mep,artifacts/paper_metadata_audit/extracted/fallback/ronga_2021_newborn_erp/ronga_2021_newborn_erp.fallback.txt,"source page/section(s) 3, 1, 2",yes,Render and inspect the source figure/table/page; record figure/table/panel pointer; verify x-axis values and units; verify y-axis metric and units; verify plotted SOA/distance/bin labels; verify model parameters/boundary/index values when shown; verify uncertainty display; cross-check plotted parameters against methods/results tables or text.,figure/table/panel pointer; visualization form; x and y encodings; PPS metric shown; model function if any; boundary/index definition; condition facets; uncertainty display; visual verification status for plotted parameters.,"Automated PPS visualization miner found result/figure/model terms; verify against figures, captions, axes, legends, and results text before treating this visualization form as confirmed."
disorders_consciousness_2019,PPS encoding in disorders of consciousness (2019),10.1016/j.nicl.2019.101940,not_yet_templated_requires_toolkit_structure,downloaded,not_found,source_mined,rt_by_soa_or_distance_curve,RT by SOA/distance curve,inferred_low_confidence,reaction time; rt; distance; t1; t2; t3; d1; d2,artifacts/paper_metadata_audit/extracted/fallback/disorders_consciousness_2019/disorders_consciousness_2019.fallback.txt,"source page/section(s) 3, 6, 1",yes,Render and inspect the source figure/table/page; record figure/table/panel pointer; verify x-axis values and units; verify y-axis metric and units; verify plotted SOA/distance/bin labels; verify model parameters/boundary/index values when shown; verify uncertainty display; cross-check plotted parameters against methods/results tables or text.,figure/table/panel pointer; visualization form; x and y encodings; PPS metric shown; model function if any; boundary/index definition; condition facets; uncertainty display; visual verification status for plotted parameters.,"Automated PPS visualization miner found result/figure/model terms; verify against figures, captions, axes, legends, and results text before treating this visualization form as confirmed."
disorders_consciousness_2019,PPS encoding in disorders of consciousness (2019),10.1016/j.nicl.2019.101940,not_yet_templated_requires_toolkit_structure,downloaded,not_found,source_mined,condition_group_bar_box_summary,Condition/group bar or box summary,inferred_low_confidence,sem; condition; pre,artifacts/paper_metadata_audit/extracted/fallback/disorders_consciousness_2019/disorders_consciousness_2019.fallback.txt,source page/section(s) 12,yes,Render and inspect the source figure/table/page; record figure/table/panel pointer; verify x-axis values and units; verify y-axis metric and units; verify plotted SOA/distance/bin labels; verify model parameters/boundary/index values when shown; verify uncertainty display; cross-check plotted parameters against methods/results tables or text.,figure/table/panel pointer; visualization form; x and y encodings; PPS metric shown; model function if any; boundary/index definition; condition facets; uncertainty display; visual verification status for plotted parameters.,"Automated PPS visualization miner found result/figure/model terms; verify against figures, captions, axes, legends, and results text before treating this visualization form as confirmed."
disorders_consciousness_2019,PPS encoding in disorders of consciousness (2019),10.1016/j.nicl.2019.101940,not_yet_templated_requires_toolkit_structure,downloaded,not_found,source_mined,near_far_or_distance_bin_plot,Near/far or distance-bin plot,inferred_low_confidence,near; far; close; d5; d6; d7; d1; d2; d3,artifacts/paper_metadata_audit/extracted/fallback/disorders_consciousness_2019/disorders_consciousness_2019.fallback.txt,"source page/section(s) 3, 7, 6",yes,Render and inspect the source figure/table/page; record figure/table/panel pointer; verify x-axis values and units; verify y-axis metric and units; verify plotted SOA/distance/bin labels; verify model parameters/boundary/index values when shown; verify uncertainty display; cross-check plotted parameters against methods/results tables or text.,figure/table/panel pointer; visualization form; x and y encodings; PPS metric shown; model function if any; boundary/index definition; condition facets; uncertainty display; visual verification status for plotted parameters.,"Automated PPS visualization miner found result/figure/model terms; verify against figures, captions, axes, legends, and results text before treating this visualization form as confirmed."
disorders_consciousness_2019,PPS encoding in disorders of consciousness (2019),10.1016/j.nicl.2019.101940,not_yet_templated_requires_toolkit_structure,downloaded,not_found,source_mined,apparatus_trajectory_schematic,Apparatus or trajectory schematic,inferred_low_confidence,fig.; apparatus; speaker; loudspeaker; approaching; participant; tactile; source,artifacts/paper_metadata_audit/extracted/fallback/disorders_consciousness_2019/disorders_consciousness_2019.fallback.txt,"source page/section(s) 3, 13",yes,Render and inspect the source figure/table/page; record figure/table/panel pointer; verify x-axis values and units; verify y-axis metric and units; verify plotted SOA/distance/bin labels; verify model parameters/boundary/index values when shown; verify uncertainty display; cross-check plotted parameters against methods/results tables or text.,figure/table/panel pointer; visualization form; x and y encodings; PPS metric shown; model function if any; boundary/index definition; condition facets; uncertainty display; visual verification status for plotted parameters.,"Automated PPS visualization miner found result/figure/model terms; verify against figures, captions, axes, legends, and results text before treating this visualization form as confirmed."
disorders_consciousness_2019,PPS encoding in disorders of consciousness (2019),10.1016/j.nicl.2019.101940,not_yet_templated_requires_toolkit_structure,downloaded,not_found,source_mined,neural_trace_topography_or_brain_map,"Neural trace, topography, or brain map",inferred_low_confidence,erp; eeg; mep; topography; topographic; scalp; brain; electrode; amplitude; meg; cortex; tms,artifacts/paper_metadata_audit/extracted/fallback/disorders_consciousness_2019/disorders_consciousness_2019.fallback.txt,"source page/section(s) 5, 13, 6",yes,Render and inspect the source figure/table/page; record figure/table/panel pointer; verify x-axis values and units; verify y-axis metric and units; verify plotted SOA/distance/bin labels; verify model parameters/boundary/index values when shown; verify uncertainty display; cross-check plotted parameters against methods/results tables or text.,figure/table/panel pointer; visualization form; x and y encodings; PPS metric shown; model function if any; boundary/index definition; condition facets; uncertainty display; visual verification status for plotted parameters.,"Automated PPS visualization miner found result/figure/model terms; verify against figures, captions, axes, legends, and results text before treating this visualization form as confirmed."
spadone_2021_connectivity,Spadone et al. (2021),10.1038/s41598-021-00048-5,not_yet_templated_requires_toolkit_structure,downloaded,needs_user_download,source_mined,rt_by_soa_or_distance_curve,RT by SOA/distance curve,inferred_low_confidence,rt; temporal delay; distance; t1; t2; t3; t4; t5; curve,artifacts/paper_metadata_audit/extracted/fallback/spadone_2021_connectivity/spadone_2021_connectivity.fallback.txt,"source page/section(s) 9, 10, 3",yes,Render and inspect the source figure/table/page; record figure/table/panel pointer; verify x-axis values and units; verify y-axis metric and units; verify plotted SOA/distance/bin labels; verify model parameters/boundary/index values when shown; verify uncertainty display; cross-check plotted parameters against methods/results tables or text.,figure/table/panel pointer; visualization form; x and y encodings; PPS metric shown; model function if any; boundary/index definition; condition facets; uncertainty display; visual verification status for plotted parameters.,"Automated PPS visualization miner found result/figure/model terms; verify against figures, captions, axes, legends, and results text before treating this visualization form as confirmed."
spadone_2021_connectivity,Spadone et al. (2021),10.1038/s41598-021-00048-5,not_yet_templated_requires_toolkit_structure,downloaded,needs_user_download,source_mined,sigmoid_psychometric_fit,Sigmoid or psychometric fit,inferred_low_confidence,sigmoid; fit; fitted; slope,artifacts/paper_metadata_audit/extracted/fallback/spadone_2021_connectivity/spadone_2021_connectivity.fallback.txt,source page/section(s) 9,yes,Render and inspect the source figure/table/page; record figure/table/panel pointer; verify x-axis values and units; verify y-axis metric and units; verify plotted SOA/distance/bin labels; verify model parameters/boundary/index values when shown; verify uncertainty display; cross-check plotted parameters against methods/results tables or text.,figure/table/panel pointer; visualization form; x and y encodings; PPS metric shown; model function if any; boundary/index definition; condition facets; uncertainty display; visual verification status for plotted parameters.,"Automated PPS visualization miner found result/figure/model terms; verify against figures, captions, axes, legends, and results text before treating this visualization form as confirmed."
spadone_2021_connectivity,Spadone et al. (2021),10.1038/s41598-021-00048-5,not_yet_templated_requires_toolkit_structure,downloaded,needs_user_download,source_mined,pps_boundary_or_size_index,PPS boundary or size index,inferred_low_confidence,pps boundary; boundary; threshold; extension; extent; index,artifacts/paper_metadata_audit/extracted/fallback/spadone_2021_connectivity/spadone_2021_connectivity.fallback.txt,"source page/section(s) 9, 7, 8",yes,Render and inspect the source figure/table/page; record figure/table/panel pointer; verify x-axis values and units; verify y-axis metric and units; verify plotted SOA/distance/bin labels; verify model parameters/boundary/index values when shown; verify uncertainty display; cross-check plotted parameters against methods/results tables or text.,figure/table/panel pointer; visualization form; x and y encodings; PPS metric shown; model function if any; boundary/index definition; condition facets; uncertainty display; visual verification status for plotted parameters.,"Automated PPS visualization miner found result/figure/model terms; verify against figures, captions, axes, legends, and results text before treating this visualization form as confirmed."
spadone_2021_connectivity,Spadone et al. (2021),10.1038/s41598-021-00048-5,not_yet_templated_requires_toolkit_structure,downloaded,needs_user_download,source_mined,condition_group_bar_box_summary,Condition/group bar or box summary,inferred_low_confidence,bar plot; condition; pre; post; comparison,artifacts/paper_metadata_audit/extracted/fallback/spadone_2021_connectivity/spadone_2021_connectivity.fallback.txt,source page/section(s) 5,yes,Render and inspect the source figure/table/page; record figure/table/panel pointer; verify x-axis values and units; verify y-axis metric and units; verify plotted SOA/distance/bin labels; verify model parameters/boundary/index values when shown; verify uncertainty display; cross-check plotted parameters against methods/results tables or text.,figure/table/panel pointer; visualization form; x and y encodings; PPS metric shown; model function if any; boundary/index definition; condition facets; uncertainty display; visual verification status for plotted parameters.,"Automated PPS visualization miner found result/figure/model terms; verify against figures, captions, axes, legends, and results text before treating this visualization form as confirmed."
spadone_2021_connectivity,Spadone et al. (2021),10.1038/s41598-021-00048-5,not_yet_templated_requires_toolkit_structure,downloaded,needs_user_download,source_mined,near_far_or_distance_bin_plot,Near/far or distance-bin plot,inferred_low_confidence,near; far; close; d6,artifacts/paper_metadata_audit/extracted/fallback/spadone_2021_connectivity/spadone_2021_connectivity.fallback.txt,"source page/section(s) 7, 8, 9",yes,Render and inspect the source figure/table/page; record figure/table/panel pointer; verify x-axis values and units; verify y-axis metric and units; verify plotted SOA/distance/bin labels; verify model parameters/boundary/index values when shown; verify uncertainty display; cross-check plotted parameters against methods/results tables or text.,figure/table/panel pointer; visualization form; x and y encodings; PPS metric shown; model function if any; boundary/index definition; condition facets; uncertainty display; visual verification status for plotted parameters.,"Automated PPS visualization miner found result/figure/model terms; verify against figures, captions, axes, legends, and results text before treating this visualization form as confirmed."
spadone_2021_connectivity,Spadone et al. (2021),10.1038/s41598-021-00048-5,not_yet_templated_requires_toolkit_structure,downloaded,needs_user_download,source_mined,apparatus_trajectory_schematic,Apparatus or trajectory schematic,inferred_low_confidence,fig.; setup; experimental setup; looming; participant; tactile; source; speaker; loudspeaker; approaching; receding,artifacts/paper_metadata_audit/extracted/fallback/spadone_2021_connectivity/spadone_2021_connectivity.fallback.txt,"source page/section(s) 10, 9, 2",yes,Render and inspect the source figure/table/page; record figure/table/panel pointer; verify x-axis values and units; verify y-axis metric and units; verify plotted SOA/distance/bin labels; verify model parameters/boundary/index values when shown; verify uncertainty display; cross-check plotted parameters against methods/results tables or text.,figure/table/panel pointer; visualization form; x and y encodings; PPS metric shown; model function if any; boundary/index definition; condition facets; uncertainty display; visual verification status for plotted parameters.,"Automated PPS visualization miner found result/figure/model terms; verify against figures, captions, axes, legends, and results text before treating this visualization form as confirmed."
spadone_2021_connectivity,Spadone et al. (2021),10.1038/s41598-021-00048-5,not_yet_templated_requires_toolkit_structure,downloaded,needs_user_download,source_mined,neural_trace_topography_or_brain_map,"Neural trace, topography, or brain map",inferred_low_confidence,erp; eeg; meg; tms; fmri; bold; brain; cortex; electrode,artifacts/paper_metadata_audit/extracted/fallback/spadone_2021_connectivity/spadone_2021_connectivity.fallback.txt,"source page/section(s) 13, 2, 9",yes,Render and inspect the source figure/table/page; record figure/table/panel pointer; verify x-axis values and units; verify y-axis metric and units; verify plotted SOA/distance/bin labels; verify model parameters/boundary/index values when shown; verify uncertainty display; cross-check plotted parameters against methods/results tables or text.,figure/table/panel pointer; visualization form; x and y encodings; PPS metric shown; model function if any; boundary/index definition; condition facets; uncertainty display; visual verification status for plotted parameters.,"Automated PPS visualization miner found result/figure/model terms; verify against figures, captions, axes, legends, and results text before treating this visualization form as confirmed."
spadone_2021_connectivity,Spadone et al. (2021),10.1038/s41598-021-00048-5,not_yet_templated_requires_toolkit_structure,downloaded,needs_user_download,source_mined,model_parameter_or_fit_table,Model parameter or fit table,inferred_low_confidence,model; parameter; coefficient; table; bic,artifacts/paper_metadata_audit/extracted/fallback/spadone_2021_connectivity/spadone_2021_connectivity.fallback.txt,"source page/section(s) 11, 2, 12",yes,Render and inspect the source figure/table/page; record figure/table/panel pointer; verify x-axis values and units; verify y-axis metric and units; verify plotted SOA/distance/bin labels; verify model parameters/boundary/index values when shown; verify uncertainty display; cross-check plotted parameters against methods/results tables or text.,figure/table/panel pointer; visualization form; x and y encodings; PPS metric shown; model function if any; boundary/index definition; condition facets; uncertainty display; visual verification status for plotted parameters.,"Automated PPS visualization miner found result/figure/model terms; verify against figures, captions, axes, legends, and results text before treating this visualization form as confirmed."
ageing_2021,How ageing shapes body and space representations (2021),10.1016/j.cortex.2020.11.021,not_yet_templated_missing_publication_parameters,downloaded,not_found,source_mined,rt_by_soa_or_distance_curve,RT by SOA/distance curve,inferred_low_confidence,reaction time; rt; facilitation; temporal delay; distance; d1; d2,artifacts/paper_metadata_audit/extracted/fallback/ageing_2021/ageing_2021.fallback.txt,"source page/section(s) 16, 6, 12",yes,Render and inspect the source figure/table/page; record figure/table/panel pointer; verify x-axis values and units; verify y-axis metric and units; verify plotted SOA/distance/bin labels; verify model parameters/boundary/index values when shown; verify uncertainty display; cross-check plotted parameters against methods/results tables or text.,figure/table/panel pointer; visualization form; x and y encodings; PPS metric shown; model function if any; boundary/index definition; condition facets; uncertainty display; visual verification status for plotted parameters.,"Automated PPS visualization miner found result/figure/model terms; verify against figures, captions, axes, legends, and results text before treating this visualization form as confirmed."
ageing_2021,How ageing shapes body and space representations (2021),10.1016/j.cortex.2020.11.021,not_yet_templated_missing_publication_parameters,downloaded,not_found,source_mined,condition_group_bar_box_summary,Condition/group bar or box summary,inferred_low_confidence,mean; sem; group; pre; baseline; comparison; post,artifacts/paper_metadata_audit/extracted/fallback/ageing_2021/ageing_2021.fallback.txt,"source page/section(s) 13, 3, 5",yes,Render and inspect the source figure/table/page; record figure/table/panel pointer; verify x-axis values and units; verify y-axis metric and units; verify plotted SOA/distance/bin labels; verify model parameters/boundary/index values when shown; verify uncertainty display; cross-check plotted parameters against methods/results tables or text.,figure/table/panel pointer; visualization form; x and y encodings; PPS metric shown; model function if any; boundary/index definition; condition facets; uncertainty display; visual verification status for plotted parameters.,"Automated PPS visualization miner found result/figure/model terms; verify against figures, captions, axes, legends, and results text before treating this visualization form as confirmed."
ageing_2021,How ageing shapes body and space representations (2021),10.1016/j.cortex.2020.11.021,not_yet_templated_missing_publication_parameters,downloaded,not_found,source_mined,near_far_or_distance_bin_plot,Near/far or distance-bin plot,inferred_low_confidence,near; far; close; d1; d2; d3,artifacts/paper_metadata_audit/extracted/fallback/ageing_2021/ageing_2021.fallback.txt,"source page/section(s) 6, 11, 12",yes,Render and inspect the source figure/table/page; record figure/table/panel pointer; verify x-axis values and units; verify y-axis metric and units; verify plotted SOA/distance/bin labels; verify model parameters/boundary/index values when shown; verify uncertainty display; cross-check plotted parameters against methods/results tables or text.,figure/table/panel pointer; visualization form; x and y encodings; PPS metric shown; model function if any; boundary/index definition; condition facets; uncertainty display; visual verification status for plotted parameters.,"Automated PPS visualization miner found result/figure/model terms; verify against figures, captions, axes, legends, and results text before treating this visualization form as confirmed."
ageing_2021,How ageing shapes body and space representations (2021),10.1016/j.cortex.2020.11.021,not_yet_templated_missing_publication_parameters,downloaded,not_found,source_mined,apparatus_trajectory_schematic,Apparatus or trajectory schematic,inferred_low_confidence,figure; fig.; speaker; loudspeaker; approaching; looming; participant; tactile; source,artifacts/paper_metadata_audit/extracted/fallback/ageing_2021/ageing_2021.fallback.txt,"source page/section(s) 5, 6",yes,Render and inspect the source figure/table/page; record figure/table/panel pointer; verify x-axis values and units; verify y-axis metric and units; verify plotted SOA/distance/bin labels; verify model parameters/boundary/index values when shown; verify uncertainty display; cross-check plotted parameters against methods/results tables or text.,figure/table/panel pointer; visualization form; x and y encodings; PPS metric shown; model function if any; boundary/index definition; condition facets; uncertainty display; visual verification status for plotted parameters.,"Automated PPS visualization miner found result/figure/model terms; verify against figures, captions, axes, legends, and results text before treating this visualization form as confirmed."
ageing_2021,How ageing shapes body and space representations (2021),10.1016/j.cortex.2020.11.021,not_yet_templated_missing_publication_parameters,downloaded,not_found,source_mined,neural_trace_topography_or_brain_map,"Neural trace, topography, or brain map",inferred_low_confidence,fmri; topographic; brain; cortex; erp; mep; bold,artifacts/paper_metadata_audit/extracted/fallback/ageing_2021/ageing_2021.fallback.txt,"source page/section(s) 21, 1, 9",yes,Render and inspect the source figure/table/page; record figure/table/panel pointer; verify x-axis values and units; verify y-axis metric and units; verify plotted SOA/distance/bin labels; verify model parameters/boundary/index values when shown; verify uncertainty display; cross-check plotted parameters against methods/results tables or text.,figure/table/panel pointer; visualization form; x and y encodings; PPS metric shown; model function if any; boundary/index definition; condition facets; uncertainty display; visual verification status for plotted parameters.,"Automated PPS visualization miner found result/figure/model terms; verify against figures, captions, axes, legends, and results text before treating this visualization form as confirmed."
ageing_2021,How ageing shapes body and space representations (2021),10.1016/j.cortex.2020.11.021,not_yet_templated_missing_publication_parameters,downloaded,not_found,source_mined,model_parameter_or_fit_table,Model parameter or fit table,inferred_low_confidence,model; parameter; slope; aic; bic,artifacts/paper_metadata_audit/extracted/fallback/ageing_2021/ageing_2021.fallback.txt,source page/section(s) 7,yes,Render and inspect the source figure/table/page; record figure/table/panel pointer; verify x-axis values and units; verify y-axis metric and units; verify plotted SOA/distance/bin labels; verify model parameters/boundary/index values when shown; verify uncertainty display; cross-check plotted parameters against methods/results tables or text.,figure/table/panel pointer; visualization form; x and y encodings; PPS metric shown; model function if any; boundary/index definition; condition facets; uncertainty display; visual verification status for plotted parameters.,"Automated PPS visualization miner found result/figure/model terms; verify against figures, captions, axes, legends, and results text before treating this visualization form as confirmed."
taffou_2021_auditory_roughness,Taffou et al. (2021),10.1038/s41598-020-79767-0,not_yet_templated_requires_toolkit_structure,downloaded,downloaded,source_mined,rt_by_soa_or_distance_curve,RT by SOA/distance curve,inferred_low_confidence,reaction time; rt; distance; t1; t2; t3; t4; t5; d2; plotted; plot,artifacts/paper_metadata_audit/extracted/supplements/taffou_2021_auditory_roughness/41598_2020_79767_MOESM1_ESM.txt,"source page/section(s) supplement, 8, 7",yes,Render and inspect the source figure/table/page; record figure/table/panel pointer; verify x-axis values and units; verify y-axis metric and units; verify plotted SOA/distance/bin labels; verify model parameters/boundary/index values when shown; verify uncertainty display; cross-check plotted parameters against methods/results tables or text.,figure/table/panel pointer; visualization form; x and y encodings; PPS metric shown; model function if any; boundary/index definition; condition facets; uncertainty display; visual verification status for plotted parameters.,"Automated PPS visualization miner found result/figure/model terms; verify against figures, captions, axes, legends, and results text before treating this visualization form as confirmed."
taffou_2021_auditory_roughness,Taffou et al. (2021),10.1038/s41598-020-79767-0,not_yet_templated_requires_toolkit_structure,downloaded,downloaded,source_mined,condition_group_bar_box_summary,Condition/group bar or box summary,inferred_low_confidence,mean; sem; condition; pre; post,artifacts/paper_metadata_audit/extracted/supplements/taffou_2021_auditory_roughness/41598_2020_79767_MOESM1_ESM.txt,"source page/section(s) supplement, 5, 6",yes,Render and inspect the source figure/table/page; record figure/table/panel pointer; verify x-axis values and units; verify y-axis metric and units; verify plotted SOA/distance/bin labels; verify model parameters/boundary/index values when shown; verify uncertainty display; cross-check plotted parameters against methods/results tables or text.,figure/table/panel pointer; visualization form; x and y encodings; PPS metric shown; model function if any; boundary/index definition; condition facets; uncertainty display; visual verification status for plotted parameters.,"Automated PPS visualization miner found result/figure/model terms; verify against figures, captions, axes, legends, and results text before treating this visualization form as confirmed."
taffou_2021_auditory_roughness,Taffou et al. (2021),10.1038/s41598-020-79767-0,not_yet_templated_requires_toolkit_structure,downloaded,downloaded,source_mined,spatial_map_heatmap_or_body_boundary,"Spatial map, heatmap, or body boundary",inferred_low_confidence,map; spatial map; near space,artifacts/paper_metadata_audit/extracted/fallback/taffou_2021_auditory_roughness/taffou_2021_auditory_roughness.fallback.txt,source page/section(s) 7,yes,Render and inspect the source figure/table/page; record figure/table/panel pointer; verify x-axis values and units; verify y-axis metric and units; verify plotted SOA/distance/bin labels; verify model parameters/boundary/index values when shown; verify uncertainty display; cross-check plotted parameters against methods/results tables or text.,figure/table/panel pointer; visualization form; x and y encodings; PPS metric shown; model function if any; boundary/index definition; condition facets; uncertainty display; visual verification status for plotted parameters.,"Automated PPS visualization miner found result/figure/model terms; verify against figures, captions, axes, legends, and results text before treating this visualization form as confirmed."
taffou_2021_auditory_roughness,Taffou et al. (2021),10.1038/s41598-020-79767-0,not_yet_templated_requires_toolkit_structure,downloaded,downloaded,source_mined,near_far_or_distance_bin_plot,Near/far or distance-bin plot,inferred_low_confidence,near; far; proximal; close; distant; d1; d4; d5; d2,artifacts/paper_metadata_audit/extracted/fallback/taffou_2021_auditory_roughness/taffou_2021_auditory_roughness.fallback.txt,"source page/section(s) 1, 2, supplement",yes,Render and inspect the source figure/table/page; record figure/table/panel pointer; verify x-axis values and units; verify y-axis metric and units; verify plotted SOA/distance/bin labels; verify model parameters/boundary/index values when shown; verify uncertainty display; cross-check plotted parameters against methods/results tables or text.,figure/table/panel pointer; visualization form; x and y encodings; PPS metric shown; model function if any; boundary/index definition; condition facets; uncertainty display; visual verification status for plotted parameters.,"Automated PPS visualization miner found result/figure/model terms; verify against figures, captions, axes, legends, and results text before treating this visualization form as confirmed."
taffou_2021_auditory_roughness,Taffou et al. (2021),10.1038/s41598-020-79767-0,not_yet_templated_requires_toolkit_structure,downloaded,downloaded,source_mined,apparatus_trajectory_schematic,Apparatus or trajectory schematic,inferred_low_confidence,figure; setup; experimental setup; looming; participant; tactile; source; apparatus; speaker; loudspeaker; approaching; fig.,artifacts/paper_metadata_audit/extracted/fallback/taffou_2021_auditory_roughness/taffou_2021_auditory_roughness.fallback.txt,"source page/section(s) 4, 2, 3",yes,Render and inspect the source figure/table/page; record figure/table/panel pointer; verify x-axis values and units; verify y-axis metric and units; verify plotted SOA/distance/bin labels; verify model parameters/boundary/index values when shown; verify uncertainty display; cross-check plotted parameters against methods/results tables or text.,figure/table/panel pointer; visualization form; x and y encodings; PPS metric shown; model function if any; boundary/index definition; condition facets; uncertainty display; visual verification status for plotted parameters.,"Automated PPS visualization miner found result/figure/model terms; verify against figures, captions, axes, legends, and results text before treating this visualization form as confirmed."
taffou_2021_auditory_roughness,Taffou et al. (2021),10.1038/s41598-020-79767-0,not_yet_templated_requires_toolkit_structure,downloaded,downloaded,source_mined,neural_trace_topography_or_brain_map,"Neural trace, topography, or brain map",inferred_low_confidence,erp; tms; brain; amplitude,artifacts/paper_metadata_audit/extracted/fallback/taffou_2021_auditory_roughness/taffou_2021_auditory_roughness.fallback.txt,source page/section(s) 1,yes,Render and inspect the source figure/table/page; record figure/table/panel pointer; verify x-axis values and units; verify y-axis metric and units; verify plotted SOA/distance/bin labels; verify model parameters/boundary/index values when shown; verify uncertainty display; cross-check plotted parameters against methods/results tables or text.,figure/table/panel pointer; visualization form; x and y encodings; PPS metric shown; model function if any; boundary/index definition; condition facets; uncertainty display; visual verification status for plotted parameters.,"Automated PPS visualization miner found result/figure/model terms; verify against figures, captions, axes, legends, and results text before treating this visualization form as confirmed."
taffou_2021_auditory_roughness,Taffou et al. (2021),10.1038/s41598-020-79767-0,not_yet_templated_requires_toolkit_structure,downloaded,downloaded,source_mined,model_parameter_or_fit_table,Model parameter or fit table,inferred_low_confidence,parameter; slope; intercept; table; confidence interval; model; bic,artifacts/paper_metadata_audit/extracted/supplements/taffou_2021_auditory_roughness/41598_2020_79767_MOESM1_ESM.txt,"source page/section(s) supplement, 10",yes,Render and inspect the source figure/table/page; record figure/table/panel pointer; verify x-axis values and units; verify y-axis metric and units; verify plotted SOA/distance/bin labels; verify model parameters/boundary/index values when shown; verify uncertainty display; cross-check plotted parameters against methods/results tables or text.,figure/table/panel pointer; visualization form; x and y encodings; PPS metric shown; model function if any; boundary/index definition; condition facets; uncertainty display; visual verification status for plotted parameters.,"Automated PPS visualization miner found result/figure/model terms; verify against figures, captions, axes, legends, and results text before treating this visualization form as confirmed."
holmes_2020_four_experiments,"Holmes et al. (2020), four experiments",10.1007/s00221-020-05771-5,not_yet_templated_requires_toolkit_structure,downloaded,downloaded,source_mined,rt_by_soa_or_distance_curve,RT by SOA/distance curve,inferred_low_confidence,reaction time; rt; distance; t1; t2; d1; d2; soa; t5; plot,artifacts/paper_metadata_audit/extracted/supplements/holmes_2020_four_experiments/221_2020_5771_MOESM3_ESM.txt,"source page/section(s) supplement, 14",yes,Render and inspect the source figure/table/page; record figure/table/panel pointer; verify x-axis values and units; verify y-axis metric and units; verify plotted SOA/distance/bin labels; verify model parameters/boundary/index values when shown; verify uncertainty display; cross-check plotted parameters against methods/results tables or text.,figure/table/panel pointer; visualization form; x and y encodings; PPS metric shown; model function if any; boundary/index definition; condition facets; uncertainty display; visual verification status for plotted parameters.,"Automated PPS visualization miner found result/figure/model terms; verify against figures, captions, axes, legends, and results text before treating this visualization form as confirmed."
holmes_2020_four_experiments,"Holmes et al. (2020), four experiments",10.1007/s00221-020-05771-5,not_yet_templated_requires_toolkit_structure,downloaded,downloaded,source_mined,sigmoid_psychometric_fit,Sigmoid or psychometric fit,inferred_low_confidence,sigmoid; fit; slope,artifacts/paper_metadata_audit/extracted/supplements/holmes_2020_four_experiments/221_2020_5771_MOESM3_ESM.txt,source page/section(s) supplement,yes,Render and inspect the source figure/table/page; record figure/table/panel pointer; verify x-axis values and units; verify y-axis metric and units; verify plotted SOA/distance/bin labels; verify model parameters/boundary/index values when shown; verify uncertainty display; cross-check plotted parameters against methods/results tables or text.,figure/table/panel pointer; visualization form; x and y encodings; PPS metric shown; model function if any; boundary/index definition; condition facets; uncertainty display; visual verification status for plotted parameters.,"Automated PPS visualization miner found result/figure/model terms; verify against figures, captions, axes, legends, and results text before treating this visualization form as confirmed."
holmes_2020_four_experiments,"Holmes et al. (2020), four experiments",10.1007/s00221-020-05771-5,not_yet_templated_requires_toolkit_structure,downloaded,downloaded,source_mined,condition_group_bar_box_summary,Condition/group bar or box summary,inferred_low_confidence,mean; standard error; condition; group; pre; post,artifacts/paper_metadata_audit/extracted/fallback/holmes_2020_four_experiments/holmes_2020_four_experiments.fallback.txt,"source page/section(s) 11, 12",yes,Render and inspect the source figure/table/page; record figure/table/panel pointer; verify x-axis values and units; verify y-axis metric and units; verify plotted SOA/distance/bin labels; verify model parameters/boundary/index values when shown; verify uncertainty display; cross-check plotted parameters against methods/results tables or text.,figure/table/panel pointer; visualization form; x and y encodings; PPS metric shown; model function if any; boundary/index definition; condition facets; uncertainty display; visual verification status for plotted parameters.,"Automated PPS visualization miner found result/figure/model terms; verify against figures, captions, axes, legends, and results text before treating this visualization form as confirmed."
holmes_2020_four_experiments,"Holmes et al. (2020), four experiments",10.1007/s00221-020-05771-5,not_yet_templated_requires_toolkit_structure,downloaded,downloaded,source_mined,near_far_or_distance_bin_plot,Near/far or distance-bin plot,inferred_low_confidence,near; far; d1; d2; d3; d4; d5; distant,artifacts/paper_metadata_audit/extracted/supplements/holmes_2020_four_experiments/221_2020_5771_MOESM4_ESM.txt,"source page/section(s) supplement, 1",yes,Render and inspect the source figure/table/page; record figure/table/panel pointer; verify x-axis values and units; verify y-axis metric and units; verify plotted SOA/distance/bin labels; verify model parameters/boundary/index values when shown; verify uncertainty display; cross-check plotted parameters against methods/results tables or text.,figure/table/panel pointer; visualization form; x and y encodings; PPS metric shown; model function if any; boundary/index definition; condition facets; uncertainty display; visual verification status for plotted parameters.,"Automated PPS visualization miner found result/figure/model terms; verify against figures, captions, axes, legends, and results text before treating this visualization form as confirmed."
holmes_2020_four_experiments,"Holmes et al. (2020), four experiments",10.1007/s00221-020-05771-5,not_yet_templated_requires_toolkit_structure,downloaded,downloaded,source_mined,apparatus_trajectory_schematic,Apparatus or trajectory schematic,inferred_low_confidence,fig.; speaker; receding; looming; participant; tactile; approaching; source,artifacts/paper_metadata_audit/extracted/fallback/holmes_2020_four_experiments/holmes_2020_four_experiments.fallback.txt,"source page/section(s) 10, 14, 9",yes,Render and inspect the source figure/table/page; record figure/table/panel pointer; verify x-axis values and units; verify y-axis metric and units; verify plotted SOA/distance/bin labels; verify model parameters/boundary/index values when shown; verify uncertainty display; cross-check plotted parameters against methods/results tables or text.,figure/table/panel pointer; visualization form; x and y encodings; PPS metric shown; model function if any; boundary/index definition; condition facets; uncertainty display; visual verification status for plotted parameters.,"Automated PPS visualization miner found result/figure/model terms; verify against figures, captions, axes, legends, and results text before treating this visualization form as confirmed."
holmes_2020_four_experiments,"Holmes et al. (2020), four experiments",10.1007/s00221-020-05771-5,not_yet_templated_requires_toolkit_structure,downloaded,downloaded,source_mined,neural_trace_topography_or_brain_map,"Neural trace, topography, or brain map",inferred_low_confidence,erp; mep; tms; fmri; brain; amplitude,artifacts/paper_metadata_audit/extracted/supplements/holmes_2020_four_experiments/221_2020_5771_MOESM4_ESM.txt,"source page/section(s) supplement, 10",yes,Render and inspect the source figure/table/page; record figure/table/panel pointer; verify x-axis values and units; verify y-axis metric and units; verify plotted SOA/distance/bin labels; verify model parameters/boundary/index values when shown; verify uncertainty display; cross-check plotted parameters against methods/results tables or text.,figure/table/panel pointer; visualization form; x and y encodings; PPS metric shown; model function if any; boundary/index definition; condition facets; uncertainty display; visual verification status for plotted parameters.,"Automated PPS visualization miner found result/figure/model terms; verify against figures, captions, axes, legends, and results text before treating this visualization form as confirmed."
holmes_2020_four_experiments,"Holmes et al. (2020), four experiments",10.1007/s00221-020-05771-5,not_yet_templated_requires_toolkit_structure,downloaded,downloaded,source_mined,model_parameter_or_fit_table,Model parameter or fit table,inferred_low_confidence,slope; table; confidence interval; model; coefficient; intercept,artifacts/paper_metadata_audit/extracted/supplements/holmes_2020_four_experiments/221_2020_5771_MOESM3_ESM.txt,source page/section(s) supplement,yes,Render and inspect the source figure/table/page; record figure/table/panel pointer; verify x-axis values and units; verify y-axis metric and units; verify plotted SOA/distance/bin labels; verify model parameters/boundary/index values when shown; verify uncertainty display; cross-check plotted parameters against methods/results tables or text.,figure/table/panel pointer; visualization form; x and y encodings; PPS metric shown; model function if any; boundary/index definition; condition facets; uncertainty display; visual verification status for plotted parameters.,"Automated PPS visualization miner found result/figure/model terms; verify against figures, captions, axes, legends, and results text before treating this visualization form as confirmed."
teraoka_2024_front_rear,Teraoka et al. (2024),10.1007/s00221-024-06782-2,not_yet_templated_requires_toolkit_structure,paywalled,downloaded,source_mined,rt_by_soa_or_distance_curve,RT by SOA/distance curve,inferred_low_confidence,reaction time; rt; facilitation; distance; t2; plot,artifacts/paper_metadata_audit/extracted/supplements/teraoka_2024_front_rear/221_2024_6782_MOESM1_ESM.txt,source page/section(s) supplement,yes,Render and inspect the source figure/table/page; record figure/table/panel pointer; verify x-axis values and units; verify y-axis metric and units; verify plotted SOA/distance/bin labels; verify model parameters/boundary/index values when shown; verify uncertainty display; cross-check plotted parameters against methods/results tables or text.,figure/table/panel pointer; visualization form; x and y encodings; PPS metric shown; model function if any; boundary/index definition; condition facets; uncertainty display; visual verification status for plotted parameters.,"Automated PPS visualization miner found result/figure/model terms; verify against figures, captions, axes, legends, and results text before treating this visualization form as confirmed."
teraoka_2024_front_rear,Teraoka et al. (2024),10.1007/s00221-024-06782-2,not_yet_templated_requires_toolkit_structure,paywalled,downloaded,source_mined,condition_group_bar_box_summary,Condition/group bar or box summary,inferred_low_confidence,boxplot; mean; condition; pre; baseline; comparison,artifacts/paper_metadata_audit/extracted/supplements/teraoka_2024_front_rear/221_2024_6782_MOESM1_ESM.txt,source page/section(s) supplement,yes,Render and inspect the source figure/table/page; record figure/table/panel pointer; verify x-axis values and units; verify y-axis metric and units; verify plotted SOA/distance/bin labels; verify model parameters/boundary/index values when shown; verify uncertainty display; cross-check plotted parameters against methods/results tables or text.,figure/table/panel pointer; visualization form; x and y encodings; PPS metric shown; model function if any; boundary/index definition; condition facets; uncertainty display; visual verification status for plotted parameters.,"Automated PPS visualization miner found result/figure/model terms; verify against figures, captions, axes, legends, and results text before treating this visualization form as confirmed."
teraoka_2024_front_rear,Teraoka et al. (2024),10.1007/s00221-024-06782-2,not_yet_templated_requires_toolkit_structure,paywalled,downloaded,source_mined,apparatus_trajectory_schematic,Apparatus or trajectory schematic,inferred_low_confidence,fig.; approaching; participant; tactile,artifacts/paper_metadata_audit/extracted/supplements/teraoka_2024_front_rear/221_2024_6782_MOESM1_ESM.txt,source page/section(s) supplement,yes,Render and inspect the source figure/table/page; record figure/table/panel pointer; verify x-axis values and units; verify y-axis metric and units; verify plotted SOA/distance/bin labels; verify model parameters/boundary/index values when shown; verify uncertainty display; cross-check plotted parameters against methods/results tables or text.,figure/table/panel pointer; visualization form; x and y encodings; PPS metric shown; model function if any; boundary/index definition; condition facets; uncertainty display; visual verification status for plotted parameters.,"Automated PPS visualization miner found result/figure/model terms; verify against figures, captions, axes, legends, and results text before treating this visualization form as confirmed."
serino_2018_mixed_reality_pps,Serino et al. (2018 mixed reality),10.3389/fict.2017.00031,not_yet_templated_requires_toolkit_structure,downloaded,needs_user_download,source_mined,rt_by_soa_or_distance_curve,RT by SOA/distance curve,inferred_low_confidence,reaction time; rt; facilitation; temporal delay; distance; t1; d1; d2; curve,artifacts/paper_metadata_audit/extracted/fallback/serino_2018_mixed_reality_pps/serino_2018_mixed_reality_pps.fallback.txt,"source page/section(s) 7, 8, 5",yes,Render and inspect the source figure/table/page; record figure/table/panel pointer; verify x-axis values and units; verify y-axis metric and units; verify plotted SOA/distance/bin labels; verify model parameters/boundary/index values when shown; verify uncertainty display; cross-check plotted parameters against methods/results tables or text.,figure/table/panel pointer; visualization form; x and y encodings; PPS metric shown; model function if any; boundary/index definition; condition facets; uncertainty display; visual verification status for plotted parameters.,"Automated PPS visualization miner found result/figure/model terms; verify against figures, captions, axes, legends, and results text before treating this visualization form as confirmed."
serino_2018_mixed_reality_pps,Serino et al. (2018 mixed reality),10.3389/fict.2017.00031,not_yet_templated_requires_toolkit_structure,downloaded,needs_user_download,source_mined,sigmoid_psychometric_fit,Sigmoid or psychometric fit,inferred_low_confidence,sigmoid; fit; slope; r2,artifacts/paper_metadata_audit/extracted/fallback/serino_2018_mixed_reality_pps/serino_2018_mixed_reality_pps.fallback.txt,"source page/section(s) 7, 6, 8",yes,Render and inspect the source figure/table/page; record figure/table/panel pointer; verify x-axis values and units; verify y-axis metric and units; verify plotted SOA/distance/bin labels; verify model parameters/boundary/index values when shown; verify uncertainty display; cross-check plotted parameters against methods/results tables or text.,figure/table/panel pointer; visualization form; x and y encodings; PPS metric shown; model function if any; boundary/index definition; condition facets; uncertainty display; visual verification status for plotted parameters.,"Automated PPS visualization miner found result/figure/model terms; verify against figures, captions, axes, legends, and results text before treating this visualization form as confirmed."
serino_2018_mixed_reality_pps,Serino et al. (2018 mixed reality),10.3389/fict.2017.00031,not_yet_templated_requires_toolkit_structure,downloaded,needs_user_download,source_mined,pps_boundary_or_size_index,PPS boundary or size index,inferred_low_confidence,pps boundary; boundary; threshold; extent; index,artifacts/paper_metadata_audit/extracted/fallback/serino_2018_mixed_reality_pps/serino_2018_mixed_reality_pps.fallback.txt,"source page/section(s) 9, 6, 7",yes,Render and inspect the source figure/table/page; record figure/table/panel pointer; verify x-axis values and units; verify y-axis metric and units; verify plotted SOA/distance/bin labels; verify model parameters/boundary/index values when shown; verify uncertainty display; cross-check plotted parameters against methods/results tables or text.,figure/table/panel pointer; visualization form; x and y encodings; PPS metric shown; model function if any; boundary/index definition; condition facets; uncertainty display; visual verification status for plotted parameters.,"Automated PPS visualization miner found result/figure/model terms; verify against figures, captions, axes, legends, and results text before treating this visualization form as confirmed."
serino_2018_mixed_reality_pps,Serino et al. (2018 mixed reality),10.3389/fict.2017.00031,not_yet_templated_requires_toolkit_structure,downloaded,needs_user_download,source_mined,condition_group_bar_box_summary,Condition/group bar or box summary,inferred_low_confidence,mean; sem; condition; group; pre; post; comparison,artifacts/paper_metadata_audit/extracted/fallback/serino_2018_mixed_reality_pps/serino_2018_mixed_reality_pps.fallback.txt,"source page/section(s) 9, 7, 8",yes,Render and inspect the source figure/table/page; record figure/table/panel pointer; verify x-axis values and units; verify y-axis metric and units; verify plotted SOA/distance/bin labels; verify model parameters/boundary/index values when shown; verify uncertainty display; cross-check plotted parameters against methods/results tables or text.,figure/table/panel pointer; visualization form; x and y encodings; PPS metric shown; model function if any; boundary/index definition; condition facets; uncertainty display; visual verification status for plotted parameters.,"Automated PPS visualization miner found result/figure/model terms; verify against figures, captions, axes, legends, and results text before treating this visualization form as confirmed."
serino_2018_mixed_reality_pps,Serino et al. (2018 mixed reality),10.3389/fict.2017.00031,not_yet_templated_requires_toolkit_structure,downloaded,needs_user_download,source_mined,near_far_or_distance_bin_plot,Near/far or distance-bin plot,inferred_low_confidence,near; far; d1; d2; d3; d4; d5; d6; close,artifacts/paper_metadata_audit/extracted/fallback/serino_2018_mixed_reality_pps/serino_2018_mixed_reality_pps.fallback.txt,"source page/section(s) 7, 9, 5",yes,Render and inspect the source figure/table/page; record figure/table/panel pointer; verify x-axis values and units; verify y-axis metric and units; verify plotted SOA/distance/bin labels; verify model parameters/boundary/index values when shown; verify uncertainty display; cross-check plotted parameters against methods/results tables or text.,figure/table/panel pointer; visualization form; x and y encodings; PPS metric shown; model function if any; boundary/index definition; condition facets; uncertainty display; visual verification status for plotted parameters.,"Automated PPS visualization miner found result/figure/model terms; verify against figures, captions, axes, legends, and results text before treating this visualization form as confirmed."
serino_2018_mixed_reality_pps,Serino et al. (2018 mixed reality),10.3389/fict.2017.00031,not_yet_templated_requires_toolkit_structure,downloaded,needs_user_download,source_mined,apparatus_trajectory_schematic,Apparatus or trajectory schematic,inferred_low_confidence,figure; setup; experimental setup; speaker; loudspeaker; approaching; looming; participant; tactile; source,artifacts/paper_metadata_audit/extracted/fallback/serino_2018_mixed_reality_pps/serino_2018_mixed_reality_pps.fallback.txt,"source page/section(s) 5, 4, 3",yes,Render and inspect the source figure/table/page; record figure/table/panel pointer; verify x-axis values and units; verify y-axis metric and units; verify plotted SOA/distance/bin labels; verify model parameters/boundary/index values when shown; verify uncertainty display; cross-check plotted parameters against methods/results tables or text.,figure/table/panel pointer; visualization form; x and y encodings; PPS metric shown; model function if any; boundary/index definition; condition facets; uncertainty display; visual verification status for plotted parameters.,"Automated PPS visualization miner found result/figure/model terms; verify against figures, captions, axes, legends, and results text before treating this visualization form as confirmed."
serino_2018_mixed_reality_pps,Serino et al. (2018 mixed reality),10.3389/fict.2017.00031,not_yet_templated_requires_toolkit_structure,downloaded,needs_user_download,source_mined,model_parameter_or_fit_table,Model parameter or fit table,inferred_low_confidence,model; parameter; coefficient; slope,artifacts/paper_metadata_audit/extracted/fallback/serino_2018_mixed_reality_pps/serino_2018_mixed_reality_pps.fallback.txt,source page/section(s) 7,yes,Render and inspect the source figure/table/page; record figure/table/panel pointer; verify x-axis values and units; verify y-axis metric and units; verify plotted SOA/distance/bin labels; verify model parameters/boundary/index values when shown; verify uncertainty display; cross-check plotted parameters against methods/results tables or text.,figure/table/panel pointer; visualization form; x and y encodings; PPS metric shown; model function if any; boundary/index definition; condition facets; uncertainty display; visual verification status for plotted parameters.,"Automated PPS visualization miner found result/figure/model terms; verify against figures, captions, axes, legends, and results text before treating this visualization form as confirmed."
looming_duration_2025,Impact of looming sound duration on PPS measurement (2025),10.61782/fa.2025.0866,not_yet_templated_requires_toolkit_structure,downloaded,not_found,source_mined,rt_by_soa_or_distance_curve,RT by SOA/distance curve,inferred_low_confidence,rt; facilitation; temporal delay; distance; t1; t2; t3; t4; t5; curve; reaction time,artifacts/paper_metadata_audit/extracted/fallback/looming_duration_2025/looming_duration_2025.fallback.txt,"source page/section(s) 4, 5, 3",yes,Render and inspect the source figure/table/page; record figure/table/panel pointer; verify x-axis values and units; verify y-axis metric and units; verify plotted SOA/distance/bin labels; verify model parameters/boundary/index values when shown; verify uncertainty display; cross-check plotted parameters against methods/results tables or text.,figure/table/panel pointer; visualization form; x and y encodings; PPS metric shown; model function if any; boundary/index definition; condition facets; uncertainty display; visual verification status for plotted parameters.,"Automated PPS visualization miner found result/figure/model terms; verify against figures, captions, axes, legends, and results text before treating this visualization form as confirmed."
looming_duration_2025,Impact of looming sound duration on PPS measurement (2025),10.61782/fa.2025.0866,not_yet_templated_requires_toolkit_structure,downloaded,not_found,source_mined,sigmoid_psychometric_fit,Sigmoid or psychometric fit,inferred_low_confidence,sigmoid; curve fitting; fit; slope; r2; fitted,artifacts/paper_metadata_audit/extracted/fallback/looming_duration_2025/looming_duration_2025.fallback.txt,"source page/section(s) 4, 5, 3",yes,Render and inspect the source figure/table/page; record figure/table/panel pointer; verify x-axis values and units; verify y-axis metric and units; verify plotted SOA/distance/bin labels; verify model parameters/boundary/index values when shown; verify uncertainty display; cross-check plotted parameters against methods/results tables or text.,figure/table/panel pointer; visualization form; x and y encodings; PPS metric shown; model function if any; boundary/index definition; condition facets; uncertainty display; visual verification status for plotted parameters.,"Automated PPS visualization miner found result/figure/model terms; verify against figures, captions, axes, legends, and results text before treating this visualization form as confirmed."
looming_duration_2025,Impact of looming sound duration on PPS measurement (2025),10.61782/fa.2025.0866,not_yet_templated_requires_toolkit_structure,downloaded,not_found,source_mined,pps_boundary_or_size_index,PPS boundary or size index,inferred_low_confidence,pps boundary; boundary; border; extent; auc,artifacts/paper_metadata_audit/extracted/fallback/looming_duration_2025/looming_duration_2025.fallback.txt,"source page/section(s) 5, 4, 7",yes,Render and inspect the source figure/table/page; record figure/table/panel pointer; verify x-axis values and units; verify y-axis metric and units; verify plotted SOA/distance/bin labels; verify model parameters/boundary/index values when shown; verify uncertainty display; cross-check plotted parameters against methods/results tables or text.,figure/table/panel pointer; visualization form; x and y encodings; PPS metric shown; model function if any; boundary/index definition; condition facets; uncertainty display; visual verification status for plotted parameters.,"Automated PPS visualization miner found result/figure/model terms; verify against figures, captions, axes, legends, and results text before treating this visualization form as confirmed."
looming_duration_2025,Impact of looming sound duration on PPS measurement (2025),10.61782/fa.2025.0866,not_yet_templated_requires_toolkit_structure,downloaded,not_found,source_mined,condition_group_bar_box_summary,Condition/group bar or box summary,inferred_low_confidence,mean; sem; condition; pre; post; baseline,artifacts/paper_metadata_audit/extracted/fallback/looming_duration_2025/looming_duration_2025.fallback.txt,source page/section(s) 3,yes,Render and inspect the source figure/table/page; record figure/table/panel pointer; verify x-axis values and units; verify y-axis metric and units; verify plotted SOA/distance/bin labels; verify model parameters/boundary/index values when shown; verify uncertainty display; cross-check plotted parameters against methods/results tables or text.,figure/table/panel pointer; visualization form; x and y encodings; PPS metric shown; model function if any; boundary/index definition; condition facets; uncertainty display; visual verification status for plotted parameters.,"Automated PPS visualization miner found result/figure/model terms; verify against figures, captions, axes, legends, and results text before treating this visualization form as confirmed."
looming_duration_2025,Impact of looming sound duration on PPS measurement (2025),10.61782/fa.2025.0866,not_yet_templated_requires_toolkit_structure,downloaded,not_found,source_mined,near_far_or_distance_bin_plot,Near/far or distance-bin plot,inferred_low_confidence,near; far; distance levels; close,artifacts/paper_metadata_audit/extracted/fallback/looming_duration_2025/looming_duration_2025.fallback.txt,"source page/section(s) 4, 5",yes,Render and inspect the source figure/table/page; record figure/table/panel pointer; verify x-axis values and units; verify y-axis metric and units; verify plotted SOA/distance/bin labels; verify model parameters/boundary/index values when shown; verify uncertainty display; cross-check plotted parameters against methods/results tables or text.,figure/table/panel pointer; visualization form; x and y encodings; PPS metric shown; model function if any; boundary/index definition; condition facets; uncertainty display; visual verification status for plotted parameters.,"Automated PPS visualization miner found result/figure/model terms; verify against figures, captions, axes, legends, and results text before treating this visualization form as confirmed."
looming_duration_2025,Impact of looming sound duration on PPS measurement (2025),10.61782/fa.2025.0866,not_yet_templated_requires_toolkit_structure,downloaded,not_found,source_mined,apparatus_trajectory_schematic,Apparatus or trajectory schematic,inferred_low_confidence,apparatus; speaker; trajectory; approaching; receding; looming; participant; tactile; source; setup; figure,artifacts/paper_metadata_audit/extracted/fallback/looming_duration_2025/looming_duration_2025.fallback.txt,"source page/section(s) 2, 1, 3",yes,Render and inspect the source figure/table/page; record figure/table/panel pointer; verify x-axis values and units; verify y-axis metric and units; verify plotted SOA/distance/bin labels; verify model parameters/boundary/index values when shown; verify uncertainty display; cross-check plotted parameters against methods/results tables or text.,figure/table/panel pointer; visualization form; x and y encodings; PPS metric shown; model function if any; boundary/index definition; condition facets; uncertainty display; visual verification status for plotted parameters.,"Automated PPS visualization miner found result/figure/model terms; verify against figures, captions, axes, legends, and results text before treating this visualization form as confirmed."
looming_duration_2025,Impact of looming sound duration on PPS measurement (2025),10.61782/fa.2025.0866,not_yet_templated_requires_toolkit_structure,downloaded,not_found,source_mined,neural_trace_topography_or_brain_map,"Neural trace, topography, or brain map",inferred_low_confidence,source localization; brain,artifacts/paper_metadata_audit/extracted/fallback/looming_duration_2025/looming_duration_2025.fallback.txt,source page/section(s) 8,yes,Render and inspect the source figure/table/page; record figure/table/panel pointer; verify x-axis values and units; verify y-axis metric and units; verify plotted SOA/distance/bin labels; verify model parameters/boundary/index values when shown; verify uncertainty display; cross-check plotted parameters against methods/results tables or text.,figure/table/panel pointer; visualization form; x and y encodings; PPS metric shown; model function if any; boundary/index definition; condition facets; uncertainty display; visual verification status for plotted parameters.,"Automated PPS visualization miner found result/figure/model terms; verify against figures, captions, axes, legends, and results text before treating this visualization form as confirmed."
looming_duration_2025,Impact of looming sound duration on PPS measurement (2025),10.61782/fa.2025.0866,not_yet_templated_requires_toolkit_structure,downloaded,not_found,source_mined,model_parameter_or_fit_table,Model parameter or fit table,inferred_low_confidence,parameter; slope; confidence interval,artifacts/paper_metadata_audit/extracted/fallback/looming_duration_2025/looming_duration_2025.fallback.txt,source page/section(s) 4,yes,Render and inspect the source figure/table/page; record figure/table/panel pointer; verify x-axis values and units; verify y-axis metric and units; verify plotted SOA/distance/bin labels; verify model parameters/boundary/index values when shown; verify uncertainty display; cross-check plotted parameters against methods/results tables or text.,figure/table/panel pointer; visualization form; x and y encodings; PPS metric shown; model function if any; boundary/index definition; condition facets; uncertainty display; visual verification status for plotted parameters.,"Automated PPS visualization miner found result/figure/model terms; verify against figures, captions, axes, legends, and results text before treating this visualization form as confirmed."
matsuda_2021_four_directions,Matsuda et al. (2021),10.1038/s41598-021-90784-5,covered_runnable_profile,downloaded,needs_user_download,source_mined,rt_by_soa_or_distance_curve,RT by SOA/distance curve,inferred_low_confidence,rt; temporal delay; distance; d1; t2,artifacts/paper_metadata_audit/extracted/fallback/matsuda_2021_four_directions/matsuda_2021_four_directions.fallback.txt,"source page/section(s) 7, 2, 5",yes,Render and inspect the source figure/table/page; record figure/table/panel pointer; verify x-axis values and units; verify y-axis metric and units; verify plotted SOA/distance/bin labels; verify model parameters/boundary/index values when shown; verify uncertainty display; cross-check plotted parameters against methods/results tables or text.,figure/table/panel pointer; visualization form; x and y encodings; PPS metric shown; model function if any; boundary/index definition; condition facets; uncertainty display; visual verification status for plotted parameters.,"Automated PPS visualization miner found result/figure/model terms; verify against figures, captions, axes, legends, and results text before treating this visualization form as confirmed."
matsuda_2021_four_directions,Matsuda et al. (2021),10.1038/s41598-021-90784-5,covered_runnable_profile,downloaded,needs_user_download,source_mined,sigmoid_psychometric_fit,Sigmoid or psychometric fit,inferred_low_confidence,sigmoid; fit; fitted; slope; r2,artifacts/paper_metadata_audit/extracted/fallback/matsuda_2021_four_directions/matsuda_2021_four_directions.fallback.txt,source page/section(s) 5,yes,Render and inspect the source figure/table/page; record figure/table/panel pointer; verify x-axis values and units; verify y-axis metric and units; verify plotted SOA/distance/bin labels; verify model parameters/boundary/index values when shown; verify uncertainty display; cross-check plotted parameters against methods/results tables or text.,figure/table/panel pointer; visualization form; x and y encodings; PPS metric shown; model function if any; boundary/index definition; condition facets; uncertainty display; visual verification status for plotted parameters.,"Automated PPS visualization miner found result/figure/model terms; verify against figures, captions, axes, legends, and results text before treating this visualization form as confirmed."
matsuda_2021_four_directions,Matsuda et al. (2021),10.1038/s41598-021-90784-5,covered_runnable_profile,downloaded,needs_user_download,source_mined,pps_boundary_or_size_index,PPS boundary or size index,inferred_low_confidence,boundary; pps size,artifacts/paper_metadata_audit/extracted/fallback/matsuda_2021_four_directions/matsuda_2021_four_directions.fallback.txt,source page/section(s) 2,yes,Render and inspect the source figure/table/page; record figure/table/panel pointer; verify x-axis values and units; verify y-axis metric and units; verify plotted SOA/distance/bin labels; verify model parameters/boundary/index values when shown; verify uncertainty display; cross-check plotted parameters against methods/results tables or text.,figure/table/panel pointer; visualization form; x and y encodings; PPS metric shown; model function if any; boundary/index definition; condition facets; uncertainty display; visual verification status for plotted parameters.,"Automated PPS visualization miner found result/figure/model terms; verify against figures, captions, axes, legends, and results text before treating this visualization form as confirmed."
matsuda_2021_four_directions,Matsuda et al. (2021),10.1038/s41598-021-90784-5,covered_runnable_profile,downloaded,needs_user_download,source_mined,condition_group_bar_box_summary,Condition/group bar or box summary,inferred_low_confidence,mean; standard error; condition; pre; post; comparison,artifacts/paper_metadata_audit/extracted/fallback/matsuda_2021_four_directions/matsuda_2021_four_directions.fallback.txt,"source page/section(s) 4, 3",yes,Render and inspect the source figure/table/page; record figure/table/panel pointer; verify x-axis values and units; verify y-axis metric and units; verify plotted SOA/distance/bin labels; verify model parameters/boundary/index values when shown; verify uncertainty display; cross-check plotted parameters against methods/results tables or text.,figure/table/panel pointer; visualization form; x and y encodings; PPS metric shown; model function if any; boundary/index definition; condition facets; uncertainty display; visual verification status for plotted parameters.,"Automated PPS visualization miner found result/figure/model terms; verify against figures, captions, axes, legends, and results text before treating this visualization form as confirmed."
matsuda_2021_four_directions,Matsuda et al. (2021),10.1038/s41598-021-90784-5,covered_runnable_profile,downloaded,needs_user_download,source_mined,spatial_map_heatmap_or_body_boundary,"Spatial map, heatmap, or body boundary",inferred_low_confidence,peri-trunk; near space,artifacts/paper_metadata_audit/extracted/fallback/matsuda_2021_four_directions/matsuda_2021_four_directions.fallback.txt,"source page/section(s) 2, 5, 6",yes,Render and inspect the source figure/table/page; record figure/table/panel pointer; verify x-axis values and units; verify y-axis metric and units; verify plotted SOA/distance/bin labels; verify model parameters/boundary/index values when shown; verify uncertainty display; cross-check plotted parameters against methods/results tables or text.,figure/table/panel pointer; visualization form; x and y encodings; PPS metric shown; model function if any; boundary/index definition; condition facets; uncertainty display; visual verification status for plotted parameters.,"Automated PPS visualization miner found result/figure/model terms; verify against figures, captions, axes, legends, and results text before treating this visualization form as confirmed."
matsuda_2021_four_directions,Matsuda et al. (2021),10.1038/s41598-021-90784-5,covered_runnable_profile,downloaded,needs_user_download,source_mined,near_far_or_distance_bin_plot,Near/far or distance-bin plot,inferred_low_confidence,near; close; d4; far; d1,artifacts/paper_metadata_audit/extracted/fallback/matsuda_2021_four_directions/matsuda_2021_four_directions.fallback.txt,"source page/section(s) 2, 6, 7",yes,Render and inspect the source figure/table/page; record figure/table/panel pointer; verify x-axis values and units; verify y-axis metric and units; verify plotted SOA/distance/bin labels; verify model parameters/boundary/index values when shown; verify uncertainty display; cross-check plotted parameters against methods/results tables or text.,figure/table/panel pointer; visualization form; x and y encodings; PPS metric shown; model function if any; boundary/index definition; condition facets; uncertainty display; visual verification status for plotted parameters.,"Automated PPS visualization miner found result/figure/model terms; verify against figures, captions, axes, legends, and results text before treating this visualization form as confirmed."
matsuda_2021_four_directions,Matsuda et al. (2021),10.1038/s41598-021-90784-5,covered_runnable_profile,downloaded,needs_user_download,source_mined,apparatus_trajectory_schematic,Apparatus or trajectory schematic,inferred_low_confidence,fig.; apparatus; setup; approaching; receding; looming; participant; tactile; figure; speaker; loudspeaker; schematic,artifacts/paper_metadata_audit/extracted/fallback/matsuda_2021_four_directions/matsuda_2021_four_directions.fallback.txt,"source page/section(s) 2, 7, 3",yes,Render and inspect the source figure/table/page; record figure/table/panel pointer; verify x-axis values and units; verify y-axis metric and units; verify plotted SOA/distance/bin labels; verify model parameters/boundary/index values when shown; verify uncertainty display; cross-check plotted parameters against methods/results tables or text.,figure/table/panel pointer; visualization form; x and y encodings; PPS metric shown; model function if any; boundary/index definition; condition facets; uncertainty display; visual verification status for plotted parameters.,"Automated PPS visualization miner found result/figure/model terms; verify against figures, captions, axes, legends, and results text before treating this visualization form as confirmed."
matsuda_2021_four_directions,Matsuda et al. (2021),10.1038/s41598-021-90784-5,covered_runnable_profile,downloaded,needs_user_download,source_mined,model_parameter_or_fit_table,Model parameter or fit table,inferred_low_confidence,coefficient; slope; table,artifacts/paper_metadata_audit/extracted/fallback/matsuda_2021_four_directions/matsuda_2021_four_directions.fallback.txt,source page/section(s) 5,yes,Render and inspect the source figure/table/page; record figure/table/panel pointer; verify x-axis values and units; verify y-axis metric and units; verify plotted SOA/distance/bin labels; verify model parameters/boundary/index values when shown; verify uncertainty display; cross-check plotted parameters against methods/results tables or text.,figure/table/panel pointer; visualization form; x and y encodings; PPS metric shown; model function if any; boundary/index definition; condition facets; uncertainty display; visual verification status for plotted parameters.,"Automated PPS visualization miner found result/figure/model terms; verify against figures, captions, axes, legends, and results text before treating this visualization form as confirmed."
lerner_2021_3d_boundary,Lerner et al. (2021),10.3389/frvir.2021.644214,covered_blocked_toolkit_structure,downloaded,needs_user_download,source_mined,rt_by_soa_or_distance_curve,RT by SOA/distance curve,inferred_low_confidence,reaction time; rt; distance; t3; soa; d1; d2,artifacts/paper_metadata_audit/extracted/fallback/lerner_2021_3d_boundary/lerner_2021_3d_boundary.fallback.txt,"source page/section(s) 6, 9, 11",yes,Render and inspect the source figure/table/page; record figure/table/panel pointer; verify x-axis values and units; verify y-axis metric and units; verify plotted SOA/distance/bin labels; verify model parameters/boundary/index values when shown; verify uncertainty display; cross-check plotted parameters against methods/results tables or text.,figure/table/panel pointer; visualization form; x and y encodings; PPS metric shown; model function if any; boundary/index definition; condition facets; uncertainty display; visual verification status for plotted parameters.,"Automated PPS visualization miner found result/figure/model terms; verify against figures, captions, axes, legends, and results text before treating this visualization form as confirmed."
lerner_2021_3d_boundary,Lerner et al. (2021),10.3389/frvir.2021.644214,covered_blocked_toolkit_structure,downloaded,needs_user_download,source_mined,pps_boundary_or_size_index,PPS boundary or size index,inferred_low_confidence,boundary; border; threshold,artifacts/paper_metadata_audit/extracted/fallback/lerner_2021_3d_boundary/lerner_2021_3d_boundary.fallback.txt,source page/section(s) 12,yes,Render and inspect the source figure/table/page; record figure/table/panel pointer; verify x-axis values and units; verify y-axis metric and units; verify plotted SOA/distance/bin labels; verify model parameters/boundary/index values when shown; verify uncertainty display; cross-check plotted parameters against methods/results tables or text.,figure/table/panel pointer; visualization form; x and y encodings; PPS metric shown; model function if any; boundary/index definition; condition facets; uncertainty display; visual verification status for plotted parameters.,"Automated PPS visualization miner found result/figure/model terms; verify against figures, captions, axes, legends, and results text before treating this visualization form as confirmed."
lerner_2021_3d_boundary,Lerner et al. (2021),10.3389/frvir.2021.644214,covered_blocked_toolkit_structure,downloaded,needs_user_download,source_mined,near_far_or_distance_bin_plot,Near/far or distance-bin plot,inferred_low_confidence,far; close; d1,artifacts/paper_metadata_audit/extracted/fallback/lerner_2021_3d_boundary/lerner_2021_3d_boundary.fallback.txt,source page/section(s) 12,yes,Render and inspect the source figure/table/page; record figure/table/panel pointer; verify x-axis values and units; verify y-axis metric and units; verify plotted SOA/distance/bin labels; verify model parameters/boundary/index values when shown; verify uncertainty display; cross-check plotted parameters against methods/results tables or text.,figure/table/panel pointer; visualization form; x and y encodings; PPS metric shown; model function if any; boundary/index definition; condition facets; uncertainty display; visual verification status for plotted parameters.,"Automated PPS visualization miner found result/figure/model terms; verify against figures, captions, axes, legends, and results text before treating this visualization form as confirmed."
lerner_2021_3d_boundary,Lerner et al. (2021),10.3389/frvir.2021.644214,covered_blocked_toolkit_structure,downloaded,needs_user_download,source_mined,apparatus_trajectory_schematic,Apparatus or trajectory schematic,inferred_low_confidence,figure; apparatus; setup; trajectory; tactile; source; receding; looming; participant,artifacts/paper_metadata_audit/extracted/fallback/lerner_2021_3d_boundary/lerner_2021_3d_boundary.fallback.txt,"source page/section(s) 2, 6, 7",yes,Render and inspect the source figure/table/page; record figure/table/panel pointer; verify x-axis values and units; verify y-axis metric and units; verify plotted SOA/distance/bin labels; verify model parameters/boundary/index values when shown; verify uncertainty display; cross-check plotted parameters against methods/results tables or text.,figure/table/panel pointer; visualization form; x and y encodings; PPS metric shown; model function if any; boundary/index definition; condition facets; uncertainty display; visual verification status for plotted parameters.,"Automated PPS visualization miner found result/figure/model terms; verify against figures, captions, axes, legends, and results text before treating this visualization form as confirmed."
lerner_2021_3d_boundary,Lerner et al. (2021),10.3389/frvir.2021.644214,covered_blocked_toolkit_structure,downloaded,needs_user_download,source_mined,neural_trace_topography_or_brain_map,"Neural trace, topography, or brain map",inferred_low_confidence,erp; mep; amplitude; tms; brain; cortex,artifacts/paper_metadata_audit/extracted/fallback/lerner_2021_3d_boundary/lerner_2021_3d_boundary.fallback.txt,"source page/section(s) 9, 15",yes,Render and inspect the source figure/table/page; record figure/table/panel pointer; verify x-axis values and units; verify y-axis metric and units; verify plotted SOA/distance/bin labels; verify model parameters/boundary/index values when shown; verify uncertainty display; cross-check plotted parameters against methods/results tables or text.,figure/table/panel pointer; visualization form; x and y encodings; PPS metric shown; model function if any; boundary/index definition; condition facets; uncertainty display; visual verification status for plotted parameters.,"Automated PPS visualization miner found result/figure/model terms; verify against figures, captions, axes, legends, and results text before treating this visualization form as confirmed."
lamia_2026_arm_movement,"Lamia, Shabani, & Candidi (2026)",10.1038/s41598-026-36796-5,covered_runnable_profile,downloaded,downloaded,source_mined,rt_by_soa_or_distance_curve,RT by SOA/distance curve,inferred_low_confidence,reaction time; rt; facilitation; temporal delay; distance; t1; t2; t3; t4; t5; d1; d2,artifacts/paper_metadata_audit/extracted/fallback/lamia_2026_arm_movement/lamia_2026_arm_movement.fallback.txt,"source page/section(s) 5, 7, supplement",yes,Render and inspect the source figure/table/page; record figure/table/panel pointer; verify x-axis values and units; verify y-axis metric and units; verify plotted SOA/distance/bin labels; verify model parameters/boundary/index values when shown; verify uncertainty display; cross-check plotted parameters against methods/results tables or text.,figure/table/panel pointer; visualization form; x and y encodings; PPS metric shown; model function if any; boundary/index definition; condition facets; uncertainty display; visual verification status for plotted parameters.,"Automated PPS visualization miner found result/figure/model terms; verify against figures, captions, axes, legends, and results text before treating this visualization form as confirmed."
lamia_2026_arm_movement,"Lamia, Shabani, & Candidi (2026)",10.1038/s41598-026-36796-5,covered_runnable_profile,downloaded,downloaded,source_mined,pps_boundary_or_size_index,PPS boundary or size index,inferred_low_confidence,threshold; extension; index,artifacts/paper_metadata_audit/extracted/fallback/lamia_2026_arm_movement/lamia_2026_arm_movement.fallback.txt,source page/section(s) 10,yes,Render and inspect the source figure/table/page; record figure/table/panel pointer; verify x-axis values and units; verify y-axis metric and units; verify plotted SOA/distance/bin labels; verify model parameters/boundary/index values when shown; verify uncertainty display; cross-check plotted parameters against methods/results tables or text.,figure/table/panel pointer; visualization form; x and y encodings; PPS metric shown; model function if any; boundary/index definition; condition facets; uncertainty display; visual verification status for plotted parameters.,"Automated PPS visualization miner found result/figure/model terms; verify against figures, captions, axes, legends, and results text before treating this visualization form as confirmed."
lamia_2026_arm_movement,"Lamia, Shabani, & Candidi (2026)",10.1038/s41598-026-36796-5,covered_runnable_profile,downloaded,downloaded,source_mined,condition_group_bar_box_summary,Condition/group bar or box summary,inferred_low_confidence,mean; standard error; condition; pre; post; comparison,artifacts/paper_metadata_audit/extracted/fallback/lamia_2026_arm_movement/lamia_2026_arm_movement.fallback.txt,"source page/section(s) 7, 8",yes,Render and inspect the source figure/table/page; record figure/table/panel pointer; verify x-axis values and units; verify y-axis metric and units; verify plotted SOA/distance/bin labels; verify model parameters/boundary/index values when shown; verify uncertainty display; cross-check plotted parameters against methods/results tables or text.,figure/table/panel pointer; visualization form; x and y encodings; PPS metric shown; model function if any; boundary/index definition; condition facets; uncertainty display; visual verification status for plotted parameters.,"Automated PPS visualization miner found result/figure/model terms; verify against figures, captions, axes, legends, and results text before treating this visualization form as confirmed."
lamia_2026_arm_movement,"Lamia, Shabani, & Candidi (2026)",10.1038/s41598-026-36796-5,covered_runnable_profile,downloaded,downloaded,source_mined,near_far_or_distance_bin_plot,Near/far or distance-bin plot,inferred_low_confidence,near; far; close; d1; d2; d3; d4; d5; distant,artifacts/paper_metadata_audit/extracted/fallback/lamia_2026_arm_movement/lamia_2026_arm_movement.fallback.txt,"source page/section(s) 5, 6, 2",yes,Render and inspect the source figure/table/page; record figure/table/panel pointer; verify x-axis values and units; verify y-axis metric and units; verify plotted SOA/distance/bin labels; verify model parameters/boundary/index values when shown; verify uncertainty display; cross-check plotted parameters against methods/results tables or text.,figure/table/panel pointer; visualization form; x and y encodings; PPS metric shown; model function if any; boundary/index definition; condition facets; uncertainty display; visual verification status for plotted parameters.,"Automated PPS visualization miner found result/figure/model terms; verify against figures, captions, axes, legends, and results text before treating this visualization form as confirmed."
lamia_2026_arm_movement,"Lamia, Shabani, & Candidi (2026)",10.1038/s41598-026-36796-5,covered_runnable_profile,downloaded,downloaded,source_mined,apparatus_trajectory_schematic,Apparatus or trajectory schematic,inferred_low_confidence,fig.; apparatus; setup; experimental setup; speaker; receding; looming; participant; tactile; source; approaching,artifacts/paper_metadata_audit/extracted/fallback/lamia_2026_arm_movement/lamia_2026_arm_movement.fallback.txt,"source page/section(s) 3, 10, 4",yes,Render and inspect the source figure/table/page; record figure/table/panel pointer; verify x-axis values and units; verify y-axis metric and units; verify plotted SOA/distance/bin labels; verify model parameters/boundary/index values when shown; verify uncertainty display; cross-check plotted parameters against methods/results tables or text.,figure/table/panel pointer; visualization form; x and y encodings; PPS metric shown; model function if any; boundary/index definition; condition facets; uncertainty display; visual verification status for plotted parameters.,"Automated PPS visualization miner found result/figure/model terms; verify against figures, captions, axes, legends, and results text before treating this visualization form as confirmed."
lamia_2026_arm_movement,"Lamia, Shabani, & Candidi (2026)",10.1038/s41598-026-36796-5,covered_runnable_profile,downloaded,downloaded,source_mined,model_parameter_or_fit_table,Model parameter or fit table,inferred_low_confidence,model; coefficient; slope; intercept; bic,artifacts/paper_metadata_audit/extracted/supplements/lamia_2026_arm_movement/41598_2026_36796_MOESM1_ESM.txt,"source page/section(s) supplement, 6",yes,Render and inspect the source figure/table/page; record figure/table/panel pointer; verify x-axis values and units; verify y-axis metric and units; verify plotted SOA/distance/bin labels; verify model parameters/boundary/index values when shown; verify uncertainty display; cross-check plotted parameters against methods/results tables or text.,figure/table/panel pointer; visualization form; x and y encodings; PPS metric shown; model function if any; boundary/index definition; condition facets; uncertainty display; visual verification status for plotted parameters.,"Automated PPS visualization miner found result/figure/model terms; verify against figures, captions, axes, legends, and results text before treating this visualization form as confirmed."
