network_node_id,publication_profile_scope,profile_id,profile_source_file,current_toolkit_input_path,categorical_status,explicit_value_count,explicit_values_json,default_value_json
doi:10.1371/journal.pone.0044306,publication_and_single_review_unit_profile,canzoneri_2012_dynamic_sounds,study_templates/canzoneri_2012_dynamic_sounds.json,design.name,serialized_explicit,1,"[""Canzoneri 2012 dynamic audio-tactile PPS""]","""Study 5 PPS white/pink design"""
doi:10.1371/journal.pone.0044306,publication_and_single_review_unit_profile,canzoneri_2012_dynamic_sounds,study_templates/canzoneri_2012_dynamic_sounds.json,design.study_profile_id,serialized_explicit,1,"[""canzoneri_2012_dynamic_sounds""]",""""""
doi:10.1371/journal.pone.0044306,publication_and_single_review_unit_profile,canzoneri_2012_dynamic_sounds,study_templates/canzoneri_2012_dynamic_sounds.json,design.study_profile_title,serialized_explicit,1,"[""Dynamic sounds capture PPS boundaries""]",""""""
doi:10.1371/journal.pone.0044306,publication_and_single_review_unit_profile,canzoneri_2012_dynamic_sounds,study_templates/canzoneri_2012_dynamic_sounds.json,design.study_profile_notes,serialized_explicit,1,"[""Canonical dynamic audio-tactile PPS task. The preload follows the original paper's accessible method values with reported T1-T5 audio-tactile timings, direction-coupled tactile-only T0/T6 baselines, and 76 auditory-only catch trials. The original two-speaker SoundForge apparatus is treated as provenance and recreated as a binaural moving-sound trajectory with caveats for exact author gain files, room transfer, electrical threshold calibration, and voice-key hardware.""]",""""""
doi:10.1371/journal.pone.0044306,publication_and_single_review_unit_profile,canzoneri_2012_dynamic_sounds,study_templates/canzoneri_2012_dynamic_sounds.json,design.study_profile_reference_parameters,serialized_explicit,1,"[{""analog_apparatus_recreation"":""Original near/far speakers and SoundForge motion are modeled as the reported 110 cm to 10 cm moving-sound trajectory in the binaural renderer when exact author gain files are not available."",""analysis_outlier_rule"":""trim RTs exceeding 2 SD from participant/condition mean"",""baseline_subtype"":""tactile-only during silence before or after the dynamic sound"",""baseline_times_from_trial_start_ms"":[300,4600],""baseline_times_relative_to_sound_onset_ms"":[-700,3600],""catch_subtype"":""auditory-only no tactile target"",""post_sound_silence_ms"":1000,""pre_sound_silence_ms"":1000,""profile_check_complete"":true,""profile_type"":""canonical_dynamic_audio_tactile_pps"",""remaining_caveats"":[""exact original SoundForge exponential gain/envelope files"",""voice-key response capture"",""electrical tactile threshold calibration""],""reported_catch_trials"":76,""reported_target_trials"":112,""reported_trial_formula"":""80 audio-tactile trials (2 IN/OUT directions x 5 T1-T5 timings x 8 repetitions), 32 direction-coupled tactile-only T0/T6 baselines, and 76 auditory-only catch trials, split into two paper blocks."",""response_rule"":""vocal response to tactile target, ignore sound"",""sound_duration_ms"":3000,""tactile_pulse_duration_us"":100,""target_trial_repetitions_reported"":8}]",{}
doi:10.1371/journal.pone.0044306,publication_and_single_review_unit_profile,canzoneri_2012_dynamic_sounds,study_templates/canzoneri_2012_dynamic_sounds.json,design.sofa_file,serialized_explicit,1,"[""""]","""assets/0. Head-Related Impulse Response (HRIR) model/FABIAN_HRIR_measured_HATO_0.sofa"""
doi:10.1371/journal.pone.0044306,publication_and_single_review_unit_profile,canzoneri_2012_dynamic_sounds,study_templates/canzoneri_2012_dynamic_sounds.json,design.noises[].label,serialized_explicit,1,"[""Pink moving sound""]",
doi:10.1371/journal.pone.0044306,publication_and_single_review_unit_profile,canzoneri_2012_dynamic_sounds,study_templates/canzoneri_2012_dynamic_sounds.json,design.noises[].noise_type,serialized_explicit,1,"[""pink""]",
doi:10.1371/journal.pone.0044306,publication_and_single_review_unit_profile,canzoneri_2012_dynamic_sounds,study_templates/canzoneri_2012_dynamic_sounds.json,design.noises[].azimuth_deg,serialized_explicit,1,[0.0],0.0
doi:10.1371/journal.pone.0044306,publication_and_single_review_unit_profile,canzoneri_2012_dynamic_sounds,study_templates/canzoneri_2012_dynamic_sounds.json,design.noises[].elevation_deg,serialized_explicit,1,[0.0],0.0
doi:10.1371/journal.pone.0044306,publication_and_single_review_unit_profile,canzoneri_2012_dynamic_sounds,study_templates/canzoneri_2012_dynamic_sounds.json,design.noises[].gain,serialized_explicit,1,[1.0],1.0
doi:10.1371/journal.pone.0044306,publication_and_single_review_unit_profile,canzoneri_2012_dynamic_sounds,study_templates/canzoneri_2012_dynamic_sounds.json,design.noises[].source_profile,typed_or_parser_default_not_serialized,0,[],""""""
doi:10.1371/journal.pone.0044306,publication_and_single_review_unit_profile,canzoneri_2012_dynamic_sounds,study_templates/canzoneri_2012_dynamic_sounds.json,design.noises[].source_profile_parameters,typed_or_parser_default_not_serialized,0,[],{}
doi:10.1371/journal.pone.0044306,publication_and_single_review_unit_profile,canzoneri_2012_dynamic_sounds,study_templates/canzoneri_2012_dynamic_sounds.json,design.noises[].prebaked_path,typed_or_parser_default_not_serialized,0,[],""""""
doi:10.1371/journal.pone.0044306,publication_and_single_review_unit_profile,canzoneri_2012_dynamic_sounds,study_templates/canzoneri_2012_dynamic_sounds.json,design.noises[].sequence_order,typed_or_parser_default_not_serialized,0,[],0
doi:10.1371/journal.pone.0044306,publication_and_single_review_unit_profile,canzoneri_2012_dynamic_sounds,study_templates/canzoneri_2012_dynamic_sounds.json,design.noises[].motion_mode,typed_or_parser_default_not_serialized,0,[],"""looming"""
doi:10.1371/journal.pone.0044306,publication_and_single_review_unit_profile,canzoneri_2012_dynamic_sounds,study_templates/canzoneri_2012_dynamic_sounds.json,design.noises[].trajectory_snapshot,typed_or_parser_default_not_serialized,0,[],{}
doi:10.1371/journal.pone.0044306,publication_and_single_review_unit_profile,canzoneri_2012_dynamic_sounds,study_templates/canzoneri_2012_dynamic_sounds.json,design.custom_looming_files[].label,repeatable_entity_absent,0,[],
doi:10.1371/journal.pone.0044306,publication_and_single_review_unit_profile,canzoneri_2012_dynamic_sounds,study_templates/canzoneri_2012_dynamic_sounds.json,design.custom_looming_files[].path,repeatable_entity_absent,0,[],
doi:10.1371/journal.pone.0044306,publication_and_single_review_unit_profile,canzoneri_2012_dynamic_sounds,study_templates/canzoneri_2012_dynamic_sounds.json,design.custom_looming_files[].target_duration_s,repeatable_entity_absent,0,[],4.0
doi:10.1371/journal.pone.0044306,publication_and_single_review_unit_profile,canzoneri_2012_dynamic_sounds,study_templates/canzoneri_2012_dynamic_sounds.json,design.custom_looming_files[].render_mode,repeatable_entity_absent,0,[],"""preserve"""
doi:10.1371/journal.pone.0044306,publication_and_single_review_unit_profile,canzoneri_2012_dynamic_sounds,study_templates/canzoneri_2012_dynamic_sounds.json,design.custom_looming_files[].tone_type,repeatable_entity_absent,0,[],""""""
doi:10.1371/journal.pone.0044306,publication_and_single_review_unit_profile,canzoneri_2012_dynamic_sounds,study_templates/canzoneri_2012_dynamic_sounds.json,design.custom_looming_files[].gain,repeatable_entity_absent,0,[],1.0
doi:10.1371/journal.pone.0044306,publication_and_single_review_unit_profile,canzoneri_2012_dynamic_sounds,study_templates/canzoneri_2012_dynamic_sounds.json,design.custom_looming_files[].placement,repeatable_entity_absent,0,[],"""before"""
doi:10.1371/journal.pone.0044306,publication_and_single_review_unit_profile,canzoneri_2012_dynamic_sounds,study_templates/canzoneri_2012_dynamic_sounds.json,design.custom_looming_files[].target_source_label,repeatable_entity_absent,0,[],""""""
doi:10.1371/journal.pone.0044306,publication_and_single_review_unit_profile,canzoneri_2012_dynamic_sounds,study_templates/canzoneri_2012_dynamic_sounds.json,design.custom_looming_files[].phase,repeatable_entity_absent,0,[],""""""
doi:10.1371/journal.pone.0044306,publication_and_single_review_unit_profile,canzoneri_2012_dynamic_sounds,study_templates/canzoneri_2012_dynamic_sounds.json,design.custom_looming_files[].gap_s,repeatable_entity_absent,0,[],0.0
doi:10.1371/journal.pone.0044306,publication_and_single_review_unit_profile,canzoneri_2012_dynamic_sounds,study_templates/canzoneri_2012_dynamic_sounds.json,design.custom_looming_files[].sequence_order,repeatable_entity_absent,0,[],0
doi:10.1371/journal.pone.0044306,publication_and_single_review_unit_profile,canzoneri_2012_dynamic_sounds,study_templates/canzoneri_2012_dynamic_sounds.json,design.custom_looming_files[].motion_mode,repeatable_entity_absent,0,[],"""looming"""
doi:10.1371/journal.pone.0044306,publication_and_single_review_unit_profile,canzoneri_2012_dynamic_sounds,study_templates/canzoneri_2012_dynamic_sounds.json,design.custom_looming_files[].trajectory_snapshot,repeatable_entity_absent,0,[],{}
doi:10.1371/journal.pone.0044306,publication_and_single_review_unit_profile,canzoneri_2012_dynamic_sounds,study_templates/canzoneri_2012_dynamic_sounds.json,design.custom_looming_files[].display_color_hex,repeatable_entity_absent,0,[],""""""
doi:10.1371/journal.pone.0044306,publication_and_single_review_unit_profile,canzoneri_2012_dynamic_sounds,study_templates/canzoneri_2012_dynamic_sounds.json,design.custom_looming_files[].source_input_path,repeatable_entity_absent,0,[],""""""
doi:10.1371/journal.pone.0044306,publication_and_single_review_unit_profile,canzoneri_2012_dynamic_sounds,study_templates/canzoneri_2012_dynamic_sounds.json,design.prestimulus_files[].label,repeatable_entity_absent,0,[],
doi:10.1371/journal.pone.0044306,publication_and_single_review_unit_profile,canzoneri_2012_dynamic_sounds,study_templates/canzoneri_2012_dynamic_sounds.json,design.prestimulus_files[].path,repeatable_entity_absent,0,[],
doi:10.1371/journal.pone.0044306,publication_and_single_review_unit_profile,canzoneri_2012_dynamic_sounds,study_templates/canzoneri_2012_dynamic_sounds.json,design.prestimulus_files[].target_duration_s,repeatable_entity_absent,0,[],4.0
doi:10.1371/journal.pone.0044306,publication_and_single_review_unit_profile,canzoneri_2012_dynamic_sounds,study_templates/canzoneri_2012_dynamic_sounds.json,design.prestimulus_files[].render_mode,repeatable_entity_absent,0,[],"""preserve"""
doi:10.1371/journal.pone.0044306,publication_and_single_review_unit_profile,canzoneri_2012_dynamic_sounds,study_templates/canzoneri_2012_dynamic_sounds.json,design.prestimulus_files[].tone_type,repeatable_entity_absent,0,[],""""""
doi:10.1371/journal.pone.0044306,publication_and_single_review_unit_profile,canzoneri_2012_dynamic_sounds,study_templates/canzoneri_2012_dynamic_sounds.json,design.prestimulus_files[].gain,repeatable_entity_absent,0,[],1.0
doi:10.1371/journal.pone.0044306,publication_and_single_review_unit_profile,canzoneri_2012_dynamic_sounds,study_templates/canzoneri_2012_dynamic_sounds.json,design.prestimulus_files[].placement,repeatable_entity_absent,0,[],"""before"""
doi:10.1371/journal.pone.0044306,publication_and_single_review_unit_profile,canzoneri_2012_dynamic_sounds,study_templates/canzoneri_2012_dynamic_sounds.json,design.prestimulus_files[].target_source_label,repeatable_entity_absent,0,[],""""""
doi:10.1371/journal.pone.0044306,publication_and_single_review_unit_profile,canzoneri_2012_dynamic_sounds,study_templates/canzoneri_2012_dynamic_sounds.json,design.prestimulus_files[].phase,repeatable_entity_absent,0,[],""""""
doi:10.1371/journal.pone.0044306,publication_and_single_review_unit_profile,canzoneri_2012_dynamic_sounds,study_templates/canzoneri_2012_dynamic_sounds.json,design.prestimulus_files[].gap_s,repeatable_entity_absent,0,[],0.0
doi:10.1371/journal.pone.0044306,publication_and_single_review_unit_profile,canzoneri_2012_dynamic_sounds,study_templates/canzoneri_2012_dynamic_sounds.json,design.prestimulus_files[].sequence_order,repeatable_entity_absent,0,[],0
doi:10.1371/journal.pone.0044306,publication_and_single_review_unit_profile,canzoneri_2012_dynamic_sounds,study_templates/canzoneri_2012_dynamic_sounds.json,design.prestimulus_files[].motion_mode,repeatable_entity_absent,0,[],"""looming"""
doi:10.1371/journal.pone.0044306,publication_and_single_review_unit_profile,canzoneri_2012_dynamic_sounds,study_templates/canzoneri_2012_dynamic_sounds.json,design.prestimulus_files[].trajectory_snapshot,repeatable_entity_absent,0,[],{}
doi:10.1371/journal.pone.0044306,publication_and_single_review_unit_profile,canzoneri_2012_dynamic_sounds,study_templates/canzoneri_2012_dynamic_sounds.json,design.prestimulus_files[].display_color_hex,repeatable_entity_absent,0,[],""""""
doi:10.1371/journal.pone.0044306,publication_and_single_review_unit_profile,canzoneri_2012_dynamic_sounds,study_templates/canzoneri_2012_dynamic_sounds.json,design.prestimulus_files[].source_input_path,repeatable_entity_absent,0,[],""""""
doi:10.1371/journal.pone.0044306,publication_and_single_review_unit_profile,canzoneri_2012_dynamic_sounds,study_templates/canzoneri_2012_dynamic_sounds.json,design.trajectory.start_radius_m,serialized_explicit,1,[1.1],1.1
doi:10.1371/journal.pone.0044306,publication_and_single_review_unit_profile,canzoneri_2012_dynamic_sounds,study_templates/canzoneri_2012_dynamic_sounds.json,design.trajectory.end_radius_m,serialized_explicit,1,[0.1],0.1
doi:10.1371/journal.pone.0044306,publication_and_single_review_unit_profile,canzoneri_2012_dynamic_sounds,study_templates/canzoneri_2012_dynamic_sounds.json,design.trajectory.path_direction,serialized_explicit,1,"[""approach""]","""approach"""
doi:10.1371/journal.pone.0044306,publication_and_single_review_unit_profile,canzoneri_2012_dynamic_sounds,study_templates/canzoneri_2012_dynamic_sounds.json,design.trajectory.coordinate_mode,typed_or_parser_default_not_serialized,0,[],"""polar"""
doi:10.1371/journal.pone.0044306,publication_and_single_review_unit_profile,canzoneri_2012_dynamic_sounds,study_templates/canzoneri_2012_dynamic_sounds.json,design.trajectory.start_x_m,typed_or_parser_default_not_serialized,0,[],null
doi:10.1371/journal.pone.0044306,publication_and_single_review_unit_profile,canzoneri_2012_dynamic_sounds,study_templates/canzoneri_2012_dynamic_sounds.json,design.trajectory.start_y_m,typed_or_parser_default_not_serialized,0,[],null
doi:10.1371/journal.pone.0044306,publication_and_single_review_unit_profile,canzoneri_2012_dynamic_sounds,study_templates/canzoneri_2012_dynamic_sounds.json,design.trajectory.start_z_m,typed_or_parser_default_not_serialized,0,[],null
doi:10.1371/journal.pone.0044306,publication_and_single_review_unit_profile,canzoneri_2012_dynamic_sounds,study_templates/canzoneri_2012_dynamic_sounds.json,design.trajectory.end_x_m,typed_or_parser_default_not_serialized,0,[],null
doi:10.1371/journal.pone.0044306,publication_and_single_review_unit_profile,canzoneri_2012_dynamic_sounds,study_templates/canzoneri_2012_dynamic_sounds.json,design.trajectory.end_y_m,typed_or_parser_default_not_serialized,0,[],null
doi:10.1371/journal.pone.0044306,publication_and_single_review_unit_profile,canzoneri_2012_dynamic_sounds,study_templates/canzoneri_2012_dynamic_sounds.json,design.trajectory.end_z_m,typed_or_parser_default_not_serialized,0,[],null
doi:10.1371/journal.pone.0044306,publication_and_single_review_unit_profile,canzoneri_2012_dynamic_sounds,study_templates/canzoneri_2012_dynamic_sounds.json,design.trajectory.path_length_m,serialized_explicit,1,[1.0],1.0
doi:10.1371/journal.pone.0044306,publication_and_single_review_unit_profile,canzoneri_2012_dynamic_sounds,study_templates/canzoneri_2012_dynamic_sounds.json,design.trajectory.propagation_speed_mps,serialized_explicit,1,[0.3333333333333333],0.3333333333333333
doi:10.1371/journal.pone.0044306,publication_and_single_review_unit_profile,canzoneri_2012_dynamic_sounds,study_templates/canzoneri_2012_dynamic_sounds.json,design.trajectory.azimuth_start_deg,serialized_explicit,1,[0.0],0.0
doi:10.1371/journal.pone.0044306,publication_and_single_review_unit_profile,canzoneri_2012_dynamic_sounds,study_templates/canzoneri_2012_dynamic_sounds.json,design.trajectory.azimuth_end_deg,serialized_explicit,1,[0.0],0.0
doi:10.1371/journal.pone.0044306,publication_and_single_review_unit_profile,canzoneri_2012_dynamic_sounds,study_templates/canzoneri_2012_dynamic_sounds.json,design.trajectory.elevation_deg,serialized_explicit,1,[0.0],0.0
doi:10.1371/journal.pone.0044306,publication_and_single_review_unit_profile,canzoneri_2012_dynamic_sounds,study_templates/canzoneri_2012_dynamic_sounds.json,design.trajectory.padding_pre_s,serialized_explicit,1,[0.0],0.5
doi:10.1371/journal.pone.0044306,publication_and_single_review_unit_profile,canzoneri_2012_dynamic_sounds,study_templates/canzoneri_2012_dynamic_sounds.json,design.trajectory.padding_post_s,serialized_explicit,1,[0.0],0.5
doi:10.1371/journal.pone.0044306,publication_and_single_review_unit_profile,canzoneri_2012_dynamic_sounds,study_templates/canzoneri_2012_dynamic_sounds.json,design.trajectory.sample_rate,serialized_explicit,1,[44100],44100
doi:10.1371/journal.pone.0044306,publication_and_single_review_unit_profile,canzoneri_2012_dynamic_sounds,study_templates/canzoneri_2012_dynamic_sounds.json,design.trajectory.use_inverse_square,serialized_explicit,1,[true],true
doi:10.1371/journal.pone.0044306,publication_and_single_review_unit_profile,canzoneri_2012_dynamic_sounds,study_templates/canzoneri_2012_dynamic_sounds.json,design.protocol.repetitions_per_condition,serialized_explicit,1,[8],1
doi:10.1371/journal.pone.0044306,publication_and_single_review_unit_profile,canzoneri_2012_dynamic_sounds,study_templates/canzoneri_2012_dynamic_sounds.json,design.protocol.trial_pool_repetition_defaults,serialized_explicit,1,"[{""audio_tactile"":8,""baseline"":8,""catch"":38,""default"":8}]",{}
doi:10.1371/journal.pone.0044306,publication_and_single_review_unit_profile,canzoneri_2012_dynamic_sounds,study_templates/canzoneri_2012_dynamic_sounds.json,design.protocol.soa_values_ms,serialized_explicit,1,"[[300,800,1500,2200,2700]]","[300,800,1500,2200,2700]"
doi:10.1371/journal.pone.0044306,publication_and_single_review_unit_profile,canzoneri_2012_dynamic_sounds,study_templates/canzoneri_2012_dynamic_sounds.json,design.protocol.spatial_values_cm,serialized_explicit,1,"[[100.0,83.3,60.0,36.7,20.0]]","[100.0,83.3,60.0,36.7,20.0]"
doi:10.1371/journal.pone.0044306,publication_and_single_review_unit_profile,canzoneri_2012_dynamic_sounds,study_templates/canzoneri_2012_dynamic_sounds.json,design.protocol.pair_spatial_values_with_soas,serialized_explicit,1,[true],true
doi:10.1371/journal.pone.0044306,publication_and_single_review_unit_profile,canzoneri_2012_dynamic_sounds,study_templates/canzoneri_2012_dynamic_sounds.json,design.protocol.auditory_motion_directions,serialized_explicit,1,"[[""looming"",""receding""]]","[""looming""]"
doi:10.1371/journal.pone.0044306,publication_and_single_review_unit_profile,canzoneri_2012_dynamic_sounds,study_templates/canzoneri_2012_dynamic_sounds.json,design.protocol.tactile_sites,serialized_explicit,1,"[[""right index finger""]]","[""hand""]"
doi:10.1371/journal.pone.0044306,publication_and_single_review_unit_profile,canzoneri_2012_dynamic_sounds,study_templates/canzoneri_2012_dynamic_sounds.json,design.protocol.include_catch_trials,serialized_explicit,1,[true],true
doi:10.1371/journal.pone.0044306,publication_and_single_review_unit_profile,canzoneri_2012_dynamic_sounds,study_templates/canzoneri_2012_dynamic_sounds.json,design.protocol.catch_trial_percentage,serialized_explicit,1,[40.43],10.0
doi:10.1371/journal.pone.0044306,publication_and_single_review_unit_profile,canzoneri_2012_dynamic_sounds,study_templates/canzoneri_2012_dynamic_sounds.json,design.protocol.catch_trials_exact,serialized_explicit,1,[76],null
doi:10.1371/journal.pone.0044306,publication_and_single_review_unit_profile,canzoneri_2012_dynamic_sounds,study_templates/canzoneri_2012_dynamic_sounds.json,design.protocol.catch_crosses_sequence_variants,serialized_explicit,1,[true],true
doi:10.1371/journal.pone.0044306,publication_and_single_review_unit_profile,canzoneri_2012_dynamic_sounds,study_templates/canzoneri_2012_dynamic_sounds.json,design.protocol.include_auditory_only_trials,typed_or_parser_default_not_serialized,0,[],false
doi:10.1371/journal.pone.0044306,publication_and_single_review_unit_profile,canzoneri_2012_dynamic_sounds,study_templates/canzoneri_2012_dynamic_sounds.json,design.protocol.auditory_only_trial_percentage,typed_or_parser_default_not_serialized,0,[],0.0
doi:10.1371/journal.pone.0044306,publication_and_single_review_unit_profile,canzoneri_2012_dynamic_sounds,study_templates/canzoneri_2012_dynamic_sounds.json,design.protocol.auditory_only_trials_exact,typed_or_parser_default_not_serialized,0,[],null
doi:10.1371/journal.pone.0044306,publication_and_single_review_unit_profile,canzoneri_2012_dynamic_sounds,study_templates/canzoneri_2012_dynamic_sounds.json,design.protocol.auditory_only_crosses_sequence_variants,typed_or_parser_default_not_serialized,0,[],true
doi:10.1371/journal.pone.0044306,publication_and_single_review_unit_profile,canzoneri_2012_dynamic_sounds,study_templates/canzoneri_2012_dynamic_sounds.json,design.protocol.include_baseline_trials,serialized_explicit,1,[true],true
doi:10.1371/journal.pone.0044306,publication_and_single_review_unit_profile,canzoneri_2012_dynamic_sounds,study_templates/canzoneri_2012_dynamic_sounds.json,design.protocol.baseline_strategy,serialized_explicit,1,"[""tactile_only""]","""tactile_only"""
doi:10.1371/journal.pone.0044306,publication_and_single_review_unit_profile,canzoneri_2012_dynamic_sounds,study_templates/canzoneri_2012_dynamic_sounds.json,design.protocol.baseline_trials_exact,typed_or_parser_default_not_serialized,0,[],null
doi:10.1371/journal.pone.0044306,publication_and_single_review_unit_profile,canzoneri_2012_dynamic_sounds,study_templates/canzoneri_2012_dynamic_sounds.json,design.protocol.baseline_trial_percentage,typed_or_parser_default_not_serialized,0,[],0.0
doi:10.1371/journal.pone.0044306,publication_and_single_review_unit_profile,canzoneri_2012_dynamic_sounds,study_templates/canzoneri_2012_dynamic_sounds.json,design.protocol.baseline_soa_values_ms,serialized_explicit,1,"[[-700,3600]]",[]
doi:10.1371/journal.pone.0044306,publication_and_single_review_unit_profile,canzoneri_2012_dynamic_sounds,study_templates/canzoneri_2012_dynamic_sounds.json,design.protocol.baseline_custom_trial_mode,serialized_explicit,1,"[""tactile_only""]","""tactile_only"""
doi:10.1371/journal.pone.0044306,publication_and_single_review_unit_profile,canzoneri_2012_dynamic_sounds,study_templates/canzoneri_2012_dynamic_sounds.json,design.protocol.baseline_crosses_sequence_variants,serialized_explicit,1,[true],true
doi:10.1371/journal.pone.0044306,publication_and_single_review_unit_profile,canzoneri_2012_dynamic_sounds,study_templates/canzoneri_2012_dynamic_sounds.json,design.protocol.respiratory_phases,serialized_explicit,1,"[[""Any""]]","[""Inhale"",""Exhale""]"
doi:10.1371/journal.pone.0044306,publication_and_single_review_unit_profile,canzoneri_2012_dynamic_sounds,study_templates/canzoneri_2012_dynamic_sounds.json,design.protocol.blocks,serialized_explicit,1,[2],6
doi:10.1371/journal.pone.0044306,publication_and_single_review_unit_profile,canzoneri_2012_dynamic_sounds,study_templates/canzoneri_2012_dynamic_sounds.json,design.protocol.block_specs[].label,repeatable_entity_absent,0,[],
doi:10.1371/journal.pone.0044306,publication_and_single_review_unit_profile,canzoneri_2012_dynamic_sounds,study_templates/canzoneri_2012_dynamic_sounds.json,design.protocol.block_specs[].stimulus_types,repeatable_entity_absent,0,[],"[""Audio-Tactile"",""Baseline"",""Catch""]"
doi:10.1371/journal.pone.0044306,publication_and_single_review_unit_profile,canzoneri_2012_dynamic_sounds,study_templates/canzoneri_2012_dynamic_sounds.json,design.protocol.repeat_trial_pool_per_block,typed_or_parser_default_not_serialized,0,[],false
doi:10.1371/journal.pone.0044306,publication_and_single_review_unit_profile,canzoneri_2012_dynamic_sounds,study_templates/canzoneri_2012_dynamic_sounds.json,design.protocol.distribute_trial_pool_across_blocks,serialized_explicit,1,[true],false
doi:10.1371/journal.pone.0044306,publication_and_single_review_unit_profile,canzoneri_2012_dynamic_sounds,study_templates/canzoneri_2012_dynamic_sounds.json,design.protocol.trial_strips[].strip_id,serialized_explicit,1,"[""canzoneri-2012-dynamic-sound-row""]",""""""
doi:10.1371/journal.pone.0044306,publication_and_single_review_unit_profile,canzoneri_2012_dynamic_sounds,study_templates/canzoneri_2012_dynamic_sounds.json,design.protocol.trial_strips[].label,serialized_explicit,1,"[""Dynamic sound PPS trial""]",""""""
doi:10.1371/journal.pone.0044306,publication_and_single_review_unit_profile,canzoneri_2012_dynamic_sounds,study_templates/canzoneri_2012_dynamic_sounds.json,design.protocol.trial_strips[].audio_tactile_percentage,typed_or_parser_default_not_serialized,0,[],null
doi:10.1371/journal.pone.0044306,publication_and_single_review_unit_profile,canzoneri_2012_dynamic_sounds,study_templates/canzoneri_2012_dynamic_sounds.json,design.protocol.trial_strips[].catch_percentage,typed_or_parser_default_not_serialized,0,[],null
doi:10.1371/journal.pone.0044306,publication_and_single_review_unit_profile,canzoneri_2012_dynamic_sounds,study_templates/canzoneri_2012_dynamic_sounds.json,design.protocol.trial_strips[].baseline_percentage,typed_or_parser_default_not_serialized,0,[],null
doi:10.1371/journal.pone.0044306,publication_and_single_review_unit_profile,canzoneri_2012_dynamic_sounds,study_templates/canzoneri_2012_dynamic_sounds.json,design.protocol.trial_strips[].soa_values_ms,typed_or_parser_default_not_serialized,0,[],[]
doi:10.1371/journal.pone.0044306,publication_and_single_review_unit_profile,canzoneri_2012_dynamic_sounds,study_templates/canzoneri_2012_dynamic_sounds.json,design.protocol.trial_strips[].spatial_values_cm,typed_or_parser_default_not_serialized,0,[],[]
doi:10.1371/journal.pone.0044306,publication_and_single_review_unit_profile,canzoneri_2012_dynamic_sounds,study_templates/canzoneri_2012_dynamic_sounds.json,design.protocol.trial_strips[].metadata,typed_or_parser_default_not_serialized,0,[],{}
doi:10.1371/journal.pone.0044306,publication_and_single_review_unit_profile,canzoneri_2012_dynamic_sounds,study_templates/canzoneri_2012_dynamic_sounds.json,design.protocol.trial_strips[].elements[].element_id,serialized_explicit,1,"[""canzoneri-2012-moving-sound""]",""""""
doi:10.1371/journal.pone.0044306,publication_and_single_review_unit_profile,canzoneri_2012_dynamic_sounds,study_templates/canzoneri_2012_dynamic_sounds.json,design.protocol.trial_strips[].elements[].kind,serialized_explicit,1,"[""looming_stimulus""]","""looming_stimulus"""
doi:10.1371/journal.pone.0044306,publication_and_single_review_unit_profile,canzoneri_2012_dynamic_sounds,study_templates/canzoneri_2012_dynamic_sounds.json,design.protocol.trial_strips[].elements[].label,serialized_explicit,1,"[""Pink moving sound""]",""""""
doi:10.1371/journal.pone.0044306,publication_and_single_review_unit_profile,canzoneri_2012_dynamic_sounds,study_templates/canzoneri_2012_dynamic_sounds.json,design.protocol.trial_strips[].elements[].source_label,serialized_explicit,1,"[""Pink moving sound""]",""""""
doi:10.1371/journal.pone.0044306,publication_and_single_review_unit_profile,canzoneri_2012_dynamic_sounds,study_templates/canzoneri_2012_dynamic_sounds.json,design.protocol.trial_strips[].elements[].source_labels,serialized_explicit,1,"[[""Pink moving sound""]]",[]
doi:10.1371/journal.pone.0044306,publication_and_single_review_unit_profile,canzoneri_2012_dynamic_sounds,study_templates/canzoneri_2012_dynamic_sounds.json,design.protocol.trial_strips[].elements[].jitter_values_ms,typed_or_parser_default_not_serialized,0,[],[]
doi:10.1371/journal.pone.0044306,publication_and_single_review_unit_profile,canzoneri_2012_dynamic_sounds,study_templates/canzoneri_2012_dynamic_sounds.json,design.protocol.trial_strips[].elements[].randomized,serialized_explicit,1,[true],false
doi:10.1371/journal.pone.0044306,publication_and_single_review_unit_profile,canzoneri_2012_dynamic_sounds,study_templates/canzoneri_2012_dynamic_sounds.json,design.protocol.trial_randomization_strategy,typed_or_parser_default_not_serialized,0,[],"""no_immediate_repeats"""
doi:10.1371/journal.pone.0044306,publication_and_single_review_unit_profile,canzoneri_2012_dynamic_sounds,study_templates/canzoneri_2012_dynamic_sounds.json,design.protocol.block_order_randomization,typed_or_parser_default_not_serialized,0,[],"""counterbalanced_rotation"""
doi:10.1371/journal.pone.0044306,publication_and_single_review_unit_profile,canzoneri_2012_dynamic_sounds,study_templates/canzoneri_2012_dynamic_sounds.json,design.protocol.max_consecutive_same_trial_type,typed_or_parser_default_not_serialized,0,[],2
doi:10.1371/journal.pone.0044306,publication_and_single_review_unit_profile,canzoneri_2012_dynamic_sounds,study_templates/canzoneri_2012_dynamic_sounds.json,design.protocol.participants,serialized_explicit,1,[17],50
doi:10.1371/journal.pone.0044306,publication_and_single_review_unit_profile,canzoneri_2012_dynamic_sounds,study_templates/canzoneri_2012_dynamic_sounds.json,design.protocol.random_seed,serialized_explicit,1,[20120928],20250604
doi:10.1371/journal.pone.0044306,publication_and_single_review_unit_profile,canzoneri_2012_dynamic_sounds,study_templates/canzoneri_2012_dynamic_sounds.json,design.protocol.participant_order_policy,typed_or_parser_default_not_serialized,0,[],{}
doi:10.1111/j.1467-9280.2007.01952.x,publication_and_single_review_unit_profile,serino_2007_blind_cane_users,study_templates/serino_2007_blind_cane_users.json,design.name,serialized_explicit,1,"[""Serino 2007 blind cane-user static near/far PPS""]","""Study 5 PPS white/pink design"""
doi:10.1111/j.1467-9280.2007.01952.x,publication_and_single_review_unit_profile,serino_2007_blind_cane_users,study_templates/serino_2007_blind_cane_users.json,design.study_profile_id,serialized_explicit,1,"[""serino_2007_blind_cane_users""]",""""""
doi:10.1111/j.1467-9280.2007.01952.x,publication_and_single_review_unit_profile,serino_2007_blind_cane_users,study_templates/serino_2007_blind_cane_users.json,design.study_profile_title,serialized_explicit,1,"[""Serino 2007 blind cane-user static near/far PPS""]",""""""
doi:10.1111/j.1467-9280.2007.01952.x,publication_and_single_review_unit_profile,serino_2007_blind_cane_users,study_templates/serino_2007_blind_cane_users.json,design.study_profile_notes,serialized_explicit,1,"[""Manual PDF audit extracted the static near/far audio-tactile task: 150 ms white-noise bursts, near hand versus far cane/handle-tip source positions, weak electrical tactile targets, strong electrical tactile nontargets, auditory-only catch trials, and vocal response to weak tactile targets. Exact source noise, electrical pulse details, ITI, and numeric response window were not reported, so this profile is a known-parameter runnable contract rather than a full physical reproduction.""]",""""""
doi:10.1111/j.1467-9280.2007.01952.x,publication_and_single_review_unit_profile,serino_2007_blind_cane_users,study_templates/serino_2007_blind_cane_users.json,design.study_profile_reference_parameters,serialized_explicit,1,"[{""implementation_gaps"":[""exact white-noise source asset, seed, and spectral recipe"",""exact electrical tactile pulse duration, waveform, current, and electrode impedance calibration"",""exact ITI or jitter distribution and numeric response window"",""exact voice-key response capture threshold and latency correction""],""loudness_policy"":{""calibration_mode"":""estimate_allowed"",""calibration_status"":""estimated_not_measured"",""distance_gain_policy"":""disable_direct_path_gain_for_calibrated_loudness"",""end_spl_db"":70.0,""instruction_offset_db"":0.0,""mode"":""estimated_spl"",""start_spl_db"":70.0},""manual_review_file"":""For-AI/audiotactile-paper-metadata-audit/manual_reviews/serino_2007_blind_cane_users.json"",""profile_scope"":""The audiotactile task parameters are encoded. Cane versus handle and training-session context remain non-blocking experimental context until ordered intervention phases are needed."",""profile_type"":""static_near_far_electrical_gonogo_tool_context"",""publication_status"":""published"",""reported_far_sound_position"":""on the floor approximately 125 cm from the hand at the cane or handle tip"",""reported_far_sound_to_tactile_soa_ms"":5,""reported_near_sound_position"":""close to the stimulated right hand"",""reported_near_sound_to_tactile_soa_ms"":0,""reported_response_rule"":""verbal response only to weak tactile targets; withhold response for strong tactile nontargets and auditory-only catches"",""reported_sound_duration_ms"":150,""reported_sound_level_db_spl"":70,""reported_sound_type"":""white noise"",""reported_tactile_intensities"":{""strong_nontarget"":""about 100% perception"",""weak_target"":""about 90% perception""},""reported_tactile_site"":""upper side of the right index finger"",""reported_tactile_stimulators"":""two DS7A Digitimer constant-current stimulators"",""reported_trial_formula"":""30 weak-target near + 30 weak-target far + 30 strong-nontarget near + 30 strong-nontarget far + 30 auditory-only catch trials = 150 trials per described task.""}]",{}
doi:10.1111/j.1467-9280.2007.01952.x,publication_and_single_review_unit_profile,serino_2007_blind_cane_users,study_templates/serino_2007_blind_cane_users.json,design.sofa_file,serialized_explicit,1,"[""""]","""assets/0. Head-Related Impulse Response (HRIR) model/FABIAN_HRIR_measured_HATO_0.sofa"""
doi:10.1111/j.1467-9280.2007.01952.x,publication_and_single_review_unit_profile,serino_2007_blind_cane_users,study_templates/serino_2007_blind_cane_users.json,design.noises[].label,serialized_explicit,2,"[""Near hand white-noise burst"",""Far cane-tip white-noise burst""]",
doi:10.1111/j.1467-9280.2007.01952.x,publication_and_single_review_unit_profile,serino_2007_blind_cane_users,study_templates/serino_2007_blind_cane_users.json,design.noises[].noise_type,serialized_explicit,2,"[""white"",""white""]",
doi:10.1111/j.1467-9280.2007.01952.x,publication_and_single_review_unit_profile,serino_2007_blind_cane_users,study_templates/serino_2007_blind_cane_users.json,design.noises[].azimuth_deg,serialized_explicit,2,"[90.0,90.0]",0.0
doi:10.1111/j.1467-9280.2007.01952.x,publication_and_single_review_unit_profile,serino_2007_blind_cane_users,study_templates/serino_2007_blind_cane_users.json,design.noises[].elevation_deg,serialized_explicit,2,"[0.0,0.0]",0.0
doi:10.1111/j.1467-9280.2007.01952.x,publication_and_single_review_unit_profile,serino_2007_blind_cane_users,study_templates/serino_2007_blind_cane_users.json,design.noises[].gain,serialized_explicit,2,"[1.0,1.0]",1.0
doi:10.1111/j.1467-9280.2007.01952.x,publication_and_single_review_unit_profile,serino_2007_blind_cane_users,study_templates/serino_2007_blind_cane_users.json,design.noises[].source_profile,serialized_explicit,2,"[""continuous_noise"",""continuous_noise""]",""""""
doi:10.1111/j.1467-9280.2007.01952.x,publication_and_single_review_unit_profile,serino_2007_blind_cane_users,study_templates/serino_2007_blind_cane_users.json,design.noises[].source_profile_parameters,typed_or_parser_default_not_serialized,0,[],{}
doi:10.1111/j.1467-9280.2007.01952.x,publication_and_single_review_unit_profile,serino_2007_blind_cane_users,study_templates/serino_2007_blind_cane_users.json,design.noises[].prebaked_path,typed_or_parser_default_not_serialized,0,[],""""""
doi:10.1111/j.1467-9280.2007.01952.x,publication_and_single_review_unit_profile,serino_2007_blind_cane_users,study_templates/serino_2007_blind_cane_users.json,design.noises[].sequence_order,typed_or_parser_default_not_serialized,0,[],0
doi:10.1111/j.1467-9280.2007.01952.x,publication_and_single_review_unit_profile,serino_2007_blind_cane_users,study_templates/serino_2007_blind_cane_users.json,design.noises[].motion_mode,serialized_explicit,2,"[""stationary"",""stationary""]","""looming"""
doi:10.1111/j.1467-9280.2007.01952.x,publication_and_single_review_unit_profile,serino_2007_blind_cane_users,study_templates/serino_2007_blind_cane_users.json,design.noises[].trajectory_snapshot,serialized_explicit,2,"[{""coordinate_mode"":""cartesian"",""end"":{""x_m"":0.301,""y_m"":0.0,""z_m"":0.0},""end_distance_cm"":30.1,""end_hold_s"":0.0,""end_rotation_deg"":90.0,""movement_duration_s"":0.15,""path_direction"":""stationary"",""path_length_m"":0.001,""start"":{""x_m"":0.3,""y_m"":0.0,""z_m"":0.0},""start_distance_cm"":30.0,""start_hold_s"":0.0,""start_rotation_deg"":90.0},{""coordinate_mode"":""cartesian"",""end"":{""x_m"":1.251,""y_m"":0.0,""z_m"":0.0},""end_distance_cm"":125.1,""end_hold_s"":0.0,""end_rotation_deg"":90.0,""movement_duration_s"":0.15,""path_direction"":""stationary"",""path_length_m"":0.001,""start"":{""x_m"":1.25,""y_m"":0.0,""z_m"":0.0},""start_distance_cm"":125.0,""start_hold_s"":0.0,""start_rotation_deg"":90.0}]",{}
doi:10.1111/j.1467-9280.2007.01952.x,publication_and_single_review_unit_profile,serino_2007_blind_cane_users,study_templates/serino_2007_blind_cane_users.json,design.custom_looming_files[].label,repeatable_entity_absent,0,[],
doi:10.1111/j.1467-9280.2007.01952.x,publication_and_single_review_unit_profile,serino_2007_blind_cane_users,study_templates/serino_2007_blind_cane_users.json,design.custom_looming_files[].path,repeatable_entity_absent,0,[],
doi:10.1111/j.1467-9280.2007.01952.x,publication_and_single_review_unit_profile,serino_2007_blind_cane_users,study_templates/serino_2007_blind_cane_users.json,design.custom_looming_files[].target_duration_s,repeatable_entity_absent,0,[],4.0
doi:10.1111/j.1467-9280.2007.01952.x,publication_and_single_review_unit_profile,serino_2007_blind_cane_users,study_templates/serino_2007_blind_cane_users.json,design.custom_looming_files[].render_mode,repeatable_entity_absent,0,[],"""preserve"""
doi:10.1111/j.1467-9280.2007.01952.x,publication_and_single_review_unit_profile,serino_2007_blind_cane_users,study_templates/serino_2007_blind_cane_users.json,design.custom_looming_files[].tone_type,repeatable_entity_absent,0,[],""""""
doi:10.1111/j.1467-9280.2007.01952.x,publication_and_single_review_unit_profile,serino_2007_blind_cane_users,study_templates/serino_2007_blind_cane_users.json,design.custom_looming_files[].gain,repeatable_entity_absent,0,[],1.0
doi:10.1111/j.1467-9280.2007.01952.x,publication_and_single_review_unit_profile,serino_2007_blind_cane_users,study_templates/serino_2007_blind_cane_users.json,design.custom_looming_files[].placement,repeatable_entity_absent,0,[],"""before"""
doi:10.1111/j.1467-9280.2007.01952.x,publication_and_single_review_unit_profile,serino_2007_blind_cane_users,study_templates/serino_2007_blind_cane_users.json,design.custom_looming_files[].target_source_label,repeatable_entity_absent,0,[],""""""
doi:10.1111/j.1467-9280.2007.01952.x,publication_and_single_review_unit_profile,serino_2007_blind_cane_users,study_templates/serino_2007_blind_cane_users.json,design.custom_looming_files[].phase,repeatable_entity_absent,0,[],""""""
doi:10.1111/j.1467-9280.2007.01952.x,publication_and_single_review_unit_profile,serino_2007_blind_cane_users,study_templates/serino_2007_blind_cane_users.json,design.custom_looming_files[].gap_s,repeatable_entity_absent,0,[],0.0
doi:10.1111/j.1467-9280.2007.01952.x,publication_and_single_review_unit_profile,serino_2007_blind_cane_users,study_templates/serino_2007_blind_cane_users.json,design.custom_looming_files[].sequence_order,repeatable_entity_absent,0,[],0
doi:10.1111/j.1467-9280.2007.01952.x,publication_and_single_review_unit_profile,serino_2007_blind_cane_users,study_templates/serino_2007_blind_cane_users.json,design.custom_looming_files[].motion_mode,repeatable_entity_absent,0,[],"""looming"""
doi:10.1111/j.1467-9280.2007.01952.x,publication_and_single_review_unit_profile,serino_2007_blind_cane_users,study_templates/serino_2007_blind_cane_users.json,design.custom_looming_files[].trajectory_snapshot,repeatable_entity_absent,0,[],{}
doi:10.1111/j.1467-9280.2007.01952.x,publication_and_single_review_unit_profile,serino_2007_blind_cane_users,study_templates/serino_2007_blind_cane_users.json,design.custom_looming_files[].display_color_hex,repeatable_entity_absent,0,[],""""""
doi:10.1111/j.1467-9280.2007.01952.x,publication_and_single_review_unit_profile,serino_2007_blind_cane_users,study_templates/serino_2007_blind_cane_users.json,design.custom_looming_files[].source_input_path,repeatable_entity_absent,0,[],""""""
doi:10.1111/j.1467-9280.2007.01952.x,publication_and_single_review_unit_profile,serino_2007_blind_cane_users,study_templates/serino_2007_blind_cane_users.json,design.prestimulus_files[].label,repeatable_entity_absent,0,[],
doi:10.1111/j.1467-9280.2007.01952.x,publication_and_single_review_unit_profile,serino_2007_blind_cane_users,study_templates/serino_2007_blind_cane_users.json,design.prestimulus_files[].path,repeatable_entity_absent,0,[],
doi:10.1111/j.1467-9280.2007.01952.x,publication_and_single_review_unit_profile,serino_2007_blind_cane_users,study_templates/serino_2007_blind_cane_users.json,design.prestimulus_files[].target_duration_s,repeatable_entity_absent,0,[],4.0
doi:10.1111/j.1467-9280.2007.01952.x,publication_and_single_review_unit_profile,serino_2007_blind_cane_users,study_templates/serino_2007_blind_cane_users.json,design.prestimulus_files[].render_mode,repeatable_entity_absent,0,[],"""preserve"""
doi:10.1111/j.1467-9280.2007.01952.x,publication_and_single_review_unit_profile,serino_2007_blind_cane_users,study_templates/serino_2007_blind_cane_users.json,design.prestimulus_files[].tone_type,repeatable_entity_absent,0,[],""""""
doi:10.1111/j.1467-9280.2007.01952.x,publication_and_single_review_unit_profile,serino_2007_blind_cane_users,study_templates/serino_2007_blind_cane_users.json,design.prestimulus_files[].gain,repeatable_entity_absent,0,[],1.0
doi:10.1111/j.1467-9280.2007.01952.x,publication_and_single_review_unit_profile,serino_2007_blind_cane_users,study_templates/serino_2007_blind_cane_users.json,design.prestimulus_files[].placement,repeatable_entity_absent,0,[],"""before"""
doi:10.1111/j.1467-9280.2007.01952.x,publication_and_single_review_unit_profile,serino_2007_blind_cane_users,study_templates/serino_2007_blind_cane_users.json,design.prestimulus_files[].target_source_label,repeatable_entity_absent,0,[],""""""
doi:10.1111/j.1467-9280.2007.01952.x,publication_and_single_review_unit_profile,serino_2007_blind_cane_users,study_templates/serino_2007_blind_cane_users.json,design.prestimulus_files[].phase,repeatable_entity_absent,0,[],""""""
doi:10.1111/j.1467-9280.2007.01952.x,publication_and_single_review_unit_profile,serino_2007_blind_cane_users,study_templates/serino_2007_blind_cane_users.json,design.prestimulus_files[].gap_s,repeatable_entity_absent,0,[],0.0
doi:10.1111/j.1467-9280.2007.01952.x,publication_and_single_review_unit_profile,serino_2007_blind_cane_users,study_templates/serino_2007_blind_cane_users.json,design.prestimulus_files[].sequence_order,repeatable_entity_absent,0,[],0
doi:10.1111/j.1467-9280.2007.01952.x,publication_and_single_review_unit_profile,serino_2007_blind_cane_users,study_templates/serino_2007_blind_cane_users.json,design.prestimulus_files[].motion_mode,repeatable_entity_absent,0,[],"""looming"""
doi:10.1111/j.1467-9280.2007.01952.x,publication_and_single_review_unit_profile,serino_2007_blind_cane_users,study_templates/serino_2007_blind_cane_users.json,design.prestimulus_files[].trajectory_snapshot,repeatable_entity_absent,0,[],{}
doi:10.1111/j.1467-9280.2007.01952.x,publication_and_single_review_unit_profile,serino_2007_blind_cane_users,study_templates/serino_2007_blind_cane_users.json,design.prestimulus_files[].display_color_hex,repeatable_entity_absent,0,[],""""""
doi:10.1111/j.1467-9280.2007.01952.x,publication_and_single_review_unit_profile,serino_2007_blind_cane_users,study_templates/serino_2007_blind_cane_users.json,design.prestimulus_files[].source_input_path,repeatable_entity_absent,0,[],""""""
doi:10.1111/j.1467-9280.2007.01952.x,publication_and_single_review_unit_profile,serino_2007_blind_cane_users,study_templates/serino_2007_blind_cane_users.json,design.trajectory.start_radius_m,serialized_explicit,1,[0.3],1.1
doi:10.1111/j.1467-9280.2007.01952.x,publication_and_single_review_unit_profile,serino_2007_blind_cane_users,study_templates/serino_2007_blind_cane_users.json,design.trajectory.end_radius_m,serialized_explicit,1,[0.301],0.1
doi:10.1111/j.1467-9280.2007.01952.x,publication_and_single_review_unit_profile,serino_2007_blind_cane_users,study_templates/serino_2007_blind_cane_users.json,design.trajectory.path_direction,serialized_explicit,1,"[""custom""]","""approach"""
doi:10.1111/j.1467-9280.2007.01952.x,publication_and_single_review_unit_profile,serino_2007_blind_cane_users,study_templates/serino_2007_blind_cane_users.json,design.trajectory.coordinate_mode,serialized_explicit,1,"[""cartesian""]","""polar"""
doi:10.1111/j.1467-9280.2007.01952.x,publication_and_single_review_unit_profile,serino_2007_blind_cane_users,study_templates/serino_2007_blind_cane_users.json,design.trajectory.start_x_m,serialized_explicit,1,[0.3],null
doi:10.1111/j.1467-9280.2007.01952.x,publication_and_single_review_unit_profile,serino_2007_blind_cane_users,study_templates/serino_2007_blind_cane_users.json,design.trajectory.start_y_m,serialized_explicit,1,[0.0],null
doi:10.1111/j.1467-9280.2007.01952.x,publication_and_single_review_unit_profile,serino_2007_blind_cane_users,study_templates/serino_2007_blind_cane_users.json,design.trajectory.start_z_m,serialized_explicit,1,[0.0],null
doi:10.1111/j.1467-9280.2007.01952.x,publication_and_single_review_unit_profile,serino_2007_blind_cane_users,study_templates/serino_2007_blind_cane_users.json,design.trajectory.end_x_m,serialized_explicit,1,[0.301],null
doi:10.1111/j.1467-9280.2007.01952.x,publication_and_single_review_unit_profile,serino_2007_blind_cane_users,study_templates/serino_2007_blind_cane_users.json,design.trajectory.end_y_m,serialized_explicit,1,[0.0],null
doi:10.1111/j.1467-9280.2007.01952.x,publication_and_single_review_unit_profile,serino_2007_blind_cane_users,study_templates/serino_2007_blind_cane_users.json,design.trajectory.end_z_m,serialized_explicit,1,[0.0],null
doi:10.1111/j.1467-9280.2007.01952.x,publication_and_single_review_unit_profile,serino_2007_blind_cane_users,study_templates/serino_2007_blind_cane_users.json,design.trajectory.path_length_m,serialized_explicit,1,[0.001],1.0
doi:10.1111/j.1467-9280.2007.01952.x,publication_and_single_review_unit_profile,serino_2007_blind_cane_users,study_templates/serino_2007_blind_cane_users.json,design.trajectory.propagation_speed_mps,serialized_explicit,1,[0.006666667],0.3333333333333333
doi:10.1111/j.1467-9280.2007.01952.x,publication_and_single_review_unit_profile,serino_2007_blind_cane_users,study_templates/serino_2007_blind_cane_users.json,design.trajectory.azimuth_start_deg,serialized_explicit,1,[90.0],0.0
doi:10.1111/j.1467-9280.2007.01952.x,publication_and_single_review_unit_profile,serino_2007_blind_cane_users,study_templates/serino_2007_blind_cane_users.json,design.trajectory.azimuth_end_deg,serialized_explicit,1,[90.0],0.0
doi:10.1111/j.1467-9280.2007.01952.x,publication_and_single_review_unit_profile,serino_2007_blind_cane_users,study_templates/serino_2007_blind_cane_users.json,design.trajectory.elevation_deg,serialized_explicit,1,[0.0],0.0
doi:10.1111/j.1467-9280.2007.01952.x,publication_and_single_review_unit_profile,serino_2007_blind_cane_users,study_templates/serino_2007_blind_cane_users.json,design.trajectory.padding_pre_s,serialized_explicit,1,[0.0],0.5
doi:10.1111/j.1467-9280.2007.01952.x,publication_and_single_review_unit_profile,serino_2007_blind_cane_users,study_templates/serino_2007_blind_cane_users.json,design.trajectory.padding_post_s,serialized_explicit,1,[0.0],0.5
doi:10.1111/j.1467-9280.2007.01952.x,publication_and_single_review_unit_profile,serino_2007_blind_cane_users,study_templates/serino_2007_blind_cane_users.json,design.trajectory.sample_rate,serialized_explicit,1,[44100],44100
doi:10.1111/j.1467-9280.2007.01952.x,publication_and_single_review_unit_profile,serino_2007_blind_cane_users,study_templates/serino_2007_blind_cane_users.json,design.trajectory.use_inverse_square,serialized_explicit,1,[false],true
doi:10.1111/j.1467-9280.2007.01952.x,publication_and_single_review_unit_profile,serino_2007_blind_cane_users,study_templates/serino_2007_blind_cane_users.json,design.protocol.repetitions_per_condition,serialized_explicit,1,[30],1
doi:10.1111/j.1467-9280.2007.01952.x,publication_and_single_review_unit_profile,serino_2007_blind_cane_users,study_templates/serino_2007_blind_cane_users.json,design.protocol.trial_pool_repetition_defaults,serialized_explicit,1,"[{""audio_tactile"":30,""catch"":1,""default"":30}]",{}
doi:10.1111/j.1467-9280.2007.01952.x,publication_and_single_review_unit_profile,serino_2007_blind_cane_users,study_templates/serino_2007_blind_cane_users.json,design.protocol.soa_values_ms,serialized_explicit,1,"[[0,5]]","[300,800,1500,2200,2700]"
doi:10.1111/j.1467-9280.2007.01952.x,publication_and_single_review_unit_profile,serino_2007_blind_cane_users,study_templates/serino_2007_blind_cane_users.json,design.protocol.spatial_values_cm,serialized_explicit,1,"[[30.0,125.0]]","[100.0,83.3,60.0,36.7,20.0]"
doi:10.1111/j.1467-9280.2007.01952.x,publication_and_single_review_unit_profile,serino_2007_blind_cane_users,study_templates/serino_2007_blind_cane_users.json,design.protocol.pair_spatial_values_with_soas,serialized_explicit,1,[true],true
doi:10.1111/j.1467-9280.2007.01952.x,publication_and_single_review_unit_profile,serino_2007_blind_cane_users,study_templates/serino_2007_blind_cane_users.json,design.protocol.auditory_motion_directions,serialized_explicit,1,"[[""stationary""]]","[""looming""]"
doi:10.1111/j.1467-9280.2007.01952.x,publication_and_single_review_unit_profile,serino_2007_blind_cane_users,study_templates/serino_2007_blind_cane_users.json,design.protocol.tactile_sites,serialized_explicit,1,"[[""right index finger""]]","[""hand""]"
doi:10.1111/j.1467-9280.2007.01952.x,publication_and_single_review_unit_profile,serino_2007_blind_cane_users,study_templates/serino_2007_blind_cane_users.json,design.protocol.include_catch_trials,serialized_explicit,1,[true],true
doi:10.1111/j.1467-9280.2007.01952.x,publication_and_single_review_unit_profile,serino_2007_blind_cane_users,study_templates/serino_2007_blind_cane_users.json,design.protocol.catch_trial_percentage,serialized_explicit,1,[20.0],10.0
doi:10.1111/j.1467-9280.2007.01952.x,publication_and_single_review_unit_profile,serino_2007_blind_cane_users,study_templates/serino_2007_blind_cane_users.json,design.protocol.catch_trials_exact,serialized_explicit,1,[30],null
doi:10.1111/j.1467-9280.2007.01952.x,publication_and_single_review_unit_profile,serino_2007_blind_cane_users,study_templates/serino_2007_blind_cane_users.json,design.protocol.catch_crosses_sequence_variants,serialized_explicit,1,[true],true
doi:10.1111/j.1467-9280.2007.01952.x,publication_and_single_review_unit_profile,serino_2007_blind_cane_users,study_templates/serino_2007_blind_cane_users.json,design.protocol.include_auditory_only_trials,typed_or_parser_default_not_serialized,0,[],false
doi:10.1111/j.1467-9280.2007.01952.x,publication_and_single_review_unit_profile,serino_2007_blind_cane_users,study_templates/serino_2007_blind_cane_users.json,design.protocol.auditory_only_trial_percentage,typed_or_parser_default_not_serialized,0,[],0.0
doi:10.1111/j.1467-9280.2007.01952.x,publication_and_single_review_unit_profile,serino_2007_blind_cane_users,study_templates/serino_2007_blind_cane_users.json,design.protocol.auditory_only_trials_exact,typed_or_parser_default_not_serialized,0,[],null
doi:10.1111/j.1467-9280.2007.01952.x,publication_and_single_review_unit_profile,serino_2007_blind_cane_users,study_templates/serino_2007_blind_cane_users.json,design.protocol.auditory_only_crosses_sequence_variants,typed_or_parser_default_not_serialized,0,[],true
doi:10.1111/j.1467-9280.2007.01952.x,publication_and_single_review_unit_profile,serino_2007_blind_cane_users,study_templates/serino_2007_blind_cane_users.json,design.protocol.include_baseline_trials,serialized_explicit,1,[false],true
doi:10.1111/j.1467-9280.2007.01952.x,publication_and_single_review_unit_profile,serino_2007_blind_cane_users,study_templates/serino_2007_blind_cane_users.json,design.protocol.baseline_strategy,typed_or_parser_default_not_serialized,0,[],"""tactile_only"""
doi:10.1111/j.1467-9280.2007.01952.x,publication_and_single_review_unit_profile,serino_2007_blind_cane_users,study_templates/serino_2007_blind_cane_users.json,design.protocol.baseline_trials_exact,typed_or_parser_default_not_serialized,0,[],null
doi:10.1111/j.1467-9280.2007.01952.x,publication_and_single_review_unit_profile,serino_2007_blind_cane_users,study_templates/serino_2007_blind_cane_users.json,design.protocol.baseline_trial_percentage,typed_or_parser_default_not_serialized,0,[],0.0
doi:10.1111/j.1467-9280.2007.01952.x,publication_and_single_review_unit_profile,serino_2007_blind_cane_users,study_templates/serino_2007_blind_cane_users.json,design.protocol.baseline_soa_values_ms,serialized_explicit,1,[[]],[]
doi:10.1111/j.1467-9280.2007.01952.x,publication_and_single_review_unit_profile,serino_2007_blind_cane_users,study_templates/serino_2007_blind_cane_users.json,design.protocol.baseline_custom_trial_mode,typed_or_parser_default_not_serialized,0,[],"""tactile_only"""
doi:10.1111/j.1467-9280.2007.01952.x,publication_and_single_review_unit_profile,serino_2007_blind_cane_users,study_templates/serino_2007_blind_cane_users.json,design.protocol.baseline_crosses_sequence_variants,typed_or_parser_default_not_serialized,0,[],true
doi:10.1111/j.1467-9280.2007.01952.x,publication_and_single_review_unit_profile,serino_2007_blind_cane_users,study_templates/serino_2007_blind_cane_users.json,design.protocol.respiratory_phases,serialized_explicit,1,"[[""Any""]]","[""Inhale"",""Exhale""]"
doi:10.1111/j.1467-9280.2007.01952.x,publication_and_single_review_unit_profile,serino_2007_blind_cane_users,study_templates/serino_2007_blind_cane_users.json,design.protocol.blocks,serialized_explicit,1,[1],6
doi:10.1111/j.1467-9280.2007.01952.x,publication_and_single_review_unit_profile,serino_2007_blind_cane_users,study_templates/serino_2007_blind_cane_users.json,design.protocol.block_specs[].label,repeatable_entity_absent,0,[],
doi:10.1111/j.1467-9280.2007.01952.x,publication_and_single_review_unit_profile,serino_2007_blind_cane_users,study_templates/serino_2007_blind_cane_users.json,design.protocol.block_specs[].stimulus_types,repeatable_entity_absent,0,[],"[""Audio-Tactile"",""Baseline"",""Catch""]"
doi:10.1111/j.1467-9280.2007.01952.x,publication_and_single_review_unit_profile,serino_2007_blind_cane_users,study_templates/serino_2007_blind_cane_users.json,design.protocol.repeat_trial_pool_per_block,typed_or_parser_default_not_serialized,0,[],false
doi:10.1111/j.1467-9280.2007.01952.x,publication_and_single_review_unit_profile,serino_2007_blind_cane_users,study_templates/serino_2007_blind_cane_users.json,design.protocol.distribute_trial_pool_across_blocks,serialized_explicit,1,[true],false
doi:10.1111/j.1467-9280.2007.01952.x,publication_and_single_review_unit_profile,serino_2007_blind_cane_users,study_templates/serino_2007_blind_cane_users.json,design.protocol.trial_strips[].strip_id,serialized_explicit,4,"[""serino-2007-weak-target-near"",""serino-2007-weak-target-far"",""serino-2007-strong-nontarget-near"",""serino-2007-strong-nontarget-far""]",""""""
doi:10.1111/j.1467-9280.2007.01952.x,publication_and_single_review_unit_profile,serino_2007_blind_cane_users,study_templates/serino_2007_blind_cane_users.json,design.protocol.trial_strips[].label,serialized_explicit,4,"[""Weak target near hand"",""Weak target far cane tip"",""Strong nontarget near hand"",""Strong nontarget far cane tip""]",""""""
doi:10.1111/j.1467-9280.2007.01952.x,publication_and_single_review_unit_profile,serino_2007_blind_cane_users,study_templates/serino_2007_blind_cane_users.json,design.protocol.trial_strips[].audio_tactile_percentage,typed_or_parser_default_not_serialized,0,[],null
doi:10.1111/j.1467-9280.2007.01952.x,publication_and_single_review_unit_profile,serino_2007_blind_cane_users,study_templates/serino_2007_blind_cane_users.json,design.protocol.trial_strips[].catch_percentage,typed_or_parser_default_not_serialized,0,[],null
doi:10.1111/j.1467-9280.2007.01952.x,publication_and_single_review_unit_profile,serino_2007_blind_cane_users,study_templates/serino_2007_blind_cane_users.json,design.protocol.trial_strips[].baseline_percentage,typed_or_parser_default_not_serialized,0,[],null
doi:10.1111/j.1467-9280.2007.01952.x,publication_and_single_review_unit_profile,serino_2007_blind_cane_users,study_templates/serino_2007_blind_cane_users.json,design.protocol.trial_strips[].soa_values_ms,serialized_explicit,4,"[[0],[5],[0],[5]]",[]
doi:10.1111/j.1467-9280.2007.01952.x,publication_and_single_review_unit_profile,serino_2007_blind_cane_users,study_templates/serino_2007_blind_cane_users.json,design.protocol.trial_strips[].spatial_values_cm,serialized_explicit,4,"[[30.0],[125.0],[30.0],[125.0]]",[]
doi:10.1111/j.1467-9280.2007.01952.x,publication_and_single_review_unit_profile,serino_2007_blind_cane_users,study_templates/serino_2007_blind_cane_users.json,design.protocol.trial_strips[].metadata,serialized_explicit,4,"[{""auditory_trajectory_direction"":""stationary_near"",""auditory_trajectory_family"":""static_near_far"",""body_anchor"":""right hand"",""body_part"":""right index finger"",""body_side"":""right"",""electrical_electrode_site"":""upper side of right index finger"",""electrical_stimulator_model"":""Digitimer DS7A"",""expected_response"":""respond"",""iti_ms"":""300"",""iti_policy"":""toolkit_default_unreported_in_source"",""primary_analysis_included"":""true"",""renderer_equivalence_boundary"":""binaural stationary proxy for physical loudspeaker at hand"",""response_capture_device"":""microphone"",""response_mode"":""voice_key_mouse_click_proxy"",""response_rule"":""verbal_response_to_weak_tactile_target_only"",""source_asset_equivalence"":""procedural white-noise proxy for unreported source"",""spatial_coordinate_frame"":""hand_relative"",""tactile_calibration_method"":""perceptual threshold"",""tactile_intensity"":""weak target"",""tactile_intensity_unit"":""perceptual threshold"",""tactile_stimulation_modality"":""electrical"",""tactile_threshold_reference"":""about 90% perception"",""target_role"":""weak_target"",""trajectory_end_distance_cm"":30.0,""trajectory_start_distance_cm"":30.0,""voice_key_enabled"":""true"",""voice_key_response_label"":""weak tactile target detected""},{""auditory_trajectory_direction"":""stationary_far"",""auditory_trajectory_family"":""static_near_far"",""body_anchor"":""right hand"",""body_part"":""right index finger"",""body_side"":""right"",""electrical_electrode_site"":""upper side of right index finger"",""electrical_stimulator_model"":""Digitimer DS7A"",""expected_response"":""respond"",""iti_ms"":""300"",""iti_policy"":""toolkit_default_unreported_in_source"",""primary_analysis_included"":""true"",""renderer_equivalence_boundary"":""binaural stationary proxy for physical floor loudspeaker at cane or handle tip"",""response_capture_device"":""microphone"",""response_mode"":""voice_key_mouse_click_proxy"",""response_rule"":""verbal_response_to_weak_tactile_target_only"",""source_asset_equivalence"":""procedural white-noise proxy for unreported source"",""spatial_coordinate_frame"":""hand_relative"",""tactile_calibration_method"":""perceptual threshold"",""tactile_intensity"":""weak target"",""tactile_intensity_unit"":""perceptual threshold"",""tactile_stimulation_modality"":""electrical"",""tactile_threshold_reference"":""about 90% perception"",""target_role"":""weak_target"",""trajectory_end_distance_cm"":125.0,""trajectory_start_distance_cm"":125.0,""voice_key_enabled"":""true"",""voice_key_response_label"":""weak tactile target detected""},{""auditory_trajectory_direction"":""stationary_near"",""auditory_trajectory_family"":""static_near_far"",""body_anchor"":""right hand"",""body_part"":""right index finger"",""body_side"":""right"",""electrical_electrode_site"":""upper side of right index finger"",""electrical_stimulator_model"":""Digitimer DS7A"",""expected_response"":""withhold"",""iti_ms"":""300"",""iti_policy"":""toolkit_default_unreported_in_source"",""primary_analysis_included"":""true"",""renderer_equivalence_boundary"":""binaural stationary proxy for physical loudspeaker at hand"",""response_capture_device"":""microphone"",""response_mode"":""voice_key_mouse_click_proxy"",""response_rule"":""withhold_response_to_strong_tactile_nontarget"",""source_asset_equivalence"":""procedural white-noise proxy for unreported source"",""spatial_coordinate_frame"":""hand_relative"",""tactile_calibration_method"":""perceptual threshold"",""tactile_intensity"":""strong nontarget"",""tactile_intensity_unit"":""perceptual threshold"",""tactile_stimulation_modality"":""electrical"",""tactile_threshold_reference"":""about 100% perception"",""target_role"":""strong_nontarget"",""trajectory_end_distance_cm"":30.0,""trajectory_start_distance_cm"":30.0,""voice_key_enabled"":""true""},{""auditory_trajectory_direction"":""stationary_far"",""auditory_trajectory_family"":""static_near_far"",""body_anchor"":""right hand"",""body_part"":""right index finger"",""body_side"":""right"",""electrical_electrode_site"":""upper side of right index finger"",""electrical_stimulator_model"":""Digitimer DS7A"",""expected_response"":""withhold"",""iti_ms"":""300"",""iti_policy"":""toolkit_default_unreported_in_source"",""primary_analysis_included"":""true"",""renderer_equivalence_boundary"":""binaural stationary proxy for physical floor loudspeaker at cane or handle tip"",""response_capture_device"":""microphone"",""response_mode"":""voice_key_mouse_click_proxy"",""response_rule"":""withhold_response_to_strong_tactile_nontarget"",""source_asset_equivalence"":""procedural white-noise proxy for unreported source"",""spatial_coordinate_frame"":""hand_relative"",""tactile_calibration_method"":""perceptual threshold"",""tactile_intensity"":""strong nontarget"",""tactile_intensity_unit"":""perceptual threshold"",""tactile_stimulation_modality"":""electrical"",""tactile_threshold_reference"":""about 100% perception"",""target_role"":""strong_nontarget"",""trajectory_end_distance_cm"":125.0,""trajectory_start_distance_cm"":125.0,""voice_key_enabled"":""true""}]",{}
doi:10.1111/j.1467-9280.2007.01952.x,publication_and_single_review_unit_profile,serino_2007_blind_cane_users,study_templates/serino_2007_blind_cane_users.json,design.protocol.trial_strips[].elements[].element_id,serialized_explicit,4,"[""serino-2007-near-source-weak"",""serino-2007-far-source-weak"",""serino-2007-near-source-strong"",""serino-2007-far-source-strong""]",""""""
doi:10.1111/j.1467-9280.2007.01952.x,publication_and_single_review_unit_profile,serino_2007_blind_cane_users,study_templates/serino_2007_blind_cane_users.json,design.protocol.trial_strips[].elements[].kind,serialized_explicit,4,"[""looming_stimulus"",""looming_stimulus"",""looming_stimulus"",""looming_stimulus""]","""looming_stimulus"""
doi:10.1111/j.1467-9280.2007.01952.x,publication_and_single_review_unit_profile,serino_2007_blind_cane_users,study_templates/serino_2007_blind_cane_users.json,design.protocol.trial_strips[].elements[].label,serialized_explicit,4,"[""Near hand sound"",""Far cane-tip sound"",""Near hand sound"",""Far cane-tip sound""]",""""""
doi:10.1111/j.1467-9280.2007.01952.x,publication_and_single_review_unit_profile,serino_2007_blind_cane_users,study_templates/serino_2007_blind_cane_users.json,design.protocol.trial_strips[].elements[].source_label,serialized_explicit,4,"[""Near hand white-noise burst"",""Far cane-tip white-noise burst"",""Near hand white-noise burst"",""Far cane-tip white-noise burst""]",""""""
doi:10.1111/j.1467-9280.2007.01952.x,publication_and_single_review_unit_profile,serino_2007_blind_cane_users,study_templates/serino_2007_blind_cane_users.json,design.protocol.trial_strips[].elements[].source_labels,serialized_explicit,4,"[[""Near hand white-noise burst""],[""Far cane-tip white-noise burst""],[""Near hand white-noise burst""],[""Far cane-tip white-noise burst""]]",[]
doi:10.1111/j.1467-9280.2007.01952.x,publication_and_single_review_unit_profile,serino_2007_blind_cane_users,study_templates/serino_2007_blind_cane_users.json,design.protocol.trial_strips[].elements[].jitter_values_ms,typed_or_parser_default_not_serialized,0,[],[]
doi:10.1111/j.1467-9280.2007.01952.x,publication_and_single_review_unit_profile,serino_2007_blind_cane_users,study_templates/serino_2007_blind_cane_users.json,design.protocol.trial_strips[].elements[].randomized,serialized_explicit,4,"[true,true,true,true]",false
doi:10.1111/j.1467-9280.2007.01952.x,publication_and_single_review_unit_profile,serino_2007_blind_cane_users,study_templates/serino_2007_blind_cane_users.json,design.protocol.trial_randomization_strategy,serialized_explicit,1,"[""no_immediate_repeats""]","""no_immediate_repeats"""
doi:10.1111/j.1467-9280.2007.01952.x,publication_and_single_review_unit_profile,serino_2007_blind_cane_users,study_templates/serino_2007_blind_cane_users.json,design.protocol.block_order_randomization,serialized_explicit,1,"[""fixed""]","""counterbalanced_rotation"""
doi:10.1111/j.1467-9280.2007.01952.x,publication_and_single_review_unit_profile,serino_2007_blind_cane_users,study_templates/serino_2007_blind_cane_users.json,design.protocol.max_consecutive_same_trial_type,serialized_explicit,1,[2],2
doi:10.1111/j.1467-9280.2007.01952.x,publication_and_single_review_unit_profile,serino_2007_blind_cane_users,study_templates/serino_2007_blind_cane_users.json,design.protocol.participants,serialized_explicit,1,[26],50
doi:10.1111/j.1467-9280.2007.01952.x,publication_and_single_review_unit_profile,serino_2007_blind_cane_users,study_templates/serino_2007_blind_cane_users.json,design.protocol.random_seed,serialized_explicit,1,[20070701],20250604
doi:10.1111/j.1467-9280.2007.01952.x,publication_and_single_review_unit_profile,serino_2007_blind_cane_users,study_templates/serino_2007_blind_cane_users.json,design.protocol.participant_order_policy,typed_or_parser_default_not_serialized,0,[],{}
doi:10.1016/j.cub.2013.01.043,composite_profile_not_experiment_scoped,teneggi_2013_social_face_pps,study_templates/teneggi_2013_social_face_pps.json,design.name,serialized_explicit,1,"[""Teneggi 2013 social face PPS""]","""Study 5 PPS white/pink design"""
doi:10.1016/j.cub.2013.01.043,composite_profile_not_experiment_scoped,teneggi_2013_social_face_pps,study_templates/teneggi_2013_social_face_pps.json,design.study_profile_id,serialized_explicit,1,"[""teneggi_2013_social_face_pps""]",""""""
doi:10.1016/j.cub.2013.01.043,composite_profile_not_experiment_scoped,teneggi_2013_social_face_pps,study_templates/teneggi_2013_social_face_pps.json,design.study_profile_title,serialized_explicit,1,"[""Teneggi 2013 social modulation face PPS""]",""""""
doi:10.1016/j.cub.2013.01.043,composite_profile_not_experiment_scoped,teneggi_2013_social_face_pps,study_templates/teneggi_2013_social_face_pps.json,design.study_profile_notes,serialized_explicit,1,"[""Face-centered social PPS task. The preload captures the audio-tactile face schedule, but social partner/mannequin/cooperation manipulations are not GUI fields yet.""]",""""""
doi:10.1016/j.cub.2013.01.043,composite_profile_not_experiment_scoped,teneggi_2013_social_face_pps,study_templates/teneggi_2013_social_face_pps.json,design.study_profile_reference_parameters,serialized_explicit,1,"[{""implementation_gaps"":[""other-person/mannequin context"",""economic-game manipulation"",""exact distance/timing table from supplement""],""implemented_controls"":[""face tactile site"",""approaching/receding sound labels"",""five distance samples""],""profile_type"":""face_audio_tactile_social_context""}]",{}
doi:10.1016/j.cub.2013.01.043,composite_profile_not_experiment_scoped,teneggi_2013_social_face_pps,study_templates/teneggi_2013_social_face_pps.json,design.sofa_file,serialized_explicit,1,"[""""]","""assets/0. Head-Related Impulse Response (HRIR) model/FABIAN_HRIR_measured_HATO_0.sofa"""
doi:10.1016/j.cub.2013.01.043,composite_profile_not_experiment_scoped,teneggi_2013_social_face_pps,study_templates/teneggi_2013_social_face_pps.json,design.noises[].label,serialized_explicit,1,"[""Face-centered moving sound""]",
doi:10.1016/j.cub.2013.01.043,composite_profile_not_experiment_scoped,teneggi_2013_social_face_pps,study_templates/teneggi_2013_social_face_pps.json,design.noises[].noise_type,serialized_explicit,1,"[""pink""]",
doi:10.1016/j.cub.2013.01.043,composite_profile_not_experiment_scoped,teneggi_2013_social_face_pps,study_templates/teneggi_2013_social_face_pps.json,design.noises[].azimuth_deg,serialized_explicit,1,[0.0],0.0
doi:10.1016/j.cub.2013.01.043,composite_profile_not_experiment_scoped,teneggi_2013_social_face_pps,study_templates/teneggi_2013_social_face_pps.json,design.noises[].elevation_deg,serialized_explicit,1,[0.0],0.0
doi:10.1016/j.cub.2013.01.043,composite_profile_not_experiment_scoped,teneggi_2013_social_face_pps,study_templates/teneggi_2013_social_face_pps.json,design.noises[].gain,serialized_explicit,1,[1.0],1.0
doi:10.1016/j.cub.2013.01.043,composite_profile_not_experiment_scoped,teneggi_2013_social_face_pps,study_templates/teneggi_2013_social_face_pps.json,design.noises[].source_profile,typed_or_parser_default_not_serialized,0,[],""""""
doi:10.1016/j.cub.2013.01.043,composite_profile_not_experiment_scoped,teneggi_2013_social_face_pps,study_templates/teneggi_2013_social_face_pps.json,design.noises[].source_profile_parameters,typed_or_parser_default_not_serialized,0,[],{}
doi:10.1016/j.cub.2013.01.043,composite_profile_not_experiment_scoped,teneggi_2013_social_face_pps,study_templates/teneggi_2013_social_face_pps.json,design.noises[].prebaked_path,typed_or_parser_default_not_serialized,0,[],""""""
doi:10.1016/j.cub.2013.01.043,composite_profile_not_experiment_scoped,teneggi_2013_social_face_pps,study_templates/teneggi_2013_social_face_pps.json,design.noises[].sequence_order,typed_or_parser_default_not_serialized,0,[],0
doi:10.1016/j.cub.2013.01.043,composite_profile_not_experiment_scoped,teneggi_2013_social_face_pps,study_templates/teneggi_2013_social_face_pps.json,design.noises[].motion_mode,typed_or_parser_default_not_serialized,0,[],"""looming"""
doi:10.1016/j.cub.2013.01.043,composite_profile_not_experiment_scoped,teneggi_2013_social_face_pps,study_templates/teneggi_2013_social_face_pps.json,design.noises[].trajectory_snapshot,typed_or_parser_default_not_serialized,0,[],{}
doi:10.1016/j.cub.2013.01.043,composite_profile_not_experiment_scoped,teneggi_2013_social_face_pps,study_templates/teneggi_2013_social_face_pps.json,design.custom_looming_files[].label,repeatable_entity_absent,0,[],
doi:10.1016/j.cub.2013.01.043,composite_profile_not_experiment_scoped,teneggi_2013_social_face_pps,study_templates/teneggi_2013_social_face_pps.json,design.custom_looming_files[].path,repeatable_entity_absent,0,[],
doi:10.1016/j.cub.2013.01.043,composite_profile_not_experiment_scoped,teneggi_2013_social_face_pps,study_templates/teneggi_2013_social_face_pps.json,design.custom_looming_files[].target_duration_s,repeatable_entity_absent,0,[],4.0
doi:10.1016/j.cub.2013.01.043,composite_profile_not_experiment_scoped,teneggi_2013_social_face_pps,study_templates/teneggi_2013_social_face_pps.json,design.custom_looming_files[].render_mode,repeatable_entity_absent,0,[],"""preserve"""
doi:10.1016/j.cub.2013.01.043,composite_profile_not_experiment_scoped,teneggi_2013_social_face_pps,study_templates/teneggi_2013_social_face_pps.json,design.custom_looming_files[].tone_type,repeatable_entity_absent,0,[],""""""
doi:10.1016/j.cub.2013.01.043,composite_profile_not_experiment_scoped,teneggi_2013_social_face_pps,study_templates/teneggi_2013_social_face_pps.json,design.custom_looming_files[].gain,repeatable_entity_absent,0,[],1.0
doi:10.1016/j.cub.2013.01.043,composite_profile_not_experiment_scoped,teneggi_2013_social_face_pps,study_templates/teneggi_2013_social_face_pps.json,design.custom_looming_files[].placement,repeatable_entity_absent,0,[],"""before"""
doi:10.1016/j.cub.2013.01.043,composite_profile_not_experiment_scoped,teneggi_2013_social_face_pps,study_templates/teneggi_2013_social_face_pps.json,design.custom_looming_files[].target_source_label,repeatable_entity_absent,0,[],""""""
doi:10.1016/j.cub.2013.01.043,composite_profile_not_experiment_scoped,teneggi_2013_social_face_pps,study_templates/teneggi_2013_social_face_pps.json,design.custom_looming_files[].phase,repeatable_entity_absent,0,[],""""""
doi:10.1016/j.cub.2013.01.043,composite_profile_not_experiment_scoped,teneggi_2013_social_face_pps,study_templates/teneggi_2013_social_face_pps.json,design.custom_looming_files[].gap_s,repeatable_entity_absent,0,[],0.0
doi:10.1016/j.cub.2013.01.043,composite_profile_not_experiment_scoped,teneggi_2013_social_face_pps,study_templates/teneggi_2013_social_face_pps.json,design.custom_looming_files[].sequence_order,repeatable_entity_absent,0,[],0
doi:10.1016/j.cub.2013.01.043,composite_profile_not_experiment_scoped,teneggi_2013_social_face_pps,study_templates/teneggi_2013_social_face_pps.json,design.custom_looming_files[].motion_mode,repeatable_entity_absent,0,[],"""looming"""
doi:10.1016/j.cub.2013.01.043,composite_profile_not_experiment_scoped,teneggi_2013_social_face_pps,study_templates/teneggi_2013_social_face_pps.json,design.custom_looming_files[].trajectory_snapshot,repeatable_entity_absent,0,[],{}
doi:10.1016/j.cub.2013.01.043,composite_profile_not_experiment_scoped,teneggi_2013_social_face_pps,study_templates/teneggi_2013_social_face_pps.json,design.custom_looming_files[].display_color_hex,repeatable_entity_absent,0,[],""""""
doi:10.1016/j.cub.2013.01.043,composite_profile_not_experiment_scoped,teneggi_2013_social_face_pps,study_templates/teneggi_2013_social_face_pps.json,design.custom_looming_files[].source_input_path,repeatable_entity_absent,0,[],""""""
doi:10.1016/j.cub.2013.01.043,composite_profile_not_experiment_scoped,teneggi_2013_social_face_pps,study_templates/teneggi_2013_social_face_pps.json,design.prestimulus_files[].label,repeatable_entity_absent,0,[],
doi:10.1016/j.cub.2013.01.043,composite_profile_not_experiment_scoped,teneggi_2013_social_face_pps,study_templates/teneggi_2013_social_face_pps.json,design.prestimulus_files[].path,repeatable_entity_absent,0,[],
doi:10.1016/j.cub.2013.01.043,composite_profile_not_experiment_scoped,teneggi_2013_social_face_pps,study_templates/teneggi_2013_social_face_pps.json,design.prestimulus_files[].target_duration_s,repeatable_entity_absent,0,[],4.0
doi:10.1016/j.cub.2013.01.043,composite_profile_not_experiment_scoped,teneggi_2013_social_face_pps,study_templates/teneggi_2013_social_face_pps.json,design.prestimulus_files[].render_mode,repeatable_entity_absent,0,[],"""preserve"""
doi:10.1016/j.cub.2013.01.043,composite_profile_not_experiment_scoped,teneggi_2013_social_face_pps,study_templates/teneggi_2013_social_face_pps.json,design.prestimulus_files[].tone_type,repeatable_entity_absent,0,[],""""""
doi:10.1016/j.cub.2013.01.043,composite_profile_not_experiment_scoped,teneggi_2013_social_face_pps,study_templates/teneggi_2013_social_face_pps.json,design.prestimulus_files[].gain,repeatable_entity_absent,0,[],1.0
doi:10.1016/j.cub.2013.01.043,composite_profile_not_experiment_scoped,teneggi_2013_social_face_pps,study_templates/teneggi_2013_social_face_pps.json,design.prestimulus_files[].placement,repeatable_entity_absent,0,[],"""before"""
doi:10.1016/j.cub.2013.01.043,composite_profile_not_experiment_scoped,teneggi_2013_social_face_pps,study_templates/teneggi_2013_social_face_pps.json,design.prestimulus_files[].target_source_label,repeatable_entity_absent,0,[],""""""
doi:10.1016/j.cub.2013.01.043,composite_profile_not_experiment_scoped,teneggi_2013_social_face_pps,study_templates/teneggi_2013_social_face_pps.json,design.prestimulus_files[].phase,repeatable_entity_absent,0,[],""""""
doi:10.1016/j.cub.2013.01.043,composite_profile_not_experiment_scoped,teneggi_2013_social_face_pps,study_templates/teneggi_2013_social_face_pps.json,design.prestimulus_files[].gap_s,repeatable_entity_absent,0,[],0.0
doi:10.1016/j.cub.2013.01.043,composite_profile_not_experiment_scoped,teneggi_2013_social_face_pps,study_templates/teneggi_2013_social_face_pps.json,design.prestimulus_files[].sequence_order,repeatable_entity_absent,0,[],0
doi:10.1016/j.cub.2013.01.043,composite_profile_not_experiment_scoped,teneggi_2013_social_face_pps,study_templates/teneggi_2013_social_face_pps.json,design.prestimulus_files[].motion_mode,repeatable_entity_absent,0,[],"""looming"""
doi:10.1016/j.cub.2013.01.043,composite_profile_not_experiment_scoped,teneggi_2013_social_face_pps,study_templates/teneggi_2013_social_face_pps.json,design.prestimulus_files[].trajectory_snapshot,repeatable_entity_absent,0,[],{}
doi:10.1016/j.cub.2013.01.043,composite_profile_not_experiment_scoped,teneggi_2013_social_face_pps,study_templates/teneggi_2013_social_face_pps.json,design.prestimulus_files[].display_color_hex,repeatable_entity_absent,0,[],""""""
doi:10.1016/j.cub.2013.01.043,composite_profile_not_experiment_scoped,teneggi_2013_social_face_pps,study_templates/teneggi_2013_social_face_pps.json,design.prestimulus_files[].source_input_path,repeatable_entity_absent,0,[],""""""
doi:10.1016/j.cub.2013.01.043,composite_profile_not_experiment_scoped,teneggi_2013_social_face_pps,study_templates/teneggi_2013_social_face_pps.json,design.trajectory.start_radius_m,serialized_explicit,1,[0.93],1.1
doi:10.1016/j.cub.2013.01.043,composite_profile_not_experiment_scoped,teneggi_2013_social_face_pps,study_templates/teneggi_2013_social_face_pps.json,design.trajectory.end_radius_m,serialized_explicit,1,[0.05],0.1
doi:10.1016/j.cub.2013.01.043,composite_profile_not_experiment_scoped,teneggi_2013_social_face_pps,study_templates/teneggi_2013_social_face_pps.json,design.trajectory.path_direction,serialized_explicit,1,"[""approach""]","""approach"""
doi:10.1016/j.cub.2013.01.043,composite_profile_not_experiment_scoped,teneggi_2013_social_face_pps,study_templates/teneggi_2013_social_face_pps.json,design.trajectory.coordinate_mode,serialized_explicit,1,"[""cartesian""]","""polar"""
doi:10.1016/j.cub.2013.01.043,composite_profile_not_experiment_scoped,teneggi_2013_social_face_pps,study_templates/teneggi_2013_social_face_pps.json,design.trajectory.start_x_m,serialized_explicit,1,[0.0],null
doi:10.1016/j.cub.2013.01.043,composite_profile_not_experiment_scoped,teneggi_2013_social_face_pps,study_templates/teneggi_2013_social_face_pps.json,design.trajectory.start_y_m,serialized_explicit,1,[0.93],null
doi:10.1016/j.cub.2013.01.043,composite_profile_not_experiment_scoped,teneggi_2013_social_face_pps,study_templates/teneggi_2013_social_face_pps.json,design.trajectory.start_z_m,serialized_explicit,1,[0.0],null
doi:10.1016/j.cub.2013.01.043,composite_profile_not_experiment_scoped,teneggi_2013_social_face_pps,study_templates/teneggi_2013_social_face_pps.json,design.trajectory.end_x_m,serialized_explicit,1,[0.0],null
doi:10.1016/j.cub.2013.01.043,composite_profile_not_experiment_scoped,teneggi_2013_social_face_pps,study_templates/teneggi_2013_social_face_pps.json,design.trajectory.end_y_m,serialized_explicit,1,[0.05],null
doi:10.1016/j.cub.2013.01.043,composite_profile_not_experiment_scoped,teneggi_2013_social_face_pps,study_templates/teneggi_2013_social_face_pps.json,design.trajectory.end_z_m,serialized_explicit,1,[0.0],null
doi:10.1016/j.cub.2013.01.043,composite_profile_not_experiment_scoped,teneggi_2013_social_face_pps,study_templates/teneggi_2013_social_face_pps.json,design.trajectory.path_length_m,serialized_explicit,1,[0.88],1.0
doi:10.1016/j.cub.2013.01.043,composite_profile_not_experiment_scoped,teneggi_2013_social_face_pps,study_templates/teneggi_2013_social_face_pps.json,design.trajectory.propagation_speed_mps,serialized_explicit,1,[0.22],0.3333333333333333
doi:10.1016/j.cub.2013.01.043,composite_profile_not_experiment_scoped,teneggi_2013_social_face_pps,study_templates/teneggi_2013_social_face_pps.json,design.trajectory.azimuth_start_deg,serialized_explicit,1,[0.0],0.0
doi:10.1016/j.cub.2013.01.043,composite_profile_not_experiment_scoped,teneggi_2013_social_face_pps,study_templates/teneggi_2013_social_face_pps.json,design.trajectory.azimuth_end_deg,serialized_explicit,1,[0.0],0.0
doi:10.1016/j.cub.2013.01.043,composite_profile_not_experiment_scoped,teneggi_2013_social_face_pps,study_templates/teneggi_2013_social_face_pps.json,design.trajectory.elevation_deg,serialized_explicit,1,[0.0],0.0
doi:10.1016/j.cub.2013.01.043,composite_profile_not_experiment_scoped,teneggi_2013_social_face_pps,study_templates/teneggi_2013_social_face_pps.json,design.trajectory.padding_pre_s,serialized_explicit,1,[0.0],0.5
doi:10.1016/j.cub.2013.01.043,composite_profile_not_experiment_scoped,teneggi_2013_social_face_pps,study_templates/teneggi_2013_social_face_pps.json,design.trajectory.padding_post_s,serialized_explicit,1,[0.0],0.5
doi:10.1016/j.cub.2013.01.043,composite_profile_not_experiment_scoped,teneggi_2013_social_face_pps,study_templates/teneggi_2013_social_face_pps.json,design.trajectory.sample_rate,serialized_explicit,1,[44100],44100
doi:10.1016/j.cub.2013.01.043,composite_profile_not_experiment_scoped,teneggi_2013_social_face_pps,study_templates/teneggi_2013_social_face_pps.json,design.trajectory.use_inverse_square,serialized_explicit,1,[true],true
doi:10.1016/j.cub.2013.01.043,composite_profile_not_experiment_scoped,teneggi_2013_social_face_pps,study_templates/teneggi_2013_social_face_pps.json,design.protocol.repetitions_per_condition,serialized_explicit,1,[12],1
doi:10.1016/j.cub.2013.01.043,composite_profile_not_experiment_scoped,teneggi_2013_social_face_pps,study_templates/teneggi_2013_social_face_pps.json,design.protocol.trial_pool_repetition_defaults,typed_or_parser_default_not_serialized,0,[],{}
doi:10.1016/j.cub.2013.01.043,composite_profile_not_experiment_scoped,teneggi_2013_social_face_pps,study_templates/teneggi_2013_social_face_pps.json,design.protocol.soa_values_ms,serialized_explicit,1,"[[0,1000,1955,3000,4000]]","[300,800,1500,2200,2700]"
doi:10.1016/j.cub.2013.01.043,composite_profile_not_experiment_scoped,teneggi_2013_social_face_pps,study_templates/teneggi_2013_social_face_pps.json,design.protocol.spatial_values_cm,serialized_explicit,1,"[[93,71,50,27,5]]","[100.0,83.3,60.0,36.7,20.0]"
doi:10.1016/j.cub.2013.01.043,composite_profile_not_experiment_scoped,teneggi_2013_social_face_pps,study_templates/teneggi_2013_social_face_pps.json,design.protocol.pair_spatial_values_with_soas,serialized_explicit,1,[true],true
doi:10.1016/j.cub.2013.01.043,composite_profile_not_experiment_scoped,teneggi_2013_social_face_pps,study_templates/teneggi_2013_social_face_pps.json,design.protocol.auditory_motion_directions,serialized_explicit,1,"[[""looming"",""receding""]]","[""looming""]"
doi:10.1016/j.cub.2013.01.043,composite_profile_not_experiment_scoped,teneggi_2013_social_face_pps,study_templates/teneggi_2013_social_face_pps.json,design.protocol.tactile_sites,serialized_explicit,1,"[[""face""]]","[""hand""]"
doi:10.1016/j.cub.2013.01.043,composite_profile_not_experiment_scoped,teneggi_2013_social_face_pps,study_templates/teneggi_2013_social_face_pps.json,design.protocol.include_catch_trials,typed_or_parser_default_not_serialized,0,[],true
doi:10.1016/j.cub.2013.01.043,composite_profile_not_experiment_scoped,teneggi_2013_social_face_pps,study_templates/teneggi_2013_social_face_pps.json,design.protocol.catch_trial_percentage,serialized_explicit,1,[10.0],10.0
doi:10.1016/j.cub.2013.01.043,composite_profile_not_experiment_scoped,teneggi_2013_social_face_pps,study_templates/teneggi_2013_social_face_pps.json,design.protocol.catch_trials_exact,serialized_explicit,1,[null],null
doi:10.1016/j.cub.2013.01.043,composite_profile_not_experiment_scoped,teneggi_2013_social_face_pps,study_templates/teneggi_2013_social_face_pps.json,design.protocol.catch_crosses_sequence_variants,typed_or_parser_default_not_serialized,0,[],true
doi:10.1016/j.cub.2013.01.043,composite_profile_not_experiment_scoped,teneggi_2013_social_face_pps,study_templates/teneggi_2013_social_face_pps.json,design.protocol.include_auditory_only_trials,typed_or_parser_default_not_serialized,0,[],false
doi:10.1016/j.cub.2013.01.043,composite_profile_not_experiment_scoped,teneggi_2013_social_face_pps,study_templates/teneggi_2013_social_face_pps.json,design.protocol.auditory_only_trial_percentage,typed_or_parser_default_not_serialized,0,[],0.0
doi:10.1016/j.cub.2013.01.043,composite_profile_not_experiment_scoped,teneggi_2013_social_face_pps,study_templates/teneggi_2013_social_face_pps.json,design.protocol.auditory_only_trials_exact,typed_or_parser_default_not_serialized,0,[],null
doi:10.1016/j.cub.2013.01.043,composite_profile_not_experiment_scoped,teneggi_2013_social_face_pps,study_templates/teneggi_2013_social_face_pps.json,design.protocol.auditory_only_crosses_sequence_variants,typed_or_parser_default_not_serialized,0,[],true
doi:10.1016/j.cub.2013.01.043,composite_profile_not_experiment_scoped,teneggi_2013_social_face_pps,study_templates/teneggi_2013_social_face_pps.json,design.protocol.include_baseline_trials,serialized_explicit,1,[true],true
doi:10.1016/j.cub.2013.01.043,composite_profile_not_experiment_scoped,teneggi_2013_social_face_pps,study_templates/teneggi_2013_social_face_pps.json,design.protocol.baseline_strategy,typed_or_parser_default_not_serialized,0,[],"""tactile_only"""
doi:10.1016/j.cub.2013.01.043,composite_profile_not_experiment_scoped,teneggi_2013_social_face_pps,study_templates/teneggi_2013_social_face_pps.json,design.protocol.baseline_trials_exact,typed_or_parser_default_not_serialized,0,[],null
doi:10.1016/j.cub.2013.01.043,composite_profile_not_experiment_scoped,teneggi_2013_social_face_pps,study_templates/teneggi_2013_social_face_pps.json,design.protocol.baseline_trial_percentage,typed_or_parser_default_not_serialized,0,[],0.0
doi:10.1016/j.cub.2013.01.043,composite_profile_not_experiment_scoped,teneggi_2013_social_face_pps,study_templates/teneggi_2013_social_face_pps.json,design.protocol.baseline_soa_values_ms,serialized_explicit,1,"[[0,4000]]",[]
doi:10.1016/j.cub.2013.01.043,composite_profile_not_experiment_scoped,teneggi_2013_social_face_pps,study_templates/teneggi_2013_social_face_pps.json,design.protocol.baseline_custom_trial_mode,typed_or_parser_default_not_serialized,0,[],"""tactile_only"""
doi:10.1016/j.cub.2013.01.043,composite_profile_not_experiment_scoped,teneggi_2013_social_face_pps,study_templates/teneggi_2013_social_face_pps.json,design.protocol.baseline_crosses_sequence_variants,typed_or_parser_default_not_serialized,0,[],true
doi:10.1016/j.cub.2013.01.043,composite_profile_not_experiment_scoped,teneggi_2013_social_face_pps,study_templates/teneggi_2013_social_face_pps.json,design.protocol.respiratory_phases,serialized_explicit,1,"[[""Any""]]","[""Inhale"",""Exhale""]"
doi:10.1016/j.cub.2013.01.043,composite_profile_not_experiment_scoped,teneggi_2013_social_face_pps,study_templates/teneggi_2013_social_face_pps.json,design.protocol.blocks,serialized_explicit,1,[1],6
doi:10.1016/j.cub.2013.01.043,composite_profile_not_experiment_scoped,teneggi_2013_social_face_pps,study_templates/teneggi_2013_social_face_pps.json,design.protocol.block_specs[].label,repeatable_entity_absent,0,[],
doi:10.1016/j.cub.2013.01.043,composite_profile_not_experiment_scoped,teneggi_2013_social_face_pps,study_templates/teneggi_2013_social_face_pps.json,design.protocol.block_specs[].stimulus_types,repeatable_entity_absent,0,[],"[""Audio-Tactile"",""Baseline"",""Catch""]"
doi:10.1016/j.cub.2013.01.043,composite_profile_not_experiment_scoped,teneggi_2013_social_face_pps,study_templates/teneggi_2013_social_face_pps.json,design.protocol.repeat_trial_pool_per_block,typed_or_parser_default_not_serialized,0,[],false
doi:10.1016/j.cub.2013.01.043,composite_profile_not_experiment_scoped,teneggi_2013_social_face_pps,study_templates/teneggi_2013_social_face_pps.json,design.protocol.distribute_trial_pool_across_blocks,typed_or_parser_default_not_serialized,0,[],false
doi:10.1016/j.cub.2013.01.043,composite_profile_not_experiment_scoped,teneggi_2013_social_face_pps,study_templates/teneggi_2013_social_face_pps.json,design.protocol.trial_strips[].strip_id,serialized_explicit,1,"[""teneggi-social-face-row""]",""""""
doi:10.1016/j.cub.2013.01.043,composite_profile_not_experiment_scoped,teneggi_2013_social_face_pps,study_templates/teneggi_2013_social_face_pps.json,design.protocol.trial_strips[].label,serialized_explicit,1,"[""Social face PPS moving-sound trial""]",""""""
doi:10.1016/j.cub.2013.01.043,composite_profile_not_experiment_scoped,teneggi_2013_social_face_pps,study_templates/teneggi_2013_social_face_pps.json,design.protocol.trial_strips[].audio_tactile_percentage,serialized_explicit,1,[100.0],null
doi:10.1016/j.cub.2013.01.043,composite_profile_not_experiment_scoped,teneggi_2013_social_face_pps,study_templates/teneggi_2013_social_face_pps.json,design.protocol.trial_strips[].catch_percentage,serialized_explicit,1,[0.0],null
doi:10.1016/j.cub.2013.01.043,composite_profile_not_experiment_scoped,teneggi_2013_social_face_pps,study_templates/teneggi_2013_social_face_pps.json,design.protocol.trial_strips[].baseline_percentage,serialized_explicit,1,[0.0],null
doi:10.1016/j.cub.2013.01.043,composite_profile_not_experiment_scoped,teneggi_2013_social_face_pps,study_templates/teneggi_2013_social_face_pps.json,design.protocol.trial_strips[].soa_values_ms,typed_or_parser_default_not_serialized,0,[],[]
doi:10.1016/j.cub.2013.01.043,composite_profile_not_experiment_scoped,teneggi_2013_social_face_pps,study_templates/teneggi_2013_social_face_pps.json,design.protocol.trial_strips[].spatial_values_cm,typed_or_parser_default_not_serialized,0,[],[]
doi:10.1016/j.cub.2013.01.043,composite_profile_not_experiment_scoped,teneggi_2013_social_face_pps,study_templates/teneggi_2013_social_face_pps.json,design.protocol.trial_strips[].metadata,typed_or_parser_default_not_serialized,0,[],{}
doi:10.1016/j.cub.2013.01.043,composite_profile_not_experiment_scoped,teneggi_2013_social_face_pps,study_templates/teneggi_2013_social_face_pps.json,design.protocol.trial_strips[].elements[].element_id,serialized_explicit,1,"[""teneggi-face-moving-sound""]",""""""
doi:10.1016/j.cub.2013.01.043,composite_profile_not_experiment_scoped,teneggi_2013_social_face_pps,study_templates/teneggi_2013_social_face_pps.json,design.protocol.trial_strips[].elements[].kind,serialized_explicit,1,"[""looming_stimulus""]","""looming_stimulus"""
doi:10.1016/j.cub.2013.01.043,composite_profile_not_experiment_scoped,teneggi_2013_social_face_pps,study_templates/teneggi_2013_social_face_pps.json,design.protocol.trial_strips[].elements[].label,serialized_explicit,1,"[""Face-centered moving sound""]",""""""
doi:10.1016/j.cub.2013.01.043,composite_profile_not_experiment_scoped,teneggi_2013_social_face_pps,study_templates/teneggi_2013_social_face_pps.json,design.protocol.trial_strips[].elements[].source_label,serialized_explicit,1,"[""""]",""""""
doi:10.1016/j.cub.2013.01.043,composite_profile_not_experiment_scoped,teneggi_2013_social_face_pps,study_templates/teneggi_2013_social_face_pps.json,design.protocol.trial_strips[].elements[].source_labels,serialized_explicit,1,[[]],[]
doi:10.1016/j.cub.2013.01.043,composite_profile_not_experiment_scoped,teneggi_2013_social_face_pps,study_templates/teneggi_2013_social_face_pps.json,design.protocol.trial_strips[].elements[].jitter_values_ms,typed_or_parser_default_not_serialized,0,[],[]
doi:10.1016/j.cub.2013.01.043,composite_profile_not_experiment_scoped,teneggi_2013_social_face_pps,study_templates/teneggi_2013_social_face_pps.json,design.protocol.trial_strips[].elements[].randomized,serialized_explicit,1,[true],false
doi:10.1016/j.cub.2013.01.043,composite_profile_not_experiment_scoped,teneggi_2013_social_face_pps,study_templates/teneggi_2013_social_face_pps.json,design.protocol.trial_randomization_strategy,serialized_explicit,1,"[""no_immediate_repeats""]","""no_immediate_repeats"""
doi:10.1016/j.cub.2013.01.043,composite_profile_not_experiment_scoped,teneggi_2013_social_face_pps,study_templates/teneggi_2013_social_face_pps.json,design.protocol.block_order_randomization,serialized_explicit,1,"[""fixed""]","""counterbalanced_rotation"""
doi:10.1016/j.cub.2013.01.043,composite_profile_not_experiment_scoped,teneggi_2013_social_face_pps,study_templates/teneggi_2013_social_face_pps.json,design.protocol.max_consecutive_same_trial_type,serialized_explicit,1,[2],2
doi:10.1016/j.cub.2013.01.043,composite_profile_not_experiment_scoped,teneggi_2013_social_face_pps,study_templates/teneggi_2013_social_face_pps.json,design.protocol.participants,serialized_explicit,1,[1],50
doi:10.1016/j.cub.2013.01.043,composite_profile_not_experiment_scoped,teneggi_2013_social_face_pps,study_templates/teneggi_2013_social_face_pps.json,design.protocol.random_seed,serialized_explicit,1,[20130304],20250604
doi:10.1016/j.cub.2013.01.043,composite_profile_not_experiment_scoped,teneggi_2013_social_face_pps,study_templates/teneggi_2013_social_face_pps.json,design.protocol.participant_order_policy,typed_or_parser_default_not_serialized,0,[],{}
doi:10.1038/srep18603,mixed_publication_and_experiment_scope,serino_2015_front_back_trunk_exp2,study_templates/serino_2015_front_back_trunk_exp2.json,design.name,serialized_explicit,1,"[""Serino 2015 front/back peri-trunk PPS Experiment 2""]","""Study 5 PPS white/pink design"""
doi:10.1038/srep18603,mixed_publication_and_experiment_scope,serino_2015_peri_hand_exp3,study_templates/serino_2015_peri_hand_exp3.json,design.name,serialized_explicit,1,"[""Serino 2015 peri-hand PPS Experiment 3""]","""Study 5 PPS white/pink design"""
doi:10.1038/srep18603,mixed_publication_and_experiment_scope,serino_2015_peri_trunk_exp1,study_templates/serino_2015_peri_trunk_exp1.json,design.name,serialized_explicit,1,"[""Serino 2015 peri-trunk PPS Experiment 1""]","""Study 5 PPS white/pink design"""
doi:10.1038/srep18603,mixed_publication_and_experiment_scope,serino_2015_front_back_trunk_exp2,study_templates/serino_2015_front_back_trunk_exp2.json,design.study_profile_id,serialized_explicit,1,"[""serino_2015_front_back_trunk_exp2""]",""""""
doi:10.1038/srep18603,mixed_publication_and_experiment_scope,serino_2015_peri_hand_exp3,study_templates/serino_2015_peri_hand_exp3.json,design.study_profile_id,serialized_explicit,1,"[""serino_2015_peri_hand_exp3""]",""""""
doi:10.1038/srep18603,mixed_publication_and_experiment_scope,serino_2015_peri_trunk_exp1,study_templates/serino_2015_peri_trunk_exp1.json,design.study_profile_id,serialized_explicit,1,"[""serino_2015_peri_trunk_exp1""]",""""""
doi:10.1038/srep18603,mixed_publication_and_experiment_scope,serino_2015_front_back_trunk_exp2,study_templates/serino_2015_front_back_trunk_exp2.json,design.study_profile_title,serialized_explicit,1,"[""Serino 2015 front/back peri-trunk Experiment 2""]",""""""
doi:10.1038/srep18603,mixed_publication_and_experiment_scope,serino_2015_peri_hand_exp3,study_templates/serino_2015_peri_hand_exp3.json,design.study_profile_title,serialized_explicit,1,"[""Serino 2015 peri-hand PPS Experiment 3""]",""""""
doi:10.1038/srep18603,mixed_publication_and_experiment_scope,serino_2015_peri_trunk_exp1,study_templates/serino_2015_peri_trunk_exp1.json,design.study_profile_title,serialized_explicit,1,"[""Serino 2015 peri-trunk PPS Experiment 1""]",""""""
doi:10.1038/srep18603,mixed_publication_and_experiment_scope,serino_2015_front_back_trunk_exp2,study_templates/serino_2015_front_back_trunk_exp2.json,design.study_profile_notes,serialized_explicit,1,"[""Front/back trunk mapping with sounds crossing the body. The original 16-speaker Gaussian-amplitude array is represented as the reported 1 m front-to-1 m back virtual moving-source path, with the published 372-trial Experiment 2 formula encoded for runner use.""]",""""""
doi:10.1038/srep18603,mixed_publication_and_experiment_scope,serino_2015_peri_hand_exp3,study_templates/serino_2015_peri_hand_exp3.json,design.study_profile_notes,serialized_explicit,1,"[""Peri-hand branch of the Serino body-part mapping series. The original two-speaker analog setup is treated as apparatus provenance and recreated as a binaural moving-sound trajectory. The lateralized hand posture is represented with an explicit cartesian hand-anchored path offset to shoulder width; exact hand side, original WAV/envelope files, and block/order rules remain caveats.""]",""""""
doi:10.1038/srep18603,mixed_publication_and_experiment_scope,serino_2015_peri_trunk_exp1,study_templates/serino_2015_peri_trunk_exp1.json,design.study_profile_notes,serialized_explicit,1,"[""Peri-trunk looming/receding task originally implemented with a two-speaker analog setup. Timing, distance, and trial-count fields are literature-derived; the toolkit recreates the reported near-far trajectory with the binaural spatial renderer rather than treating the speakers as a separate audio source.""]",""""""
doi:10.1038/srep18603,mixed_publication_and_experiment_scope,serino_2015_front_back_trunk_exp2,study_templates/serino_2015_front_back_trunk_exp2.json,design.study_profile_reference_parameters,serialized_explicit,1,"[{""apparatus_recreation_policy"":""The physical 16-speaker Gaussian-amplitude array is treated as apparatus provenance and represented by the toolkit's linear binaural moving-source renderer using the reported 1 m front-to-1 m back path."",""distances_cm"":[95,80,65,50,35,20,5],""internal_schedule_distances_cm"":[95,80,65,50,35,20,5,20,35,50,65,80,95],""profile_check_complete"":true,""remaining_caveats"":[""exact original broadband noise seed"",""exact original per-speaker Gaussian gain synthesis"",""the publication's 14-delay wording versus 13-distance trial-count arithmetic""],""reported_speed_cm_s"":35,""reported_trial_formula"":""372 trials: [multisensory 13 distances x 2 sound directions + 3 baselines + 2 catch trials] x 12 repetitions."",""source_timing_caveat"":""The article also describes 14 front/back delays for analysis; the runnable profile follows the explicit 372-trial arithmetic, representing the crossing as a 13-sample internal schedule with one shared near-body 5 cm sample."",""speaker_array_geometry"":{""array_count"":2,""array_separation_m"":1.0,""speakers_per_array"":8,""within_array_spacing_cm"":27.5}}]",{}
doi:10.1038/srep18603,mixed_publication_and_experiment_scope,serino_2015_peri_hand_exp3,study_templates/serino_2015_peri_hand_exp3.json,design.study_profile_reference_parameters,serialized_explicit,1,"[{""analog_apparatus_recreation"":""Original near/far speakers are modeled as the reported moving-sound trajectory in the binaural renderer."",""body_anchor_frame"":{""anchor"":""lateralized hand at shoulder width"",""coordinate_mode"":""cartesian"",""far_y_m"":0.93,""hand_side"":""not reported; profile uses a right-side positive-x convention"",""near_y_m"":0.05,""x_offset_m"":0.35},""distances_cm"":[93,71,50,27,5],""profile_check_complete"":true,""remaining_caveats"":[""exact original pink-noise WAV/noise seed is not reported"",""exact SoundForge envelope files are not provided beyond exponential direction and dB endpoints"",""exact hand side is not stated for Experiment 3"",""exact trial-order randomization, block count, and response timeout/window are not reported""],""repetitions_reported"":16}]",{}
doi:10.1038/srep18603,mixed_publication_and_experiment_scope,serino_2015_peri_trunk_exp1,study_templates/serino_2015_peri_trunk_exp1.json,design.study_profile_reference_parameters,serialized_explicit,1,"[{""analog_apparatus_recreation"":""Original near/far speakers are modeled as the reported 100 cm to 5 cm moving-sound trajectory in the binaural renderer."",""distances_cm"":[100,81,62,43,24,5],""near_far_speakers_cm"":[5,100],""profile_check_complete"":true,""repetitions_reported"":16}]",{}
doi:10.1038/srep18603,mixed_publication_and_experiment_scope,serino_2015_front_back_trunk_exp2,study_templates/serino_2015_front_back_trunk_exp2.json,design.sofa_file,serialized_explicit,1,"[""""]","""assets/0. Head-Related Impulse Response (HRIR) model/FABIAN_HRIR_measured_HATO_0.sofa"""
doi:10.1038/srep18603,mixed_publication_and_experiment_scope,serino_2015_peri_hand_exp3,study_templates/serino_2015_peri_hand_exp3.json,design.sofa_file,serialized_explicit,1,"[""""]","""assets/0. Head-Related Impulse Response (HRIR) model/FABIAN_HRIR_measured_HATO_0.sofa"""
doi:10.1038/srep18603,mixed_publication_and_experiment_scope,serino_2015_peri_trunk_exp1,study_templates/serino_2015_peri_trunk_exp1.json,design.sofa_file,serialized_explicit,1,"[""""]","""assets/0. Head-Related Impulse Response (HRIR) model/FABIAN_HRIR_measured_HATO_0.sofa"""
doi:10.1038/srep18603,mixed_publication_and_experiment_scope,serino_2015_front_back_trunk_exp2,study_templates/serino_2015_front_back_trunk_exp2.json,design.noises[].label,serialized_explicit,1,"[""Front-back moving sound""]",
doi:10.1038/srep18603,mixed_publication_and_experiment_scope,serino_2015_peri_hand_exp3,study_templates/serino_2015_peri_hand_exp3.json,design.noises[].label,serialized_explicit,1,"[""Hand moving sound""]",
doi:10.1038/srep18603,mixed_publication_and_experiment_scope,serino_2015_peri_trunk_exp1,study_templates/serino_2015_peri_trunk_exp1.json,design.noises[].label,serialized_explicit,1,"[""Trunk moving sound""]",
doi:10.1038/srep18603,mixed_publication_and_experiment_scope,serino_2015_front_back_trunk_exp2,study_templates/serino_2015_front_back_trunk_exp2.json,design.noises[].noise_type,serialized_explicit,1,"[""pink""]",
doi:10.1038/srep18603,mixed_publication_and_experiment_scope,serino_2015_peri_hand_exp3,study_templates/serino_2015_peri_hand_exp3.json,design.noises[].noise_type,serialized_explicit,1,"[""pink""]",
doi:10.1038/srep18603,mixed_publication_and_experiment_scope,serino_2015_peri_trunk_exp1,study_templates/serino_2015_peri_trunk_exp1.json,design.noises[].noise_type,serialized_explicit,1,"[""pink""]",
doi:10.1038/srep18603,mixed_publication_and_experiment_scope,serino_2015_front_back_trunk_exp2,study_templates/serino_2015_front_back_trunk_exp2.json,design.noises[].azimuth_deg,serialized_explicit,1,[0.0],0.0
doi:10.1038/srep18603,mixed_publication_and_experiment_scope,serino_2015_peri_hand_exp3,study_templates/serino_2015_peri_hand_exp3.json,design.noises[].azimuth_deg,serialized_explicit,1,[0.0],0.0
doi:10.1038/srep18603,mixed_publication_and_experiment_scope,serino_2015_peri_trunk_exp1,study_templates/serino_2015_peri_trunk_exp1.json,design.noises[].azimuth_deg,serialized_explicit,1,[0.0],0.0
doi:10.1038/srep18603,mixed_publication_and_experiment_scope,serino_2015_front_back_trunk_exp2,study_templates/serino_2015_front_back_trunk_exp2.json,design.noises[].elevation_deg,serialized_explicit,1,[0.0],0.0
doi:10.1038/srep18603,mixed_publication_and_experiment_scope,serino_2015_peri_hand_exp3,study_templates/serino_2015_peri_hand_exp3.json,design.noises[].elevation_deg,serialized_explicit,1,[0.0],0.0
doi:10.1038/srep18603,mixed_publication_and_experiment_scope,serino_2015_peri_trunk_exp1,study_templates/serino_2015_peri_trunk_exp1.json,design.noises[].elevation_deg,serialized_explicit,1,[0.0],0.0
doi:10.1038/srep18603,mixed_publication_and_experiment_scope,serino_2015_front_back_trunk_exp2,study_templates/serino_2015_front_back_trunk_exp2.json,design.noises[].gain,serialized_explicit,1,[1.0],1.0
doi:10.1038/srep18603,mixed_publication_and_experiment_scope,serino_2015_peri_hand_exp3,study_templates/serino_2015_peri_hand_exp3.json,design.noises[].gain,serialized_explicit,1,[1.0],1.0
doi:10.1038/srep18603,mixed_publication_and_experiment_scope,serino_2015_peri_trunk_exp1,study_templates/serino_2015_peri_trunk_exp1.json,design.noises[].gain,serialized_explicit,1,[1.0],1.0
doi:10.1038/srep18603,mixed_publication_and_experiment_scope,serino_2015_front_back_trunk_exp2,study_templates/serino_2015_front_back_trunk_exp2.json,design.noises[].source_profile,typed_or_parser_default_not_serialized,0,[],""""""
doi:10.1038/srep18603,mixed_publication_and_experiment_scope,serino_2015_peri_hand_exp3,study_templates/serino_2015_peri_hand_exp3.json,design.noises[].source_profile,typed_or_parser_default_not_serialized,0,[],""""""
doi:10.1038/srep18603,mixed_publication_and_experiment_scope,serino_2015_peri_trunk_exp1,study_templates/serino_2015_peri_trunk_exp1.json,design.noises[].source_profile,typed_or_parser_default_not_serialized,0,[],""""""
doi:10.1038/srep18603,mixed_publication_and_experiment_scope,serino_2015_front_back_trunk_exp2,study_templates/serino_2015_front_back_trunk_exp2.json,design.noises[].source_profile_parameters,typed_or_parser_default_not_serialized,0,[],{}
doi:10.1038/srep18603,mixed_publication_and_experiment_scope,serino_2015_peri_hand_exp3,study_templates/serino_2015_peri_hand_exp3.json,design.noises[].source_profile_parameters,typed_or_parser_default_not_serialized,0,[],{}
doi:10.1038/srep18603,mixed_publication_and_experiment_scope,serino_2015_peri_trunk_exp1,study_templates/serino_2015_peri_trunk_exp1.json,design.noises[].source_profile_parameters,typed_or_parser_default_not_serialized,0,[],{}
doi:10.1038/srep18603,mixed_publication_and_experiment_scope,serino_2015_front_back_trunk_exp2,study_templates/serino_2015_front_back_trunk_exp2.json,design.noises[].prebaked_path,typed_or_parser_default_not_serialized,0,[],""""""
doi:10.1038/srep18603,mixed_publication_and_experiment_scope,serino_2015_peri_hand_exp3,study_templates/serino_2015_peri_hand_exp3.json,design.noises[].prebaked_path,typed_or_parser_default_not_serialized,0,[],""""""
doi:10.1038/srep18603,mixed_publication_and_experiment_scope,serino_2015_peri_trunk_exp1,study_templates/serino_2015_peri_trunk_exp1.json,design.noises[].prebaked_path,typed_or_parser_default_not_serialized,0,[],""""""
doi:10.1038/srep18603,mixed_publication_and_experiment_scope,serino_2015_front_back_trunk_exp2,study_templates/serino_2015_front_back_trunk_exp2.json,design.noises[].sequence_order,typed_or_parser_default_not_serialized,0,[],0
doi:10.1038/srep18603,mixed_publication_and_experiment_scope,serino_2015_peri_hand_exp3,study_templates/serino_2015_peri_hand_exp3.json,design.noises[].sequence_order,typed_or_parser_default_not_serialized,0,[],0
doi:10.1038/srep18603,mixed_publication_and_experiment_scope,serino_2015_peri_trunk_exp1,study_templates/serino_2015_peri_trunk_exp1.json,design.noises[].sequence_order,typed_or_parser_default_not_serialized,0,[],0
doi:10.1038/srep18603,mixed_publication_and_experiment_scope,serino_2015_front_back_trunk_exp2,study_templates/serino_2015_front_back_trunk_exp2.json,design.noises[].motion_mode,typed_or_parser_default_not_serialized,0,[],"""looming"""
doi:10.1038/srep18603,mixed_publication_and_experiment_scope,serino_2015_peri_hand_exp3,study_templates/serino_2015_peri_hand_exp3.json,design.noises[].motion_mode,typed_or_parser_default_not_serialized,0,[],"""looming"""
doi:10.1038/srep18603,mixed_publication_and_experiment_scope,serino_2015_peri_trunk_exp1,study_templates/serino_2015_peri_trunk_exp1.json,design.noises[].motion_mode,typed_or_parser_default_not_serialized,0,[],"""looming"""
doi:10.1038/srep18603,mixed_publication_and_experiment_scope,serino_2015_front_back_trunk_exp2,study_templates/serino_2015_front_back_trunk_exp2.json,design.noises[].trajectory_snapshot,typed_or_parser_default_not_serialized,0,[],{}
doi:10.1038/srep18603,mixed_publication_and_experiment_scope,serino_2015_peri_hand_exp3,study_templates/serino_2015_peri_hand_exp3.json,design.noises[].trajectory_snapshot,typed_or_parser_default_not_serialized,0,[],{}
doi:10.1038/srep18603,mixed_publication_and_experiment_scope,serino_2015_peri_trunk_exp1,study_templates/serino_2015_peri_trunk_exp1.json,design.noises[].trajectory_snapshot,typed_or_parser_default_not_serialized,0,[],{}
doi:10.1038/srep18603,mixed_publication_and_experiment_scope,serino_2015_front_back_trunk_exp2,study_templates/serino_2015_front_back_trunk_exp2.json,design.custom_looming_files[].label,repeatable_entity_absent,0,[],
doi:10.1038/srep18603,mixed_publication_and_experiment_scope,serino_2015_peri_hand_exp3,study_templates/serino_2015_peri_hand_exp3.json,design.custom_looming_files[].label,repeatable_entity_absent,0,[],
doi:10.1038/srep18603,mixed_publication_and_experiment_scope,serino_2015_peri_trunk_exp1,study_templates/serino_2015_peri_trunk_exp1.json,design.custom_looming_files[].label,repeatable_entity_absent,0,[],
doi:10.1038/srep18603,mixed_publication_and_experiment_scope,serino_2015_front_back_trunk_exp2,study_templates/serino_2015_front_back_trunk_exp2.json,design.custom_looming_files[].path,repeatable_entity_absent,0,[],
doi:10.1038/srep18603,mixed_publication_and_experiment_scope,serino_2015_peri_hand_exp3,study_templates/serino_2015_peri_hand_exp3.json,design.custom_looming_files[].path,repeatable_entity_absent,0,[],
doi:10.1038/srep18603,mixed_publication_and_experiment_scope,serino_2015_peri_trunk_exp1,study_templates/serino_2015_peri_trunk_exp1.json,design.custom_looming_files[].path,repeatable_entity_absent,0,[],
doi:10.1038/srep18603,mixed_publication_and_experiment_scope,serino_2015_front_back_trunk_exp2,study_templates/serino_2015_front_back_trunk_exp2.json,design.custom_looming_files[].target_duration_s,repeatable_entity_absent,0,[],4.0
doi:10.1038/srep18603,mixed_publication_and_experiment_scope,serino_2015_peri_hand_exp3,study_templates/serino_2015_peri_hand_exp3.json,design.custom_looming_files[].target_duration_s,repeatable_entity_absent,0,[],4.0
doi:10.1038/srep18603,mixed_publication_and_experiment_scope,serino_2015_peri_trunk_exp1,study_templates/serino_2015_peri_trunk_exp1.json,design.custom_looming_files[].target_duration_s,repeatable_entity_absent,0,[],4.0
doi:10.1038/srep18603,mixed_publication_and_experiment_scope,serino_2015_front_back_trunk_exp2,study_templates/serino_2015_front_back_trunk_exp2.json,design.custom_looming_files[].render_mode,repeatable_entity_absent,0,[],"""preserve"""
doi:10.1038/srep18603,mixed_publication_and_experiment_scope,serino_2015_peri_hand_exp3,study_templates/serino_2015_peri_hand_exp3.json,design.custom_looming_files[].render_mode,repeatable_entity_absent,0,[],"""preserve"""
doi:10.1038/srep18603,mixed_publication_and_experiment_scope,serino_2015_peri_trunk_exp1,study_templates/serino_2015_peri_trunk_exp1.json,design.custom_looming_files[].render_mode,repeatable_entity_absent,0,[],"""preserve"""
doi:10.1038/srep18603,mixed_publication_and_experiment_scope,serino_2015_front_back_trunk_exp2,study_templates/serino_2015_front_back_trunk_exp2.json,design.custom_looming_files[].tone_type,repeatable_entity_absent,0,[],""""""
doi:10.1038/srep18603,mixed_publication_and_experiment_scope,serino_2015_peri_hand_exp3,study_templates/serino_2015_peri_hand_exp3.json,design.custom_looming_files[].tone_type,repeatable_entity_absent,0,[],""""""
doi:10.1038/srep18603,mixed_publication_and_experiment_scope,serino_2015_peri_trunk_exp1,study_templates/serino_2015_peri_trunk_exp1.json,design.custom_looming_files[].tone_type,repeatable_entity_absent,0,[],""""""
doi:10.1038/srep18603,mixed_publication_and_experiment_scope,serino_2015_front_back_trunk_exp2,study_templates/serino_2015_front_back_trunk_exp2.json,design.custom_looming_files[].gain,repeatable_entity_absent,0,[],1.0
doi:10.1038/srep18603,mixed_publication_and_experiment_scope,serino_2015_peri_hand_exp3,study_templates/serino_2015_peri_hand_exp3.json,design.custom_looming_files[].gain,repeatable_entity_absent,0,[],1.0
doi:10.1038/srep18603,mixed_publication_and_experiment_scope,serino_2015_peri_trunk_exp1,study_templates/serino_2015_peri_trunk_exp1.json,design.custom_looming_files[].gain,repeatable_entity_absent,0,[],1.0
doi:10.1038/srep18603,mixed_publication_and_experiment_scope,serino_2015_front_back_trunk_exp2,study_templates/serino_2015_front_back_trunk_exp2.json,design.custom_looming_files[].placement,repeatable_entity_absent,0,[],"""before"""
doi:10.1038/srep18603,mixed_publication_and_experiment_scope,serino_2015_peri_hand_exp3,study_templates/serino_2015_peri_hand_exp3.json,design.custom_looming_files[].placement,repeatable_entity_absent,0,[],"""before"""
doi:10.1038/srep18603,mixed_publication_and_experiment_scope,serino_2015_peri_trunk_exp1,study_templates/serino_2015_peri_trunk_exp1.json,design.custom_looming_files[].placement,repeatable_entity_absent,0,[],"""before"""
doi:10.1038/srep18603,mixed_publication_and_experiment_scope,serino_2015_front_back_trunk_exp2,study_templates/serino_2015_front_back_trunk_exp2.json,design.custom_looming_files[].target_source_label,repeatable_entity_absent,0,[],""""""
doi:10.1038/srep18603,mixed_publication_and_experiment_scope,serino_2015_peri_hand_exp3,study_templates/serino_2015_peri_hand_exp3.json,design.custom_looming_files[].target_source_label,repeatable_entity_absent,0,[],""""""
doi:10.1038/srep18603,mixed_publication_and_experiment_scope,serino_2015_peri_trunk_exp1,study_templates/serino_2015_peri_trunk_exp1.json,design.custom_looming_files[].target_source_label,repeatable_entity_absent,0,[],""""""
doi:10.1038/srep18603,mixed_publication_and_experiment_scope,serino_2015_front_back_trunk_exp2,study_templates/serino_2015_front_back_trunk_exp2.json,design.custom_looming_files[].phase,repeatable_entity_absent,0,[],""""""
doi:10.1038/srep18603,mixed_publication_and_experiment_scope,serino_2015_peri_hand_exp3,study_templates/serino_2015_peri_hand_exp3.json,design.custom_looming_files[].phase,repeatable_entity_absent,0,[],""""""
doi:10.1038/srep18603,mixed_publication_and_experiment_scope,serino_2015_peri_trunk_exp1,study_templates/serino_2015_peri_trunk_exp1.json,design.custom_looming_files[].phase,repeatable_entity_absent,0,[],""""""
doi:10.1038/srep18603,mixed_publication_and_experiment_scope,serino_2015_front_back_trunk_exp2,study_templates/serino_2015_front_back_trunk_exp2.json,design.custom_looming_files[].gap_s,repeatable_entity_absent,0,[],0.0
doi:10.1038/srep18603,mixed_publication_and_experiment_scope,serino_2015_peri_hand_exp3,study_templates/serino_2015_peri_hand_exp3.json,design.custom_looming_files[].gap_s,repeatable_entity_absent,0,[],0.0
doi:10.1038/srep18603,mixed_publication_and_experiment_scope,serino_2015_peri_trunk_exp1,study_templates/serino_2015_peri_trunk_exp1.json,design.custom_looming_files[].gap_s,repeatable_entity_absent,0,[],0.0
doi:10.1038/srep18603,mixed_publication_and_experiment_scope,serino_2015_front_back_trunk_exp2,study_templates/serino_2015_front_back_trunk_exp2.json,design.custom_looming_files[].sequence_order,repeatable_entity_absent,0,[],0
doi:10.1038/srep18603,mixed_publication_and_experiment_scope,serino_2015_peri_hand_exp3,study_templates/serino_2015_peri_hand_exp3.json,design.custom_looming_files[].sequence_order,repeatable_entity_absent,0,[],0
doi:10.1038/srep18603,mixed_publication_and_experiment_scope,serino_2015_peri_trunk_exp1,study_templates/serino_2015_peri_trunk_exp1.json,design.custom_looming_files[].sequence_order,repeatable_entity_absent,0,[],0
doi:10.1038/srep18603,mixed_publication_and_experiment_scope,serino_2015_front_back_trunk_exp2,study_templates/serino_2015_front_back_trunk_exp2.json,design.custom_looming_files[].motion_mode,repeatable_entity_absent,0,[],"""looming"""
doi:10.1038/srep18603,mixed_publication_and_experiment_scope,serino_2015_peri_hand_exp3,study_templates/serino_2015_peri_hand_exp3.json,design.custom_looming_files[].motion_mode,repeatable_entity_absent,0,[],"""looming"""
doi:10.1038/srep18603,mixed_publication_and_experiment_scope,serino_2015_peri_trunk_exp1,study_templates/serino_2015_peri_trunk_exp1.json,design.custom_looming_files[].motion_mode,repeatable_entity_absent,0,[],"""looming"""
doi:10.1038/srep18603,mixed_publication_and_experiment_scope,serino_2015_front_back_trunk_exp2,study_templates/serino_2015_front_back_trunk_exp2.json,design.custom_looming_files[].trajectory_snapshot,repeatable_entity_absent,0,[],{}
doi:10.1038/srep18603,mixed_publication_and_experiment_scope,serino_2015_peri_hand_exp3,study_templates/serino_2015_peri_hand_exp3.json,design.custom_looming_files[].trajectory_snapshot,repeatable_entity_absent,0,[],{}
doi:10.1038/srep18603,mixed_publication_and_experiment_scope,serino_2015_peri_trunk_exp1,study_templates/serino_2015_peri_trunk_exp1.json,design.custom_looming_files[].trajectory_snapshot,repeatable_entity_absent,0,[],{}
doi:10.1038/srep18603,mixed_publication_and_experiment_scope,serino_2015_front_back_trunk_exp2,study_templates/serino_2015_front_back_trunk_exp2.json,design.custom_looming_files[].display_color_hex,repeatable_entity_absent,0,[],""""""
doi:10.1038/srep18603,mixed_publication_and_experiment_scope,serino_2015_peri_hand_exp3,study_templates/serino_2015_peri_hand_exp3.json,design.custom_looming_files[].display_color_hex,repeatable_entity_absent,0,[],""""""
doi:10.1038/srep18603,mixed_publication_and_experiment_scope,serino_2015_peri_trunk_exp1,study_templates/serino_2015_peri_trunk_exp1.json,design.custom_looming_files[].display_color_hex,repeatable_entity_absent,0,[],""""""
doi:10.1038/srep18603,mixed_publication_and_experiment_scope,serino_2015_front_back_trunk_exp2,study_templates/serino_2015_front_back_trunk_exp2.json,design.custom_looming_files[].source_input_path,repeatable_entity_absent,0,[],""""""
doi:10.1038/srep18603,mixed_publication_and_experiment_scope,serino_2015_peri_hand_exp3,study_templates/serino_2015_peri_hand_exp3.json,design.custom_looming_files[].source_input_path,repeatable_entity_absent,0,[],""""""
doi:10.1038/srep18603,mixed_publication_and_experiment_scope,serino_2015_peri_trunk_exp1,study_templates/serino_2015_peri_trunk_exp1.json,design.custom_looming_files[].source_input_path,repeatable_entity_absent,0,[],""""""
doi:10.1038/srep18603,mixed_publication_and_experiment_scope,serino_2015_front_back_trunk_exp2,study_templates/serino_2015_front_back_trunk_exp2.json,design.prestimulus_files[].label,repeatable_entity_absent,0,[],
doi:10.1038/srep18603,mixed_publication_and_experiment_scope,serino_2015_peri_hand_exp3,study_templates/serino_2015_peri_hand_exp3.json,design.prestimulus_files[].label,repeatable_entity_absent,0,[],
doi:10.1038/srep18603,mixed_publication_and_experiment_scope,serino_2015_peri_trunk_exp1,study_templates/serino_2015_peri_trunk_exp1.json,design.prestimulus_files[].label,repeatable_entity_absent,0,[],
doi:10.1038/srep18603,mixed_publication_and_experiment_scope,serino_2015_front_back_trunk_exp2,study_templates/serino_2015_front_back_trunk_exp2.json,design.prestimulus_files[].path,repeatable_entity_absent,0,[],
doi:10.1038/srep18603,mixed_publication_and_experiment_scope,serino_2015_peri_hand_exp3,study_templates/serino_2015_peri_hand_exp3.json,design.prestimulus_files[].path,repeatable_entity_absent,0,[],
doi:10.1038/srep18603,mixed_publication_and_experiment_scope,serino_2015_peri_trunk_exp1,study_templates/serino_2015_peri_trunk_exp1.json,design.prestimulus_files[].path,repeatable_entity_absent,0,[],
doi:10.1038/srep18603,mixed_publication_and_experiment_scope,serino_2015_front_back_trunk_exp2,study_templates/serino_2015_front_back_trunk_exp2.json,design.prestimulus_files[].target_duration_s,repeatable_entity_absent,0,[],4.0
doi:10.1038/srep18603,mixed_publication_and_experiment_scope,serino_2015_peri_hand_exp3,study_templates/serino_2015_peri_hand_exp3.json,design.prestimulus_files[].target_duration_s,repeatable_entity_absent,0,[],4.0
doi:10.1038/srep18603,mixed_publication_and_experiment_scope,serino_2015_peri_trunk_exp1,study_templates/serino_2015_peri_trunk_exp1.json,design.prestimulus_files[].target_duration_s,repeatable_entity_absent,0,[],4.0
doi:10.1038/srep18603,mixed_publication_and_experiment_scope,serino_2015_front_back_trunk_exp2,study_templates/serino_2015_front_back_trunk_exp2.json,design.prestimulus_files[].render_mode,repeatable_entity_absent,0,[],"""preserve"""
doi:10.1038/srep18603,mixed_publication_and_experiment_scope,serino_2015_peri_hand_exp3,study_templates/serino_2015_peri_hand_exp3.json,design.prestimulus_files[].render_mode,repeatable_entity_absent,0,[],"""preserve"""
doi:10.1038/srep18603,mixed_publication_and_experiment_scope,serino_2015_peri_trunk_exp1,study_templates/serino_2015_peri_trunk_exp1.json,design.prestimulus_files[].render_mode,repeatable_entity_absent,0,[],"""preserve"""
doi:10.1038/srep18603,mixed_publication_and_experiment_scope,serino_2015_front_back_trunk_exp2,study_templates/serino_2015_front_back_trunk_exp2.json,design.prestimulus_files[].tone_type,repeatable_entity_absent,0,[],""""""
doi:10.1038/srep18603,mixed_publication_and_experiment_scope,serino_2015_peri_hand_exp3,study_templates/serino_2015_peri_hand_exp3.json,design.prestimulus_files[].tone_type,repeatable_entity_absent,0,[],""""""
doi:10.1038/srep18603,mixed_publication_and_experiment_scope,serino_2015_peri_trunk_exp1,study_templates/serino_2015_peri_trunk_exp1.json,design.prestimulus_files[].tone_type,repeatable_entity_absent,0,[],""""""
doi:10.1038/srep18603,mixed_publication_and_experiment_scope,serino_2015_front_back_trunk_exp2,study_templates/serino_2015_front_back_trunk_exp2.json,design.prestimulus_files[].gain,repeatable_entity_absent,0,[],1.0
doi:10.1038/srep18603,mixed_publication_and_experiment_scope,serino_2015_peri_hand_exp3,study_templates/serino_2015_peri_hand_exp3.json,design.prestimulus_files[].gain,repeatable_entity_absent,0,[],1.0
doi:10.1038/srep18603,mixed_publication_and_experiment_scope,serino_2015_peri_trunk_exp1,study_templates/serino_2015_peri_trunk_exp1.json,design.prestimulus_files[].gain,repeatable_entity_absent,0,[],1.0
doi:10.1038/srep18603,mixed_publication_and_experiment_scope,serino_2015_front_back_trunk_exp2,study_templates/serino_2015_front_back_trunk_exp2.json,design.prestimulus_files[].placement,repeatable_entity_absent,0,[],"""before"""
doi:10.1038/srep18603,mixed_publication_and_experiment_scope,serino_2015_peri_hand_exp3,study_templates/serino_2015_peri_hand_exp3.json,design.prestimulus_files[].placement,repeatable_entity_absent,0,[],"""before"""
doi:10.1038/srep18603,mixed_publication_and_experiment_scope,serino_2015_peri_trunk_exp1,study_templates/serino_2015_peri_trunk_exp1.json,design.prestimulus_files[].placement,repeatable_entity_absent,0,[],"""before"""
doi:10.1038/srep18603,mixed_publication_and_experiment_scope,serino_2015_front_back_trunk_exp2,study_templates/serino_2015_front_back_trunk_exp2.json,design.prestimulus_files[].target_source_label,repeatable_entity_absent,0,[],""""""
doi:10.1038/srep18603,mixed_publication_and_experiment_scope,serino_2015_peri_hand_exp3,study_templates/serino_2015_peri_hand_exp3.json,design.prestimulus_files[].target_source_label,repeatable_entity_absent,0,[],""""""
doi:10.1038/srep18603,mixed_publication_and_experiment_scope,serino_2015_peri_trunk_exp1,study_templates/serino_2015_peri_trunk_exp1.json,design.prestimulus_files[].target_source_label,repeatable_entity_absent,0,[],""""""
doi:10.1038/srep18603,mixed_publication_and_experiment_scope,serino_2015_front_back_trunk_exp2,study_templates/serino_2015_front_back_trunk_exp2.json,design.prestimulus_files[].phase,repeatable_entity_absent,0,[],""""""
doi:10.1038/srep18603,mixed_publication_and_experiment_scope,serino_2015_peri_hand_exp3,study_templates/serino_2015_peri_hand_exp3.json,design.prestimulus_files[].phase,repeatable_entity_absent,0,[],""""""
doi:10.1038/srep18603,mixed_publication_and_experiment_scope,serino_2015_peri_trunk_exp1,study_templates/serino_2015_peri_trunk_exp1.json,design.prestimulus_files[].phase,repeatable_entity_absent,0,[],""""""
doi:10.1038/srep18603,mixed_publication_and_experiment_scope,serino_2015_front_back_trunk_exp2,study_templates/serino_2015_front_back_trunk_exp2.json,design.prestimulus_files[].gap_s,repeatable_entity_absent,0,[],0.0
doi:10.1038/srep18603,mixed_publication_and_experiment_scope,serino_2015_peri_hand_exp3,study_templates/serino_2015_peri_hand_exp3.json,design.prestimulus_files[].gap_s,repeatable_entity_absent,0,[],0.0
doi:10.1038/srep18603,mixed_publication_and_experiment_scope,serino_2015_peri_trunk_exp1,study_templates/serino_2015_peri_trunk_exp1.json,design.prestimulus_files[].gap_s,repeatable_entity_absent,0,[],0.0
doi:10.1038/srep18603,mixed_publication_and_experiment_scope,serino_2015_front_back_trunk_exp2,study_templates/serino_2015_front_back_trunk_exp2.json,design.prestimulus_files[].sequence_order,repeatable_entity_absent,0,[],0
doi:10.1038/srep18603,mixed_publication_and_experiment_scope,serino_2015_peri_hand_exp3,study_templates/serino_2015_peri_hand_exp3.json,design.prestimulus_files[].sequence_order,repeatable_entity_absent,0,[],0
doi:10.1038/srep18603,mixed_publication_and_experiment_scope,serino_2015_peri_trunk_exp1,study_templates/serino_2015_peri_trunk_exp1.json,design.prestimulus_files[].sequence_order,repeatable_entity_absent,0,[],0
doi:10.1038/srep18603,mixed_publication_and_experiment_scope,serino_2015_front_back_trunk_exp2,study_templates/serino_2015_front_back_trunk_exp2.json,design.prestimulus_files[].motion_mode,repeatable_entity_absent,0,[],"""looming"""
doi:10.1038/srep18603,mixed_publication_and_experiment_scope,serino_2015_peri_hand_exp3,study_templates/serino_2015_peri_hand_exp3.json,design.prestimulus_files[].motion_mode,repeatable_entity_absent,0,[],"""looming"""
doi:10.1038/srep18603,mixed_publication_and_experiment_scope,serino_2015_peri_trunk_exp1,study_templates/serino_2015_peri_trunk_exp1.json,design.prestimulus_files[].motion_mode,repeatable_entity_absent,0,[],"""looming"""
doi:10.1038/srep18603,mixed_publication_and_experiment_scope,serino_2015_front_back_trunk_exp2,study_templates/serino_2015_front_back_trunk_exp2.json,design.prestimulus_files[].trajectory_snapshot,repeatable_entity_absent,0,[],{}
doi:10.1038/srep18603,mixed_publication_and_experiment_scope,serino_2015_peri_hand_exp3,study_templates/serino_2015_peri_hand_exp3.json,design.prestimulus_files[].trajectory_snapshot,repeatable_entity_absent,0,[],{}
doi:10.1038/srep18603,mixed_publication_and_experiment_scope,serino_2015_peri_trunk_exp1,study_templates/serino_2015_peri_trunk_exp1.json,design.prestimulus_files[].trajectory_snapshot,repeatable_entity_absent,0,[],{}
doi:10.1038/srep18603,mixed_publication_and_experiment_scope,serino_2015_front_back_trunk_exp2,study_templates/serino_2015_front_back_trunk_exp2.json,design.prestimulus_files[].display_color_hex,repeatable_entity_absent,0,[],""""""
doi:10.1038/srep18603,mixed_publication_and_experiment_scope,serino_2015_peri_hand_exp3,study_templates/serino_2015_peri_hand_exp3.json,design.prestimulus_files[].display_color_hex,repeatable_entity_absent,0,[],""""""
doi:10.1038/srep18603,mixed_publication_and_experiment_scope,serino_2015_peri_trunk_exp1,study_templates/serino_2015_peri_trunk_exp1.json,design.prestimulus_files[].display_color_hex,repeatable_entity_absent,0,[],""""""
doi:10.1038/srep18603,mixed_publication_and_experiment_scope,serino_2015_front_back_trunk_exp2,study_templates/serino_2015_front_back_trunk_exp2.json,design.prestimulus_files[].source_input_path,repeatable_entity_absent,0,[],""""""
doi:10.1038/srep18603,mixed_publication_and_experiment_scope,serino_2015_peri_hand_exp3,study_templates/serino_2015_peri_hand_exp3.json,design.prestimulus_files[].source_input_path,repeatable_entity_absent,0,[],""""""
doi:10.1038/srep18603,mixed_publication_and_experiment_scope,serino_2015_peri_trunk_exp1,study_templates/serino_2015_peri_trunk_exp1.json,design.prestimulus_files[].source_input_path,repeatable_entity_absent,0,[],""""""
doi:10.1038/srep18603,mixed_publication_and_experiment_scope,serino_2015_front_back_trunk_exp2,study_templates/serino_2015_front_back_trunk_exp2.json,design.trajectory.start_radius_m,serialized_explicit,1,[1.0],1.1
doi:10.1038/srep18603,mixed_publication_and_experiment_scope,serino_2015_peri_hand_exp3,study_templates/serino_2015_peri_hand_exp3.json,design.trajectory.start_radius_m,serialized_explicit,1,[0.993680029],1.1
doi:10.1038/srep18603,mixed_publication_and_experiment_scope,serino_2015_peri_trunk_exp1,study_templates/serino_2015_peri_trunk_exp1.json,design.trajectory.start_radius_m,serialized_explicit,1,[1.0],1.1
doi:10.1038/srep18603,mixed_publication_and_experiment_scope,serino_2015_front_back_trunk_exp2,study_templates/serino_2015_front_back_trunk_exp2.json,design.trajectory.end_radius_m,serialized_explicit,1,[1.0],0.1
doi:10.1038/srep18603,mixed_publication_and_experiment_scope,serino_2015_peri_hand_exp3,study_templates/serino_2015_peri_hand_exp3.json,design.trajectory.end_radius_m,serialized_explicit,1,[0.353553391],0.1
doi:10.1038/srep18603,mixed_publication_and_experiment_scope,serino_2015_peri_trunk_exp1,study_templates/serino_2015_peri_trunk_exp1.json,design.trajectory.end_radius_m,serialized_explicit,1,[0.05],0.1
doi:10.1038/srep18603,mixed_publication_and_experiment_scope,serino_2015_front_back_trunk_exp2,study_templates/serino_2015_front_back_trunk_exp2.json,design.trajectory.path_direction,serialized_explicit,1,"[""custom""]","""approach"""
doi:10.1038/srep18603,mixed_publication_and_experiment_scope,serino_2015_peri_hand_exp3,study_templates/serino_2015_peri_hand_exp3.json,design.trajectory.path_direction,serialized_explicit,1,"[""approach""]","""approach"""
doi:10.1038/srep18603,mixed_publication_and_experiment_scope,serino_2015_peri_trunk_exp1,study_templates/serino_2015_peri_trunk_exp1.json,design.trajectory.path_direction,serialized_explicit,1,"[""approach""]","""approach"""
doi:10.1038/srep18603,mixed_publication_and_experiment_scope,serino_2015_front_back_trunk_exp2,study_templates/serino_2015_front_back_trunk_exp2.json,design.trajectory.coordinate_mode,serialized_explicit,1,"[""cartesian""]","""polar"""
doi:10.1038/srep18603,mixed_publication_and_experiment_scope,serino_2015_peri_hand_exp3,study_templates/serino_2015_peri_hand_exp3.json,design.trajectory.coordinate_mode,serialized_explicit,1,"[""cartesian""]","""polar"""
doi:10.1038/srep18603,mixed_publication_and_experiment_scope,serino_2015_peri_trunk_exp1,study_templates/serino_2015_peri_trunk_exp1.json,design.trajectory.coordinate_mode,serialized_explicit,1,"[""cartesian""]","""polar"""
doi:10.1038/srep18603,mixed_publication_and_experiment_scope,serino_2015_front_back_trunk_exp2,study_templates/serino_2015_front_back_trunk_exp2.json,design.trajectory.start_x_m,serialized_explicit,1,[0.0],null
doi:10.1038/srep18603,mixed_publication_and_experiment_scope,serino_2015_peri_hand_exp3,study_templates/serino_2015_peri_hand_exp3.json,design.trajectory.start_x_m,serialized_explicit,1,[0.35],null
doi:10.1038/srep18603,mixed_publication_and_experiment_scope,serino_2015_peri_trunk_exp1,study_templates/serino_2015_peri_trunk_exp1.json,design.trajectory.start_x_m,serialized_explicit,1,[0.0],null
doi:10.1038/srep18603,mixed_publication_and_experiment_scope,serino_2015_front_back_trunk_exp2,study_templates/serino_2015_front_back_trunk_exp2.json,design.trajectory.start_y_m,serialized_explicit,1,[1.0],null
doi:10.1038/srep18603,mixed_publication_and_experiment_scope,serino_2015_peri_hand_exp3,study_templates/serino_2015_peri_hand_exp3.json,design.trajectory.start_y_m,serialized_explicit,1,[0.93],null
doi:10.1038/srep18603,mixed_publication_and_experiment_scope,serino_2015_peri_trunk_exp1,study_templates/serino_2015_peri_trunk_exp1.json,design.trajectory.start_y_m,serialized_explicit,1,[1.0],null
doi:10.1038/srep18603,mixed_publication_and_experiment_scope,serino_2015_front_back_trunk_exp2,study_templates/serino_2015_front_back_trunk_exp2.json,design.trajectory.start_z_m,serialized_explicit,1,[0.0],null
doi:10.1038/srep18603,mixed_publication_and_experiment_scope,serino_2015_peri_hand_exp3,study_templates/serino_2015_peri_hand_exp3.json,design.trajectory.start_z_m,serialized_explicit,1,[0.0],null
doi:10.1038/srep18603,mixed_publication_and_experiment_scope,serino_2015_peri_trunk_exp1,study_templates/serino_2015_peri_trunk_exp1.json,design.trajectory.start_z_m,serialized_explicit,1,[0.0],null
doi:10.1038/srep18603,mixed_publication_and_experiment_scope,serino_2015_front_back_trunk_exp2,study_templates/serino_2015_front_back_trunk_exp2.json,design.trajectory.end_x_m,serialized_explicit,1,[0.0],null
doi:10.1038/srep18603,mixed_publication_and_experiment_scope,serino_2015_peri_hand_exp3,study_templates/serino_2015_peri_hand_exp3.json,design.trajectory.end_x_m,serialized_explicit,1,[0.35],null
doi:10.1038/srep18603,mixed_publication_and_experiment_scope,serino_2015_peri_trunk_exp1,study_templates/serino_2015_peri_trunk_exp1.json,design.trajectory.end_x_m,serialized_explicit,1,[0.0],null
doi:10.1038/srep18603,mixed_publication_and_experiment_scope,serino_2015_front_back_trunk_exp2,study_templates/serino_2015_front_back_trunk_exp2.json,design.trajectory.end_y_m,serialized_explicit,1,[-1.0],null
doi:10.1038/srep18603,mixed_publication_and_experiment_scope,serino_2015_peri_hand_exp3,study_templates/serino_2015_peri_hand_exp3.json,design.trajectory.end_y_m,serialized_explicit,1,[0.05],null
doi:10.1038/srep18603,mixed_publication_and_experiment_scope,serino_2015_peri_trunk_exp1,study_templates/serino_2015_peri_trunk_exp1.json,design.trajectory.end_y_m,serialized_explicit,1,[0.05],null
doi:10.1038/srep18603,mixed_publication_and_experiment_scope,serino_2015_front_back_trunk_exp2,study_templates/serino_2015_front_back_trunk_exp2.json,design.trajectory.end_z_m,serialized_explicit,1,[0.0],null
doi:10.1038/srep18603,mixed_publication_and_experiment_scope,serino_2015_peri_hand_exp3,study_templates/serino_2015_peri_hand_exp3.json,design.trajectory.end_z_m,serialized_explicit,1,[0.0],null
doi:10.1038/srep18603,mixed_publication_and_experiment_scope,serino_2015_peri_trunk_exp1,study_templates/serino_2015_peri_trunk_exp1.json,design.trajectory.end_z_m,serialized_explicit,1,[0.0],null
doi:10.1038/srep18603,mixed_publication_and_experiment_scope,serino_2015_front_back_trunk_exp2,study_templates/serino_2015_front_back_trunk_exp2.json,design.trajectory.path_length_m,serialized_explicit,1,[2.0],1.0
doi:10.1038/srep18603,mixed_publication_and_experiment_scope,serino_2015_peri_hand_exp3,study_templates/serino_2015_peri_hand_exp3.json,design.trajectory.path_length_m,serialized_explicit,1,[0.88],1.0
doi:10.1038/srep18603,mixed_publication_and_experiment_scope,serino_2015_peri_trunk_exp1,study_templates/serino_2015_peri_trunk_exp1.json,design.trajectory.path_length_m,serialized_explicit,1,[0.95],1.0
doi:10.1038/srep18603,mixed_publication_and_experiment_scope,serino_2015_front_back_trunk_exp2,study_templates/serino_2015_front_back_trunk_exp2.json,design.trajectory.propagation_speed_mps,serialized_explicit,1,[0.35],0.3333333333333333
doi:10.1038/srep18603,mixed_publication_and_experiment_scope,serino_2015_peri_hand_exp3,study_templates/serino_2015_peri_hand_exp3.json,design.trajectory.propagation_speed_mps,serialized_explicit,1,[0.293333333],0.3333333333333333
doi:10.1038/srep18603,mixed_publication_and_experiment_scope,serino_2015_peri_trunk_exp1,study_templates/serino_2015_peri_trunk_exp1.json,design.trajectory.propagation_speed_mps,serialized_explicit,1,[0.220009264],0.3333333333333333
doi:10.1038/srep18603,mixed_publication_and_experiment_scope,serino_2015_front_back_trunk_exp2,study_templates/serino_2015_front_back_trunk_exp2.json,design.trajectory.azimuth_start_deg,serialized_explicit,1,[0.0],0.0
doi:10.1038/srep18603,mixed_publication_and_experiment_scope,serino_2015_peri_hand_exp3,study_templates/serino_2015_peri_hand_exp3.json,design.trajectory.azimuth_start_deg,serialized_explicit,1,[20.623531383],0.0
doi:10.1038/srep18603,mixed_publication_and_experiment_scope,serino_2015_peri_trunk_exp1,study_templates/serino_2015_peri_trunk_exp1.json,design.trajectory.azimuth_start_deg,serialized_explicit,1,[0.0],0.0
doi:10.1038/srep18603,mixed_publication_and_experiment_scope,serino_2015_front_back_trunk_exp2,study_templates/serino_2015_front_back_trunk_exp2.json,design.trajectory.azimuth_end_deg,serialized_explicit,1,[180.0],0.0
doi:10.1038/srep18603,mixed_publication_and_experiment_scope,serino_2015_peri_hand_exp3,study_templates/serino_2015_peri_hand_exp3.json,design.trajectory.azimuth_end_deg,serialized_explicit,1,[81.869897646],0.0
doi:10.1038/srep18603,mixed_publication_and_experiment_scope,serino_2015_peri_trunk_exp1,study_templates/serino_2015_peri_trunk_exp1.json,design.trajectory.azimuth_end_deg,serialized_explicit,1,[0.0],0.0
doi:10.1038/srep18603,mixed_publication_and_experiment_scope,serino_2015_front_back_trunk_exp2,study_templates/serino_2015_front_back_trunk_exp2.json,design.trajectory.elevation_deg,serialized_explicit,1,[0.0],0.0
doi:10.1038/srep18603,mixed_publication_and_experiment_scope,serino_2015_peri_hand_exp3,study_templates/serino_2015_peri_hand_exp3.json,design.trajectory.elevation_deg,serialized_explicit,1,[0.0],0.0
doi:10.1038/srep18603,mixed_publication_and_experiment_scope,serino_2015_peri_trunk_exp1,study_templates/serino_2015_peri_trunk_exp1.json,design.trajectory.elevation_deg,serialized_explicit,1,[0.0],0.0
doi:10.1038/srep18603,mixed_publication_and_experiment_scope,serino_2015_front_back_trunk_exp2,study_templates/serino_2015_front_back_trunk_exp2.json,design.trajectory.padding_pre_s,serialized_explicit,1,[0.0],0.5
doi:10.1038/srep18603,mixed_publication_and_experiment_scope,serino_2015_peri_hand_exp3,study_templates/serino_2015_peri_hand_exp3.json,design.trajectory.padding_pre_s,serialized_explicit,1,[0.0],0.5
doi:10.1038/srep18603,mixed_publication_and_experiment_scope,serino_2015_peri_trunk_exp1,study_templates/serino_2015_peri_trunk_exp1.json,design.trajectory.padding_pre_s,serialized_explicit,1,[0.0],0.5
doi:10.1038/srep18603,mixed_publication_and_experiment_scope,serino_2015_front_back_trunk_exp2,study_templates/serino_2015_front_back_trunk_exp2.json,design.trajectory.padding_post_s,serialized_explicit,1,[0.0],0.5
doi:10.1038/srep18603,mixed_publication_and_experiment_scope,serino_2015_peri_hand_exp3,study_templates/serino_2015_peri_hand_exp3.json,design.trajectory.padding_post_s,serialized_explicit,1,[0.0],0.5
doi:10.1038/srep18603,mixed_publication_and_experiment_scope,serino_2015_peri_trunk_exp1,study_templates/serino_2015_peri_trunk_exp1.json,design.trajectory.padding_post_s,serialized_explicit,1,[0.0],0.5
doi:10.1038/srep18603,mixed_publication_and_experiment_scope,serino_2015_front_back_trunk_exp2,study_templates/serino_2015_front_back_trunk_exp2.json,design.trajectory.sample_rate,serialized_explicit,1,[44100],44100
doi:10.1038/srep18603,mixed_publication_and_experiment_scope,serino_2015_peri_hand_exp3,study_templates/serino_2015_peri_hand_exp3.json,design.trajectory.sample_rate,serialized_explicit,1,[44100],44100
doi:10.1038/srep18603,mixed_publication_and_experiment_scope,serino_2015_peri_trunk_exp1,study_templates/serino_2015_peri_trunk_exp1.json,design.trajectory.sample_rate,serialized_explicit,1,[44100],44100
doi:10.1038/srep18603,mixed_publication_and_experiment_scope,serino_2015_front_back_trunk_exp2,study_templates/serino_2015_front_back_trunk_exp2.json,design.trajectory.use_inverse_square,serialized_explicit,1,[true],true
doi:10.1038/srep18603,mixed_publication_and_experiment_scope,serino_2015_peri_hand_exp3,study_templates/serino_2015_peri_hand_exp3.json,design.trajectory.use_inverse_square,serialized_explicit,1,[true],true
doi:10.1038/srep18603,mixed_publication_and_experiment_scope,serino_2015_peri_trunk_exp1,study_templates/serino_2015_peri_trunk_exp1.json,design.trajectory.use_inverse_square,serialized_explicit,1,[true],true
doi:10.1038/srep18603,mixed_publication_and_experiment_scope,serino_2015_front_back_trunk_exp2,study_templates/serino_2015_front_back_trunk_exp2.json,design.protocol.repetitions_per_condition,serialized_explicit,1,[12],1
doi:10.1038/srep18603,mixed_publication_and_experiment_scope,serino_2015_peri_hand_exp3,study_templates/serino_2015_peri_hand_exp3.json,design.protocol.repetitions_per_condition,serialized_explicit,1,[16],1
doi:10.1038/srep18603,mixed_publication_and_experiment_scope,serino_2015_peri_trunk_exp1,study_templates/serino_2015_peri_trunk_exp1.json,design.protocol.repetitions_per_condition,serialized_explicit,1,[16],1
doi:10.1038/srep18603,mixed_publication_and_experiment_scope,serino_2015_front_back_trunk_exp2,study_templates/serino_2015_front_back_trunk_exp2.json,design.protocol.trial_pool_repetition_defaults,typed_or_parser_default_not_serialized,0,[],{}
doi:10.1038/srep18603,mixed_publication_and_experiment_scope,serino_2015_peri_hand_exp3,study_templates/serino_2015_peri_hand_exp3.json,design.protocol.trial_pool_repetition_defaults,typed_or_parser_default_not_serialized,0,[],{}
doi:10.1038/srep18603,mixed_publication_and_experiment_scope,serino_2015_peri_trunk_exp1,study_templates/serino_2015_peri_trunk_exp1.json,design.protocol.trial_pool_repetition_defaults,typed_or_parser_default_not_serialized,0,[],{}
doi:10.1038/srep18603,mixed_publication_and_experiment_scope,serino_2015_front_back_trunk_exp2,study_templates/serino_2015_front_back_trunk_exp2.json,design.protocol.soa_values_ms,serialized_explicit,1,"[[143,571,1000,1429,1857,2286,2714,3429,3857,4286,4714,5143,5571]]","[300,800,1500,2200,2700]"
doi:10.1038/srep18603,mixed_publication_and_experiment_scope,serino_2015_peri_hand_exp3,study_templates/serino_2015_peri_hand_exp3.json,design.protocol.soa_values_ms,serialized_explicit,1,"[[0,1000,1955,3000,4000]]","[300,800,1500,2200,2700]"
doi:10.1038/srep18603,mixed_publication_and_experiment_scope,serino_2015_peri_trunk_exp1,study_templates/serino_2015_peri_trunk_exp1.json,design.protocol.soa_values_ms,serialized_explicit,1,"[[0,864,1727,2591,3455,4318]]","[300,800,1500,2200,2700]"
doi:10.1038/srep18603,mixed_publication_and_experiment_scope,serino_2015_front_back_trunk_exp2,study_templates/serino_2015_front_back_trunk_exp2.json,design.protocol.spatial_values_cm,serialized_explicit,1,"[[95,80,65,50,35,20,5,20,35,50,65,80,95]]","[100.0,83.3,60.0,36.7,20.0]"
doi:10.1038/srep18603,mixed_publication_and_experiment_scope,serino_2015_peri_hand_exp3,study_templates/serino_2015_peri_hand_exp3.json,design.protocol.spatial_values_cm,serialized_explicit,1,"[[93,71,50,27,5]]","[100.0,83.3,60.0,36.7,20.0]"
doi:10.1038/srep18603,mixed_publication_and_experiment_scope,serino_2015_peri_trunk_exp1,study_templates/serino_2015_peri_trunk_exp1.json,design.protocol.spatial_values_cm,serialized_explicit,1,"[[100,81,62,43,24,5]]","[100.0,83.3,60.0,36.7,20.0]"
doi:10.1038/srep18603,mixed_publication_and_experiment_scope,serino_2015_front_back_trunk_exp2,study_templates/serino_2015_front_back_trunk_exp2.json,design.protocol.pair_spatial_values_with_soas,serialized_explicit,1,[true],true
doi:10.1038/srep18603,mixed_publication_and_experiment_scope,serino_2015_peri_hand_exp3,study_templates/serino_2015_peri_hand_exp3.json,design.protocol.pair_spatial_values_with_soas,serialized_explicit,1,[true],true
doi:10.1038/srep18603,mixed_publication_and_experiment_scope,serino_2015_peri_trunk_exp1,study_templates/serino_2015_peri_trunk_exp1.json,design.protocol.pair_spatial_values_with_soas,serialized_explicit,1,[true],true
doi:10.1038/srep18603,mixed_publication_and_experiment_scope,serino_2015_front_back_trunk_exp2,study_templates/serino_2015_front_back_trunk_exp2.json,design.protocol.auditory_motion_directions,serialized_explicit,1,"[[""front_to_back"",""back_to_front""]]","[""looming""]"
doi:10.1038/srep18603,mixed_publication_and_experiment_scope,serino_2015_peri_hand_exp3,study_templates/serino_2015_peri_hand_exp3.json,design.protocol.auditory_motion_directions,serialized_explicit,1,"[[""looming"",""receding""]]","[""looming""]"
doi:10.1038/srep18603,mixed_publication_and_experiment_scope,serino_2015_peri_trunk_exp1,study_templates/serino_2015_peri_trunk_exp1.json,design.protocol.auditory_motion_directions,serialized_explicit,1,"[[""looming"",""receding""]]","[""looming""]"
doi:10.1038/srep18603,mixed_publication_and_experiment_scope,serino_2015_front_back_trunk_exp2,study_templates/serino_2015_front_back_trunk_exp2.json,design.protocol.tactile_sites,serialized_explicit,1,"[[""front/back trunk site (sternum/back mapped by trajectory side)""]]","[""hand""]"
doi:10.1038/srep18603,mixed_publication_and_experiment_scope,serino_2015_peri_hand_exp3,study_templates/serino_2015_peri_hand_exp3.json,design.protocol.tactile_sites,serialized_explicit,1,"[[""hand""]]","[""hand""]"
doi:10.1038/srep18603,mixed_publication_and_experiment_scope,serino_2015_peri_trunk_exp1,study_templates/serino_2015_peri_trunk_exp1.json,design.protocol.tactile_sites,serialized_explicit,1,"[[""sternum/chest""]]","[""hand""]"
doi:10.1038/srep18603,mixed_publication_and_experiment_scope,serino_2015_front_back_trunk_exp2,study_templates/serino_2015_front_back_trunk_exp2.json,design.protocol.include_catch_trials,typed_or_parser_default_not_serialized,0,[],true
doi:10.1038/srep18603,mixed_publication_and_experiment_scope,serino_2015_peri_hand_exp3,study_templates/serino_2015_peri_hand_exp3.json,design.protocol.include_catch_trials,typed_or_parser_default_not_serialized,0,[],true
doi:10.1038/srep18603,mixed_publication_and_experiment_scope,serino_2015_peri_trunk_exp1,study_templates/serino_2015_peri_trunk_exp1.json,design.protocol.include_catch_trials,typed_or_parser_default_not_serialized,0,[],true
doi:10.1038/srep18603,mixed_publication_and_experiment_scope,serino_2015_front_back_trunk_exp2,study_templates/serino_2015_front_back_trunk_exp2.json,design.protocol.catch_trial_percentage,serialized_explicit,1,[10.0],10.0
doi:10.1038/srep18603,mixed_publication_and_experiment_scope,serino_2015_peri_hand_exp3,study_templates/serino_2015_peri_hand_exp3.json,design.protocol.catch_trial_percentage,serialized_explicit,1,[10.0],10.0
doi:10.1038/srep18603,mixed_publication_and_experiment_scope,serino_2015_peri_trunk_exp1,study_templates/serino_2015_peri_trunk_exp1.json,design.protocol.catch_trial_percentage,serialized_explicit,1,[10.0],10.0
doi:10.1038/srep18603,mixed_publication_and_experiment_scope,serino_2015_front_back_trunk_exp2,study_templates/serino_2015_front_back_trunk_exp2.json,design.protocol.catch_trials_exact,serialized_explicit,1,[24],null
doi:10.1038/srep18603,mixed_publication_and_experiment_scope,serino_2015_peri_hand_exp3,study_templates/serino_2015_peri_hand_exp3.json,design.protocol.catch_trials_exact,serialized_explicit,1,[16],null
doi:10.1038/srep18603,mixed_publication_and_experiment_scope,serino_2015_peri_trunk_exp1,study_templates/serino_2015_peri_trunk_exp1.json,design.protocol.catch_trials_exact,serialized_explicit,1,[32],null
doi:10.1038/srep18603,mixed_publication_and_experiment_scope,serino_2015_front_back_trunk_exp2,study_templates/serino_2015_front_back_trunk_exp2.json,design.protocol.catch_crosses_sequence_variants,typed_or_parser_default_not_serialized,0,[],true
doi:10.1038/srep18603,mixed_publication_and_experiment_scope,serino_2015_peri_hand_exp3,study_templates/serino_2015_peri_hand_exp3.json,design.protocol.catch_crosses_sequence_variants,serialized_explicit,1,[false],true
doi:10.1038/srep18603,mixed_publication_and_experiment_scope,serino_2015_peri_trunk_exp1,study_templates/serino_2015_peri_trunk_exp1.json,design.protocol.catch_crosses_sequence_variants,typed_or_parser_default_not_serialized,0,[],true
doi:10.1038/srep18603,mixed_publication_and_experiment_scope,serino_2015_front_back_trunk_exp2,study_templates/serino_2015_front_back_trunk_exp2.json,design.protocol.include_auditory_only_trials,typed_or_parser_default_not_serialized,0,[],false
doi:10.1038/srep18603,mixed_publication_and_experiment_scope,serino_2015_peri_hand_exp3,study_templates/serino_2015_peri_hand_exp3.json,design.protocol.include_auditory_only_trials,typed_or_parser_default_not_serialized,0,[],false
doi:10.1038/srep18603,mixed_publication_and_experiment_scope,serino_2015_peri_trunk_exp1,study_templates/serino_2015_peri_trunk_exp1.json,design.protocol.include_auditory_only_trials,typed_or_parser_default_not_serialized,0,[],false
doi:10.1038/srep18603,mixed_publication_and_experiment_scope,serino_2015_front_back_trunk_exp2,study_templates/serino_2015_front_back_trunk_exp2.json,design.protocol.auditory_only_trial_percentage,typed_or_parser_default_not_serialized,0,[],0.0
doi:10.1038/srep18603,mixed_publication_and_experiment_scope,serino_2015_peri_hand_exp3,study_templates/serino_2015_peri_hand_exp3.json,design.protocol.auditory_only_trial_percentage,typed_or_parser_default_not_serialized,0,[],0.0
doi:10.1038/srep18603,mixed_publication_and_experiment_scope,serino_2015_peri_trunk_exp1,study_templates/serino_2015_peri_trunk_exp1.json,design.protocol.auditory_only_trial_percentage,typed_or_parser_default_not_serialized,0,[],0.0
doi:10.1038/srep18603,mixed_publication_and_experiment_scope,serino_2015_front_back_trunk_exp2,study_templates/serino_2015_front_back_trunk_exp2.json,design.protocol.auditory_only_trials_exact,typed_or_parser_default_not_serialized,0,[],null
doi:10.1038/srep18603,mixed_publication_and_experiment_scope,serino_2015_peri_hand_exp3,study_templates/serino_2015_peri_hand_exp3.json,design.protocol.auditory_only_trials_exact,typed_or_parser_default_not_serialized,0,[],null
doi:10.1038/srep18603,mixed_publication_and_experiment_scope,serino_2015_peri_trunk_exp1,study_templates/serino_2015_peri_trunk_exp1.json,design.protocol.auditory_only_trials_exact,typed_or_parser_default_not_serialized,0,[],null
doi:10.1038/srep18603,mixed_publication_and_experiment_scope,serino_2015_front_back_trunk_exp2,study_templates/serino_2015_front_back_trunk_exp2.json,design.protocol.auditory_only_crosses_sequence_variants,typed_or_parser_default_not_serialized,0,[],true
doi:10.1038/srep18603,mixed_publication_and_experiment_scope,serino_2015_peri_hand_exp3,study_templates/serino_2015_peri_hand_exp3.json,design.protocol.auditory_only_crosses_sequence_variants,typed_or_parser_default_not_serialized,0,[],true
doi:10.1038/srep18603,mixed_publication_and_experiment_scope,serino_2015_peri_trunk_exp1,study_templates/serino_2015_peri_trunk_exp1.json,design.protocol.auditory_only_crosses_sequence_variants,typed_or_parser_default_not_serialized,0,[],true
doi:10.1038/srep18603,mixed_publication_and_experiment_scope,serino_2015_front_back_trunk_exp2,study_templates/serino_2015_front_back_trunk_exp2.json,design.protocol.include_baseline_trials,serialized_explicit,1,[true],true
doi:10.1038/srep18603,mixed_publication_and_experiment_scope,serino_2015_peri_hand_exp3,study_templates/serino_2015_peri_hand_exp3.json,design.protocol.include_baseline_trials,serialized_explicit,1,[true],true
doi:10.1038/srep18603,mixed_publication_and_experiment_scope,serino_2015_peri_trunk_exp1,study_templates/serino_2015_peri_trunk_exp1.json,design.protocol.include_baseline_trials,serialized_explicit,1,[true],true
doi:10.1038/srep18603,mixed_publication_and_experiment_scope,serino_2015_front_back_trunk_exp2,study_templates/serino_2015_front_back_trunk_exp2.json,design.protocol.baseline_strategy,typed_or_parser_default_not_serialized,0,[],"""tactile_only"""
doi:10.1038/srep18603,mixed_publication_and_experiment_scope,serino_2015_peri_hand_exp3,study_templates/serino_2015_peri_hand_exp3.json,design.protocol.baseline_strategy,typed_or_parser_default_not_serialized,0,[],"""tactile_only"""
doi:10.1038/srep18603,mixed_publication_and_experiment_scope,serino_2015_peri_trunk_exp1,study_templates/serino_2015_peri_trunk_exp1.json,design.protocol.baseline_strategy,typed_or_parser_default_not_serialized,0,[],"""tactile_only"""
doi:10.1038/srep18603,mixed_publication_and_experiment_scope,serino_2015_front_back_trunk_exp2,study_templates/serino_2015_front_back_trunk_exp2.json,design.protocol.baseline_trials_exact,serialized_explicit,1,[36],null
doi:10.1038/srep18603,mixed_publication_and_experiment_scope,serino_2015_peri_hand_exp3,study_templates/serino_2015_peri_hand_exp3.json,design.protocol.baseline_trials_exact,typed_or_parser_default_not_serialized,0,[],null
doi:10.1038/srep18603,mixed_publication_and_experiment_scope,serino_2015_peri_trunk_exp1,study_templates/serino_2015_peri_trunk_exp1.json,design.protocol.baseline_trials_exact,typed_or_parser_default_not_serialized,0,[],null
doi:10.1038/srep18603,mixed_publication_and_experiment_scope,serino_2015_front_back_trunk_exp2,study_templates/serino_2015_front_back_trunk_exp2.json,design.protocol.baseline_trial_percentage,typed_or_parser_default_not_serialized,0,[],0.0
doi:10.1038/srep18603,mixed_publication_and_experiment_scope,serino_2015_peri_hand_exp3,study_templates/serino_2015_peri_hand_exp3.json,design.protocol.baseline_trial_percentage,typed_or_parser_default_not_serialized,0,[],0.0
doi:10.1038/srep18603,mixed_publication_and_experiment_scope,serino_2015_peri_trunk_exp1,study_templates/serino_2015_peri_trunk_exp1.json,design.protocol.baseline_trial_percentage,typed_or_parser_default_not_serialized,0,[],0.0
doi:10.1038/srep18603,mixed_publication_and_experiment_scope,serino_2015_front_back_trunk_exp2,study_templates/serino_2015_front_back_trunk_exp2.json,design.protocol.baseline_soa_values_ms,serialized_explicit,1,"[[143,2714,5571]]",[]
doi:10.1038/srep18603,mixed_publication_and_experiment_scope,serino_2015_peri_hand_exp3,study_templates/serino_2015_peri_hand_exp3.json,design.protocol.baseline_soa_values_ms,serialized_explicit,1,"[[0,4000]]",[]
doi:10.1038/srep18603,mixed_publication_and_experiment_scope,serino_2015_peri_trunk_exp1,study_templates/serino_2015_peri_trunk_exp1.json,design.protocol.baseline_soa_values_ms,serialized_explicit,1,"[[0,4318]]",[]
doi:10.1038/srep18603,mixed_publication_and_experiment_scope,serino_2015_front_back_trunk_exp2,study_templates/serino_2015_front_back_trunk_exp2.json,design.protocol.baseline_custom_trial_mode,typed_or_parser_default_not_serialized,0,[],"""tactile_only"""
doi:10.1038/srep18603,mixed_publication_and_experiment_scope,serino_2015_peri_hand_exp3,study_templates/serino_2015_peri_hand_exp3.json,design.protocol.baseline_custom_trial_mode,typed_or_parser_default_not_serialized,0,[],"""tactile_only"""
doi:10.1038/srep18603,mixed_publication_and_experiment_scope,serino_2015_peri_trunk_exp1,study_templates/serino_2015_peri_trunk_exp1.json,design.protocol.baseline_custom_trial_mode,typed_or_parser_default_not_serialized,0,[],"""tactile_only"""
doi:10.1038/srep18603,mixed_publication_and_experiment_scope,serino_2015_front_back_trunk_exp2,study_templates/serino_2015_front_back_trunk_exp2.json,design.protocol.baseline_crosses_sequence_variants,serialized_explicit,1,[false],true
doi:10.1038/srep18603,mixed_publication_and_experiment_scope,serino_2015_peri_hand_exp3,study_templates/serino_2015_peri_hand_exp3.json,design.protocol.baseline_crosses_sequence_variants,serialized_explicit,1,[false],true
doi:10.1038/srep18603,mixed_publication_and_experiment_scope,serino_2015_peri_trunk_exp1,study_templates/serino_2015_peri_trunk_exp1.json,design.protocol.baseline_crosses_sequence_variants,typed_or_parser_default_not_serialized,0,[],true
doi:10.1038/srep18603,mixed_publication_and_experiment_scope,serino_2015_front_back_trunk_exp2,study_templates/serino_2015_front_back_trunk_exp2.json,design.protocol.respiratory_phases,serialized_explicit,1,"[[""Any""]]","[""Inhale"",""Exhale""]"
doi:10.1038/srep18603,mixed_publication_and_experiment_scope,serino_2015_peri_hand_exp3,study_templates/serino_2015_peri_hand_exp3.json,design.protocol.respiratory_phases,serialized_explicit,1,"[[""Any""]]","[""Inhale"",""Exhale""]"
doi:10.1038/srep18603,mixed_publication_and_experiment_scope,serino_2015_peri_trunk_exp1,study_templates/serino_2015_peri_trunk_exp1.json,design.protocol.respiratory_phases,serialized_explicit,1,"[[""Any""]]","[""Inhale"",""Exhale""]"
doi:10.1038/srep18603,mixed_publication_and_experiment_scope,serino_2015_front_back_trunk_exp2,study_templates/serino_2015_front_back_trunk_exp2.json,design.protocol.blocks,serialized_explicit,1,[1],6
doi:10.1038/srep18603,mixed_publication_and_experiment_scope,serino_2015_peri_hand_exp3,study_templates/serino_2015_peri_hand_exp3.json,design.protocol.blocks,serialized_explicit,1,[1],6
doi:10.1038/srep18603,mixed_publication_and_experiment_scope,serino_2015_peri_trunk_exp1,study_templates/serino_2015_peri_trunk_exp1.json,design.protocol.blocks,serialized_explicit,1,[1],6
doi:10.1038/srep18603,mixed_publication_and_experiment_scope,serino_2015_front_back_trunk_exp2,study_templates/serino_2015_front_back_trunk_exp2.json,design.protocol.block_specs[].label,repeatable_entity_absent,0,[],
doi:10.1038/srep18603,mixed_publication_and_experiment_scope,serino_2015_peri_hand_exp3,study_templates/serino_2015_peri_hand_exp3.json,design.protocol.block_specs[].label,repeatable_entity_absent,0,[],
doi:10.1038/srep18603,mixed_publication_and_experiment_scope,serino_2015_peri_trunk_exp1,study_templates/serino_2015_peri_trunk_exp1.json,design.protocol.block_specs[].label,repeatable_entity_absent,0,[],
doi:10.1038/srep18603,mixed_publication_and_experiment_scope,serino_2015_front_back_trunk_exp2,study_templates/serino_2015_front_back_trunk_exp2.json,design.protocol.block_specs[].stimulus_types,repeatable_entity_absent,0,[],"[""Audio-Tactile"",""Baseline"",""Catch""]"
doi:10.1038/srep18603,mixed_publication_and_experiment_scope,serino_2015_peri_hand_exp3,study_templates/serino_2015_peri_hand_exp3.json,design.protocol.block_specs[].stimulus_types,repeatable_entity_absent,0,[],"[""Audio-Tactile"",""Baseline"",""Catch""]"
doi:10.1038/srep18603,mixed_publication_and_experiment_scope,serino_2015_peri_trunk_exp1,study_templates/serino_2015_peri_trunk_exp1.json,design.protocol.block_specs[].stimulus_types,repeatable_entity_absent,0,[],"[""Audio-Tactile"",""Baseline"",""Catch""]"
doi:10.1038/srep18603,mixed_publication_and_experiment_scope,serino_2015_front_back_trunk_exp2,study_templates/serino_2015_front_back_trunk_exp2.json,design.protocol.repeat_trial_pool_per_block,typed_or_parser_default_not_serialized,0,[],false
doi:10.1038/srep18603,mixed_publication_and_experiment_scope,serino_2015_peri_hand_exp3,study_templates/serino_2015_peri_hand_exp3.json,design.protocol.repeat_trial_pool_per_block,typed_or_parser_default_not_serialized,0,[],false
doi:10.1038/srep18603,mixed_publication_and_experiment_scope,serino_2015_peri_trunk_exp1,study_templates/serino_2015_peri_trunk_exp1.json,design.protocol.repeat_trial_pool_per_block,typed_or_parser_default_not_serialized,0,[],false
doi:10.1038/srep18603,mixed_publication_and_experiment_scope,serino_2015_front_back_trunk_exp2,study_templates/serino_2015_front_back_trunk_exp2.json,design.protocol.distribute_trial_pool_across_blocks,typed_or_parser_default_not_serialized,0,[],false
doi:10.1038/srep18603,mixed_publication_and_experiment_scope,serino_2015_peri_hand_exp3,study_templates/serino_2015_peri_hand_exp3.json,design.protocol.distribute_trial_pool_across_blocks,typed_or_parser_default_not_serialized,0,[],false
doi:10.1038/srep18603,mixed_publication_and_experiment_scope,serino_2015_peri_trunk_exp1,study_templates/serino_2015_peri_trunk_exp1.json,design.protocol.distribute_trial_pool_across_blocks,typed_or_parser_default_not_serialized,0,[],false
doi:10.1038/srep18603,mixed_publication_and_experiment_scope,serino_2015_front_back_trunk_exp2,study_templates/serino_2015_front_back_trunk_exp2.json,design.protocol.trial_strips[].strip_id,serialized_explicit,1,"[""serino-front-back-trunk-row""]",""""""
doi:10.1038/srep18603,mixed_publication_and_experiment_scope,serino_2015_peri_hand_exp3,study_templates/serino_2015_peri_hand_exp3.json,design.protocol.trial_strips[].strip_id,serialized_explicit,1,"[""serino-peri-hand-row""]",""""""
doi:10.1038/srep18603,mixed_publication_and_experiment_scope,serino_2015_peri_trunk_exp1,study_templates/serino_2015_peri_trunk_exp1.json,design.protocol.trial_strips[].strip_id,serialized_explicit,1,"[""serino-peri-trunk-row""]",""""""
doi:10.1038/srep18603,mixed_publication_and_experiment_scope,serino_2015_front_back_trunk_exp2,study_templates/serino_2015_front_back_trunk_exp2.json,design.protocol.trial_strips[].label,serialized_explicit,1,"[""Front/back trunk moving-sound trial""]",""""""
doi:10.1038/srep18603,mixed_publication_and_experiment_scope,serino_2015_peri_hand_exp3,study_templates/serino_2015_peri_hand_exp3.json,design.protocol.trial_strips[].label,serialized_explicit,1,"[""Peri-hand moving-sound trial""]",""""""
doi:10.1038/srep18603,mixed_publication_and_experiment_scope,serino_2015_peri_trunk_exp1,study_templates/serino_2015_peri_trunk_exp1.json,design.protocol.trial_strips[].label,serialized_explicit,1,"[""Peri-trunk moving-sound trial""]",""""""
doi:10.1038/srep18603,mixed_publication_and_experiment_scope,serino_2015_front_back_trunk_exp2,study_templates/serino_2015_front_back_trunk_exp2.json,design.protocol.trial_strips[].audio_tactile_percentage,typed_or_parser_default_not_serialized,0,[],null
doi:10.1038/srep18603,mixed_publication_and_experiment_scope,serino_2015_peri_hand_exp3,study_templates/serino_2015_peri_hand_exp3.json,design.protocol.trial_strips[].audio_tactile_percentage,typed_or_parser_default_not_serialized,0,[],null
doi:10.1038/srep18603,mixed_publication_and_experiment_scope,serino_2015_peri_trunk_exp1,study_templates/serino_2015_peri_trunk_exp1.json,design.protocol.trial_strips[].audio_tactile_percentage,serialized_explicit,1,[100.0],null
doi:10.1038/srep18603,mixed_publication_and_experiment_scope,serino_2015_front_back_trunk_exp2,study_templates/serino_2015_front_back_trunk_exp2.json,design.protocol.trial_strips[].catch_percentage,typed_or_parser_default_not_serialized,0,[],null
doi:10.1038/srep18603,mixed_publication_and_experiment_scope,serino_2015_peri_hand_exp3,study_templates/serino_2015_peri_hand_exp3.json,design.protocol.trial_strips[].catch_percentage,typed_or_parser_default_not_serialized,0,[],null
doi:10.1038/srep18603,mixed_publication_and_experiment_scope,serino_2015_peri_trunk_exp1,study_templates/serino_2015_peri_trunk_exp1.json,design.protocol.trial_strips[].catch_percentage,serialized_explicit,1,[0.0],null
doi:10.1038/srep18603,mixed_publication_and_experiment_scope,serino_2015_front_back_trunk_exp2,study_templates/serino_2015_front_back_trunk_exp2.json,design.protocol.trial_strips[].baseline_percentage,typed_or_parser_default_not_serialized,0,[],null
doi:10.1038/srep18603,mixed_publication_and_experiment_scope,serino_2015_peri_hand_exp3,study_templates/serino_2015_peri_hand_exp3.json,design.protocol.trial_strips[].baseline_percentage,typed_or_parser_default_not_serialized,0,[],null
doi:10.1038/srep18603,mixed_publication_and_experiment_scope,serino_2015_peri_trunk_exp1,study_templates/serino_2015_peri_trunk_exp1.json,design.protocol.trial_strips[].baseline_percentage,serialized_explicit,1,[0.0],null
doi:10.1038/srep18603,mixed_publication_and_experiment_scope,serino_2015_front_back_trunk_exp2,study_templates/serino_2015_front_back_trunk_exp2.json,design.protocol.trial_strips[].soa_values_ms,typed_or_parser_default_not_serialized,0,[],[]
doi:10.1038/srep18603,mixed_publication_and_experiment_scope,serino_2015_peri_hand_exp3,study_templates/serino_2015_peri_hand_exp3.json,design.protocol.trial_strips[].soa_values_ms,typed_or_parser_default_not_serialized,0,[],[]
doi:10.1038/srep18603,mixed_publication_and_experiment_scope,serino_2015_peri_trunk_exp1,study_templates/serino_2015_peri_trunk_exp1.json,design.protocol.trial_strips[].soa_values_ms,typed_or_parser_default_not_serialized,0,[],[]
doi:10.1038/srep18603,mixed_publication_and_experiment_scope,serino_2015_front_back_trunk_exp2,study_templates/serino_2015_front_back_trunk_exp2.json,design.protocol.trial_strips[].spatial_values_cm,typed_or_parser_default_not_serialized,0,[],[]
doi:10.1038/srep18603,mixed_publication_and_experiment_scope,serino_2015_peri_hand_exp3,study_templates/serino_2015_peri_hand_exp3.json,design.protocol.trial_strips[].spatial_values_cm,typed_or_parser_default_not_serialized,0,[],[]
doi:10.1038/srep18603,mixed_publication_and_experiment_scope,serino_2015_peri_trunk_exp1,study_templates/serino_2015_peri_trunk_exp1.json,design.protocol.trial_strips[].spatial_values_cm,typed_or_parser_default_not_serialized,0,[],[]
doi:10.1038/srep18603,mixed_publication_and_experiment_scope,serino_2015_front_back_trunk_exp2,study_templates/serino_2015_front_back_trunk_exp2.json,design.protocol.trial_strips[].metadata,typed_or_parser_default_not_serialized,0,[],{}
doi:10.1038/srep18603,mixed_publication_and_experiment_scope,serino_2015_peri_hand_exp3,study_templates/serino_2015_peri_hand_exp3.json,design.protocol.trial_strips[].metadata,typed_or_parser_default_not_serialized,0,[],{}
doi:10.1038/srep18603,mixed_publication_and_experiment_scope,serino_2015_peri_trunk_exp1,study_templates/serino_2015_peri_trunk_exp1.json,design.protocol.trial_strips[].metadata,typed_or_parser_default_not_serialized,0,[],{}
doi:10.1038/srep18603,mixed_publication_and_experiment_scope,serino_2015_front_back_trunk_exp2,study_templates/serino_2015_front_back_trunk_exp2.json,design.protocol.trial_strips[].elements[].element_id,serialized_explicit,1,"[""serino-front-back-moving-sound""]",""""""
doi:10.1038/srep18603,mixed_publication_and_experiment_scope,serino_2015_peri_hand_exp3,study_templates/serino_2015_peri_hand_exp3.json,design.protocol.trial_strips[].elements[].element_id,serialized_explicit,1,"[""serino-peri-hand-moving-sound""]",""""""
doi:10.1038/srep18603,mixed_publication_and_experiment_scope,serino_2015_peri_trunk_exp1,study_templates/serino_2015_peri_trunk_exp1.json,design.protocol.trial_strips[].elements[].element_id,serialized_explicit,1,"[""serino-peri-trunk-moving-sound""]",""""""
doi:10.1038/srep18603,mixed_publication_and_experiment_scope,serino_2015_front_back_trunk_exp2,study_templates/serino_2015_front_back_trunk_exp2.json,design.protocol.trial_strips[].elements[].kind,serialized_explicit,1,"[""looming_stimulus""]","""looming_stimulus"""
doi:10.1038/srep18603,mixed_publication_and_experiment_scope,serino_2015_peri_hand_exp3,study_templates/serino_2015_peri_hand_exp3.json,design.protocol.trial_strips[].elements[].kind,serialized_explicit,1,"[""looming_stimulus""]","""looming_stimulus"""
doi:10.1038/srep18603,mixed_publication_and_experiment_scope,serino_2015_peri_trunk_exp1,study_templates/serino_2015_peri_trunk_exp1.json,design.protocol.trial_strips[].elements[].kind,serialized_explicit,1,"[""looming_stimulus""]","""looming_stimulus"""
doi:10.1038/srep18603,mixed_publication_and_experiment_scope,serino_2015_front_back_trunk_exp2,study_templates/serino_2015_front_back_trunk_exp2.json,design.protocol.trial_strips[].elements[].label,serialized_explicit,1,"[""Front-back moving sound""]",""""""
doi:10.1038/srep18603,mixed_publication_and_experiment_scope,serino_2015_peri_hand_exp3,study_templates/serino_2015_peri_hand_exp3.json,design.protocol.trial_strips[].elements[].label,serialized_explicit,1,"[""Hand moving sound""]",""""""
doi:10.1038/srep18603,mixed_publication_and_experiment_scope,serino_2015_peri_trunk_exp1,study_templates/serino_2015_peri_trunk_exp1.json,design.protocol.trial_strips[].elements[].label,serialized_explicit,1,"[""Trunk moving sound""]",""""""
doi:10.1038/srep18603,mixed_publication_and_experiment_scope,serino_2015_front_back_trunk_exp2,study_templates/serino_2015_front_back_trunk_exp2.json,design.protocol.trial_strips[].elements[].source_label,serialized_explicit,1,"[""""]",""""""
doi:10.1038/srep18603,mixed_publication_and_experiment_scope,serino_2015_peri_hand_exp3,study_templates/serino_2015_peri_hand_exp3.json,design.protocol.trial_strips[].elements[].source_label,serialized_explicit,1,"[""Hand moving sound""]",""""""
doi:10.1038/srep18603,mixed_publication_and_experiment_scope,serino_2015_peri_trunk_exp1,study_templates/serino_2015_peri_trunk_exp1.json,design.protocol.trial_strips[].elements[].source_label,serialized_explicit,1,"[""Trunk moving sound""]",""""""
doi:10.1038/srep18603,mixed_publication_and_experiment_scope,serino_2015_front_back_trunk_exp2,study_templates/serino_2015_front_back_trunk_exp2.json,design.protocol.trial_strips[].elements[].source_labels,serialized_explicit,1,[[]],[]
doi:10.1038/srep18603,mixed_publication_and_experiment_scope,serino_2015_peri_hand_exp3,study_templates/serino_2015_peri_hand_exp3.json,design.protocol.trial_strips[].elements[].source_labels,serialized_explicit,1,"[[""Hand moving sound""]]",[]
doi:10.1038/srep18603,mixed_publication_and_experiment_scope,serino_2015_peri_trunk_exp1,study_templates/serino_2015_peri_trunk_exp1.json,design.protocol.trial_strips[].elements[].source_labels,serialized_explicit,1,"[[""Trunk moving sound""]]",[]
doi:10.1038/srep18603,mixed_publication_and_experiment_scope,serino_2015_front_back_trunk_exp2,study_templates/serino_2015_front_back_trunk_exp2.json,design.protocol.trial_strips[].elements[].jitter_values_ms,typed_or_parser_default_not_serialized,0,[],[]
doi:10.1038/srep18603,mixed_publication_and_experiment_scope,serino_2015_peri_hand_exp3,study_templates/serino_2015_peri_hand_exp3.json,design.protocol.trial_strips[].elements[].jitter_values_ms,typed_or_parser_default_not_serialized,0,[],[]
doi:10.1038/srep18603,mixed_publication_and_experiment_scope,serino_2015_peri_trunk_exp1,study_templates/serino_2015_peri_trunk_exp1.json,design.protocol.trial_strips[].elements[].jitter_values_ms,typed_or_parser_default_not_serialized,0,[],[]
doi:10.1038/srep18603,mixed_publication_and_experiment_scope,serino_2015_front_back_trunk_exp2,study_templates/serino_2015_front_back_trunk_exp2.json,design.protocol.trial_strips[].elements[].randomized,serialized_explicit,1,[true],false
doi:10.1038/srep18603,mixed_publication_and_experiment_scope,serino_2015_peri_hand_exp3,study_templates/serino_2015_peri_hand_exp3.json,design.protocol.trial_strips[].elements[].randomized,serialized_explicit,1,[true],false
doi:10.1038/srep18603,mixed_publication_and_experiment_scope,serino_2015_peri_trunk_exp1,study_templates/serino_2015_peri_trunk_exp1.json,design.protocol.trial_strips[].elements[].randomized,serialized_explicit,1,[true],false
doi:10.1038/srep18603,mixed_publication_and_experiment_scope,serino_2015_front_back_trunk_exp2,study_templates/serino_2015_front_back_trunk_exp2.json,design.protocol.trial_randomization_strategy,serialized_explicit,1,"[""no_immediate_repeats""]","""no_immediate_repeats"""
doi:10.1038/srep18603,mixed_publication_and_experiment_scope,serino_2015_peri_hand_exp3,study_templates/serino_2015_peri_hand_exp3.json,design.protocol.trial_randomization_strategy,serialized_explicit,1,"[""no_immediate_repeats""]","""no_immediate_repeats"""
doi:10.1038/srep18603,mixed_publication_and_experiment_scope,serino_2015_peri_trunk_exp1,study_templates/serino_2015_peri_trunk_exp1.json,design.protocol.trial_randomization_strategy,serialized_explicit,1,"[""no_immediate_repeats""]","""no_immediate_repeats"""
doi:10.1038/srep18603,mixed_publication_and_experiment_scope,serino_2015_front_back_trunk_exp2,study_templates/serino_2015_front_back_trunk_exp2.json,design.protocol.block_order_randomization,serialized_explicit,1,"[""fixed""]","""counterbalanced_rotation"""
doi:10.1038/srep18603,mixed_publication_and_experiment_scope,serino_2015_peri_hand_exp3,study_templates/serino_2015_peri_hand_exp3.json,design.protocol.block_order_randomization,serialized_explicit,1,"[""fixed""]","""counterbalanced_rotation"""
doi:10.1038/srep18603,mixed_publication_and_experiment_scope,serino_2015_peri_trunk_exp1,study_templates/serino_2015_peri_trunk_exp1.json,design.protocol.block_order_randomization,serialized_explicit,1,"[""fixed""]","""counterbalanced_rotation"""
doi:10.1038/srep18603,mixed_publication_and_experiment_scope,serino_2015_front_back_trunk_exp2,study_templates/serino_2015_front_back_trunk_exp2.json,design.protocol.max_consecutive_same_trial_type,serialized_explicit,1,[2],2
doi:10.1038/srep18603,mixed_publication_and_experiment_scope,serino_2015_peri_hand_exp3,study_templates/serino_2015_peri_hand_exp3.json,design.protocol.max_consecutive_same_trial_type,serialized_explicit,1,[2],2
doi:10.1038/srep18603,mixed_publication_and_experiment_scope,serino_2015_peri_trunk_exp1,study_templates/serino_2015_peri_trunk_exp1.json,design.protocol.max_consecutive_same_trial_type,serialized_explicit,1,[2],2
doi:10.1038/srep18603,mixed_publication_and_experiment_scope,serino_2015_front_back_trunk_exp2,study_templates/serino_2015_front_back_trunk_exp2.json,design.protocol.participants,serialized_explicit,1,[16],50
doi:10.1038/srep18603,mixed_publication_and_experiment_scope,serino_2015_peri_hand_exp3,study_templates/serino_2015_peri_hand_exp3.json,design.protocol.participants,serialized_explicit,1,[16],50
doi:10.1038/srep18603,mixed_publication_and_experiment_scope,serino_2015_peri_trunk_exp1,study_templates/serino_2015_peri_trunk_exp1.json,design.protocol.participants,serialized_explicit,1,[15],50
doi:10.1038/srep18603,mixed_publication_and_experiment_scope,serino_2015_front_back_trunk_exp2,study_templates/serino_2015_front_back_trunk_exp2.json,design.protocol.random_seed,serialized_explicit,1,[20151224],20250604
doi:10.1038/srep18603,mixed_publication_and_experiment_scope,serino_2015_peri_hand_exp3,study_templates/serino_2015_peri_hand_exp3.json,design.protocol.random_seed,serialized_explicit,1,[20151223],20250604
doi:10.1038/srep18603,mixed_publication_and_experiment_scope,serino_2015_peri_trunk_exp1,study_templates/serino_2015_peri_trunk_exp1.json,design.protocol.random_seed,serialized_explicit,1,[20151222],20250604
doi:10.1038/srep18603,mixed_publication_and_experiment_scope,serino_2015_front_back_trunk_exp2,study_templates/serino_2015_front_back_trunk_exp2.json,design.protocol.participant_order_policy,typed_or_parser_default_not_serialized,0,[],{}
doi:10.1038/srep18603,mixed_publication_and_experiment_scope,serino_2015_peri_hand_exp3,study_templates/serino_2015_peri_hand_exp3.json,design.protocol.participant_order_policy,typed_or_parser_default_not_serialized,0,[],{}
doi:10.1038/srep18603,mixed_publication_and_experiment_scope,serino_2015_peri_trunk_exp1,study_templates/serino_2015_peri_trunk_exp1.json,design.protocol.participant_order_policy,typed_or_parser_default_not_serialized,0,[],{}
doi:10.1007/s00221-013-3532-2,composite_profile_not_experiment_scoped,canzoneri_2013_tool_use_reshaping,study_templates/canzoneri_2013_tool_use_reshaping.json,design.name,serialized_explicit,1,"[""Canzoneri 2013 tool-use PPS reshaping""]","""Study 5 PPS white/pink design"""
doi:10.1007/s00221-013-3532-2,composite_profile_not_experiment_scoped,canzoneri_2013_tool_use_reshaping,study_templates/canzoneri_2013_tool_use_reshaping.json,design.study_profile_id,serialized_explicit,1,"[""canzoneri_2013_tool_use_reshaping""]",""""""
doi:10.1007/s00221-013-3532-2,composite_profile_not_experiment_scoped,canzoneri_2013_tool_use_reshaping,study_templates/canzoneri_2013_tool_use_reshaping.json,design.study_profile_title,serialized_explicit,1,"[""Canzoneri 2013 tool-use PPS reshaping""]",""""""
doi:10.1007/s00221-013-3532-2,composite_profile_not_experiment_scoped,canzoneri_2013_tool_use_reshaping,study_templates/canzoneri_2013_tool_use_reshaping.json,design.study_profile_notes,serialized_explicit,1,"[""Tool-use PPS plasticity profile. The publication reports an audio-tactile interaction task before and after use of a 1 m tool. This preload captures the canonical Canzoneri-style PPS measurement scaffold; tool-use versus control-training session structure remains metadata until the GUI supports ordered intervention phases.""]",""""""
doi:10.1007/s00221-013-3532-2,composite_profile_not_experiment_scoped,canzoneri_2013_tool_use_reshaping,study_templates/canzoneri_2013_tool_use_reshaping.json,design.study_profile_reference_parameters,serialized_explicit,1,"[{""baseline_subtype"":""tactile-only timing controls during silence, exact table not verified from accessible source"",""catch_subtype"":""auditory-only no tactile target"",""implementation_gaps"":[""pre/post intervention phase order"",""tool-use versus pointing-control block factor"",""body-representation co-task metadata"",""exact trial count and ITI table from full paper""],""profile_type"":""audio_tactile_tool_use_plasticity"",""reported_intervention"":""1 m tool-use training before/after PPS measurement"",""response_rule"":""speeded response to tactile target, ignore sound"",""trial_family_scaffold"":""Canzoneri-style dynamic IN/OUT pink-noise task""}]",{}
doi:10.1007/s00221-013-3532-2,composite_profile_not_experiment_scoped,canzoneri_2013_tool_use_reshaping,study_templates/canzoneri_2013_tool_use_reshaping.json,design.sofa_file,serialized_explicit,1,"[""""]","""assets/0. Head-Related Impulse Response (HRIR) model/FABIAN_HRIR_measured_HATO_0.sofa"""
doi:10.1007/s00221-013-3532-2,composite_profile_not_experiment_scoped,canzoneri_2013_tool_use_reshaping,study_templates/canzoneri_2013_tool_use_reshaping.json,design.noises[].label,serialized_explicit,1,"[""Pink moving sound""]",
doi:10.1007/s00221-013-3532-2,composite_profile_not_experiment_scoped,canzoneri_2013_tool_use_reshaping,study_templates/canzoneri_2013_tool_use_reshaping.json,design.noises[].noise_type,serialized_explicit,1,"[""pink""]",
doi:10.1007/s00221-013-3532-2,composite_profile_not_experiment_scoped,canzoneri_2013_tool_use_reshaping,study_templates/canzoneri_2013_tool_use_reshaping.json,design.noises[].azimuth_deg,serialized_explicit,1,[0.0],0.0
doi:10.1007/s00221-013-3532-2,composite_profile_not_experiment_scoped,canzoneri_2013_tool_use_reshaping,study_templates/canzoneri_2013_tool_use_reshaping.json,design.noises[].elevation_deg,serialized_explicit,1,[0.0],0.0
doi:10.1007/s00221-013-3532-2,composite_profile_not_experiment_scoped,canzoneri_2013_tool_use_reshaping,study_templates/canzoneri_2013_tool_use_reshaping.json,design.noises[].gain,serialized_explicit,1,[1.0],1.0
doi:10.1007/s00221-013-3532-2,composite_profile_not_experiment_scoped,canzoneri_2013_tool_use_reshaping,study_templates/canzoneri_2013_tool_use_reshaping.json,design.noises[].source_profile,typed_or_parser_default_not_serialized,0,[],""""""
doi:10.1007/s00221-013-3532-2,composite_profile_not_experiment_scoped,canzoneri_2013_tool_use_reshaping,study_templates/canzoneri_2013_tool_use_reshaping.json,design.noises[].source_profile_parameters,typed_or_parser_default_not_serialized,0,[],{}
doi:10.1007/s00221-013-3532-2,composite_profile_not_experiment_scoped,canzoneri_2013_tool_use_reshaping,study_templates/canzoneri_2013_tool_use_reshaping.json,design.noises[].prebaked_path,typed_or_parser_default_not_serialized,0,[],""""""
doi:10.1007/s00221-013-3532-2,composite_profile_not_experiment_scoped,canzoneri_2013_tool_use_reshaping,study_templates/canzoneri_2013_tool_use_reshaping.json,design.noises[].sequence_order,typed_or_parser_default_not_serialized,0,[],0
doi:10.1007/s00221-013-3532-2,composite_profile_not_experiment_scoped,canzoneri_2013_tool_use_reshaping,study_templates/canzoneri_2013_tool_use_reshaping.json,design.noises[].motion_mode,typed_or_parser_default_not_serialized,0,[],"""looming"""
doi:10.1007/s00221-013-3532-2,composite_profile_not_experiment_scoped,canzoneri_2013_tool_use_reshaping,study_templates/canzoneri_2013_tool_use_reshaping.json,design.noises[].trajectory_snapshot,typed_or_parser_default_not_serialized,0,[],{}
doi:10.1007/s00221-013-3532-2,composite_profile_not_experiment_scoped,canzoneri_2013_tool_use_reshaping,study_templates/canzoneri_2013_tool_use_reshaping.json,design.custom_looming_files[].label,repeatable_entity_absent,0,[],
doi:10.1007/s00221-013-3532-2,composite_profile_not_experiment_scoped,canzoneri_2013_tool_use_reshaping,study_templates/canzoneri_2013_tool_use_reshaping.json,design.custom_looming_files[].path,repeatable_entity_absent,0,[],
doi:10.1007/s00221-013-3532-2,composite_profile_not_experiment_scoped,canzoneri_2013_tool_use_reshaping,study_templates/canzoneri_2013_tool_use_reshaping.json,design.custom_looming_files[].target_duration_s,repeatable_entity_absent,0,[],4.0
doi:10.1007/s00221-013-3532-2,composite_profile_not_experiment_scoped,canzoneri_2013_tool_use_reshaping,study_templates/canzoneri_2013_tool_use_reshaping.json,design.custom_looming_files[].render_mode,repeatable_entity_absent,0,[],"""preserve"""
doi:10.1007/s00221-013-3532-2,composite_profile_not_experiment_scoped,canzoneri_2013_tool_use_reshaping,study_templates/canzoneri_2013_tool_use_reshaping.json,design.custom_looming_files[].tone_type,repeatable_entity_absent,0,[],""""""
doi:10.1007/s00221-013-3532-2,composite_profile_not_experiment_scoped,canzoneri_2013_tool_use_reshaping,study_templates/canzoneri_2013_tool_use_reshaping.json,design.custom_looming_files[].gain,repeatable_entity_absent,0,[],1.0
doi:10.1007/s00221-013-3532-2,composite_profile_not_experiment_scoped,canzoneri_2013_tool_use_reshaping,study_templates/canzoneri_2013_tool_use_reshaping.json,design.custom_looming_files[].placement,repeatable_entity_absent,0,[],"""before"""
doi:10.1007/s00221-013-3532-2,composite_profile_not_experiment_scoped,canzoneri_2013_tool_use_reshaping,study_templates/canzoneri_2013_tool_use_reshaping.json,design.custom_looming_files[].target_source_label,repeatable_entity_absent,0,[],""""""
doi:10.1007/s00221-013-3532-2,composite_profile_not_experiment_scoped,canzoneri_2013_tool_use_reshaping,study_templates/canzoneri_2013_tool_use_reshaping.json,design.custom_looming_files[].phase,repeatable_entity_absent,0,[],""""""
doi:10.1007/s00221-013-3532-2,composite_profile_not_experiment_scoped,canzoneri_2013_tool_use_reshaping,study_templates/canzoneri_2013_tool_use_reshaping.json,design.custom_looming_files[].gap_s,repeatable_entity_absent,0,[],0.0
doi:10.1007/s00221-013-3532-2,composite_profile_not_experiment_scoped,canzoneri_2013_tool_use_reshaping,study_templates/canzoneri_2013_tool_use_reshaping.json,design.custom_looming_files[].sequence_order,repeatable_entity_absent,0,[],0
doi:10.1007/s00221-013-3532-2,composite_profile_not_experiment_scoped,canzoneri_2013_tool_use_reshaping,study_templates/canzoneri_2013_tool_use_reshaping.json,design.custom_looming_files[].motion_mode,repeatable_entity_absent,0,[],"""looming"""
doi:10.1007/s00221-013-3532-2,composite_profile_not_experiment_scoped,canzoneri_2013_tool_use_reshaping,study_templates/canzoneri_2013_tool_use_reshaping.json,design.custom_looming_files[].trajectory_snapshot,repeatable_entity_absent,0,[],{}
doi:10.1007/s00221-013-3532-2,composite_profile_not_experiment_scoped,canzoneri_2013_tool_use_reshaping,study_templates/canzoneri_2013_tool_use_reshaping.json,design.custom_looming_files[].display_color_hex,repeatable_entity_absent,0,[],""""""
doi:10.1007/s00221-013-3532-2,composite_profile_not_experiment_scoped,canzoneri_2013_tool_use_reshaping,study_templates/canzoneri_2013_tool_use_reshaping.json,design.custom_looming_files[].source_input_path,repeatable_entity_absent,0,[],""""""
doi:10.1007/s00221-013-3532-2,composite_profile_not_experiment_scoped,canzoneri_2013_tool_use_reshaping,study_templates/canzoneri_2013_tool_use_reshaping.json,design.prestimulus_files[].label,repeatable_entity_absent,0,[],
doi:10.1007/s00221-013-3532-2,composite_profile_not_experiment_scoped,canzoneri_2013_tool_use_reshaping,study_templates/canzoneri_2013_tool_use_reshaping.json,design.prestimulus_files[].path,repeatable_entity_absent,0,[],
doi:10.1007/s00221-013-3532-2,composite_profile_not_experiment_scoped,canzoneri_2013_tool_use_reshaping,study_templates/canzoneri_2013_tool_use_reshaping.json,design.prestimulus_files[].target_duration_s,repeatable_entity_absent,0,[],4.0
doi:10.1007/s00221-013-3532-2,composite_profile_not_experiment_scoped,canzoneri_2013_tool_use_reshaping,study_templates/canzoneri_2013_tool_use_reshaping.json,design.prestimulus_files[].render_mode,repeatable_entity_absent,0,[],"""preserve"""
doi:10.1007/s00221-013-3532-2,composite_profile_not_experiment_scoped,canzoneri_2013_tool_use_reshaping,study_templates/canzoneri_2013_tool_use_reshaping.json,design.prestimulus_files[].tone_type,repeatable_entity_absent,0,[],""""""
doi:10.1007/s00221-013-3532-2,composite_profile_not_experiment_scoped,canzoneri_2013_tool_use_reshaping,study_templates/canzoneri_2013_tool_use_reshaping.json,design.prestimulus_files[].gain,repeatable_entity_absent,0,[],1.0
doi:10.1007/s00221-013-3532-2,composite_profile_not_experiment_scoped,canzoneri_2013_tool_use_reshaping,study_templates/canzoneri_2013_tool_use_reshaping.json,design.prestimulus_files[].placement,repeatable_entity_absent,0,[],"""before"""
doi:10.1007/s00221-013-3532-2,composite_profile_not_experiment_scoped,canzoneri_2013_tool_use_reshaping,study_templates/canzoneri_2013_tool_use_reshaping.json,design.prestimulus_files[].target_source_label,repeatable_entity_absent,0,[],""""""
doi:10.1007/s00221-013-3532-2,composite_profile_not_experiment_scoped,canzoneri_2013_tool_use_reshaping,study_templates/canzoneri_2013_tool_use_reshaping.json,design.prestimulus_files[].phase,repeatable_entity_absent,0,[],""""""
doi:10.1007/s00221-013-3532-2,composite_profile_not_experiment_scoped,canzoneri_2013_tool_use_reshaping,study_templates/canzoneri_2013_tool_use_reshaping.json,design.prestimulus_files[].gap_s,repeatable_entity_absent,0,[],0.0
doi:10.1007/s00221-013-3532-2,composite_profile_not_experiment_scoped,canzoneri_2013_tool_use_reshaping,study_templates/canzoneri_2013_tool_use_reshaping.json,design.prestimulus_files[].sequence_order,repeatable_entity_absent,0,[],0
doi:10.1007/s00221-013-3532-2,composite_profile_not_experiment_scoped,canzoneri_2013_tool_use_reshaping,study_templates/canzoneri_2013_tool_use_reshaping.json,design.prestimulus_files[].motion_mode,repeatable_entity_absent,0,[],"""looming"""
doi:10.1007/s00221-013-3532-2,composite_profile_not_experiment_scoped,canzoneri_2013_tool_use_reshaping,study_templates/canzoneri_2013_tool_use_reshaping.json,design.prestimulus_files[].trajectory_snapshot,repeatable_entity_absent,0,[],{}
doi:10.1007/s00221-013-3532-2,composite_profile_not_experiment_scoped,canzoneri_2013_tool_use_reshaping,study_templates/canzoneri_2013_tool_use_reshaping.json,design.prestimulus_files[].display_color_hex,repeatable_entity_absent,0,[],""""""
doi:10.1007/s00221-013-3532-2,composite_profile_not_experiment_scoped,canzoneri_2013_tool_use_reshaping,study_templates/canzoneri_2013_tool_use_reshaping.json,design.prestimulus_files[].source_input_path,repeatable_entity_absent,0,[],""""""
doi:10.1007/s00221-013-3532-2,composite_profile_not_experiment_scoped,canzoneri_2013_tool_use_reshaping,study_templates/canzoneri_2013_tool_use_reshaping.json,design.trajectory.start_radius_m,serialized_explicit,1,[1.1],1.1
doi:10.1007/s00221-013-3532-2,composite_profile_not_experiment_scoped,canzoneri_2013_tool_use_reshaping,study_templates/canzoneri_2013_tool_use_reshaping.json,design.trajectory.end_radius_m,serialized_explicit,1,[0.1],0.1
doi:10.1007/s00221-013-3532-2,composite_profile_not_experiment_scoped,canzoneri_2013_tool_use_reshaping,study_templates/canzoneri_2013_tool_use_reshaping.json,design.trajectory.path_direction,serialized_explicit,1,"[""approach""]","""approach"""
doi:10.1007/s00221-013-3532-2,composite_profile_not_experiment_scoped,canzoneri_2013_tool_use_reshaping,study_templates/canzoneri_2013_tool_use_reshaping.json,design.trajectory.coordinate_mode,serialized_explicit,1,"[""cartesian""]","""polar"""
doi:10.1007/s00221-013-3532-2,composite_profile_not_experiment_scoped,canzoneri_2013_tool_use_reshaping,study_templates/canzoneri_2013_tool_use_reshaping.json,design.trajectory.start_x_m,serialized_explicit,1,[0.0],null
doi:10.1007/s00221-013-3532-2,composite_profile_not_experiment_scoped,canzoneri_2013_tool_use_reshaping,study_templates/canzoneri_2013_tool_use_reshaping.json,design.trajectory.start_y_m,serialized_explicit,1,[1.1],null
doi:10.1007/s00221-013-3532-2,composite_profile_not_experiment_scoped,canzoneri_2013_tool_use_reshaping,study_templates/canzoneri_2013_tool_use_reshaping.json,design.trajectory.start_z_m,serialized_explicit,1,[0.0],null
doi:10.1007/s00221-013-3532-2,composite_profile_not_experiment_scoped,canzoneri_2013_tool_use_reshaping,study_templates/canzoneri_2013_tool_use_reshaping.json,design.trajectory.end_x_m,serialized_explicit,1,[0.0],null
doi:10.1007/s00221-013-3532-2,composite_profile_not_experiment_scoped,canzoneri_2013_tool_use_reshaping,study_templates/canzoneri_2013_tool_use_reshaping.json,design.trajectory.end_y_m,serialized_explicit,1,[0.1],null
doi:10.1007/s00221-013-3532-2,composite_profile_not_experiment_scoped,canzoneri_2013_tool_use_reshaping,study_templates/canzoneri_2013_tool_use_reshaping.json,design.trajectory.end_z_m,serialized_explicit,1,[0.0],null
doi:10.1007/s00221-013-3532-2,composite_profile_not_experiment_scoped,canzoneri_2013_tool_use_reshaping,study_templates/canzoneri_2013_tool_use_reshaping.json,design.trajectory.path_length_m,serialized_explicit,1,[1.0],1.0
doi:10.1007/s00221-013-3532-2,composite_profile_not_experiment_scoped,canzoneri_2013_tool_use_reshaping,study_templates/canzoneri_2013_tool_use_reshaping.json,design.trajectory.propagation_speed_mps,serialized_explicit,1,[0.333333333],0.3333333333333333
doi:10.1007/s00221-013-3532-2,composite_profile_not_experiment_scoped,canzoneri_2013_tool_use_reshaping,study_templates/canzoneri_2013_tool_use_reshaping.json,design.trajectory.azimuth_start_deg,serialized_explicit,1,[0.0],0.0
doi:10.1007/s00221-013-3532-2,composite_profile_not_experiment_scoped,canzoneri_2013_tool_use_reshaping,study_templates/canzoneri_2013_tool_use_reshaping.json,design.trajectory.azimuth_end_deg,serialized_explicit,1,[0.0],0.0
doi:10.1007/s00221-013-3532-2,composite_profile_not_experiment_scoped,canzoneri_2013_tool_use_reshaping,study_templates/canzoneri_2013_tool_use_reshaping.json,design.trajectory.elevation_deg,serialized_explicit,1,[0.0],0.0
doi:10.1007/s00221-013-3532-2,composite_profile_not_experiment_scoped,canzoneri_2013_tool_use_reshaping,study_templates/canzoneri_2013_tool_use_reshaping.json,design.trajectory.padding_pre_s,serialized_explicit,1,[1.0],0.5
doi:10.1007/s00221-013-3532-2,composite_profile_not_experiment_scoped,canzoneri_2013_tool_use_reshaping,study_templates/canzoneri_2013_tool_use_reshaping.json,design.trajectory.padding_post_s,serialized_explicit,1,[1.0],0.5
doi:10.1007/s00221-013-3532-2,composite_profile_not_experiment_scoped,canzoneri_2013_tool_use_reshaping,study_templates/canzoneri_2013_tool_use_reshaping.json,design.trajectory.sample_rate,serialized_explicit,1,[44100],44100
doi:10.1007/s00221-013-3532-2,composite_profile_not_experiment_scoped,canzoneri_2013_tool_use_reshaping,study_templates/canzoneri_2013_tool_use_reshaping.json,design.trajectory.use_inverse_square,serialized_explicit,1,[true],true
doi:10.1007/s00221-013-3532-2,composite_profile_not_experiment_scoped,canzoneri_2013_tool_use_reshaping,study_templates/canzoneri_2013_tool_use_reshaping.json,design.protocol.repetitions_per_condition,serialized_explicit,1,[8],1
doi:10.1007/s00221-013-3532-2,composite_profile_not_experiment_scoped,canzoneri_2013_tool_use_reshaping,study_templates/canzoneri_2013_tool_use_reshaping.json,design.protocol.trial_pool_repetition_defaults,typed_or_parser_default_not_serialized,0,[],{}
doi:10.1007/s00221-013-3532-2,composite_profile_not_experiment_scoped,canzoneri_2013_tool_use_reshaping,study_templates/canzoneri_2013_tool_use_reshaping.json,design.protocol.soa_values_ms,serialized_explicit,1,"[[300,800,1500,2200,2700]]","[300,800,1500,2200,2700]"
doi:10.1007/s00221-013-3532-2,composite_profile_not_experiment_scoped,canzoneri_2013_tool_use_reshaping,study_templates/canzoneri_2013_tool_use_reshaping.json,design.protocol.spatial_values_cm,serialized_explicit,1,"[[100.0,83.3,60.0,36.7,20.0]]","[100.0,83.3,60.0,36.7,20.0]"
doi:10.1007/s00221-013-3532-2,composite_profile_not_experiment_scoped,canzoneri_2013_tool_use_reshaping,study_templates/canzoneri_2013_tool_use_reshaping.json,design.protocol.pair_spatial_values_with_soas,serialized_explicit,1,[true],true
doi:10.1007/s00221-013-3532-2,composite_profile_not_experiment_scoped,canzoneri_2013_tool_use_reshaping,study_templates/canzoneri_2013_tool_use_reshaping.json,design.protocol.auditory_motion_directions,serialized_explicit,1,"[[""looming"",""receding""]]","[""looming""]"
doi:10.1007/s00221-013-3532-2,composite_profile_not_experiment_scoped,canzoneri_2013_tool_use_reshaping,study_templates/canzoneri_2013_tool_use_reshaping.json,design.protocol.tactile_sites,serialized_explicit,1,"[[""right hand""]]","[""hand""]"
doi:10.1007/s00221-013-3532-2,composite_profile_not_experiment_scoped,canzoneri_2013_tool_use_reshaping,study_templates/canzoneri_2013_tool_use_reshaping.json,design.protocol.include_catch_trials,typed_or_parser_default_not_serialized,0,[],true
doi:10.1007/s00221-013-3532-2,composite_profile_not_experiment_scoped,canzoneri_2013_tool_use_reshaping,study_templates/canzoneri_2013_tool_use_reshaping.json,design.protocol.catch_trial_percentage,serialized_explicit,1,[30.0],10.0
doi:10.1007/s00221-013-3532-2,composite_profile_not_experiment_scoped,canzoneri_2013_tool_use_reshaping,study_templates/canzoneri_2013_tool_use_reshaping.json,design.protocol.catch_trials_exact,serialized_explicit,1,[null],null
doi:10.1007/s00221-013-3532-2,composite_profile_not_experiment_scoped,canzoneri_2013_tool_use_reshaping,study_templates/canzoneri_2013_tool_use_reshaping.json,design.protocol.catch_crosses_sequence_variants,typed_or_parser_default_not_serialized,0,[],true
doi:10.1007/s00221-013-3532-2,composite_profile_not_experiment_scoped,canzoneri_2013_tool_use_reshaping,study_templates/canzoneri_2013_tool_use_reshaping.json,design.protocol.include_auditory_only_trials,typed_or_parser_default_not_serialized,0,[],false
doi:10.1007/s00221-013-3532-2,composite_profile_not_experiment_scoped,canzoneri_2013_tool_use_reshaping,study_templates/canzoneri_2013_tool_use_reshaping.json,design.protocol.auditory_only_trial_percentage,typed_or_parser_default_not_serialized,0,[],0.0
doi:10.1007/s00221-013-3532-2,composite_profile_not_experiment_scoped,canzoneri_2013_tool_use_reshaping,study_templates/canzoneri_2013_tool_use_reshaping.json,design.protocol.auditory_only_trials_exact,typed_or_parser_default_not_serialized,0,[],null
doi:10.1007/s00221-013-3532-2,composite_profile_not_experiment_scoped,canzoneri_2013_tool_use_reshaping,study_templates/canzoneri_2013_tool_use_reshaping.json,design.protocol.auditory_only_crosses_sequence_variants,typed_or_parser_default_not_serialized,0,[],true
doi:10.1007/s00221-013-3532-2,composite_profile_not_experiment_scoped,canzoneri_2013_tool_use_reshaping,study_templates/canzoneri_2013_tool_use_reshaping.json,design.protocol.include_baseline_trials,serialized_explicit,1,[true],true
doi:10.1007/s00221-013-3532-2,composite_profile_not_experiment_scoped,canzoneri_2013_tool_use_reshaping,study_templates/canzoneri_2013_tool_use_reshaping.json,design.protocol.baseline_strategy,typed_or_parser_default_not_serialized,0,[],"""tactile_only"""
doi:10.1007/s00221-013-3532-2,composite_profile_not_experiment_scoped,canzoneri_2013_tool_use_reshaping,study_templates/canzoneri_2013_tool_use_reshaping.json,design.protocol.baseline_trials_exact,typed_or_parser_default_not_serialized,0,[],null
doi:10.1007/s00221-013-3532-2,composite_profile_not_experiment_scoped,canzoneri_2013_tool_use_reshaping,study_templates/canzoneri_2013_tool_use_reshaping.json,design.protocol.baseline_trial_percentage,typed_or_parser_default_not_serialized,0,[],0.0
doi:10.1007/s00221-013-3532-2,composite_profile_not_experiment_scoped,canzoneri_2013_tool_use_reshaping,study_templates/canzoneri_2013_tool_use_reshaping.json,design.protocol.baseline_soa_values_ms,serialized_explicit,1,"[[-700,3600]]",[]
doi:10.1007/s00221-013-3532-2,composite_profile_not_experiment_scoped,canzoneri_2013_tool_use_reshaping,study_templates/canzoneri_2013_tool_use_reshaping.json,design.protocol.baseline_custom_trial_mode,typed_or_parser_default_not_serialized,0,[],"""tactile_only"""
doi:10.1007/s00221-013-3532-2,composite_profile_not_experiment_scoped,canzoneri_2013_tool_use_reshaping,study_templates/canzoneri_2013_tool_use_reshaping.json,design.protocol.baseline_crosses_sequence_variants,typed_or_parser_default_not_serialized,0,[],true
doi:10.1007/s00221-013-3532-2,composite_profile_not_experiment_scoped,canzoneri_2013_tool_use_reshaping,study_templates/canzoneri_2013_tool_use_reshaping.json,design.protocol.respiratory_phases,serialized_explicit,1,"[[""pre-training"",""post-training""]]","[""Inhale"",""Exhale""]"
doi:10.1007/s00221-013-3532-2,composite_profile_not_experiment_scoped,canzoneri_2013_tool_use_reshaping,study_templates/canzoneri_2013_tool_use_reshaping.json,design.protocol.blocks,serialized_explicit,1,[4],6
doi:10.1007/s00221-013-3532-2,composite_profile_not_experiment_scoped,canzoneri_2013_tool_use_reshaping,study_templates/canzoneri_2013_tool_use_reshaping.json,design.protocol.block_specs[].label,repeatable_entity_absent,0,[],
doi:10.1007/s00221-013-3532-2,composite_profile_not_experiment_scoped,canzoneri_2013_tool_use_reshaping,study_templates/canzoneri_2013_tool_use_reshaping.json,design.protocol.block_specs[].stimulus_types,repeatable_entity_absent,0,[],"[""Audio-Tactile"",""Baseline"",""Catch""]"
doi:10.1007/s00221-013-3532-2,composite_profile_not_experiment_scoped,canzoneri_2013_tool_use_reshaping,study_templates/canzoneri_2013_tool_use_reshaping.json,design.protocol.repeat_trial_pool_per_block,typed_or_parser_default_not_serialized,0,[],false
doi:10.1007/s00221-013-3532-2,composite_profile_not_experiment_scoped,canzoneri_2013_tool_use_reshaping,study_templates/canzoneri_2013_tool_use_reshaping.json,design.protocol.distribute_trial_pool_across_blocks,typed_or_parser_default_not_serialized,0,[],false
doi:10.1007/s00221-013-3532-2,composite_profile_not_experiment_scoped,canzoneri_2013_tool_use_reshaping,study_templates/canzoneri_2013_tool_use_reshaping.json,design.protocol.trial_strips[].strip_id,serialized_explicit,1,"[""canzoneri-tool-use-dynamic-sound-row""]",""""""
doi:10.1007/s00221-013-3532-2,composite_profile_not_experiment_scoped,canzoneri_2013_tool_use_reshaping,study_templates/canzoneri_2013_tool_use_reshaping.json,design.protocol.trial_strips[].label,serialized_explicit,1,"[""Dynamic sound PPS trial""]",""""""
doi:10.1007/s00221-013-3532-2,composite_profile_not_experiment_scoped,canzoneri_2013_tool_use_reshaping,study_templates/canzoneri_2013_tool_use_reshaping.json,design.protocol.trial_strips[].audio_tactile_percentage,serialized_explicit,1,[100.0],null
doi:10.1007/s00221-013-3532-2,composite_profile_not_experiment_scoped,canzoneri_2013_tool_use_reshaping,study_templates/canzoneri_2013_tool_use_reshaping.json,design.protocol.trial_strips[].catch_percentage,serialized_explicit,1,[0.0],null
doi:10.1007/s00221-013-3532-2,composite_profile_not_experiment_scoped,canzoneri_2013_tool_use_reshaping,study_templates/canzoneri_2013_tool_use_reshaping.json,design.protocol.trial_strips[].baseline_percentage,serialized_explicit,1,[0.0],null
doi:10.1007/s00221-013-3532-2,composite_profile_not_experiment_scoped,canzoneri_2013_tool_use_reshaping,study_templates/canzoneri_2013_tool_use_reshaping.json,design.protocol.trial_strips[].soa_values_ms,typed_or_parser_default_not_serialized,0,[],[]
doi:10.1007/s00221-013-3532-2,composite_profile_not_experiment_scoped,canzoneri_2013_tool_use_reshaping,study_templates/canzoneri_2013_tool_use_reshaping.json,design.protocol.trial_strips[].spatial_values_cm,typed_or_parser_default_not_serialized,0,[],[]
doi:10.1007/s00221-013-3532-2,composite_profile_not_experiment_scoped,canzoneri_2013_tool_use_reshaping,study_templates/canzoneri_2013_tool_use_reshaping.json,design.protocol.trial_strips[].metadata,typed_or_parser_default_not_serialized,0,[],{}
doi:10.1007/s00221-013-3532-2,composite_profile_not_experiment_scoped,canzoneri_2013_tool_use_reshaping,study_templates/canzoneri_2013_tool_use_reshaping.json,design.protocol.trial_strips[].elements[].element_id,serialized_explicit,1,"[""canzoneri-tool-use-moving-sound""]",""""""
doi:10.1007/s00221-013-3532-2,composite_profile_not_experiment_scoped,canzoneri_2013_tool_use_reshaping,study_templates/canzoneri_2013_tool_use_reshaping.json,design.protocol.trial_strips[].elements[].kind,serialized_explicit,1,"[""looming_stimulus""]","""looming_stimulus"""
doi:10.1007/s00221-013-3532-2,composite_profile_not_experiment_scoped,canzoneri_2013_tool_use_reshaping,study_templates/canzoneri_2013_tool_use_reshaping.json,design.protocol.trial_strips[].elements[].label,serialized_explicit,1,"[""Pink moving sound""]",""""""
doi:10.1007/s00221-013-3532-2,composite_profile_not_experiment_scoped,canzoneri_2013_tool_use_reshaping,study_templates/canzoneri_2013_tool_use_reshaping.json,design.protocol.trial_strips[].elements[].source_label,serialized_explicit,1,"[""""]",""""""
doi:10.1007/s00221-013-3532-2,composite_profile_not_experiment_scoped,canzoneri_2013_tool_use_reshaping,study_templates/canzoneri_2013_tool_use_reshaping.json,design.protocol.trial_strips[].elements[].source_labels,serialized_explicit,1,[[]],[]
doi:10.1007/s00221-013-3532-2,composite_profile_not_experiment_scoped,canzoneri_2013_tool_use_reshaping,study_templates/canzoneri_2013_tool_use_reshaping.json,design.protocol.trial_strips[].elements[].jitter_values_ms,typed_or_parser_default_not_serialized,0,[],[]
doi:10.1007/s00221-013-3532-2,composite_profile_not_experiment_scoped,canzoneri_2013_tool_use_reshaping,study_templates/canzoneri_2013_tool_use_reshaping.json,design.protocol.trial_strips[].elements[].randomized,serialized_explicit,1,[true],false
doi:10.1007/s00221-013-3532-2,composite_profile_not_experiment_scoped,canzoneri_2013_tool_use_reshaping,study_templates/canzoneri_2013_tool_use_reshaping.json,design.protocol.trial_randomization_strategy,serialized_explicit,1,"[""no_immediate_repeats""]","""no_immediate_repeats"""
doi:10.1007/s00221-013-3532-2,composite_profile_not_experiment_scoped,canzoneri_2013_tool_use_reshaping,study_templates/canzoneri_2013_tool_use_reshaping.json,design.protocol.block_order_randomization,serialized_explicit,1,"[""counterbalanced_rotation""]","""counterbalanced_rotation"""
doi:10.1007/s00221-013-3532-2,composite_profile_not_experiment_scoped,canzoneri_2013_tool_use_reshaping,study_templates/canzoneri_2013_tool_use_reshaping.json,design.protocol.max_consecutive_same_trial_type,serialized_explicit,1,[2],2
doi:10.1007/s00221-013-3532-2,composite_profile_not_experiment_scoped,canzoneri_2013_tool_use_reshaping,study_templates/canzoneri_2013_tool_use_reshaping.json,design.protocol.participants,serialized_explicit,1,[16],50
doi:10.1007/s00221-013-3532-2,composite_profile_not_experiment_scoped,canzoneri_2013_tool_use_reshaping,study_templates/canzoneri_2013_tool_use_reshaping.json,design.protocol.random_seed,serialized_explicit,1,[20130501],20250604
doi:10.1007/s00221-013-3532-2,composite_profile_not_experiment_scoped,canzoneri_2013_tool_use_reshaping,study_templates/canzoneri_2013_tool_use_reshaping.json,design.protocol.participant_order_policy,typed_or_parser_default_not_serialized,0,[],{}
doi:10.1016/j.neuropsychologia.2014.08.030,composite_profile_not_experiment_scoped,noel_2015_walking_full_body_action,study_templates/noel_2015_walking_full_body_action.json,design.name,serialized_explicit,1,"[""Noel 2015 walking full-body action PPS""]","""Study 5 PPS white/pink design"""
doi:10.1016/j.neuropsychologia.2014.08.030,composite_profile_not_experiment_scoped,noel_2015_walking_full_body_action,study_templates/noel_2015_walking_full_body_action.json,design.study_profile_id,serialized_explicit,1,"[""noel_2015_walking_full_body_action""]",""""""
doi:10.1016/j.neuropsychologia.2014.08.030,composite_profile_not_experiment_scoped,noel_2015_walking_full_body_action,study_templates/noel_2015_walking_full_body_action.json,design.study_profile_title,serialized_explicit,1,"[""Noel 2015 walking full-body action PPS""]",""""""
doi:10.1016/j.neuropsychologia.2014.08.030,composite_profile_not_experiment_scoped,noel_2015_walking_full_body_action,study_templates/noel_2015_walking_full_body_action.json,design.study_profile_notes,serialized_explicit,1,"[""Paper-extracted standing/walking full-body PPS profile. The runnable toolkit profile captures the reported white-noise source, 2 m approach/recede path, 0.75 m/s velocity, chest vibrotactile target, tactile delay/distance table, 512-trial experiment count, and mouse-click proxy for the right-thumb button response. The original treadmill, optic-flow display, physical two-array loudspeaker interpolation, and motor calibration remain apparatus context rather than generated stimuli.""]",""""""
doi:10.1016/j.neuropsychologia.2014.08.030,composite_profile_not_experiment_scoped,noel_2015_walking_full_body_action,study_templates/noel_2015_walking_full_body_action.json,design.study_profile_reference_parameters,serialized_explicit,1,"[{""baseline_soa_values_ms"":[440,2220],""distance_table_cm"":{""D1"":33,""D2"":66,""D3"":100,""D4"":133,""D5"":166},""expected_scientific_outcome"":""Standing facilitation is reported close to the body, around D1-D2; walking expands facilitation through D5, around 166 cm. Receding sounds do not show the same space-dependent modulation, and optic flow alone does not explain the walking expansion."",""looming_delay_distance_mapping"":{""1330"":100,""1770"":66,""2220"":33,""440"":166,""880"":133},""loudness_policy"":{""calibration_mode"":""estimate_allowed"",""calibration_status"":""estimated_not_measured"",""distance_gain_policy"":""paper_loudness_preserved_as_metadata"",""end_spl_db"":50.0,""mode"":""estimated_spl"",""start_spl_db"":50.0},""minimum_runnable_profile_scope"":""Audio-tactile PPS task rows and run artifacts for the standing/walking x looming/receding design. Locomotion and optic-flow context are preserved as row metadata."",""nonblocking_caveats"":[""exact original white-noise waveform/seed not supplied, represented by procedural white noise"",""physical dual eight-speaker-array interpolation and room acoustics are represented by the toolkit's reference spatial renderer"",""treadmill and optic-flow manipulations are preserved as condition metadata and are not generated by the audio-tactile runner"",""exact vibrotactile motor onset calibration and controller latency correction are not reported"",""paper text labels distances in cm; values are interpreted as 33, 66, 100, 133, and 166 cm from the reported 0.75 m/s velocity and timing table""],""optic_flow_experiment_2_context"":""40 dots/m^2 on a 4.0 x 2.5 m screen at 1280 x 1024 and 60 Hz, producing forward vection around 78 cm/s."",""participants_per_experiment"":18,""profile_check_complete"":true,""profile_type"":""full_body_action_walking_white_noise_vibrotactile_button_response"",""publication_status"":""published"",""receding_delay_distance_mapping"":{""1330"":100,""1770"":133,""2220"":166,""440"":33,""880"":66},""record_id"":""noel_2015_walking"",""reported_experiments"":""Experiment 1 standing versus treadmill walking; Experiment 2 standing versus walking with optic-flow-only manipulation."",""reported_locomotion_conditions"":[""standing still"",""walking on treadmill at 0.70 m/s""],""reported_loudspeaker_setup"":""Two uniform linear arrays of eight JBL Control 1 Pro loudspeakers each, positioned 50 cm laterally from the participant and extending 2 m in front of the chest."",""reported_response_rule"":""Right-thumb button press on a wireless Xbox 360 controller as fast as possible to the chest vibration; ignore sound-only catch trials."",""reported_sound_level_db"":50,""reported_sound_path_m"":2.0,""reported_sound_type"":""white noise"",""reported_sound_velocity_mps"":0.75,""reported_tactile_stimulus"":""100 ms chest vibration from Precision MicroDrives shaftless vibration motors, model 312-101, 3 V, 60 mA, 9000 rpm, 150 Hz, 5 g."",""reported_trial_counts"":{""audio_tactile"":320,""baseline_tactile_only"":128,""catch_sound_only"":64,""respond_expected"":448,""total"":512,""withhold_expected"":64},""reported_trial_formula"":""2 Locomotion conditions x 2 Sound directions x (5 Sound distances + 2 Baselines + 1 Catch) x 16 repetitions = 512 trials per subject."",""tactile_delays_ms"":[440,880,1330,1770,2220]}]",{}
doi:10.1016/j.neuropsychologia.2014.08.030,composite_profile_not_experiment_scoped,noel_2015_walking_full_body_action,study_templates/noel_2015_walking_full_body_action.json,design.sofa_file,serialized_explicit,1,"[""""]","""assets/0. Head-Related Impulse Response (HRIR) model/FABIAN_HRIR_measured_HATO_0.sofa"""
doi:10.1016/j.neuropsychologia.2014.08.030,composite_profile_not_experiment_scoped,noel_2015_walking_full_body_action,study_templates/noel_2015_walking_full_body_action.json,design.noises[].label,serialized_explicit,1,"[""Noel 2015 white-noise motion""]",
doi:10.1016/j.neuropsychologia.2014.08.030,composite_profile_not_experiment_scoped,noel_2015_walking_full_body_action,study_templates/noel_2015_walking_full_body_action.json,design.noises[].noise_type,serialized_explicit,1,"[""white""]",
doi:10.1016/j.neuropsychologia.2014.08.030,composite_profile_not_experiment_scoped,noel_2015_walking_full_body_action,study_templates/noel_2015_walking_full_body_action.json,design.noises[].azimuth_deg,serialized_explicit,1,[0.0],0.0
doi:10.1016/j.neuropsychologia.2014.08.030,composite_profile_not_experiment_scoped,noel_2015_walking_full_body_action,study_templates/noel_2015_walking_full_body_action.json,design.noises[].elevation_deg,serialized_explicit,1,[0.0],0.0
doi:10.1016/j.neuropsychologia.2014.08.030,composite_profile_not_experiment_scoped,noel_2015_walking_full_body_action,study_templates/noel_2015_walking_full_body_action.json,design.noises[].gain,serialized_explicit,1,[1.0],1.0
doi:10.1016/j.neuropsychologia.2014.08.030,composite_profile_not_experiment_scoped,noel_2015_walking_full_body_action,study_templates/noel_2015_walking_full_body_action.json,design.noises[].source_profile,serialized_explicit,1,"[""continuous_noise""]",""""""
doi:10.1016/j.neuropsychologia.2014.08.030,composite_profile_not_experiment_scoped,noel_2015_walking_full_body_action,study_templates/noel_2015_walking_full_body_action.json,design.noises[].source_profile_parameters,typed_or_parser_default_not_serialized,0,[],{}
doi:10.1016/j.neuropsychologia.2014.08.030,composite_profile_not_experiment_scoped,noel_2015_walking_full_body_action,study_templates/noel_2015_walking_full_body_action.json,design.noises[].prebaked_path,typed_or_parser_default_not_serialized,0,[],""""""
doi:10.1016/j.neuropsychologia.2014.08.030,composite_profile_not_experiment_scoped,noel_2015_walking_full_body_action,study_templates/noel_2015_walking_full_body_action.json,design.noises[].sequence_order,typed_or_parser_default_not_serialized,0,[],0
doi:10.1016/j.neuropsychologia.2014.08.030,composite_profile_not_experiment_scoped,noel_2015_walking_full_body_action,study_templates/noel_2015_walking_full_body_action.json,design.noises[].motion_mode,serialized_explicit,1,"[""looming""]","""looming"""
doi:10.1016/j.neuropsychologia.2014.08.030,composite_profile_not_experiment_scoped,noel_2015_walking_full_body_action,study_templates/noel_2015_walking_full_body_action.json,design.noises[].trajectory_snapshot,serialized_explicit,1,"[{""coordinate_mode"":""cartesian"",""end"":{""x_m"":0.0,""y_m"":0.01,""z_m"":0.0},""end_distance_cm"":1.0,""end_hold_s"":0.0,""end_rotation_deg"":0.0,""movement_duration_s"":2.666666667,""path_direction"":""approach_or_recede_condition_metadata"",""path_length_m"":2.0,""start"":{""x_m"":0.0,""y_m"":2.0,""z_m"":0.0},""start_distance_cm"":200.0,""start_hold_s"":0.0,""start_rotation_deg"":0.0}]",{}
doi:10.1016/j.neuropsychologia.2014.08.030,composite_profile_not_experiment_scoped,noel_2015_walking_full_body_action,study_templates/noel_2015_walking_full_body_action.json,design.custom_looming_files[].label,repeatable_entity_absent,0,[],
doi:10.1016/j.neuropsychologia.2014.08.030,composite_profile_not_experiment_scoped,noel_2015_walking_full_body_action,study_templates/noel_2015_walking_full_body_action.json,design.custom_looming_files[].path,repeatable_entity_absent,0,[],
doi:10.1016/j.neuropsychologia.2014.08.030,composite_profile_not_experiment_scoped,noel_2015_walking_full_body_action,study_templates/noel_2015_walking_full_body_action.json,design.custom_looming_files[].target_duration_s,repeatable_entity_absent,0,[],4.0
doi:10.1016/j.neuropsychologia.2014.08.030,composite_profile_not_experiment_scoped,noel_2015_walking_full_body_action,study_templates/noel_2015_walking_full_body_action.json,design.custom_looming_files[].render_mode,repeatable_entity_absent,0,[],"""preserve"""
doi:10.1016/j.neuropsychologia.2014.08.030,composite_profile_not_experiment_scoped,noel_2015_walking_full_body_action,study_templates/noel_2015_walking_full_body_action.json,design.custom_looming_files[].tone_type,repeatable_entity_absent,0,[],""""""
doi:10.1016/j.neuropsychologia.2014.08.030,composite_profile_not_experiment_scoped,noel_2015_walking_full_body_action,study_templates/noel_2015_walking_full_body_action.json,design.custom_looming_files[].gain,repeatable_entity_absent,0,[],1.0
doi:10.1016/j.neuropsychologia.2014.08.030,composite_profile_not_experiment_scoped,noel_2015_walking_full_body_action,study_templates/noel_2015_walking_full_body_action.json,design.custom_looming_files[].placement,repeatable_entity_absent,0,[],"""before"""
doi:10.1016/j.neuropsychologia.2014.08.030,composite_profile_not_experiment_scoped,noel_2015_walking_full_body_action,study_templates/noel_2015_walking_full_body_action.json,design.custom_looming_files[].target_source_label,repeatable_entity_absent,0,[],""""""
doi:10.1016/j.neuropsychologia.2014.08.030,composite_profile_not_experiment_scoped,noel_2015_walking_full_body_action,study_templates/noel_2015_walking_full_body_action.json,design.custom_looming_files[].phase,repeatable_entity_absent,0,[],""""""
doi:10.1016/j.neuropsychologia.2014.08.030,composite_profile_not_experiment_scoped,noel_2015_walking_full_body_action,study_templates/noel_2015_walking_full_body_action.json,design.custom_looming_files[].gap_s,repeatable_entity_absent,0,[],0.0
doi:10.1016/j.neuropsychologia.2014.08.030,composite_profile_not_experiment_scoped,noel_2015_walking_full_body_action,study_templates/noel_2015_walking_full_body_action.json,design.custom_looming_files[].sequence_order,repeatable_entity_absent,0,[],0
doi:10.1016/j.neuropsychologia.2014.08.030,composite_profile_not_experiment_scoped,noel_2015_walking_full_body_action,study_templates/noel_2015_walking_full_body_action.json,design.custom_looming_files[].motion_mode,repeatable_entity_absent,0,[],"""looming"""
doi:10.1016/j.neuropsychologia.2014.08.030,composite_profile_not_experiment_scoped,noel_2015_walking_full_body_action,study_templates/noel_2015_walking_full_body_action.json,design.custom_looming_files[].trajectory_snapshot,repeatable_entity_absent,0,[],{}
doi:10.1016/j.neuropsychologia.2014.08.030,composite_profile_not_experiment_scoped,noel_2015_walking_full_body_action,study_templates/noel_2015_walking_full_body_action.json,design.custom_looming_files[].display_color_hex,repeatable_entity_absent,0,[],""""""
doi:10.1016/j.neuropsychologia.2014.08.030,composite_profile_not_experiment_scoped,noel_2015_walking_full_body_action,study_templates/noel_2015_walking_full_body_action.json,design.custom_looming_files[].source_input_path,repeatable_entity_absent,0,[],""""""
doi:10.1016/j.neuropsychologia.2014.08.030,composite_profile_not_experiment_scoped,noel_2015_walking_full_body_action,study_templates/noel_2015_walking_full_body_action.json,design.prestimulus_files[].label,repeatable_entity_absent,0,[],
doi:10.1016/j.neuropsychologia.2014.08.030,composite_profile_not_experiment_scoped,noel_2015_walking_full_body_action,study_templates/noel_2015_walking_full_body_action.json,design.prestimulus_files[].path,repeatable_entity_absent,0,[],
doi:10.1016/j.neuropsychologia.2014.08.030,composite_profile_not_experiment_scoped,noel_2015_walking_full_body_action,study_templates/noel_2015_walking_full_body_action.json,design.prestimulus_files[].target_duration_s,repeatable_entity_absent,0,[],4.0
doi:10.1016/j.neuropsychologia.2014.08.030,composite_profile_not_experiment_scoped,noel_2015_walking_full_body_action,study_templates/noel_2015_walking_full_body_action.json,design.prestimulus_files[].render_mode,repeatable_entity_absent,0,[],"""preserve"""
doi:10.1016/j.neuropsychologia.2014.08.030,composite_profile_not_experiment_scoped,noel_2015_walking_full_body_action,study_templates/noel_2015_walking_full_body_action.json,design.prestimulus_files[].tone_type,repeatable_entity_absent,0,[],""""""
doi:10.1016/j.neuropsychologia.2014.08.030,composite_profile_not_experiment_scoped,noel_2015_walking_full_body_action,study_templates/noel_2015_walking_full_body_action.json,design.prestimulus_files[].gain,repeatable_entity_absent,0,[],1.0
doi:10.1016/j.neuropsychologia.2014.08.030,composite_profile_not_experiment_scoped,noel_2015_walking_full_body_action,study_templates/noel_2015_walking_full_body_action.json,design.prestimulus_files[].placement,repeatable_entity_absent,0,[],"""before"""
doi:10.1016/j.neuropsychologia.2014.08.030,composite_profile_not_experiment_scoped,noel_2015_walking_full_body_action,study_templates/noel_2015_walking_full_body_action.json,design.prestimulus_files[].target_source_label,repeatable_entity_absent,0,[],""""""
doi:10.1016/j.neuropsychologia.2014.08.030,composite_profile_not_experiment_scoped,noel_2015_walking_full_body_action,study_templates/noel_2015_walking_full_body_action.json,design.prestimulus_files[].phase,repeatable_entity_absent,0,[],""""""
doi:10.1016/j.neuropsychologia.2014.08.030,composite_profile_not_experiment_scoped,noel_2015_walking_full_body_action,study_templates/noel_2015_walking_full_body_action.json,design.prestimulus_files[].gap_s,repeatable_entity_absent,0,[],0.0
doi:10.1016/j.neuropsychologia.2014.08.030,composite_profile_not_experiment_scoped,noel_2015_walking_full_body_action,study_templates/noel_2015_walking_full_body_action.json,design.prestimulus_files[].sequence_order,repeatable_entity_absent,0,[],0
doi:10.1016/j.neuropsychologia.2014.08.030,composite_profile_not_experiment_scoped,noel_2015_walking_full_body_action,study_templates/noel_2015_walking_full_body_action.json,design.prestimulus_files[].motion_mode,repeatable_entity_absent,0,[],"""looming"""
doi:10.1016/j.neuropsychologia.2014.08.030,composite_profile_not_experiment_scoped,noel_2015_walking_full_body_action,study_templates/noel_2015_walking_full_body_action.json,design.prestimulus_files[].trajectory_snapshot,repeatable_entity_absent,0,[],{}
doi:10.1016/j.neuropsychologia.2014.08.030,composite_profile_not_experiment_scoped,noel_2015_walking_full_body_action,study_templates/noel_2015_walking_full_body_action.json,design.prestimulus_files[].display_color_hex,repeatable_entity_absent,0,[],""""""
doi:10.1016/j.neuropsychologia.2014.08.030,composite_profile_not_experiment_scoped,noel_2015_walking_full_body_action,study_templates/noel_2015_walking_full_body_action.json,design.prestimulus_files[].source_input_path,repeatable_entity_absent,0,[],""""""
doi:10.1016/j.neuropsychologia.2014.08.030,composite_profile_not_experiment_scoped,noel_2015_walking_full_body_action,study_templates/noel_2015_walking_full_body_action.json,design.trajectory.start_radius_m,serialized_explicit,1,[2.0],1.1
doi:10.1016/j.neuropsychologia.2014.08.030,composite_profile_not_experiment_scoped,noel_2015_walking_full_body_action,study_templates/noel_2015_walking_full_body_action.json,design.trajectory.end_radius_m,serialized_explicit,1,[0.01],0.1
doi:10.1016/j.neuropsychologia.2014.08.030,composite_profile_not_experiment_scoped,noel_2015_walking_full_body_action,study_templates/noel_2015_walking_full_body_action.json,design.trajectory.path_direction,serialized_explicit,1,"[""approach""]","""approach"""
doi:10.1016/j.neuropsychologia.2014.08.030,composite_profile_not_experiment_scoped,noel_2015_walking_full_body_action,study_templates/noel_2015_walking_full_body_action.json,design.trajectory.coordinate_mode,serialized_explicit,1,"[""cartesian""]","""polar"""
doi:10.1016/j.neuropsychologia.2014.08.030,composite_profile_not_experiment_scoped,noel_2015_walking_full_body_action,study_templates/noel_2015_walking_full_body_action.json,design.trajectory.start_x_m,serialized_explicit,1,[0.0],null
doi:10.1016/j.neuropsychologia.2014.08.030,composite_profile_not_experiment_scoped,noel_2015_walking_full_body_action,study_templates/noel_2015_walking_full_body_action.json,design.trajectory.start_y_m,serialized_explicit,1,[2.0],null
doi:10.1016/j.neuropsychologia.2014.08.030,composite_profile_not_experiment_scoped,noel_2015_walking_full_body_action,study_templates/noel_2015_walking_full_body_action.json,design.trajectory.start_z_m,serialized_explicit,1,[0.0],null
doi:10.1016/j.neuropsychologia.2014.08.030,composite_profile_not_experiment_scoped,noel_2015_walking_full_body_action,study_templates/noel_2015_walking_full_body_action.json,design.trajectory.end_x_m,serialized_explicit,1,[0.0],null
doi:10.1016/j.neuropsychologia.2014.08.030,composite_profile_not_experiment_scoped,noel_2015_walking_full_body_action,study_templates/noel_2015_walking_full_body_action.json,design.trajectory.end_y_m,serialized_explicit,1,[0.01],null
doi:10.1016/j.neuropsychologia.2014.08.030,composite_profile_not_experiment_scoped,noel_2015_walking_full_body_action,study_templates/noel_2015_walking_full_body_action.json,design.trajectory.end_z_m,serialized_explicit,1,[0.0],null
doi:10.1016/j.neuropsychologia.2014.08.030,composite_profile_not_experiment_scoped,noel_2015_walking_full_body_action,study_templates/noel_2015_walking_full_body_action.json,design.trajectory.path_length_m,serialized_explicit,1,[2.0],1.0
doi:10.1016/j.neuropsychologia.2014.08.030,composite_profile_not_experiment_scoped,noel_2015_walking_full_body_action,study_templates/noel_2015_walking_full_body_action.json,design.trajectory.propagation_speed_mps,serialized_explicit,1,[0.75],0.3333333333333333
doi:10.1016/j.neuropsychologia.2014.08.030,composite_profile_not_experiment_scoped,noel_2015_walking_full_body_action,study_templates/noel_2015_walking_full_body_action.json,design.trajectory.azimuth_start_deg,serialized_explicit,1,[0.0],0.0
doi:10.1016/j.neuropsychologia.2014.08.030,composite_profile_not_experiment_scoped,noel_2015_walking_full_body_action,study_templates/noel_2015_walking_full_body_action.json,design.trajectory.azimuth_end_deg,serialized_explicit,1,[0.0],0.0
doi:10.1016/j.neuropsychologia.2014.08.030,composite_profile_not_experiment_scoped,noel_2015_walking_full_body_action,study_templates/noel_2015_walking_full_body_action.json,design.trajectory.elevation_deg,serialized_explicit,1,[0.0],0.0
doi:10.1016/j.neuropsychologia.2014.08.030,composite_profile_not_experiment_scoped,noel_2015_walking_full_body_action,study_templates/noel_2015_walking_full_body_action.json,design.trajectory.padding_pre_s,serialized_explicit,1,[0.0],0.5
doi:10.1016/j.neuropsychologia.2014.08.030,composite_profile_not_experiment_scoped,noel_2015_walking_full_body_action,study_templates/noel_2015_walking_full_body_action.json,design.trajectory.padding_post_s,serialized_explicit,1,[0.0],0.5
doi:10.1016/j.neuropsychologia.2014.08.030,composite_profile_not_experiment_scoped,noel_2015_walking_full_body_action,study_templates/noel_2015_walking_full_body_action.json,design.trajectory.sample_rate,serialized_explicit,1,[44100],44100
doi:10.1016/j.neuropsychologia.2014.08.030,composite_profile_not_experiment_scoped,noel_2015_walking_full_body_action,study_templates/noel_2015_walking_full_body_action.json,design.trajectory.use_inverse_square,serialized_explicit,1,[false],true
doi:10.1016/j.neuropsychologia.2014.08.030,composite_profile_not_experiment_scoped,noel_2015_walking_full_body_action,study_templates/noel_2015_walking_full_body_action.json,design.protocol.repetitions_per_condition,serialized_explicit,1,[16],1
doi:10.1016/j.neuropsychologia.2014.08.030,composite_profile_not_experiment_scoped,noel_2015_walking_full_body_action,study_templates/noel_2015_walking_full_body_action.json,design.protocol.trial_pool_repetition_defaults,serialized_explicit,1,"[{""audio_tactile"":16,""baseline"":16,""catch"":16,""default"":16}]",{}
doi:10.1016/j.neuropsychologia.2014.08.030,composite_profile_not_experiment_scoped,noel_2015_walking_full_body_action,study_templates/noel_2015_walking_full_body_action.json,design.protocol.soa_values_ms,serialized_explicit,1,"[[440,880,1330,1770,2220]]","[300,800,1500,2200,2700]"
doi:10.1016/j.neuropsychologia.2014.08.030,composite_profile_not_experiment_scoped,noel_2015_walking_full_body_action,study_templates/noel_2015_walking_full_body_action.json,design.protocol.spatial_values_cm,serialized_explicit,1,"[[166,133,100,66,33]]","[100.0,83.3,60.0,36.7,20.0]"
doi:10.1016/j.neuropsychologia.2014.08.030,composite_profile_not_experiment_scoped,noel_2015_walking_full_body_action,study_templates/noel_2015_walking_full_body_action.json,design.protocol.pair_spatial_values_with_soas,serialized_explicit,1,[true],true
doi:10.1016/j.neuropsychologia.2014.08.030,composite_profile_not_experiment_scoped,noel_2015_walking_full_body_action,study_templates/noel_2015_walking_full_body_action.json,design.protocol.auditory_motion_directions,serialized_explicit,1,"[[""source_trajectory""]]","[""looming""]"
doi:10.1016/j.neuropsychologia.2014.08.030,composite_profile_not_experiment_scoped,noel_2015_walking_full_body_action,study_templates/noel_2015_walking_full_body_action.json,design.protocol.tactile_sites,serialized_explicit,1,"[[""chest""]]","[""hand""]"
doi:10.1016/j.neuropsychologia.2014.08.030,composite_profile_not_experiment_scoped,noel_2015_walking_full_body_action,study_templates/noel_2015_walking_full_body_action.json,design.protocol.include_catch_trials,serialized_explicit,1,[true],true
doi:10.1016/j.neuropsychologia.2014.08.030,composite_profile_not_experiment_scoped,noel_2015_walking_full_body_action,study_templates/noel_2015_walking_full_body_action.json,design.protocol.catch_trial_percentage,serialized_explicit,1,[12.5],10.0
doi:10.1016/j.neuropsychologia.2014.08.030,composite_profile_not_experiment_scoped,noel_2015_walking_full_body_action,study_templates/noel_2015_walking_full_body_action.json,design.protocol.catch_trials_exact,serialized_explicit,1,[null],null
doi:10.1016/j.neuropsychologia.2014.08.030,composite_profile_not_experiment_scoped,noel_2015_walking_full_body_action,study_templates/noel_2015_walking_full_body_action.json,design.protocol.catch_crosses_sequence_variants,serialized_explicit,1,[true],true
doi:10.1016/j.neuropsychologia.2014.08.030,composite_profile_not_experiment_scoped,noel_2015_walking_full_body_action,study_templates/noel_2015_walking_full_body_action.json,design.protocol.include_auditory_only_trials,typed_or_parser_default_not_serialized,0,[],false
doi:10.1016/j.neuropsychologia.2014.08.030,composite_profile_not_experiment_scoped,noel_2015_walking_full_body_action,study_templates/noel_2015_walking_full_body_action.json,design.protocol.auditory_only_trial_percentage,typed_or_parser_default_not_serialized,0,[],0.0
doi:10.1016/j.neuropsychologia.2014.08.030,composite_profile_not_experiment_scoped,noel_2015_walking_full_body_action,study_templates/noel_2015_walking_full_body_action.json,design.protocol.auditory_only_trials_exact,typed_or_parser_default_not_serialized,0,[],null
doi:10.1016/j.neuropsychologia.2014.08.030,composite_profile_not_experiment_scoped,noel_2015_walking_full_body_action,study_templates/noel_2015_walking_full_body_action.json,design.protocol.auditory_only_crosses_sequence_variants,typed_or_parser_default_not_serialized,0,[],true
doi:10.1016/j.neuropsychologia.2014.08.030,composite_profile_not_experiment_scoped,noel_2015_walking_full_body_action,study_templates/noel_2015_walking_full_body_action.json,design.protocol.include_baseline_trials,serialized_explicit,1,[true],true
doi:10.1016/j.neuropsychologia.2014.08.030,composite_profile_not_experiment_scoped,noel_2015_walking_full_body_action,study_templates/noel_2015_walking_full_body_action.json,design.protocol.baseline_strategy,serialized_explicit,1,"[""tactile_only""]","""tactile_only"""
doi:10.1016/j.neuropsychologia.2014.08.030,composite_profile_not_experiment_scoped,noel_2015_walking_full_body_action,study_templates/noel_2015_walking_full_body_action.json,design.protocol.baseline_trials_exact,serialized_explicit,1,[null],null
doi:10.1016/j.neuropsychologia.2014.08.030,composite_profile_not_experiment_scoped,noel_2015_walking_full_body_action,study_templates/noel_2015_walking_full_body_action.json,design.protocol.baseline_trial_percentage,serialized_explicit,1,[25.0],0.0
doi:10.1016/j.neuropsychologia.2014.08.030,composite_profile_not_experiment_scoped,noel_2015_walking_full_body_action,study_templates/noel_2015_walking_full_body_action.json,design.protocol.baseline_soa_values_ms,serialized_explicit,1,"[[440,2220]]",[]
doi:10.1016/j.neuropsychologia.2014.08.030,composite_profile_not_experiment_scoped,noel_2015_walking_full_body_action,study_templates/noel_2015_walking_full_body_action.json,design.protocol.baseline_custom_trial_mode,serialized_explicit,1,"[""tactile_only""]","""tactile_only"""
doi:10.1016/j.neuropsychologia.2014.08.030,composite_profile_not_experiment_scoped,noel_2015_walking_full_body_action,study_templates/noel_2015_walking_full_body_action.json,design.protocol.baseline_crosses_sequence_variants,serialized_explicit,1,[true],true
doi:10.1016/j.neuropsychologia.2014.08.030,composite_profile_not_experiment_scoped,noel_2015_walking_full_body_action,study_templates/noel_2015_walking_full_body_action.json,design.protocol.respiratory_phases,serialized_explicit,1,"[[""Full-body PPS assessment""]]","[""Inhale"",""Exhale""]"
doi:10.1016/j.neuropsychologia.2014.08.030,composite_profile_not_experiment_scoped,noel_2015_walking_full_body_action,study_templates/noel_2015_walking_full_body_action.json,design.protocol.blocks,serialized_explicit,1,[8],6
doi:10.1016/j.neuropsychologia.2014.08.030,composite_profile_not_experiment_scoped,noel_2015_walking_full_body_action,study_templates/noel_2015_walking_full_body_action.json,design.protocol.block_specs[].label,serialized_explicit,8,"[""Noel 2015 run block 01"",""Noel 2015 run block 02"",""Noel 2015 run block 03"",""Noel 2015 run block 04"",""Noel 2015 run block 05"",""Noel 2015 run block 06"",""Noel 2015 run block 07"",""Noel 2015 run block 08""]",
doi:10.1016/j.neuropsychologia.2014.08.030,composite_profile_not_experiment_scoped,noel_2015_walking_full_body_action,study_templates/noel_2015_walking_full_body_action.json,design.protocol.block_specs[].stimulus_types,serialized_explicit,8,"[[""Audio-Tactile"",""Baseline"",""Catch""],[""Audio-Tactile"",""Baseline"",""Catch""],[""Audio-Tactile"",""Baseline"",""Catch""],[""Audio-Tactile"",""Baseline"",""Catch""],[""Audio-Tactile"",""Baseline"",""Catch""],[""Audio-Tactile"",""Baseline"",""Catch""],[""Audio-Tactile"",""Baseline"",""Catch""],[""Audio-Tactile"",""Baseline"",""Catch""]]","[""Audio-Tactile"",""Baseline"",""Catch""]"
doi:10.1016/j.neuropsychologia.2014.08.030,composite_profile_not_experiment_scoped,noel_2015_walking_full_body_action,study_templates/noel_2015_walking_full_body_action.json,design.protocol.repeat_trial_pool_per_block,typed_or_parser_default_not_serialized,0,[],false
doi:10.1016/j.neuropsychologia.2014.08.030,composite_profile_not_experiment_scoped,noel_2015_walking_full_body_action,study_templates/noel_2015_walking_full_body_action.json,design.protocol.distribute_trial_pool_across_blocks,serialized_explicit,1,[true],false
doi:10.1016/j.neuropsychologia.2014.08.030,composite_profile_not_experiment_scoped,noel_2015_walking_full_body_action,study_templates/noel_2015_walking_full_body_action.json,design.protocol.trial_strips[].strip_id,serialized_explicit,4,"[""noel-2015-standing-looming"",""noel-2015-standing-receding"",""noel-2015-walking-looming"",""noel-2015-walking-receding""]",""""""
doi:10.1016/j.neuropsychologia.2014.08.030,composite_profile_not_experiment_scoped,noel_2015_walking_full_body_action,study_templates/noel_2015_walking_full_body_action.json,design.protocol.trial_strips[].label,serialized_explicit,4,"[""Standing looming"",""Standing receding"",""Walking looming"",""Walking receding""]",""""""
doi:10.1016/j.neuropsychologia.2014.08.030,composite_profile_not_experiment_scoped,noel_2015_walking_full_body_action,study_templates/noel_2015_walking_full_body_action.json,design.protocol.trial_strips[].audio_tactile_percentage,serialized_explicit,4,"[62.5,62.5,62.5,62.5]",null
doi:10.1016/j.neuropsychologia.2014.08.030,composite_profile_not_experiment_scoped,noel_2015_walking_full_body_action,study_templates/noel_2015_walking_full_body_action.json,design.protocol.trial_strips[].catch_percentage,serialized_explicit,4,"[12.5,12.5,12.5,12.5]",null
doi:10.1016/j.neuropsychologia.2014.08.030,composite_profile_not_experiment_scoped,noel_2015_walking_full_body_action,study_templates/noel_2015_walking_full_body_action.json,design.protocol.trial_strips[].baseline_percentage,serialized_explicit,4,"[25.0,25.0,25.0,25.0]",null
doi:10.1016/j.neuropsychologia.2014.08.030,composite_profile_not_experiment_scoped,noel_2015_walking_full_body_action,study_templates/noel_2015_walking_full_body_action.json,design.protocol.trial_strips[].soa_values_ms,serialized_explicit,4,"[[440,880,1330,1770,2220],[440,880,1330,1770,2220],[440,880,1330,1770,2220],[440,880,1330,1770,2220]]",[]
doi:10.1016/j.neuropsychologia.2014.08.030,composite_profile_not_experiment_scoped,noel_2015_walking_full_body_action,study_templates/noel_2015_walking_full_body_action.json,design.protocol.trial_strips[].spatial_values_cm,serialized_explicit,4,"[[166,133,100,66,33],[33,66,100,133,166],[166,133,100,66,33],[33,66,100,133,166]]",[]
doi:10.1016/j.neuropsychologia.2014.08.030,composite_profile_not_experiment_scoped,noel_2015_walking_full_body_action,study_templates/noel_2015_walking_full_body_action.json,design.protocol.trial_strips[].metadata,serialized_explicit,4,"[{""auditory_trajectory_direction"":""looming"",""auditory_trajectory_family"":""linear_speaker_array_motion"",""expected_response"":""respond"",""iti_ms"":""1000-1500"",""iti_policy"":""paper_randomized_1000_to_1500_ms"",""locomotion_condition"":""standing_still"",""renderer_equivalence_boundary"":""reference binaural renderer proxy for two 8-speaker linear arrays"",""response_capture_device"":""wireless Xbox 360 controller"",""response_input_modality"":""right_thumb_button_mouse_click_proxy"",""response_mode"":""button_press_mouse_click_proxy"",""response_rule"":""button_press_to_chest_vibration_ignore_sound"",""source_asset_equivalence"":""procedural white-noise proxy for reported 50 dB white noise"",""tactile_calibration_method"":""reported motor specification not recalibrated"",""tactile_duration_ms"":""100"",""tactile_frequency_hz"":""150"",""tactile_intensity"":""3 V, 60 mA, 9000 rpm, 5 g"",""tactile_pulse_duration_ms"":""100"",""tactile_stimulation_modality"":""vibrotactile"",""tactile_waveform_shape"":""sine"",""target_role"":""chest_vibrotactile_target"",""trajectory_coordinate_frame"":""body_centered_sagittal"",""trajectory_end_distance_cm"":1.0,""trajectory_end_hemifield"":""front_near"",""trajectory_start_distance_cm"":200.0,""trajectory_start_hemifield"":""front_far""},{""auditory_trajectory_direction"":""receding"",""auditory_trajectory_family"":""linear_speaker_array_motion"",""expected_response"":""respond"",""iti_ms"":""1000-1500"",""iti_policy"":""paper_randomized_1000_to_1500_ms"",""locomotion_condition"":""standing_still"",""renderer_equivalence_boundary"":""row metadata preserves receding speaker-array direction; generated source uses reference white-noise trajectory"",""response_capture_device"":""wireless Xbox 360 controller"",""response_input_modality"":""right_thumb_button_mouse_click_proxy"",""response_mode"":""button_press_mouse_click_proxy"",""response_rule"":""button_press_to_chest_vibration_ignore_sound"",""source_asset_equivalence"":""procedural white-noise proxy for reported 50 dB white noise"",""tactile_calibration_method"":""reported motor specification not recalibrated"",""tactile_duration_ms"":""100"",""tactile_frequency_hz"":""150"",""tactile_intensity"":""3 V, 60 mA, 9000 rpm, 5 g"",""tactile_pulse_duration_ms"":""100"",""tactile_stimulation_modality"":""vibrotactile"",""tactile_waveform_shape"":""sine"",""target_role"":""chest_vibrotactile_target"",""trajectory_coordinate_frame"":""body_centered_sagittal"",""trajectory_end_distance_cm"":200.0,""trajectory_end_hemifield"":""front_far"",""trajectory_start_distance_cm"":1.0,""trajectory_start_hemifield"":""front_near""},{""auditory_trajectory_direction"":""looming"",""auditory_trajectory_family"":""linear_speaker_array_motion"",""expected_response"":""respond"",""iti_ms"":""1000-1500"",""iti_policy"":""paper_randomized_1000_to_1500_ms"",""locomotion_condition"":""walking_treadmill_0.70_m_s"",""renderer_equivalence_boundary"":""reference binaural renderer proxy for two 8-speaker linear arrays"",""response_capture_device"":""wireless Xbox 360 controller"",""response_input_modality"":""right_thumb_button_mouse_click_proxy"",""response_mode"":""button_press_mouse_click_proxy"",""response_rule"":""button_press_to_chest_vibration_ignore_sound"",""source_asset_equivalence"":""procedural white-noise proxy for reported 50 dB white noise"",""tactile_calibration_method"":""reported motor specification not recalibrated"",""tactile_duration_ms"":""100"",""tactile_frequency_hz"":""150"",""tactile_intensity"":""3 V, 60 mA, 9000 rpm, 5 g"",""tactile_pulse_duration_ms"":""100"",""tactile_stimulation_modality"":""vibrotactile"",""tactile_waveform_shape"":""sine"",""target_role"":""chest_vibrotactile_target"",""trajectory_coordinate_frame"":""body_centered_sagittal"",""trajectory_end_distance_cm"":1.0,""trajectory_end_hemifield"":""front_near"",""trajectory_start_distance_cm"":200.0,""trajectory_start_hemifield"":""front_far""},{""auditory_trajectory_direction"":""receding"",""auditory_trajectory_family"":""linear_speaker_array_motion"",""expected_response"":""respond"",""iti_ms"":""1000-1500"",""iti_policy"":""paper_randomized_1000_to_1500_ms"",""locomotion_condition"":""walking_treadmill_0.70_m_s"",""renderer_equivalence_boundary"":""row metadata preserves receding speaker-array direction; generated source uses reference white-noise trajectory"",""response_capture_device"":""wireless Xbox 360 controller"",""response_input_modality"":""right_thumb_button_mouse_click_proxy"",""response_mode"":""button_press_mouse_click_proxy"",""response_rule"":""button_press_to_chest_vibration_ignore_sound"",""source_asset_equivalence"":""procedural white-noise proxy for reported 50 dB white noise"",""tactile_calibration_method"":""reported motor specification not recalibrated"",""tactile_duration_ms"":""100"",""tactile_frequency_hz"":""150"",""tactile_intensity"":""3 V, 60 mA, 9000 rpm, 5 g"",""tactile_pulse_duration_ms"":""100"",""tactile_stimulation_modality"":""vibrotactile"",""tactile_waveform_shape"":""sine"",""target_role"":""chest_vibrotactile_target"",""trajectory_coordinate_frame"":""body_centered_sagittal"",""trajectory_end_distance_cm"":200.0,""trajectory_end_hemifield"":""front_far"",""trajectory_start_distance_cm"":1.0,""trajectory_start_hemifield"":""front_near""}]",{}
doi:10.1016/j.neuropsychologia.2014.08.030,composite_profile_not_experiment_scoped,noel_2015_walking_full_body_action,study_templates/noel_2015_walking_full_body_action.json,design.protocol.trial_strips[].elements[].element_id,serialized_explicit,4,"[""noel-2015-standing-looming-source"",""noel-2015-standing-receding-source"",""noel-2015-walking-looming-source"",""noel-2015-walking-receding-source""]",""""""
doi:10.1016/j.neuropsychologia.2014.08.030,composite_profile_not_experiment_scoped,noel_2015_walking_full_body_action,study_templates/noel_2015_walking_full_body_action.json,design.protocol.trial_strips[].elements[].kind,serialized_explicit,4,"[""looming_stimulus"",""looming_stimulus"",""looming_stimulus"",""looming_stimulus""]","""looming_stimulus"""
doi:10.1016/j.neuropsychologia.2014.08.030,composite_profile_not_experiment_scoped,noel_2015_walking_full_body_action,study_templates/noel_2015_walking_full_body_action.json,design.protocol.trial_strips[].elements[].label,serialized_explicit,4,"[""Standing looming sound"",""Standing receding sound"",""Walking looming sound"",""Walking receding sound""]",""""""
doi:10.1016/j.neuropsychologia.2014.08.030,composite_profile_not_experiment_scoped,noel_2015_walking_full_body_action,study_templates/noel_2015_walking_full_body_action.json,design.protocol.trial_strips[].elements[].source_label,serialized_explicit,4,"[""Noel 2015 white-noise motion"",""Noel 2015 white-noise motion"",""Noel 2015 white-noise motion"",""Noel 2015 white-noise motion""]",""""""
doi:10.1016/j.neuropsychologia.2014.08.030,composite_profile_not_experiment_scoped,noel_2015_walking_full_body_action,study_templates/noel_2015_walking_full_body_action.json,design.protocol.trial_strips[].elements[].source_labels,serialized_explicit,4,"[[""Noel 2015 white-noise motion""],[""Noel 2015 white-noise motion""],[""Noel 2015 white-noise motion""],[""Noel 2015 white-noise motion""]]",[]
doi:10.1016/j.neuropsychologia.2014.08.030,composite_profile_not_experiment_scoped,noel_2015_walking_full_body_action,study_templates/noel_2015_walking_full_body_action.json,design.protocol.trial_strips[].elements[].jitter_values_ms,typed_or_parser_default_not_serialized,0,[],[]
doi:10.1016/j.neuropsychologia.2014.08.030,composite_profile_not_experiment_scoped,noel_2015_walking_full_body_action,study_templates/noel_2015_walking_full_body_action.json,design.protocol.trial_strips[].elements[].randomized,serialized_explicit,4,"[true,true,true,true]",false
doi:10.1016/j.neuropsychologia.2014.08.030,composite_profile_not_experiment_scoped,noel_2015_walking_full_body_action,study_templates/noel_2015_walking_full_body_action.json,design.protocol.trial_randomization_strategy,serialized_explicit,1,"[""no_immediate_repeats""]","""no_immediate_repeats"""
doi:10.1016/j.neuropsychologia.2014.08.030,composite_profile_not_experiment_scoped,noel_2015_walking_full_body_action,study_templates/noel_2015_walking_full_body_action.json,design.protocol.block_order_randomization,serialized_explicit,1,"[""counterbalanced_rotation""]","""counterbalanced_rotation"""
doi:10.1016/j.neuropsychologia.2014.08.030,composite_profile_not_experiment_scoped,noel_2015_walking_full_body_action,study_templates/noel_2015_walking_full_body_action.json,design.protocol.max_consecutive_same_trial_type,serialized_explicit,1,[2],2
doi:10.1016/j.neuropsychologia.2014.08.030,composite_profile_not_experiment_scoped,noel_2015_walking_full_body_action,study_templates/noel_2015_walking_full_body_action.json,design.protocol.participants,serialized_explicit,1,[18],50
doi:10.1016/j.neuropsychologia.2014.08.030,composite_profile_not_experiment_scoped,noel_2015_walking_full_body_action,study_templates/noel_2015_walking_full_body_action.json,design.protocol.random_seed,serialized_explicit,1,[201408030],20250604
doi:10.1016/j.neuropsychologia.2014.08.030,composite_profile_not_experiment_scoped,noel_2015_walking_full_body_action,study_templates/noel_2015_walking_full_body_action.json,design.protocol.participant_order_policy,typed_or_parser_default_not_serialized,0,[],{}
doi:10.1016/j.cognition.2015.07.012,mixed_publication_and_experiment_scope,noel_2015_bodily_self,study_templates/noel_2015_bodily_self.json,design.name,serialized_explicit,1,"[""Noel 2015 full-body-illusion PPS""]","""Study 5 PPS white/pink design"""
doi:10.1016/j.cognition.2015.07.012,mixed_publication_and_experiment_scope,noel_2015_bodily_self_back_space,study_templates/noel_2015_bodily_self_back_space.json,design.name,serialized_explicit,1,"[""Noel 2015 back-space full-body-illusion PPS""]","""Study 5 PPS white/pink design"""
doi:10.1016/j.cognition.2015.07.012,mixed_publication_and_experiment_scope,noel_2015_bodily_self,study_templates/noel_2015_bodily_self.json,design.study_profile_id,serialized_explicit,1,"[""noel_2015_bodily_self""]",""""""
doi:10.1016/j.cognition.2015.07.012,mixed_publication_and_experiment_scope,noel_2015_bodily_self_back_space,study_templates/noel_2015_bodily_self_back_space.json,design.study_profile_id,serialized_explicit,1,"[""noel_2015_bodily_self_back_space""]",""""""
doi:10.1016/j.cognition.2015.07.012,mixed_publication_and_experiment_scope,noel_2015_bodily_self,study_templates/noel_2015_bodily_self.json,design.study_profile_title,serialized_explicit,1,"[""PPS as the space of the bodily self""]",""""""
doi:10.1016/j.cognition.2015.07.012,mixed_publication_and_experiment_scope,noel_2015_bodily_self_back_space,study_templates/noel_2015_bodily_self_back_space.json,design.study_profile_title,serialized_explicit,1,"[""PPS as the space of the bodily self, back-space profile""]",""""""
doi:10.1016/j.cognition.2015.07.012,mixed_publication_and_experiment_scope,noel_2015_bodily_self,study_templates/noel_2015_bodily_self.json,design.study_profile_notes,serialized_explicit,1,"[""Audio-tactile PPS task intermingled with full-body-illusion stroking. This ready profile captures the front-space main PPS trial schedule with chest vibration and source-backed synchronous/asynchronous stroking block labels. The separate back-space experiment still needs its own back-space/back-tactile variant before the full front/back expected-outcome contrast can be compared.""]",""""""
doi:10.1016/j.cognition.2015.07.012,mixed_publication_and_experiment_scope,noel_2015_bodily_self_back_space,study_templates/noel_2015_bodily_self_back_space.json,design.study_profile_notes,serialized_explicit,1,"[""Companion ready profile for Noel 2015 Experiment 2. It captures the reported back-space looming PPS task with back vibration and source-backed synchronous/asynchronous stroking block labels. Exact waveform, gain law, speaker switching, SPL, speaker model, and full sound-file offset remain original-author provenance gaps.""]",""""""
doi:10.1016/j.cognition.2015.07.012,mixed_publication_and_experiment_scope,noel_2015_bodily_self,study_templates/noel_2015_bodily_self.json,design.study_profile_reference_parameters,typed_or_parser_default_not_serialized,0,[],{}
doi:10.1016/j.cognition.2015.07.012,mixed_publication_and_experiment_scope,noel_2015_bodily_self_back_space,study_templates/noel_2015_bodily_self_back_space.json,design.study_profile_reference_parameters,serialized_explicit,1,"[{""experiment_label"":""Experiment 2 back-space looming with back vibration"",""front_space_companion_template_id"":""noel_2015_bodily_self"",""manual_review_source"":""For-AI/audiotactile-paper-metadata-audit/manual_reviews/noel_2015_bodily_self.json"",""profile_type"":""published_variant""}]",{}
doi:10.1016/j.cognition.2015.07.012,mixed_publication_and_experiment_scope,noel_2015_bodily_self,study_templates/noel_2015_bodily_self.json,design.sofa_file,serialized_explicit,1,"[""""]","""assets/0. Head-Related Impulse Response (HRIR) model/FABIAN_HRIR_measured_HATO_0.sofa"""
doi:10.1016/j.cognition.2015.07.012,mixed_publication_and_experiment_scope,noel_2015_bodily_self_back_space,study_templates/noel_2015_bodily_self_back_space.json,design.sofa_file,serialized_explicit,1,"[""""]","""assets/0. Head-Related Impulse Response (HRIR) model/FABIAN_HRIR_measured_HATO_0.sofa"""
doi:10.1016/j.cognition.2015.07.012,mixed_publication_and_experiment_scope,noel_2015_bodily_self,study_templates/noel_2015_bodily_self.json,design.noises[].label,serialized_explicit,1,"[""Looming sound""]",
doi:10.1016/j.cognition.2015.07.012,mixed_publication_and_experiment_scope,noel_2015_bodily_self_back_space,study_templates/noel_2015_bodily_self_back_space.json,design.noises[].label,serialized_explicit,1,"[""Back-space looming sound""]",
doi:10.1016/j.cognition.2015.07.012,mixed_publication_and_experiment_scope,noel_2015_bodily_self,study_templates/noel_2015_bodily_self.json,design.noises[].noise_type,serialized_explicit,1,"[""pink""]",
doi:10.1016/j.cognition.2015.07.012,mixed_publication_and_experiment_scope,noel_2015_bodily_self_back_space,study_templates/noel_2015_bodily_self_back_space.json,design.noises[].noise_type,serialized_explicit,1,"[""pink""]",
doi:10.1016/j.cognition.2015.07.012,mixed_publication_and_experiment_scope,noel_2015_bodily_self,study_templates/noel_2015_bodily_self.json,design.noises[].azimuth_deg,serialized_explicit,1,[0.0],0.0
doi:10.1016/j.cognition.2015.07.012,mixed_publication_and_experiment_scope,noel_2015_bodily_self_back_space,study_templates/noel_2015_bodily_self_back_space.json,design.noises[].azimuth_deg,serialized_explicit,1,[180.0],0.0
doi:10.1016/j.cognition.2015.07.012,mixed_publication_and_experiment_scope,noel_2015_bodily_self,study_templates/noel_2015_bodily_self.json,design.noises[].elevation_deg,serialized_explicit,1,[0.0],0.0
doi:10.1016/j.cognition.2015.07.012,mixed_publication_and_experiment_scope,noel_2015_bodily_self_back_space,study_templates/noel_2015_bodily_self_back_space.json,design.noises[].elevation_deg,serialized_explicit,1,[0.0],0.0
doi:10.1016/j.cognition.2015.07.012,mixed_publication_and_experiment_scope,noel_2015_bodily_self,study_templates/noel_2015_bodily_self.json,design.noises[].gain,serialized_explicit,1,[1.0],1.0
doi:10.1016/j.cognition.2015.07.012,mixed_publication_and_experiment_scope,noel_2015_bodily_self_back_space,study_templates/noel_2015_bodily_self_back_space.json,design.noises[].gain,serialized_explicit,1,[1.0],1.0
doi:10.1016/j.cognition.2015.07.012,mixed_publication_and_experiment_scope,noel_2015_bodily_self,study_templates/noel_2015_bodily_self.json,design.noises[].source_profile,typed_or_parser_default_not_serialized,0,[],""""""
doi:10.1016/j.cognition.2015.07.012,mixed_publication_and_experiment_scope,noel_2015_bodily_self_back_space,study_templates/noel_2015_bodily_self_back_space.json,design.noises[].source_profile,typed_or_parser_default_not_serialized,0,[],""""""
doi:10.1016/j.cognition.2015.07.012,mixed_publication_and_experiment_scope,noel_2015_bodily_self,study_templates/noel_2015_bodily_self.json,design.noises[].source_profile_parameters,typed_or_parser_default_not_serialized,0,[],{}
doi:10.1016/j.cognition.2015.07.012,mixed_publication_and_experiment_scope,noel_2015_bodily_self_back_space,study_templates/noel_2015_bodily_self_back_space.json,design.noises[].source_profile_parameters,typed_or_parser_default_not_serialized,0,[],{}
doi:10.1016/j.cognition.2015.07.012,mixed_publication_and_experiment_scope,noel_2015_bodily_self,study_templates/noel_2015_bodily_self.json,design.noises[].prebaked_path,typed_or_parser_default_not_serialized,0,[],""""""
doi:10.1016/j.cognition.2015.07.012,mixed_publication_and_experiment_scope,noel_2015_bodily_self_back_space,study_templates/noel_2015_bodily_self_back_space.json,design.noises[].prebaked_path,typed_or_parser_default_not_serialized,0,[],""""""
doi:10.1016/j.cognition.2015.07.012,mixed_publication_and_experiment_scope,noel_2015_bodily_self,study_templates/noel_2015_bodily_self.json,design.noises[].sequence_order,typed_or_parser_default_not_serialized,0,[],0
doi:10.1016/j.cognition.2015.07.012,mixed_publication_and_experiment_scope,noel_2015_bodily_self_back_space,study_templates/noel_2015_bodily_self_back_space.json,design.noises[].sequence_order,typed_or_parser_default_not_serialized,0,[],0
doi:10.1016/j.cognition.2015.07.012,mixed_publication_and_experiment_scope,noel_2015_bodily_self,study_templates/noel_2015_bodily_self.json,design.noises[].motion_mode,typed_or_parser_default_not_serialized,0,[],"""looming"""
doi:10.1016/j.cognition.2015.07.012,mixed_publication_and_experiment_scope,noel_2015_bodily_self_back_space,study_templates/noel_2015_bodily_self_back_space.json,design.noises[].motion_mode,typed_or_parser_default_not_serialized,0,[],"""looming"""
doi:10.1016/j.cognition.2015.07.012,mixed_publication_and_experiment_scope,noel_2015_bodily_self,study_templates/noel_2015_bodily_self.json,design.noises[].trajectory_snapshot,typed_or_parser_default_not_serialized,0,[],{}
doi:10.1016/j.cognition.2015.07.012,mixed_publication_and_experiment_scope,noel_2015_bodily_self_back_space,study_templates/noel_2015_bodily_self_back_space.json,design.noises[].trajectory_snapshot,typed_or_parser_default_not_serialized,0,[],{}
doi:10.1016/j.cognition.2015.07.012,mixed_publication_and_experiment_scope,noel_2015_bodily_self,study_templates/noel_2015_bodily_self.json,design.custom_looming_files[].label,repeatable_entity_absent,0,[],
doi:10.1016/j.cognition.2015.07.012,mixed_publication_and_experiment_scope,noel_2015_bodily_self_back_space,study_templates/noel_2015_bodily_self_back_space.json,design.custom_looming_files[].label,repeatable_entity_absent,0,[],
doi:10.1016/j.cognition.2015.07.012,mixed_publication_and_experiment_scope,noel_2015_bodily_self,study_templates/noel_2015_bodily_self.json,design.custom_looming_files[].path,repeatable_entity_absent,0,[],
doi:10.1016/j.cognition.2015.07.012,mixed_publication_and_experiment_scope,noel_2015_bodily_self_back_space,study_templates/noel_2015_bodily_self_back_space.json,design.custom_looming_files[].path,repeatable_entity_absent,0,[],
doi:10.1016/j.cognition.2015.07.012,mixed_publication_and_experiment_scope,noel_2015_bodily_self,study_templates/noel_2015_bodily_self.json,design.custom_looming_files[].target_duration_s,repeatable_entity_absent,0,[],4.0
doi:10.1016/j.cognition.2015.07.012,mixed_publication_and_experiment_scope,noel_2015_bodily_self_back_space,study_templates/noel_2015_bodily_self_back_space.json,design.custom_looming_files[].target_duration_s,repeatable_entity_absent,0,[],4.0
doi:10.1016/j.cognition.2015.07.012,mixed_publication_and_experiment_scope,noel_2015_bodily_self,study_templates/noel_2015_bodily_self.json,design.custom_looming_files[].render_mode,repeatable_entity_absent,0,[],"""preserve"""
doi:10.1016/j.cognition.2015.07.012,mixed_publication_and_experiment_scope,noel_2015_bodily_self_back_space,study_templates/noel_2015_bodily_self_back_space.json,design.custom_looming_files[].render_mode,repeatable_entity_absent,0,[],"""preserve"""
doi:10.1016/j.cognition.2015.07.012,mixed_publication_and_experiment_scope,noel_2015_bodily_self,study_templates/noel_2015_bodily_self.json,design.custom_looming_files[].tone_type,repeatable_entity_absent,0,[],""""""
doi:10.1016/j.cognition.2015.07.012,mixed_publication_and_experiment_scope,noel_2015_bodily_self_back_space,study_templates/noel_2015_bodily_self_back_space.json,design.custom_looming_files[].tone_type,repeatable_entity_absent,0,[],""""""
doi:10.1016/j.cognition.2015.07.012,mixed_publication_and_experiment_scope,noel_2015_bodily_self,study_templates/noel_2015_bodily_self.json,design.custom_looming_files[].gain,repeatable_entity_absent,0,[],1.0
doi:10.1016/j.cognition.2015.07.012,mixed_publication_and_experiment_scope,noel_2015_bodily_self_back_space,study_templates/noel_2015_bodily_self_back_space.json,design.custom_looming_files[].gain,repeatable_entity_absent,0,[],1.0
doi:10.1016/j.cognition.2015.07.012,mixed_publication_and_experiment_scope,noel_2015_bodily_self,study_templates/noel_2015_bodily_self.json,design.custom_looming_files[].placement,repeatable_entity_absent,0,[],"""before"""
doi:10.1016/j.cognition.2015.07.012,mixed_publication_and_experiment_scope,noel_2015_bodily_self_back_space,study_templates/noel_2015_bodily_self_back_space.json,design.custom_looming_files[].placement,repeatable_entity_absent,0,[],"""before"""
doi:10.1016/j.cognition.2015.07.012,mixed_publication_and_experiment_scope,noel_2015_bodily_self,study_templates/noel_2015_bodily_self.json,design.custom_looming_files[].target_source_label,repeatable_entity_absent,0,[],""""""
doi:10.1016/j.cognition.2015.07.012,mixed_publication_and_experiment_scope,noel_2015_bodily_self_back_space,study_templates/noel_2015_bodily_self_back_space.json,design.custom_looming_files[].target_source_label,repeatable_entity_absent,0,[],""""""
doi:10.1016/j.cognition.2015.07.012,mixed_publication_and_experiment_scope,noel_2015_bodily_self,study_templates/noel_2015_bodily_self.json,design.custom_looming_files[].phase,repeatable_entity_absent,0,[],""""""
doi:10.1016/j.cognition.2015.07.012,mixed_publication_and_experiment_scope,noel_2015_bodily_self_back_space,study_templates/noel_2015_bodily_self_back_space.json,design.custom_looming_files[].phase,repeatable_entity_absent,0,[],""""""
doi:10.1016/j.cognition.2015.07.012,mixed_publication_and_experiment_scope,noel_2015_bodily_self,study_templates/noel_2015_bodily_self.json,design.custom_looming_files[].gap_s,repeatable_entity_absent,0,[],0.0
doi:10.1016/j.cognition.2015.07.012,mixed_publication_and_experiment_scope,noel_2015_bodily_self_back_space,study_templates/noel_2015_bodily_self_back_space.json,design.custom_looming_files[].gap_s,repeatable_entity_absent,0,[],0.0
doi:10.1016/j.cognition.2015.07.012,mixed_publication_and_experiment_scope,noel_2015_bodily_self,study_templates/noel_2015_bodily_self.json,design.custom_looming_files[].sequence_order,repeatable_entity_absent,0,[],0
doi:10.1016/j.cognition.2015.07.012,mixed_publication_and_experiment_scope,noel_2015_bodily_self_back_space,study_templates/noel_2015_bodily_self_back_space.json,design.custom_looming_files[].sequence_order,repeatable_entity_absent,0,[],0
doi:10.1016/j.cognition.2015.07.012,mixed_publication_and_experiment_scope,noel_2015_bodily_self,study_templates/noel_2015_bodily_self.json,design.custom_looming_files[].motion_mode,repeatable_entity_absent,0,[],"""looming"""
doi:10.1016/j.cognition.2015.07.012,mixed_publication_and_experiment_scope,noel_2015_bodily_self_back_space,study_templates/noel_2015_bodily_self_back_space.json,design.custom_looming_files[].motion_mode,repeatable_entity_absent,0,[],"""looming"""
doi:10.1016/j.cognition.2015.07.012,mixed_publication_and_experiment_scope,noel_2015_bodily_self,study_templates/noel_2015_bodily_self.json,design.custom_looming_files[].trajectory_snapshot,repeatable_entity_absent,0,[],{}
doi:10.1016/j.cognition.2015.07.012,mixed_publication_and_experiment_scope,noel_2015_bodily_self_back_space,study_templates/noel_2015_bodily_self_back_space.json,design.custom_looming_files[].trajectory_snapshot,repeatable_entity_absent,0,[],{}
doi:10.1016/j.cognition.2015.07.012,mixed_publication_and_experiment_scope,noel_2015_bodily_self,study_templates/noel_2015_bodily_self.json,design.custom_looming_files[].display_color_hex,repeatable_entity_absent,0,[],""""""
doi:10.1016/j.cognition.2015.07.012,mixed_publication_and_experiment_scope,noel_2015_bodily_self_back_space,study_templates/noel_2015_bodily_self_back_space.json,design.custom_looming_files[].display_color_hex,repeatable_entity_absent,0,[],""""""
doi:10.1016/j.cognition.2015.07.012,mixed_publication_and_experiment_scope,noel_2015_bodily_self,study_templates/noel_2015_bodily_self.json,design.custom_looming_files[].source_input_path,repeatable_entity_absent,0,[],""""""
doi:10.1016/j.cognition.2015.07.012,mixed_publication_and_experiment_scope,noel_2015_bodily_self_back_space,study_templates/noel_2015_bodily_self_back_space.json,design.custom_looming_files[].source_input_path,repeatable_entity_absent,0,[],""""""
doi:10.1016/j.cognition.2015.07.012,mixed_publication_and_experiment_scope,noel_2015_bodily_self,study_templates/noel_2015_bodily_self.json,design.prestimulus_files[].label,repeatable_entity_absent,0,[],
doi:10.1016/j.cognition.2015.07.012,mixed_publication_and_experiment_scope,noel_2015_bodily_self_back_space,study_templates/noel_2015_bodily_self_back_space.json,design.prestimulus_files[].label,repeatable_entity_absent,0,[],
doi:10.1016/j.cognition.2015.07.012,mixed_publication_and_experiment_scope,noel_2015_bodily_self,study_templates/noel_2015_bodily_self.json,design.prestimulus_files[].path,repeatable_entity_absent,0,[],
doi:10.1016/j.cognition.2015.07.012,mixed_publication_and_experiment_scope,noel_2015_bodily_self_back_space,study_templates/noel_2015_bodily_self_back_space.json,design.prestimulus_files[].path,repeatable_entity_absent,0,[],
doi:10.1016/j.cognition.2015.07.012,mixed_publication_and_experiment_scope,noel_2015_bodily_self,study_templates/noel_2015_bodily_self.json,design.prestimulus_files[].target_duration_s,repeatable_entity_absent,0,[],4.0
doi:10.1016/j.cognition.2015.07.012,mixed_publication_and_experiment_scope,noel_2015_bodily_self_back_space,study_templates/noel_2015_bodily_self_back_space.json,design.prestimulus_files[].target_duration_s,repeatable_entity_absent,0,[],4.0
doi:10.1016/j.cognition.2015.07.012,mixed_publication_and_experiment_scope,noel_2015_bodily_self,study_templates/noel_2015_bodily_self.json,design.prestimulus_files[].render_mode,repeatable_entity_absent,0,[],"""preserve"""
doi:10.1016/j.cognition.2015.07.012,mixed_publication_and_experiment_scope,noel_2015_bodily_self_back_space,study_templates/noel_2015_bodily_self_back_space.json,design.prestimulus_files[].render_mode,repeatable_entity_absent,0,[],"""preserve"""
doi:10.1016/j.cognition.2015.07.012,mixed_publication_and_experiment_scope,noel_2015_bodily_self,study_templates/noel_2015_bodily_self.json,design.prestimulus_files[].tone_type,repeatable_entity_absent,0,[],""""""
doi:10.1016/j.cognition.2015.07.012,mixed_publication_and_experiment_scope,noel_2015_bodily_self_back_space,study_templates/noel_2015_bodily_self_back_space.json,design.prestimulus_files[].tone_type,repeatable_entity_absent,0,[],""""""
doi:10.1016/j.cognition.2015.07.012,mixed_publication_and_experiment_scope,noel_2015_bodily_self,study_templates/noel_2015_bodily_self.json,design.prestimulus_files[].gain,repeatable_entity_absent,0,[],1.0
doi:10.1016/j.cognition.2015.07.012,mixed_publication_and_experiment_scope,noel_2015_bodily_self_back_space,study_templates/noel_2015_bodily_self_back_space.json,design.prestimulus_files[].gain,repeatable_entity_absent,0,[],1.0
doi:10.1016/j.cognition.2015.07.012,mixed_publication_and_experiment_scope,noel_2015_bodily_self,study_templates/noel_2015_bodily_self.json,design.prestimulus_files[].placement,repeatable_entity_absent,0,[],"""before"""
doi:10.1016/j.cognition.2015.07.012,mixed_publication_and_experiment_scope,noel_2015_bodily_self_back_space,study_templates/noel_2015_bodily_self_back_space.json,design.prestimulus_files[].placement,repeatable_entity_absent,0,[],"""before"""
doi:10.1016/j.cognition.2015.07.012,mixed_publication_and_experiment_scope,noel_2015_bodily_self,study_templates/noel_2015_bodily_self.json,design.prestimulus_files[].target_source_label,repeatable_entity_absent,0,[],""""""
doi:10.1016/j.cognition.2015.07.012,mixed_publication_and_experiment_scope,noel_2015_bodily_self_back_space,study_templates/noel_2015_bodily_self_back_space.json,design.prestimulus_files[].target_source_label,repeatable_entity_absent,0,[],""""""
doi:10.1016/j.cognition.2015.07.012,mixed_publication_and_experiment_scope,noel_2015_bodily_self,study_templates/noel_2015_bodily_self.json,design.prestimulus_files[].phase,repeatable_entity_absent,0,[],""""""
doi:10.1016/j.cognition.2015.07.012,mixed_publication_and_experiment_scope,noel_2015_bodily_self_back_space,study_templates/noel_2015_bodily_self_back_space.json,design.prestimulus_files[].phase,repeatable_entity_absent,0,[],""""""
doi:10.1016/j.cognition.2015.07.012,mixed_publication_and_experiment_scope,noel_2015_bodily_self,study_templates/noel_2015_bodily_self.json,design.prestimulus_files[].gap_s,repeatable_entity_absent,0,[],0.0
doi:10.1016/j.cognition.2015.07.012,mixed_publication_and_experiment_scope,noel_2015_bodily_self_back_space,study_templates/noel_2015_bodily_self_back_space.json,design.prestimulus_files[].gap_s,repeatable_entity_absent,0,[],0.0
doi:10.1016/j.cognition.2015.07.012,mixed_publication_and_experiment_scope,noel_2015_bodily_self,study_templates/noel_2015_bodily_self.json,design.prestimulus_files[].sequence_order,repeatable_entity_absent,0,[],0
doi:10.1016/j.cognition.2015.07.012,mixed_publication_and_experiment_scope,noel_2015_bodily_self_back_space,study_templates/noel_2015_bodily_self_back_space.json,design.prestimulus_files[].sequence_order,repeatable_entity_absent,0,[],0
doi:10.1016/j.cognition.2015.07.012,mixed_publication_and_experiment_scope,noel_2015_bodily_self,study_templates/noel_2015_bodily_self.json,design.prestimulus_files[].motion_mode,repeatable_entity_absent,0,[],"""looming"""
doi:10.1016/j.cognition.2015.07.012,mixed_publication_and_experiment_scope,noel_2015_bodily_self_back_space,study_templates/noel_2015_bodily_self_back_space.json,design.prestimulus_files[].motion_mode,repeatable_entity_absent,0,[],"""looming"""
doi:10.1016/j.cognition.2015.07.012,mixed_publication_and_experiment_scope,noel_2015_bodily_self,study_templates/noel_2015_bodily_self.json,design.prestimulus_files[].trajectory_snapshot,repeatable_entity_absent,0,[],{}
doi:10.1016/j.cognition.2015.07.012,mixed_publication_and_experiment_scope,noel_2015_bodily_self_back_space,study_templates/noel_2015_bodily_self_back_space.json,design.prestimulus_files[].trajectory_snapshot,repeatable_entity_absent,0,[],{}
doi:10.1016/j.cognition.2015.07.012,mixed_publication_and_experiment_scope,noel_2015_bodily_self,study_templates/noel_2015_bodily_self.json,design.prestimulus_files[].display_color_hex,repeatable_entity_absent,0,[],""""""
doi:10.1016/j.cognition.2015.07.012,mixed_publication_and_experiment_scope,noel_2015_bodily_self_back_space,study_templates/noel_2015_bodily_self_back_space.json,design.prestimulus_files[].display_color_hex,repeatable_entity_absent,0,[],""""""
doi:10.1016/j.cognition.2015.07.012,mixed_publication_and_experiment_scope,noel_2015_bodily_self,study_templates/noel_2015_bodily_self.json,design.prestimulus_files[].source_input_path,repeatable_entity_absent,0,[],""""""
doi:10.1016/j.cognition.2015.07.012,mixed_publication_and_experiment_scope,noel_2015_bodily_self_back_space,study_templates/noel_2015_bodily_self_back_space.json,design.prestimulus_files[].source_input_path,repeatable_entity_absent,0,[],""""""
doi:10.1016/j.cognition.2015.07.012,mixed_publication_and_experiment_scope,noel_2015_bodily_self,study_templates/noel_2015_bodily_self.json,design.trajectory.start_radius_m,serialized_explicit,1,[0.9],1.1
doi:10.1016/j.cognition.2015.07.012,mixed_publication_and_experiment_scope,noel_2015_bodily_self_back_space,study_templates/noel_2015_bodily_self_back_space.json,design.trajectory.start_radius_m,serialized_explicit,1,[0.9],1.1
doi:10.1016/j.cognition.2015.07.012,mixed_publication_and_experiment_scope,noel_2015_bodily_self,study_templates/noel_2015_bodily_self.json,design.trajectory.end_radius_m,serialized_explicit,1,[0.15],0.1
doi:10.1016/j.cognition.2015.07.012,mixed_publication_and_experiment_scope,noel_2015_bodily_self_back_space,study_templates/noel_2015_bodily_self_back_space.json,design.trajectory.end_radius_m,serialized_explicit,1,[0.15],0.1
doi:10.1016/j.cognition.2015.07.012,mixed_publication_and_experiment_scope,noel_2015_bodily_self,study_templates/noel_2015_bodily_self.json,design.trajectory.path_direction,serialized_explicit,1,"[""approach""]","""approach"""
doi:10.1016/j.cognition.2015.07.012,mixed_publication_and_experiment_scope,noel_2015_bodily_self_back_space,study_templates/noel_2015_bodily_self_back_space.json,design.trajectory.path_direction,serialized_explicit,1,"[""approach""]","""approach"""
doi:10.1016/j.cognition.2015.07.012,mixed_publication_and_experiment_scope,noel_2015_bodily_self,study_templates/noel_2015_bodily_self.json,design.trajectory.coordinate_mode,typed_or_parser_default_not_serialized,0,[],"""polar"""
doi:10.1016/j.cognition.2015.07.012,mixed_publication_and_experiment_scope,noel_2015_bodily_self_back_space,study_templates/noel_2015_bodily_self_back_space.json,design.trajectory.coordinate_mode,typed_or_parser_default_not_serialized,0,[],"""polar"""
doi:10.1016/j.cognition.2015.07.012,mixed_publication_and_experiment_scope,noel_2015_bodily_self,study_templates/noel_2015_bodily_self.json,design.trajectory.start_x_m,typed_or_parser_default_not_serialized,0,[],null
doi:10.1016/j.cognition.2015.07.012,mixed_publication_and_experiment_scope,noel_2015_bodily_self_back_space,study_templates/noel_2015_bodily_self_back_space.json,design.trajectory.start_x_m,typed_or_parser_default_not_serialized,0,[],null
doi:10.1016/j.cognition.2015.07.012,mixed_publication_and_experiment_scope,noel_2015_bodily_self,study_templates/noel_2015_bodily_self.json,design.trajectory.start_y_m,typed_or_parser_default_not_serialized,0,[],null
doi:10.1016/j.cognition.2015.07.012,mixed_publication_and_experiment_scope,noel_2015_bodily_self_back_space,study_templates/noel_2015_bodily_self_back_space.json,design.trajectory.start_y_m,typed_or_parser_default_not_serialized,0,[],null
doi:10.1016/j.cognition.2015.07.012,mixed_publication_and_experiment_scope,noel_2015_bodily_self,study_templates/noel_2015_bodily_self.json,design.trajectory.start_z_m,typed_or_parser_default_not_serialized,0,[],null
doi:10.1016/j.cognition.2015.07.012,mixed_publication_and_experiment_scope,noel_2015_bodily_self_back_space,study_templates/noel_2015_bodily_self_back_space.json,design.trajectory.start_z_m,typed_or_parser_default_not_serialized,0,[],null
doi:10.1016/j.cognition.2015.07.012,mixed_publication_and_experiment_scope,noel_2015_bodily_self,study_templates/noel_2015_bodily_self.json,design.trajectory.end_x_m,typed_or_parser_default_not_serialized,0,[],null
doi:10.1016/j.cognition.2015.07.012,mixed_publication_and_experiment_scope,noel_2015_bodily_self_back_space,study_templates/noel_2015_bodily_self_back_space.json,design.trajectory.end_x_m,typed_or_parser_default_not_serialized,0,[],null
doi:10.1016/j.cognition.2015.07.012,mixed_publication_and_experiment_scope,noel_2015_bodily_self,study_templates/noel_2015_bodily_self.json,design.trajectory.end_y_m,typed_or_parser_default_not_serialized,0,[],null
doi:10.1016/j.cognition.2015.07.012,mixed_publication_and_experiment_scope,noel_2015_bodily_self_back_space,study_templates/noel_2015_bodily_self_back_space.json,design.trajectory.end_y_m,typed_or_parser_default_not_serialized,0,[],null
doi:10.1016/j.cognition.2015.07.012,mixed_publication_and_experiment_scope,noel_2015_bodily_self,study_templates/noel_2015_bodily_self.json,design.trajectory.end_z_m,typed_or_parser_default_not_serialized,0,[],null
doi:10.1016/j.cognition.2015.07.012,mixed_publication_and_experiment_scope,noel_2015_bodily_self_back_space,study_templates/noel_2015_bodily_self_back_space.json,design.trajectory.end_z_m,typed_or_parser_default_not_serialized,0,[],null
doi:10.1016/j.cognition.2015.07.012,mixed_publication_and_experiment_scope,noel_2015_bodily_self,study_templates/noel_2015_bodily_self.json,design.trajectory.path_length_m,serialized_explicit,1,[0.75],1.0
doi:10.1016/j.cognition.2015.07.012,mixed_publication_and_experiment_scope,noel_2015_bodily_self_back_space,study_templates/noel_2015_bodily_self_back_space.json,design.trajectory.path_length_m,serialized_explicit,1,[0.75],1.0
doi:10.1016/j.cognition.2015.07.012,mixed_publication_and_experiment_scope,noel_2015_bodily_self,study_templates/noel_2015_bodily_self.json,design.trajectory.propagation_speed_mps,serialized_explicit,1,[0.6578947368421053],0.3333333333333333
doi:10.1016/j.cognition.2015.07.012,mixed_publication_and_experiment_scope,noel_2015_bodily_self_back_space,study_templates/noel_2015_bodily_self_back_space.json,design.trajectory.propagation_speed_mps,serialized_explicit,1,[0.6578947368421053],0.3333333333333333
doi:10.1016/j.cognition.2015.07.012,mixed_publication_and_experiment_scope,noel_2015_bodily_self,study_templates/noel_2015_bodily_self.json,design.trajectory.azimuth_start_deg,serialized_explicit,1,[0.0],0.0
doi:10.1016/j.cognition.2015.07.012,mixed_publication_and_experiment_scope,noel_2015_bodily_self_back_space,study_templates/noel_2015_bodily_self_back_space.json,design.trajectory.azimuth_start_deg,serialized_explicit,1,[180.0],0.0
doi:10.1016/j.cognition.2015.07.012,mixed_publication_and_experiment_scope,noel_2015_bodily_self,study_templates/noel_2015_bodily_self.json,design.trajectory.azimuth_end_deg,serialized_explicit,1,[0.0],0.0
doi:10.1016/j.cognition.2015.07.012,mixed_publication_and_experiment_scope,noel_2015_bodily_self_back_space,study_templates/noel_2015_bodily_self_back_space.json,design.trajectory.azimuth_end_deg,serialized_explicit,1,[180.0],0.0
doi:10.1016/j.cognition.2015.07.012,mixed_publication_and_experiment_scope,noel_2015_bodily_self,study_templates/noel_2015_bodily_self.json,design.trajectory.elevation_deg,serialized_explicit,1,[0.0],0.0
doi:10.1016/j.cognition.2015.07.012,mixed_publication_and_experiment_scope,noel_2015_bodily_self_back_space,study_templates/noel_2015_bodily_self_back_space.json,design.trajectory.elevation_deg,serialized_explicit,1,[0.0],0.0
doi:10.1016/j.cognition.2015.07.012,mixed_publication_and_experiment_scope,noel_2015_bodily_self,study_templates/noel_2015_bodily_self.json,design.trajectory.padding_pre_s,serialized_explicit,1,[0.0],0.5
doi:10.1016/j.cognition.2015.07.012,mixed_publication_and_experiment_scope,noel_2015_bodily_self_back_space,study_templates/noel_2015_bodily_self_back_space.json,design.trajectory.padding_pre_s,serialized_explicit,1,[0.0],0.5
doi:10.1016/j.cognition.2015.07.012,mixed_publication_and_experiment_scope,noel_2015_bodily_self,study_templates/noel_2015_bodily_self.json,design.trajectory.padding_post_s,serialized_explicit,1,[0.0],0.5
doi:10.1016/j.cognition.2015.07.012,mixed_publication_and_experiment_scope,noel_2015_bodily_self_back_space,study_templates/noel_2015_bodily_self_back_space.json,design.trajectory.padding_post_s,serialized_explicit,1,[0.0],0.5
doi:10.1016/j.cognition.2015.07.012,mixed_publication_and_experiment_scope,noel_2015_bodily_self,study_templates/noel_2015_bodily_self.json,design.trajectory.sample_rate,serialized_explicit,1,[44100],44100
doi:10.1016/j.cognition.2015.07.012,mixed_publication_and_experiment_scope,noel_2015_bodily_self_back_space,study_templates/noel_2015_bodily_self_back_space.json,design.trajectory.sample_rate,serialized_explicit,1,[44100],44100
doi:10.1016/j.cognition.2015.07.012,mixed_publication_and_experiment_scope,noel_2015_bodily_self,study_templates/noel_2015_bodily_self.json,design.trajectory.use_inverse_square,serialized_explicit,1,[true],true
doi:10.1016/j.cognition.2015.07.012,mixed_publication_and_experiment_scope,noel_2015_bodily_self_back_space,study_templates/noel_2015_bodily_self_back_space.json,design.trajectory.use_inverse_square,serialized_explicit,1,[true],true
doi:10.1016/j.cognition.2015.07.012,mixed_publication_and_experiment_scope,noel_2015_bodily_self,study_templates/noel_2015_bodily_self.json,design.protocol.repetitions_per_condition,serialized_explicit,1,[12],1
doi:10.1016/j.cognition.2015.07.012,mixed_publication_and_experiment_scope,noel_2015_bodily_self_back_space,study_templates/noel_2015_bodily_self_back_space.json,design.protocol.repetitions_per_condition,serialized_explicit,1,[12],1
doi:10.1016/j.cognition.2015.07.012,mixed_publication_and_experiment_scope,noel_2015_bodily_self,study_templates/noel_2015_bodily_self.json,design.protocol.trial_pool_repetition_defaults,typed_or_parser_default_not_serialized,0,[],{}
doi:10.1016/j.cognition.2015.07.012,mixed_publication_and_experiment_scope,noel_2015_bodily_self_back_space,study_templates/noel_2015_bodily_self_back_space.json,design.protocol.trial_pool_repetition_defaults,typed_or_parser_default_not_serialized,0,[],{}
doi:10.1016/j.cognition.2015.07.012,mixed_publication_and_experiment_scope,noel_2015_bodily_self,study_templates/noel_2015_bodily_self.json,design.protocol.soa_values_ms,serialized_explicit,1,"[[190,380,570,760,950,1140]]","[300,800,1500,2200,2700]"
doi:10.1016/j.cognition.2015.07.012,mixed_publication_and_experiment_scope,noel_2015_bodily_self_back_space,study_templates/noel_2015_bodily_self_back_space.json,design.protocol.soa_values_ms,serialized_explicit,1,"[[190,380,570,760,950,1140]]","[300,800,1500,2200,2700]"
doi:10.1016/j.cognition.2015.07.012,mixed_publication_and_experiment_scope,noel_2015_bodily_self,study_templates/noel_2015_bodily_self.json,design.protocol.spatial_values_cm,serialized_explicit,1,"[[15.0,30.0,45.0,60.0,75.0,90.0]]","[100.0,83.3,60.0,36.7,20.0]"
doi:10.1016/j.cognition.2015.07.012,mixed_publication_and_experiment_scope,noel_2015_bodily_self_back_space,study_templates/noel_2015_bodily_self_back_space.json,design.protocol.spatial_values_cm,serialized_explicit,1,"[[15.0,30.0,45.0,60.0,75.0,90.0]]","[100.0,83.3,60.0,36.7,20.0]"
doi:10.1016/j.cognition.2015.07.012,mixed_publication_and_experiment_scope,noel_2015_bodily_self,study_templates/noel_2015_bodily_self.json,design.protocol.pair_spatial_values_with_soas,serialized_explicit,1,[true],true
doi:10.1016/j.cognition.2015.07.012,mixed_publication_and_experiment_scope,noel_2015_bodily_self_back_space,study_templates/noel_2015_bodily_self_back_space.json,design.protocol.pair_spatial_values_with_soas,serialized_explicit,1,[true],true
doi:10.1016/j.cognition.2015.07.012,mixed_publication_and_experiment_scope,noel_2015_bodily_self,study_templates/noel_2015_bodily_self.json,design.protocol.auditory_motion_directions,serialized_explicit,1,"[[""looming""]]","[""looming""]"
doi:10.1016/j.cognition.2015.07.012,mixed_publication_and_experiment_scope,noel_2015_bodily_self_back_space,study_templates/noel_2015_bodily_self_back_space.json,design.protocol.auditory_motion_directions,serialized_explicit,1,"[[""looming""]]","[""looming""]"
doi:10.1016/j.cognition.2015.07.012,mixed_publication_and_experiment_scope,noel_2015_bodily_self,study_templates/noel_2015_bodily_self.json,design.protocol.tactile_sites,serialized_explicit,1,"[[""chest""]]","[""hand""]"
doi:10.1016/j.cognition.2015.07.012,mixed_publication_and_experiment_scope,noel_2015_bodily_self_back_space,study_templates/noel_2015_bodily_self_back_space.json,design.protocol.tactile_sites,serialized_explicit,1,"[[""back""]]","[""hand""]"
doi:10.1016/j.cognition.2015.07.012,mixed_publication_and_experiment_scope,noel_2015_bodily_self,study_templates/noel_2015_bodily_self.json,design.protocol.include_catch_trials,typed_or_parser_default_not_serialized,0,[],true
doi:10.1016/j.cognition.2015.07.012,mixed_publication_and_experiment_scope,noel_2015_bodily_self_back_space,study_templates/noel_2015_bodily_self_back_space.json,design.protocol.include_catch_trials,typed_or_parser_default_not_serialized,0,[],true
doi:10.1016/j.cognition.2015.07.012,mixed_publication_and_experiment_scope,noel_2015_bodily_self,study_templates/noel_2015_bodily_self.json,design.protocol.catch_trial_percentage,serialized_explicit,1,[12.5],10.0
doi:10.1016/j.cognition.2015.07.012,mixed_publication_and_experiment_scope,noel_2015_bodily_self_back_space,study_templates/noel_2015_bodily_self_back_space.json,design.protocol.catch_trial_percentage,serialized_explicit,1,[12.5],10.0
doi:10.1016/j.cognition.2015.07.012,mixed_publication_and_experiment_scope,noel_2015_bodily_self,study_templates/noel_2015_bodily_self.json,design.protocol.catch_trials_exact,serialized_explicit,1,[12],null
doi:10.1016/j.cognition.2015.07.012,mixed_publication_and_experiment_scope,noel_2015_bodily_self_back_space,study_templates/noel_2015_bodily_self_back_space.json,design.protocol.catch_trials_exact,serialized_explicit,1,[12],null
doi:10.1016/j.cognition.2015.07.012,mixed_publication_and_experiment_scope,noel_2015_bodily_self,study_templates/noel_2015_bodily_self.json,design.protocol.catch_crosses_sequence_variants,typed_or_parser_default_not_serialized,0,[],true
doi:10.1016/j.cognition.2015.07.012,mixed_publication_and_experiment_scope,noel_2015_bodily_self_back_space,study_templates/noel_2015_bodily_self_back_space.json,design.protocol.catch_crosses_sequence_variants,typed_or_parser_default_not_serialized,0,[],true
doi:10.1016/j.cognition.2015.07.012,mixed_publication_and_experiment_scope,noel_2015_bodily_self,study_templates/noel_2015_bodily_self.json,design.protocol.include_auditory_only_trials,typed_or_parser_default_not_serialized,0,[],false
doi:10.1016/j.cognition.2015.07.012,mixed_publication_and_experiment_scope,noel_2015_bodily_self_back_space,study_templates/noel_2015_bodily_self_back_space.json,design.protocol.include_auditory_only_trials,typed_or_parser_default_not_serialized,0,[],false
doi:10.1016/j.cognition.2015.07.012,mixed_publication_and_experiment_scope,noel_2015_bodily_self,study_templates/noel_2015_bodily_self.json,design.protocol.auditory_only_trial_percentage,typed_or_parser_default_not_serialized,0,[],0.0
doi:10.1016/j.cognition.2015.07.012,mixed_publication_and_experiment_scope,noel_2015_bodily_self_back_space,study_templates/noel_2015_bodily_self_back_space.json,design.protocol.auditory_only_trial_percentage,typed_or_parser_default_not_serialized,0,[],0.0
doi:10.1016/j.cognition.2015.07.012,mixed_publication_and_experiment_scope,noel_2015_bodily_self,study_templates/noel_2015_bodily_self.json,design.protocol.auditory_only_trials_exact,typed_or_parser_default_not_serialized,0,[],null
doi:10.1016/j.cognition.2015.07.012,mixed_publication_and_experiment_scope,noel_2015_bodily_self_back_space,study_templates/noel_2015_bodily_self_back_space.json,design.protocol.auditory_only_trials_exact,typed_or_parser_default_not_serialized,0,[],null
doi:10.1016/j.cognition.2015.07.012,mixed_publication_and_experiment_scope,noel_2015_bodily_self,study_templates/noel_2015_bodily_self.json,design.protocol.auditory_only_crosses_sequence_variants,typed_or_parser_default_not_serialized,0,[],true
doi:10.1016/j.cognition.2015.07.012,mixed_publication_and_experiment_scope,noel_2015_bodily_self_back_space,study_templates/noel_2015_bodily_self_back_space.json,design.protocol.auditory_only_crosses_sequence_variants,typed_or_parser_default_not_serialized,0,[],true
doi:10.1016/j.cognition.2015.07.012,mixed_publication_and_experiment_scope,noel_2015_bodily_self,study_templates/noel_2015_bodily_self.json,design.protocol.include_baseline_trials,serialized_explicit,1,[true],true
doi:10.1016/j.cognition.2015.07.012,mixed_publication_and_experiment_scope,noel_2015_bodily_self_back_space,study_templates/noel_2015_bodily_self_back_space.json,design.protocol.include_baseline_trials,serialized_explicit,1,[true],true
doi:10.1016/j.cognition.2015.07.012,mixed_publication_and_experiment_scope,noel_2015_bodily_self,study_templates/noel_2015_bodily_self.json,design.protocol.baseline_strategy,typed_or_parser_default_not_serialized,0,[],"""tactile_only"""
doi:10.1016/j.cognition.2015.07.012,mixed_publication_and_experiment_scope,noel_2015_bodily_self_back_space,study_templates/noel_2015_bodily_self_back_space.json,design.protocol.baseline_strategy,typed_or_parser_default_not_serialized,0,[],"""tactile_only"""
doi:10.1016/j.cognition.2015.07.012,mixed_publication_and_experiment_scope,noel_2015_bodily_self,study_templates/noel_2015_bodily_self.json,design.protocol.baseline_trials_exact,typed_or_parser_default_not_serialized,0,[],null
doi:10.1016/j.cognition.2015.07.012,mixed_publication_and_experiment_scope,noel_2015_bodily_self_back_space,study_templates/noel_2015_bodily_self_back_space.json,design.protocol.baseline_trials_exact,typed_or_parser_default_not_serialized,0,[],null
doi:10.1016/j.cognition.2015.07.012,mixed_publication_and_experiment_scope,noel_2015_bodily_self,study_templates/noel_2015_bodily_self.json,design.protocol.baseline_trial_percentage,typed_or_parser_default_not_serialized,0,[],0.0
doi:10.1016/j.cognition.2015.07.012,mixed_publication_and_experiment_scope,noel_2015_bodily_self_back_space,study_templates/noel_2015_bodily_self_back_space.json,design.protocol.baseline_trial_percentage,typed_or_parser_default_not_serialized,0,[],0.0
doi:10.1016/j.cognition.2015.07.012,mixed_publication_and_experiment_scope,noel_2015_bodily_self,study_templates/noel_2015_bodily_self.json,design.protocol.baseline_soa_values_ms,serialized_explicit,1,"[[190,1140]]",[]
doi:10.1016/j.cognition.2015.07.012,mixed_publication_and_experiment_scope,noel_2015_bodily_self_back_space,study_templates/noel_2015_bodily_self_back_space.json,design.protocol.baseline_soa_values_ms,serialized_explicit,1,"[[190,1140]]",[]
doi:10.1016/j.cognition.2015.07.012,mixed_publication_and_experiment_scope,noel_2015_bodily_self,study_templates/noel_2015_bodily_self.json,design.protocol.baseline_custom_trial_mode,typed_or_parser_default_not_serialized,0,[],"""tactile_only"""
doi:10.1016/j.cognition.2015.07.012,mixed_publication_and_experiment_scope,noel_2015_bodily_self_back_space,study_templates/noel_2015_bodily_self_back_space.json,design.protocol.baseline_custom_trial_mode,typed_or_parser_default_not_serialized,0,[],"""tactile_only"""
doi:10.1016/j.cognition.2015.07.012,mixed_publication_and_experiment_scope,noel_2015_bodily_self,study_templates/noel_2015_bodily_self.json,design.protocol.baseline_crosses_sequence_variants,typed_or_parser_default_not_serialized,0,[],true
doi:10.1016/j.cognition.2015.07.012,mixed_publication_and_experiment_scope,noel_2015_bodily_self_back_space,study_templates/noel_2015_bodily_self_back_space.json,design.protocol.baseline_crosses_sequence_variants,typed_or_parser_default_not_serialized,0,[],true
doi:10.1016/j.cognition.2015.07.012,mixed_publication_and_experiment_scope,noel_2015_bodily_self,study_templates/noel_2015_bodily_self.json,design.protocol.respiratory_phases,serialized_explicit,1,"[[""Any""]]","[""Inhale"",""Exhale""]"
doi:10.1016/j.cognition.2015.07.012,mixed_publication_and_experiment_scope,noel_2015_bodily_self_back_space,study_templates/noel_2015_bodily_self_back_space.json,design.protocol.respiratory_phases,serialized_explicit,1,"[[""Any""]]","[""Inhale"",""Exhale""]"
doi:10.1016/j.cognition.2015.07.012,mixed_publication_and_experiment_scope,noel_2015_bodily_self,study_templates/noel_2015_bodily_self.json,design.protocol.blocks,serialized_explicit,1,[2],6
doi:10.1016/j.cognition.2015.07.012,mixed_publication_and_experiment_scope,noel_2015_bodily_self_back_space,study_templates/noel_2015_bodily_self_back_space.json,design.protocol.blocks,serialized_explicit,1,[2],6
doi:10.1016/j.cognition.2015.07.012,mixed_publication_and_experiment_scope,noel_2015_bodily_self,study_templates/noel_2015_bodily_self.json,design.protocol.block_specs[].label,serialized_explicit,2,"[""Front synchronous stroking block"",""Front asynchronous stroking block""]",
doi:10.1016/j.cognition.2015.07.012,mixed_publication_and_experiment_scope,noel_2015_bodily_self_back_space,study_templates/noel_2015_bodily_self_back_space.json,design.protocol.block_specs[].label,serialized_explicit,2,"[""Back synchronous stroking block"",""Back asynchronous stroking block""]",
doi:10.1016/j.cognition.2015.07.012,mixed_publication_and_experiment_scope,noel_2015_bodily_self,study_templates/noel_2015_bodily_self.json,design.protocol.block_specs[].stimulus_types,serialized_explicit,2,"[[""Audio-Tactile"",""Baseline"",""Catch""],[""Audio-Tactile"",""Baseline"",""Catch""]]","[""Audio-Tactile"",""Baseline"",""Catch""]"
doi:10.1016/j.cognition.2015.07.012,mixed_publication_and_experiment_scope,noel_2015_bodily_self_back_space,study_templates/noel_2015_bodily_self_back_space.json,design.protocol.block_specs[].stimulus_types,serialized_explicit,2,"[[""Audio-Tactile"",""Baseline"",""Catch""],[""Audio-Tactile"",""Baseline"",""Catch""]]","[""Audio-Tactile"",""Baseline"",""Catch""]"
doi:10.1016/j.cognition.2015.07.012,mixed_publication_and_experiment_scope,noel_2015_bodily_self,study_templates/noel_2015_bodily_self.json,design.protocol.repeat_trial_pool_per_block,typed_or_parser_default_not_serialized,0,[],false
doi:10.1016/j.cognition.2015.07.012,mixed_publication_and_experiment_scope,noel_2015_bodily_self_back_space,study_templates/noel_2015_bodily_self_back_space.json,design.protocol.repeat_trial_pool_per_block,typed_or_parser_default_not_serialized,0,[],false
doi:10.1016/j.cognition.2015.07.012,mixed_publication_and_experiment_scope,noel_2015_bodily_self,study_templates/noel_2015_bodily_self.json,design.protocol.distribute_trial_pool_across_blocks,typed_or_parser_default_not_serialized,0,[],false
doi:10.1016/j.cognition.2015.07.012,mixed_publication_and_experiment_scope,noel_2015_bodily_self_back_space,study_templates/noel_2015_bodily_self_back_space.json,design.protocol.distribute_trial_pool_across_blocks,typed_or_parser_default_not_serialized,0,[],false
doi:10.1016/j.cognition.2015.07.012,mixed_publication_and_experiment_scope,noel_2015_bodily_self,study_templates/noel_2015_bodily_self.json,design.protocol.trial_strips[].strip_id,serialized_explicit,1,"[""noel-bodily-self-looming-row""]",""""""
doi:10.1016/j.cognition.2015.07.012,mixed_publication_and_experiment_scope,noel_2015_bodily_self_back_space,study_templates/noel_2015_bodily_self_back_space.json,design.protocol.trial_strips[].strip_id,serialized_explicit,1,"[""noel-bodily-self-back-looming-row""]",""""""
doi:10.1016/j.cognition.2015.07.012,mixed_publication_and_experiment_scope,noel_2015_bodily_self,study_templates/noel_2015_bodily_self.json,design.protocol.trial_strips[].label,serialized_explicit,1,"[""Bodily-self PPS trial""]",""""""
doi:10.1016/j.cognition.2015.07.012,mixed_publication_and_experiment_scope,noel_2015_bodily_self_back_space,study_templates/noel_2015_bodily_self_back_space.json,design.protocol.trial_strips[].label,serialized_explicit,1,"[""Back bodily-self PPS trial""]",""""""
doi:10.1016/j.cognition.2015.07.012,mixed_publication_and_experiment_scope,noel_2015_bodily_self,study_templates/noel_2015_bodily_self.json,design.protocol.trial_strips[].audio_tactile_percentage,serialized_explicit,1,[100.0],null
doi:10.1016/j.cognition.2015.07.012,mixed_publication_and_experiment_scope,noel_2015_bodily_self_back_space,study_templates/noel_2015_bodily_self_back_space.json,design.protocol.trial_strips[].audio_tactile_percentage,serialized_explicit,1,[100.0],null
doi:10.1016/j.cognition.2015.07.012,mixed_publication_and_experiment_scope,noel_2015_bodily_self,study_templates/noel_2015_bodily_self.json,design.protocol.trial_strips[].catch_percentage,serialized_explicit,1,[0.0],null
doi:10.1016/j.cognition.2015.07.012,mixed_publication_and_experiment_scope,noel_2015_bodily_self_back_space,study_templates/noel_2015_bodily_self_back_space.json,design.protocol.trial_strips[].catch_percentage,serialized_explicit,1,[0.0],null
doi:10.1016/j.cognition.2015.07.012,mixed_publication_and_experiment_scope,noel_2015_bodily_self,study_templates/noel_2015_bodily_self.json,design.protocol.trial_strips[].baseline_percentage,serialized_explicit,1,[0.0],null
doi:10.1016/j.cognition.2015.07.012,mixed_publication_and_experiment_scope,noel_2015_bodily_self_back_space,study_templates/noel_2015_bodily_self_back_space.json,design.protocol.trial_strips[].baseline_percentage,serialized_explicit,1,[0.0],null
doi:10.1016/j.cognition.2015.07.012,mixed_publication_and_experiment_scope,noel_2015_bodily_self,study_templates/noel_2015_bodily_self.json,design.protocol.trial_strips[].soa_values_ms,typed_or_parser_default_not_serialized,0,[],[]
doi:10.1016/j.cognition.2015.07.012,mixed_publication_and_experiment_scope,noel_2015_bodily_self_back_space,study_templates/noel_2015_bodily_self_back_space.json,design.protocol.trial_strips[].soa_values_ms,typed_or_parser_default_not_serialized,0,[],[]
doi:10.1016/j.cognition.2015.07.012,mixed_publication_and_experiment_scope,noel_2015_bodily_self,study_templates/noel_2015_bodily_self.json,design.protocol.trial_strips[].spatial_values_cm,typed_or_parser_default_not_serialized,0,[],[]
doi:10.1016/j.cognition.2015.07.012,mixed_publication_and_experiment_scope,noel_2015_bodily_self_back_space,study_templates/noel_2015_bodily_self_back_space.json,design.protocol.trial_strips[].spatial_values_cm,typed_or_parser_default_not_serialized,0,[],[]
doi:10.1016/j.cognition.2015.07.012,mixed_publication_and_experiment_scope,noel_2015_bodily_self,study_templates/noel_2015_bodily_self.json,design.protocol.trial_strips[].metadata,typed_or_parser_default_not_serialized,0,[],{}
doi:10.1016/j.cognition.2015.07.012,mixed_publication_and_experiment_scope,noel_2015_bodily_self_back_space,study_templates/noel_2015_bodily_self_back_space.json,design.protocol.trial_strips[].metadata,typed_or_parser_default_not_serialized,0,[],{}
doi:10.1016/j.cognition.2015.07.012,mixed_publication_and_experiment_scope,noel_2015_bodily_self,study_templates/noel_2015_bodily_self.json,design.protocol.trial_strips[].elements[].element_id,serialized_explicit,1,"[""noel-bodily-self-looming-source""]",""""""
doi:10.1016/j.cognition.2015.07.012,mixed_publication_and_experiment_scope,noel_2015_bodily_self_back_space,study_templates/noel_2015_bodily_self_back_space.json,design.protocol.trial_strips[].elements[].element_id,serialized_explicit,1,"[""noel-bodily-self-back-looming-source""]",""""""
doi:10.1016/j.cognition.2015.07.012,mixed_publication_and_experiment_scope,noel_2015_bodily_self,study_templates/noel_2015_bodily_self.json,design.protocol.trial_strips[].elements[].kind,serialized_explicit,1,"[""looming_stimulus""]","""looming_stimulus"""
doi:10.1016/j.cognition.2015.07.012,mixed_publication_and_experiment_scope,noel_2015_bodily_self_back_space,study_templates/noel_2015_bodily_self_back_space.json,design.protocol.trial_strips[].elements[].kind,serialized_explicit,1,"[""looming_stimulus""]","""looming_stimulus"""
doi:10.1016/j.cognition.2015.07.012,mixed_publication_and_experiment_scope,noel_2015_bodily_self,study_templates/noel_2015_bodily_self.json,design.protocol.trial_strips[].elements[].label,serialized_explicit,1,"[""Looming sound""]",""""""
doi:10.1016/j.cognition.2015.07.012,mixed_publication_and_experiment_scope,noel_2015_bodily_self_back_space,study_templates/noel_2015_bodily_self_back_space.json,design.protocol.trial_strips[].elements[].label,serialized_explicit,1,"[""Back-space looming sound""]",""""""
doi:10.1016/j.cognition.2015.07.012,mixed_publication_and_experiment_scope,noel_2015_bodily_self,study_templates/noel_2015_bodily_self.json,design.protocol.trial_strips[].elements[].source_label,serialized_explicit,1,"[""""]",""""""
doi:10.1016/j.cognition.2015.07.012,mixed_publication_and_experiment_scope,noel_2015_bodily_self_back_space,study_templates/noel_2015_bodily_self_back_space.json,design.protocol.trial_strips[].elements[].source_label,serialized_explicit,1,"[""Back-space looming sound""]",""""""
doi:10.1016/j.cognition.2015.07.012,mixed_publication_and_experiment_scope,noel_2015_bodily_self,study_templates/noel_2015_bodily_self.json,design.protocol.trial_strips[].elements[].source_labels,serialized_explicit,1,[[]],[]
doi:10.1016/j.cognition.2015.07.012,mixed_publication_and_experiment_scope,noel_2015_bodily_self_back_space,study_templates/noel_2015_bodily_self_back_space.json,design.protocol.trial_strips[].elements[].source_labels,serialized_explicit,1,"[[""Back-space looming sound""]]",[]
doi:10.1016/j.cognition.2015.07.012,mixed_publication_and_experiment_scope,noel_2015_bodily_self,study_templates/noel_2015_bodily_self.json,design.protocol.trial_strips[].elements[].jitter_values_ms,typed_or_parser_default_not_serialized,0,[],[]
doi:10.1016/j.cognition.2015.07.012,mixed_publication_and_experiment_scope,noel_2015_bodily_self_back_space,study_templates/noel_2015_bodily_self_back_space.json,design.protocol.trial_strips[].elements[].jitter_values_ms,typed_or_parser_default_not_serialized,0,[],[]
doi:10.1016/j.cognition.2015.07.012,mixed_publication_and_experiment_scope,noel_2015_bodily_self,study_templates/noel_2015_bodily_self.json,design.protocol.trial_strips[].elements[].randomized,serialized_explicit,1,[true],false
doi:10.1016/j.cognition.2015.07.012,mixed_publication_and_experiment_scope,noel_2015_bodily_self_back_space,study_templates/noel_2015_bodily_self_back_space.json,design.protocol.trial_strips[].elements[].randomized,serialized_explicit,1,[true],false
doi:10.1016/j.cognition.2015.07.012,mixed_publication_and_experiment_scope,noel_2015_bodily_self,study_templates/noel_2015_bodily_self.json,design.protocol.trial_randomization_strategy,typed_or_parser_default_not_serialized,0,[],"""no_immediate_repeats"""
doi:10.1016/j.cognition.2015.07.012,mixed_publication_and_experiment_scope,noel_2015_bodily_self_back_space,study_templates/noel_2015_bodily_self_back_space.json,design.protocol.trial_randomization_strategy,typed_or_parser_default_not_serialized,0,[],"""no_immediate_repeats"""
doi:10.1016/j.cognition.2015.07.012,mixed_publication_and_experiment_scope,noel_2015_bodily_self,study_templates/noel_2015_bodily_self.json,design.protocol.block_order_randomization,typed_or_parser_default_not_serialized,0,[],"""counterbalanced_rotation"""
doi:10.1016/j.cognition.2015.07.012,mixed_publication_and_experiment_scope,noel_2015_bodily_self_back_space,study_templates/noel_2015_bodily_self_back_space.json,design.protocol.block_order_randomization,typed_or_parser_default_not_serialized,0,[],"""counterbalanced_rotation"""
doi:10.1016/j.cognition.2015.07.012,mixed_publication_and_experiment_scope,noel_2015_bodily_self,study_templates/noel_2015_bodily_self.json,design.protocol.max_consecutive_same_trial_type,typed_or_parser_default_not_serialized,0,[],2
doi:10.1016/j.cognition.2015.07.012,mixed_publication_and_experiment_scope,noel_2015_bodily_self_back_space,study_templates/noel_2015_bodily_self_back_space.json,design.protocol.max_consecutive_same_trial_type,typed_or_parser_default_not_serialized,0,[],2
doi:10.1016/j.cognition.2015.07.012,mixed_publication_and_experiment_scope,noel_2015_bodily_self,study_templates/noel_2015_bodily_self.json,design.protocol.participants,serialized_explicit,1,[19],50
doi:10.1016/j.cognition.2015.07.012,mixed_publication_and_experiment_scope,noel_2015_bodily_self_back_space,study_templates/noel_2015_bodily_self_back_space.json,design.protocol.participants,serialized_explicit,1,[19],50
doi:10.1016/j.cognition.2015.07.012,mixed_publication_and_experiment_scope,noel_2015_bodily_self,study_templates/noel_2015_bodily_self.json,design.protocol.random_seed,serialized_explicit,1,[20150722],20250604
doi:10.1016/j.cognition.2015.07.012,mixed_publication_and_experiment_scope,noel_2015_bodily_self_back_space,study_templates/noel_2015_bodily_self_back_space.json,design.protocol.random_seed,serialized_explicit,1,[20150723],20250604
doi:10.1016/j.cognition.2015.07.012,mixed_publication_and_experiment_scope,noel_2015_bodily_self,study_templates/noel_2015_bodily_self.json,design.protocol.participant_order_policy,typed_or_parser_default_not_serialized,0,[],{}
doi:10.1016/j.cognition.2015.07.012,mixed_publication_and_experiment_scope,noel_2015_bodily_self_back_space,study_templates/noel_2015_bodily_self_back_space.json,design.protocol.participant_order_policy,typed_or_parser_default_not_serialized,0,[],{}
doi:10.1016/j.neuropsychologia.2015.03.001,experiment_or_variant_scoped_profiles,ferri_2015_artificial_looming_valence,study_templates/ferri_2015_artificial_looming_valence.json,design.name,serialized_explicit,1,"[""Ferri 2015 artificial emotional looming PPS""]","""Study 5 PPS white/pink design"""
doi:10.1016/j.neuropsychologia.2015.03.001,experiment_or_variant_scoped_profiles,ferri_2015_ecological_looming_valence,study_templates/ferri_2015_ecological_looming_valence.json,design.name,serialized_explicit,1,"[""Ferri 2015 ecological emotional looming PPS""]","""Study 5 PPS white/pink design"""
doi:10.1016/j.neuropsychologia.2015.03.001,experiment_or_variant_scoped_profiles,ferri_2015_artificial_looming_valence,study_templates/ferri_2015_artificial_looming_valence.json,design.study_profile_id,serialized_explicit,1,"[""ferri_2015_artificial_looming_valence""]",""""""
doi:10.1016/j.neuropsychologia.2015.03.001,experiment_or_variant_scoped_profiles,ferri_2015_ecological_looming_valence,study_templates/ferri_2015_ecological_looming_valence.json,design.study_profile_id,serialized_explicit,1,"[""ferri_2015_ecological_looming_valence""]",""""""
doi:10.1016/j.neuropsychologia.2015.03.001,experiment_or_variant_scoped_profiles,ferri_2015_artificial_looming_valence,study_templates/ferri_2015_artificial_looming_valence.json,design.study_profile_title,serialized_explicit,1,"[""Ferri 2015 artificial emotional looming sounds""]",""""""
doi:10.1016/j.neuropsychologia.2015.03.001,experiment_or_variant_scoped_profiles,ferri_2015_ecological_looming_valence,study_templates/ferri_2015_ecological_looming_valence.json,design.study_profile_title,serialized_explicit,1,"[""Ferri 2015 ecological emotional looming sounds""]",""""""
doi:10.1016/j.neuropsychologia.2015.03.001,experiment_or_variant_scoped_profiles,ferri_2015_artificial_looming_valence,study_templates/ferri_2015_artificial_looming_valence.json,design.study_profile_notes,serialized_explicit,1,"[""Captures the Canzoneri-style frontal audio-tactile scaffold and artificial 1/f versus 1/f2 looming sound labels. Exact emotional stimulus construction and ratings require the paper materials.""]",""""""
doi:10.1016/j.neuropsychologia.2015.03.001,experiment_or_variant_scoped_profiles,ferri_2015_ecological_looming_valence,study_templates/ferri_2015_ecological_looming_valence.json,design.study_profile_notes,serialized_explicit,1,"[""Ecological-sound variant. Current GUI can represent valence-labeled sound conditions but cannot bundle the original ecological audio assets.""]",""""""
doi:10.1016/j.neuropsychologia.2015.03.001,experiment_or_variant_scoped_profiles,ferri_2015_artificial_looming_valence,study_templates/ferri_2015_artificial_looming_valence.json,design.study_profile_reference_parameters,serialized_explicit,1,"[{""implementation_gaps"":[""exact auditory files"",""emotional ratings"",""paper-specific gain envelope""],""implemented_controls"":[""approaching sound"",""right-hand tactile target"",""five SOA/distance samples"",""negative/neutral artificial sound labels""],""profile_type"":""audio_tactile_looming_valence""}]",{}
doi:10.1016/j.neuropsychologia.2015.03.001,experiment_or_variant_scoped_profiles,ferri_2015_ecological_looming_valence,study_templates/ferri_2015_ecological_looming_valence.json,design.study_profile_reference_parameters,serialized_explicit,1,"[{""implementation_gaps"":[""licensed ecological sounds"",""sound-specific emotional validation"",""exact amplitude envelopes""],""implemented_controls"":[""negative/positive/neutral condition labels"",""frontal looming path"",""right-hand tactile target""],""profile_type"":""audio_tactile_ecological_valence""}]",{}
doi:10.1016/j.neuropsychologia.2015.03.001,experiment_or_variant_scoped_profiles,ferri_2015_artificial_looming_valence,study_templates/ferri_2015_artificial_looming_valence.json,design.sofa_file,serialized_explicit,1,"[""""]","""assets/0. Head-Related Impulse Response (HRIR) model/FABIAN_HRIR_measured_HATO_0.sofa"""
doi:10.1016/j.neuropsychologia.2015.03.001,experiment_or_variant_scoped_profiles,ferri_2015_ecological_looming_valence,study_templates/ferri_2015_ecological_looming_valence.json,design.sofa_file,serialized_explicit,1,"[""""]","""assets/0. Head-Related Impulse Response (HRIR) model/FABIAN_HRIR_measured_HATO_0.sofa"""
doi:10.1016/j.neuropsychologia.2015.03.001,experiment_or_variant_scoped_profiles,ferri_2015_artificial_looming_valence,study_templates/ferri_2015_artificial_looming_valence.json,design.noises[].label,serialized_explicit,2,"[""Negative artificial 1/f2 looming"",""Neutral artificial 1/f looming""]",
doi:10.1016/j.neuropsychologia.2015.03.001,experiment_or_variant_scoped_profiles,ferri_2015_ecological_looming_valence,study_templates/ferri_2015_ecological_looming_valence.json,design.noises[].label,serialized_explicit,3,"[""Negative ecological looming"",""Neutral ecological looming"",""Positive ecological looming""]",
doi:10.1016/j.neuropsychologia.2015.03.001,experiment_or_variant_scoped_profiles,ferri_2015_artificial_looming_valence,study_templates/ferri_2015_artificial_looming_valence.json,design.noises[].noise_type,serialized_explicit,2,"[""brown"",""pink""]",
doi:10.1016/j.neuropsychologia.2015.03.001,experiment_or_variant_scoped_profiles,ferri_2015_ecological_looming_valence,study_templates/ferri_2015_ecological_looming_valence.json,design.noises[].noise_type,serialized_explicit,3,"[""brown"",""white"",""pink""]",
doi:10.1016/j.neuropsychologia.2015.03.001,experiment_or_variant_scoped_profiles,ferri_2015_artificial_looming_valence,study_templates/ferri_2015_artificial_looming_valence.json,design.noises[].azimuth_deg,serialized_explicit,2,"[0.0,0.0]",0.0
doi:10.1016/j.neuropsychologia.2015.03.001,experiment_or_variant_scoped_profiles,ferri_2015_ecological_looming_valence,study_templates/ferri_2015_ecological_looming_valence.json,design.noises[].azimuth_deg,serialized_explicit,3,"[0.0,0.0,0.0]",0.0
doi:10.1016/j.neuropsychologia.2015.03.001,experiment_or_variant_scoped_profiles,ferri_2015_artificial_looming_valence,study_templates/ferri_2015_artificial_looming_valence.json,design.noises[].elevation_deg,serialized_explicit,2,"[0.0,0.0]",0.0
doi:10.1016/j.neuropsychologia.2015.03.001,experiment_or_variant_scoped_profiles,ferri_2015_ecological_looming_valence,study_templates/ferri_2015_ecological_looming_valence.json,design.noises[].elevation_deg,serialized_explicit,3,"[0.0,0.0,0.0]",0.0
doi:10.1016/j.neuropsychologia.2015.03.001,experiment_or_variant_scoped_profiles,ferri_2015_artificial_looming_valence,study_templates/ferri_2015_artificial_looming_valence.json,design.noises[].gain,serialized_explicit,2,"[1.0,1.0]",1.0
doi:10.1016/j.neuropsychologia.2015.03.001,experiment_or_variant_scoped_profiles,ferri_2015_ecological_looming_valence,study_templates/ferri_2015_ecological_looming_valence.json,design.noises[].gain,serialized_explicit,3,"[1.0,1.0,1.0]",1.0
doi:10.1016/j.neuropsychologia.2015.03.001,experiment_or_variant_scoped_profiles,ferri_2015_artificial_looming_valence,study_templates/ferri_2015_artificial_looming_valence.json,design.noises[].source_profile,typed_or_parser_default_not_serialized,0,[],""""""
doi:10.1016/j.neuropsychologia.2015.03.001,experiment_or_variant_scoped_profiles,ferri_2015_ecological_looming_valence,study_templates/ferri_2015_ecological_looming_valence.json,design.noises[].source_profile,typed_or_parser_default_not_serialized,0,[],""""""
doi:10.1016/j.neuropsychologia.2015.03.001,experiment_or_variant_scoped_profiles,ferri_2015_artificial_looming_valence,study_templates/ferri_2015_artificial_looming_valence.json,design.noises[].source_profile_parameters,typed_or_parser_default_not_serialized,0,[],{}
doi:10.1016/j.neuropsychologia.2015.03.001,experiment_or_variant_scoped_profiles,ferri_2015_ecological_looming_valence,study_templates/ferri_2015_ecological_looming_valence.json,design.noises[].source_profile_parameters,typed_or_parser_default_not_serialized,0,[],{}
doi:10.1016/j.neuropsychologia.2015.03.001,experiment_or_variant_scoped_profiles,ferri_2015_artificial_looming_valence,study_templates/ferri_2015_artificial_looming_valence.json,design.noises[].prebaked_path,typed_or_parser_default_not_serialized,0,[],""""""
doi:10.1016/j.neuropsychologia.2015.03.001,experiment_or_variant_scoped_profiles,ferri_2015_ecological_looming_valence,study_templates/ferri_2015_ecological_looming_valence.json,design.noises[].prebaked_path,typed_or_parser_default_not_serialized,0,[],""""""
doi:10.1016/j.neuropsychologia.2015.03.001,experiment_or_variant_scoped_profiles,ferri_2015_artificial_looming_valence,study_templates/ferri_2015_artificial_looming_valence.json,design.noises[].sequence_order,typed_or_parser_default_not_serialized,0,[],0
doi:10.1016/j.neuropsychologia.2015.03.001,experiment_or_variant_scoped_profiles,ferri_2015_ecological_looming_valence,study_templates/ferri_2015_ecological_looming_valence.json,design.noises[].sequence_order,typed_or_parser_default_not_serialized,0,[],0
doi:10.1016/j.neuropsychologia.2015.03.001,experiment_or_variant_scoped_profiles,ferri_2015_artificial_looming_valence,study_templates/ferri_2015_artificial_looming_valence.json,design.noises[].motion_mode,typed_or_parser_default_not_serialized,0,[],"""looming"""
doi:10.1016/j.neuropsychologia.2015.03.001,experiment_or_variant_scoped_profiles,ferri_2015_ecological_looming_valence,study_templates/ferri_2015_ecological_looming_valence.json,design.noises[].motion_mode,typed_or_parser_default_not_serialized,0,[],"""looming"""
doi:10.1016/j.neuropsychologia.2015.03.001,experiment_or_variant_scoped_profiles,ferri_2015_artificial_looming_valence,study_templates/ferri_2015_artificial_looming_valence.json,design.noises[].trajectory_snapshot,typed_or_parser_default_not_serialized,0,[],{}
doi:10.1016/j.neuropsychologia.2015.03.001,experiment_or_variant_scoped_profiles,ferri_2015_ecological_looming_valence,study_templates/ferri_2015_ecological_looming_valence.json,design.noises[].trajectory_snapshot,typed_or_parser_default_not_serialized,0,[],{}
doi:10.1016/j.neuropsychologia.2015.03.001,experiment_or_variant_scoped_profiles,ferri_2015_artificial_looming_valence,study_templates/ferri_2015_artificial_looming_valence.json,design.custom_looming_files[].label,repeatable_entity_absent,0,[],
doi:10.1016/j.neuropsychologia.2015.03.001,experiment_or_variant_scoped_profiles,ferri_2015_ecological_looming_valence,study_templates/ferri_2015_ecological_looming_valence.json,design.custom_looming_files[].label,repeatable_entity_absent,0,[],
doi:10.1016/j.neuropsychologia.2015.03.001,experiment_or_variant_scoped_profiles,ferri_2015_artificial_looming_valence,study_templates/ferri_2015_artificial_looming_valence.json,design.custom_looming_files[].path,repeatable_entity_absent,0,[],
doi:10.1016/j.neuropsychologia.2015.03.001,experiment_or_variant_scoped_profiles,ferri_2015_ecological_looming_valence,study_templates/ferri_2015_ecological_looming_valence.json,design.custom_looming_files[].path,repeatable_entity_absent,0,[],
doi:10.1016/j.neuropsychologia.2015.03.001,experiment_or_variant_scoped_profiles,ferri_2015_artificial_looming_valence,study_templates/ferri_2015_artificial_looming_valence.json,design.custom_looming_files[].target_duration_s,repeatable_entity_absent,0,[],4.0
doi:10.1016/j.neuropsychologia.2015.03.001,experiment_or_variant_scoped_profiles,ferri_2015_ecological_looming_valence,study_templates/ferri_2015_ecological_looming_valence.json,design.custom_looming_files[].target_duration_s,repeatable_entity_absent,0,[],4.0
doi:10.1016/j.neuropsychologia.2015.03.001,experiment_or_variant_scoped_profiles,ferri_2015_artificial_looming_valence,study_templates/ferri_2015_artificial_looming_valence.json,design.custom_looming_files[].render_mode,repeatable_entity_absent,0,[],"""preserve"""
doi:10.1016/j.neuropsychologia.2015.03.001,experiment_or_variant_scoped_profiles,ferri_2015_ecological_looming_valence,study_templates/ferri_2015_ecological_looming_valence.json,design.custom_looming_files[].render_mode,repeatable_entity_absent,0,[],"""preserve"""
doi:10.1016/j.neuropsychologia.2015.03.001,experiment_or_variant_scoped_profiles,ferri_2015_artificial_looming_valence,study_templates/ferri_2015_artificial_looming_valence.json,design.custom_looming_files[].tone_type,repeatable_entity_absent,0,[],""""""
doi:10.1016/j.neuropsychologia.2015.03.001,experiment_or_variant_scoped_profiles,ferri_2015_ecological_looming_valence,study_templates/ferri_2015_ecological_looming_valence.json,design.custom_looming_files[].tone_type,repeatable_entity_absent,0,[],""""""
doi:10.1016/j.neuropsychologia.2015.03.001,experiment_or_variant_scoped_profiles,ferri_2015_artificial_looming_valence,study_templates/ferri_2015_artificial_looming_valence.json,design.custom_looming_files[].gain,repeatable_entity_absent,0,[],1.0
doi:10.1016/j.neuropsychologia.2015.03.001,experiment_or_variant_scoped_profiles,ferri_2015_ecological_looming_valence,study_templates/ferri_2015_ecological_looming_valence.json,design.custom_looming_files[].gain,repeatable_entity_absent,0,[],1.0
doi:10.1016/j.neuropsychologia.2015.03.001,experiment_or_variant_scoped_profiles,ferri_2015_artificial_looming_valence,study_templates/ferri_2015_artificial_looming_valence.json,design.custom_looming_files[].placement,repeatable_entity_absent,0,[],"""before"""
doi:10.1016/j.neuropsychologia.2015.03.001,experiment_or_variant_scoped_profiles,ferri_2015_ecological_looming_valence,study_templates/ferri_2015_ecological_looming_valence.json,design.custom_looming_files[].placement,repeatable_entity_absent,0,[],"""before"""
doi:10.1016/j.neuropsychologia.2015.03.001,experiment_or_variant_scoped_profiles,ferri_2015_artificial_looming_valence,study_templates/ferri_2015_artificial_looming_valence.json,design.custom_looming_files[].target_source_label,repeatable_entity_absent,0,[],""""""
doi:10.1016/j.neuropsychologia.2015.03.001,experiment_or_variant_scoped_profiles,ferri_2015_ecological_looming_valence,study_templates/ferri_2015_ecological_looming_valence.json,design.custom_looming_files[].target_source_label,repeatable_entity_absent,0,[],""""""
doi:10.1016/j.neuropsychologia.2015.03.001,experiment_or_variant_scoped_profiles,ferri_2015_artificial_looming_valence,study_templates/ferri_2015_artificial_looming_valence.json,design.custom_looming_files[].phase,repeatable_entity_absent,0,[],""""""
doi:10.1016/j.neuropsychologia.2015.03.001,experiment_or_variant_scoped_profiles,ferri_2015_ecological_looming_valence,study_templates/ferri_2015_ecological_looming_valence.json,design.custom_looming_files[].phase,repeatable_entity_absent,0,[],""""""
doi:10.1016/j.neuropsychologia.2015.03.001,experiment_or_variant_scoped_profiles,ferri_2015_artificial_looming_valence,study_templates/ferri_2015_artificial_looming_valence.json,design.custom_looming_files[].gap_s,repeatable_entity_absent,0,[],0.0
doi:10.1016/j.neuropsychologia.2015.03.001,experiment_or_variant_scoped_profiles,ferri_2015_ecological_looming_valence,study_templates/ferri_2015_ecological_looming_valence.json,design.custom_looming_files[].gap_s,repeatable_entity_absent,0,[],0.0
doi:10.1016/j.neuropsychologia.2015.03.001,experiment_or_variant_scoped_profiles,ferri_2015_artificial_looming_valence,study_templates/ferri_2015_artificial_looming_valence.json,design.custom_looming_files[].sequence_order,repeatable_entity_absent,0,[],0
doi:10.1016/j.neuropsychologia.2015.03.001,experiment_or_variant_scoped_profiles,ferri_2015_ecological_looming_valence,study_templates/ferri_2015_ecological_looming_valence.json,design.custom_looming_files[].sequence_order,repeatable_entity_absent,0,[],0
doi:10.1016/j.neuropsychologia.2015.03.001,experiment_or_variant_scoped_profiles,ferri_2015_artificial_looming_valence,study_templates/ferri_2015_artificial_looming_valence.json,design.custom_looming_files[].motion_mode,repeatable_entity_absent,0,[],"""looming"""
doi:10.1016/j.neuropsychologia.2015.03.001,experiment_or_variant_scoped_profiles,ferri_2015_ecological_looming_valence,study_templates/ferri_2015_ecological_looming_valence.json,design.custom_looming_files[].motion_mode,repeatable_entity_absent,0,[],"""looming"""
doi:10.1016/j.neuropsychologia.2015.03.001,experiment_or_variant_scoped_profiles,ferri_2015_artificial_looming_valence,study_templates/ferri_2015_artificial_looming_valence.json,design.custom_looming_files[].trajectory_snapshot,repeatable_entity_absent,0,[],{}
doi:10.1016/j.neuropsychologia.2015.03.001,experiment_or_variant_scoped_profiles,ferri_2015_ecological_looming_valence,study_templates/ferri_2015_ecological_looming_valence.json,design.custom_looming_files[].trajectory_snapshot,repeatable_entity_absent,0,[],{}
doi:10.1016/j.neuropsychologia.2015.03.001,experiment_or_variant_scoped_profiles,ferri_2015_artificial_looming_valence,study_templates/ferri_2015_artificial_looming_valence.json,design.custom_looming_files[].display_color_hex,repeatable_entity_absent,0,[],""""""
doi:10.1016/j.neuropsychologia.2015.03.001,experiment_or_variant_scoped_profiles,ferri_2015_ecological_looming_valence,study_templates/ferri_2015_ecological_looming_valence.json,design.custom_looming_files[].display_color_hex,repeatable_entity_absent,0,[],""""""
doi:10.1016/j.neuropsychologia.2015.03.001,experiment_or_variant_scoped_profiles,ferri_2015_artificial_looming_valence,study_templates/ferri_2015_artificial_looming_valence.json,design.custom_looming_files[].source_input_path,repeatable_entity_absent,0,[],""""""
doi:10.1016/j.neuropsychologia.2015.03.001,experiment_or_variant_scoped_profiles,ferri_2015_ecological_looming_valence,study_templates/ferri_2015_ecological_looming_valence.json,design.custom_looming_files[].source_input_path,repeatable_entity_absent,0,[],""""""
doi:10.1016/j.neuropsychologia.2015.03.001,experiment_or_variant_scoped_profiles,ferri_2015_artificial_looming_valence,study_templates/ferri_2015_artificial_looming_valence.json,design.prestimulus_files[].label,repeatable_entity_absent,0,[],
doi:10.1016/j.neuropsychologia.2015.03.001,experiment_or_variant_scoped_profiles,ferri_2015_ecological_looming_valence,study_templates/ferri_2015_ecological_looming_valence.json,design.prestimulus_files[].label,repeatable_entity_absent,0,[],
doi:10.1016/j.neuropsychologia.2015.03.001,experiment_or_variant_scoped_profiles,ferri_2015_artificial_looming_valence,study_templates/ferri_2015_artificial_looming_valence.json,design.prestimulus_files[].path,repeatable_entity_absent,0,[],
doi:10.1016/j.neuropsychologia.2015.03.001,experiment_or_variant_scoped_profiles,ferri_2015_ecological_looming_valence,study_templates/ferri_2015_ecological_looming_valence.json,design.prestimulus_files[].path,repeatable_entity_absent,0,[],
doi:10.1016/j.neuropsychologia.2015.03.001,experiment_or_variant_scoped_profiles,ferri_2015_artificial_looming_valence,study_templates/ferri_2015_artificial_looming_valence.json,design.prestimulus_files[].target_duration_s,repeatable_entity_absent,0,[],4.0
doi:10.1016/j.neuropsychologia.2015.03.001,experiment_or_variant_scoped_profiles,ferri_2015_ecological_looming_valence,study_templates/ferri_2015_ecological_looming_valence.json,design.prestimulus_files[].target_duration_s,repeatable_entity_absent,0,[],4.0
doi:10.1016/j.neuropsychologia.2015.03.001,experiment_or_variant_scoped_profiles,ferri_2015_artificial_looming_valence,study_templates/ferri_2015_artificial_looming_valence.json,design.prestimulus_files[].render_mode,repeatable_entity_absent,0,[],"""preserve"""
doi:10.1016/j.neuropsychologia.2015.03.001,experiment_or_variant_scoped_profiles,ferri_2015_ecological_looming_valence,study_templates/ferri_2015_ecological_looming_valence.json,design.prestimulus_files[].render_mode,repeatable_entity_absent,0,[],"""preserve"""
doi:10.1016/j.neuropsychologia.2015.03.001,experiment_or_variant_scoped_profiles,ferri_2015_artificial_looming_valence,study_templates/ferri_2015_artificial_looming_valence.json,design.prestimulus_files[].tone_type,repeatable_entity_absent,0,[],""""""
doi:10.1016/j.neuropsychologia.2015.03.001,experiment_or_variant_scoped_profiles,ferri_2015_ecological_looming_valence,study_templates/ferri_2015_ecological_looming_valence.json,design.prestimulus_files[].tone_type,repeatable_entity_absent,0,[],""""""
doi:10.1016/j.neuropsychologia.2015.03.001,experiment_or_variant_scoped_profiles,ferri_2015_artificial_looming_valence,study_templates/ferri_2015_artificial_looming_valence.json,design.prestimulus_files[].gain,repeatable_entity_absent,0,[],1.0
doi:10.1016/j.neuropsychologia.2015.03.001,experiment_or_variant_scoped_profiles,ferri_2015_ecological_looming_valence,study_templates/ferri_2015_ecological_looming_valence.json,design.prestimulus_files[].gain,repeatable_entity_absent,0,[],1.0
doi:10.1016/j.neuropsychologia.2015.03.001,experiment_or_variant_scoped_profiles,ferri_2015_artificial_looming_valence,study_templates/ferri_2015_artificial_looming_valence.json,design.prestimulus_files[].placement,repeatable_entity_absent,0,[],"""before"""
doi:10.1016/j.neuropsychologia.2015.03.001,experiment_or_variant_scoped_profiles,ferri_2015_ecological_looming_valence,study_templates/ferri_2015_ecological_looming_valence.json,design.prestimulus_files[].placement,repeatable_entity_absent,0,[],"""before"""
doi:10.1016/j.neuropsychologia.2015.03.001,experiment_or_variant_scoped_profiles,ferri_2015_artificial_looming_valence,study_templates/ferri_2015_artificial_looming_valence.json,design.prestimulus_files[].target_source_label,repeatable_entity_absent,0,[],""""""
doi:10.1016/j.neuropsychologia.2015.03.001,experiment_or_variant_scoped_profiles,ferri_2015_ecological_looming_valence,study_templates/ferri_2015_ecological_looming_valence.json,design.prestimulus_files[].target_source_label,repeatable_entity_absent,0,[],""""""
doi:10.1016/j.neuropsychologia.2015.03.001,experiment_or_variant_scoped_profiles,ferri_2015_artificial_looming_valence,study_templates/ferri_2015_artificial_looming_valence.json,design.prestimulus_files[].phase,repeatable_entity_absent,0,[],""""""
doi:10.1016/j.neuropsychologia.2015.03.001,experiment_or_variant_scoped_profiles,ferri_2015_ecological_looming_valence,study_templates/ferri_2015_ecological_looming_valence.json,design.prestimulus_files[].phase,repeatable_entity_absent,0,[],""""""
doi:10.1016/j.neuropsychologia.2015.03.001,experiment_or_variant_scoped_profiles,ferri_2015_artificial_looming_valence,study_templates/ferri_2015_artificial_looming_valence.json,design.prestimulus_files[].gap_s,repeatable_entity_absent,0,[],0.0
doi:10.1016/j.neuropsychologia.2015.03.001,experiment_or_variant_scoped_profiles,ferri_2015_ecological_looming_valence,study_templates/ferri_2015_ecological_looming_valence.json,design.prestimulus_files[].gap_s,repeatable_entity_absent,0,[],0.0
doi:10.1016/j.neuropsychologia.2015.03.001,experiment_or_variant_scoped_profiles,ferri_2015_artificial_looming_valence,study_templates/ferri_2015_artificial_looming_valence.json,design.prestimulus_files[].sequence_order,repeatable_entity_absent,0,[],0
doi:10.1016/j.neuropsychologia.2015.03.001,experiment_or_variant_scoped_profiles,ferri_2015_ecological_looming_valence,study_templates/ferri_2015_ecological_looming_valence.json,design.prestimulus_files[].sequence_order,repeatable_entity_absent,0,[],0
doi:10.1016/j.neuropsychologia.2015.03.001,experiment_or_variant_scoped_profiles,ferri_2015_artificial_looming_valence,study_templates/ferri_2015_artificial_looming_valence.json,design.prestimulus_files[].motion_mode,repeatable_entity_absent,0,[],"""looming"""
doi:10.1016/j.neuropsychologia.2015.03.001,experiment_or_variant_scoped_profiles,ferri_2015_ecological_looming_valence,study_templates/ferri_2015_ecological_looming_valence.json,design.prestimulus_files[].motion_mode,repeatable_entity_absent,0,[],"""looming"""
doi:10.1016/j.neuropsychologia.2015.03.001,experiment_or_variant_scoped_profiles,ferri_2015_artificial_looming_valence,study_templates/ferri_2015_artificial_looming_valence.json,design.prestimulus_files[].trajectory_snapshot,repeatable_entity_absent,0,[],{}
doi:10.1016/j.neuropsychologia.2015.03.001,experiment_or_variant_scoped_profiles,ferri_2015_ecological_looming_valence,study_templates/ferri_2015_ecological_looming_valence.json,design.prestimulus_files[].trajectory_snapshot,repeatable_entity_absent,0,[],{}
doi:10.1016/j.neuropsychologia.2015.03.001,experiment_or_variant_scoped_profiles,ferri_2015_artificial_looming_valence,study_templates/ferri_2015_artificial_looming_valence.json,design.prestimulus_files[].display_color_hex,repeatable_entity_absent,0,[],""""""
doi:10.1016/j.neuropsychologia.2015.03.001,experiment_or_variant_scoped_profiles,ferri_2015_ecological_looming_valence,study_templates/ferri_2015_ecological_looming_valence.json,design.prestimulus_files[].display_color_hex,repeatable_entity_absent,0,[],""""""
doi:10.1016/j.neuropsychologia.2015.03.001,experiment_or_variant_scoped_profiles,ferri_2015_artificial_looming_valence,study_templates/ferri_2015_artificial_looming_valence.json,design.prestimulus_files[].source_input_path,repeatable_entity_absent,0,[],""""""
doi:10.1016/j.neuropsychologia.2015.03.001,experiment_or_variant_scoped_profiles,ferri_2015_ecological_looming_valence,study_templates/ferri_2015_ecological_looming_valence.json,design.prestimulus_files[].source_input_path,repeatable_entity_absent,0,[],""""""
doi:10.1016/j.neuropsychologia.2015.03.001,experiment_or_variant_scoped_profiles,ferri_2015_artificial_looming_valence,study_templates/ferri_2015_artificial_looming_valence.json,design.trajectory.start_radius_m,serialized_explicit,1,[1.1],1.1
doi:10.1016/j.neuropsychologia.2015.03.001,experiment_or_variant_scoped_profiles,ferri_2015_ecological_looming_valence,study_templates/ferri_2015_ecological_looming_valence.json,design.trajectory.start_radius_m,serialized_explicit,1,[1.1],1.1
doi:10.1016/j.neuropsychologia.2015.03.001,experiment_or_variant_scoped_profiles,ferri_2015_artificial_looming_valence,study_templates/ferri_2015_artificial_looming_valence.json,design.trajectory.end_radius_m,serialized_explicit,1,[0.1],0.1
doi:10.1016/j.neuropsychologia.2015.03.001,experiment_or_variant_scoped_profiles,ferri_2015_ecological_looming_valence,study_templates/ferri_2015_ecological_looming_valence.json,design.trajectory.end_radius_m,serialized_explicit,1,[0.1],0.1
doi:10.1016/j.neuropsychologia.2015.03.001,experiment_or_variant_scoped_profiles,ferri_2015_artificial_looming_valence,study_templates/ferri_2015_artificial_looming_valence.json,design.trajectory.path_direction,serialized_explicit,1,"[""approach""]","""approach"""
doi:10.1016/j.neuropsychologia.2015.03.001,experiment_or_variant_scoped_profiles,ferri_2015_ecological_looming_valence,study_templates/ferri_2015_ecological_looming_valence.json,design.trajectory.path_direction,serialized_explicit,1,"[""approach""]","""approach"""
doi:10.1016/j.neuropsychologia.2015.03.001,experiment_or_variant_scoped_profiles,ferri_2015_artificial_looming_valence,study_templates/ferri_2015_artificial_looming_valence.json,design.trajectory.coordinate_mode,serialized_explicit,1,"[""cartesian""]","""polar"""
doi:10.1016/j.neuropsychologia.2015.03.001,experiment_or_variant_scoped_profiles,ferri_2015_ecological_looming_valence,study_templates/ferri_2015_ecological_looming_valence.json,design.trajectory.coordinate_mode,serialized_explicit,1,"[""cartesian""]","""polar"""
doi:10.1016/j.neuropsychologia.2015.03.001,experiment_or_variant_scoped_profiles,ferri_2015_artificial_looming_valence,study_templates/ferri_2015_artificial_looming_valence.json,design.trajectory.start_x_m,serialized_explicit,1,[0.0],null
doi:10.1016/j.neuropsychologia.2015.03.001,experiment_or_variant_scoped_profiles,ferri_2015_ecological_looming_valence,study_templates/ferri_2015_ecological_looming_valence.json,design.trajectory.start_x_m,serialized_explicit,1,[0.0],null
doi:10.1016/j.neuropsychologia.2015.03.001,experiment_or_variant_scoped_profiles,ferri_2015_artificial_looming_valence,study_templates/ferri_2015_artificial_looming_valence.json,design.trajectory.start_y_m,serialized_explicit,1,[1.1],null
doi:10.1016/j.neuropsychologia.2015.03.001,experiment_or_variant_scoped_profiles,ferri_2015_ecological_looming_valence,study_templates/ferri_2015_ecological_looming_valence.json,design.trajectory.start_y_m,serialized_explicit,1,[1.1],null
doi:10.1016/j.neuropsychologia.2015.03.001,experiment_or_variant_scoped_profiles,ferri_2015_artificial_looming_valence,study_templates/ferri_2015_artificial_looming_valence.json,design.trajectory.start_z_m,serialized_explicit,1,[0.0],null
doi:10.1016/j.neuropsychologia.2015.03.001,experiment_or_variant_scoped_profiles,ferri_2015_ecological_looming_valence,study_templates/ferri_2015_ecological_looming_valence.json,design.trajectory.start_z_m,serialized_explicit,1,[0.0],null
doi:10.1016/j.neuropsychologia.2015.03.001,experiment_or_variant_scoped_profiles,ferri_2015_artificial_looming_valence,study_templates/ferri_2015_artificial_looming_valence.json,design.trajectory.end_x_m,serialized_explicit,1,[0.0],null
doi:10.1016/j.neuropsychologia.2015.03.001,experiment_or_variant_scoped_profiles,ferri_2015_ecological_looming_valence,study_templates/ferri_2015_ecological_looming_valence.json,design.trajectory.end_x_m,serialized_explicit,1,[0.0],null
doi:10.1016/j.neuropsychologia.2015.03.001,experiment_or_variant_scoped_profiles,ferri_2015_artificial_looming_valence,study_templates/ferri_2015_artificial_looming_valence.json,design.trajectory.end_y_m,serialized_explicit,1,[0.1],null
doi:10.1016/j.neuropsychologia.2015.03.001,experiment_or_variant_scoped_profiles,ferri_2015_ecological_looming_valence,study_templates/ferri_2015_ecological_looming_valence.json,design.trajectory.end_y_m,serialized_explicit,1,[0.1],null
doi:10.1016/j.neuropsychologia.2015.03.001,experiment_or_variant_scoped_profiles,ferri_2015_artificial_looming_valence,study_templates/ferri_2015_artificial_looming_valence.json,design.trajectory.end_z_m,serialized_explicit,1,[0.0],null
doi:10.1016/j.neuropsychologia.2015.03.001,experiment_or_variant_scoped_profiles,ferri_2015_ecological_looming_valence,study_templates/ferri_2015_ecological_looming_valence.json,design.trajectory.end_z_m,serialized_explicit,1,[0.0],null
doi:10.1016/j.neuropsychologia.2015.03.001,experiment_or_variant_scoped_profiles,ferri_2015_artificial_looming_valence,study_templates/ferri_2015_artificial_looming_valence.json,design.trajectory.path_length_m,serialized_explicit,1,[1.0],1.0
doi:10.1016/j.neuropsychologia.2015.03.001,experiment_or_variant_scoped_profiles,ferri_2015_ecological_looming_valence,study_templates/ferri_2015_ecological_looming_valence.json,design.trajectory.path_length_m,serialized_explicit,1,[1.0],1.0
doi:10.1016/j.neuropsychologia.2015.03.001,experiment_or_variant_scoped_profiles,ferri_2015_artificial_looming_valence,study_templates/ferri_2015_artificial_looming_valence.json,design.trajectory.propagation_speed_mps,serialized_explicit,1,[0.333333333],0.3333333333333333
doi:10.1016/j.neuropsychologia.2015.03.001,experiment_or_variant_scoped_profiles,ferri_2015_ecological_looming_valence,study_templates/ferri_2015_ecological_looming_valence.json,design.trajectory.propagation_speed_mps,serialized_explicit,1,[0.333333333],0.3333333333333333
doi:10.1016/j.neuropsychologia.2015.03.001,experiment_or_variant_scoped_profiles,ferri_2015_artificial_looming_valence,study_templates/ferri_2015_artificial_looming_valence.json,design.trajectory.azimuth_start_deg,serialized_explicit,1,[0.0],0.0
doi:10.1016/j.neuropsychologia.2015.03.001,experiment_or_variant_scoped_profiles,ferri_2015_ecological_looming_valence,study_templates/ferri_2015_ecological_looming_valence.json,design.trajectory.azimuth_start_deg,serialized_explicit,1,[0.0],0.0
doi:10.1016/j.neuropsychologia.2015.03.001,experiment_or_variant_scoped_profiles,ferri_2015_artificial_looming_valence,study_templates/ferri_2015_artificial_looming_valence.json,design.trajectory.azimuth_end_deg,serialized_explicit,1,[0.0],0.0
doi:10.1016/j.neuropsychologia.2015.03.001,experiment_or_variant_scoped_profiles,ferri_2015_ecological_looming_valence,study_templates/ferri_2015_ecological_looming_valence.json,design.trajectory.azimuth_end_deg,serialized_explicit,1,[0.0],0.0
doi:10.1016/j.neuropsychologia.2015.03.001,experiment_or_variant_scoped_profiles,ferri_2015_artificial_looming_valence,study_templates/ferri_2015_artificial_looming_valence.json,design.trajectory.elevation_deg,serialized_explicit,1,[0.0],0.0
doi:10.1016/j.neuropsychologia.2015.03.001,experiment_or_variant_scoped_profiles,ferri_2015_ecological_looming_valence,study_templates/ferri_2015_ecological_looming_valence.json,design.trajectory.elevation_deg,serialized_explicit,1,[0.0],0.0
doi:10.1016/j.neuropsychologia.2015.03.001,experiment_or_variant_scoped_profiles,ferri_2015_artificial_looming_valence,study_templates/ferri_2015_artificial_looming_valence.json,design.trajectory.padding_pre_s,serialized_explicit,1,[0.0],0.5
doi:10.1016/j.neuropsychologia.2015.03.001,experiment_or_variant_scoped_profiles,ferri_2015_ecological_looming_valence,study_templates/ferri_2015_ecological_looming_valence.json,design.trajectory.padding_pre_s,serialized_explicit,1,[0.0],0.5
doi:10.1016/j.neuropsychologia.2015.03.001,experiment_or_variant_scoped_profiles,ferri_2015_artificial_looming_valence,study_templates/ferri_2015_artificial_looming_valence.json,design.trajectory.padding_post_s,serialized_explicit,1,[0.0],0.5
doi:10.1016/j.neuropsychologia.2015.03.001,experiment_or_variant_scoped_profiles,ferri_2015_ecological_looming_valence,study_templates/ferri_2015_ecological_looming_valence.json,design.trajectory.padding_post_s,serialized_explicit,1,[0.0],0.5
doi:10.1016/j.neuropsychologia.2015.03.001,experiment_or_variant_scoped_profiles,ferri_2015_artificial_looming_valence,study_templates/ferri_2015_artificial_looming_valence.json,design.trajectory.sample_rate,serialized_explicit,1,[44100],44100
doi:10.1016/j.neuropsychologia.2015.03.001,experiment_or_variant_scoped_profiles,ferri_2015_ecological_looming_valence,study_templates/ferri_2015_ecological_looming_valence.json,design.trajectory.sample_rate,serialized_explicit,1,[44100],44100
doi:10.1016/j.neuropsychologia.2015.03.001,experiment_or_variant_scoped_profiles,ferri_2015_artificial_looming_valence,study_templates/ferri_2015_artificial_looming_valence.json,design.trajectory.use_inverse_square,serialized_explicit,1,[true],true
doi:10.1016/j.neuropsychologia.2015.03.001,experiment_or_variant_scoped_profiles,ferri_2015_ecological_looming_valence,study_templates/ferri_2015_ecological_looming_valence.json,design.trajectory.use_inverse_square,serialized_explicit,1,[true],true
doi:10.1016/j.neuropsychologia.2015.03.001,experiment_or_variant_scoped_profiles,ferri_2015_artificial_looming_valence,study_templates/ferri_2015_artificial_looming_valence.json,design.protocol.repetitions_per_condition,serialized_explicit,1,[12],1
doi:10.1016/j.neuropsychologia.2015.03.001,experiment_or_variant_scoped_profiles,ferri_2015_ecological_looming_valence,study_templates/ferri_2015_ecological_looming_valence.json,design.protocol.repetitions_per_condition,serialized_explicit,1,[8],1
doi:10.1016/j.neuropsychologia.2015.03.001,experiment_or_variant_scoped_profiles,ferri_2015_artificial_looming_valence,study_templates/ferri_2015_artificial_looming_valence.json,design.protocol.trial_pool_repetition_defaults,typed_or_parser_default_not_serialized,0,[],{}
doi:10.1016/j.neuropsychologia.2015.03.001,experiment_or_variant_scoped_profiles,ferri_2015_ecological_looming_valence,study_templates/ferri_2015_ecological_looming_valence.json,design.protocol.trial_pool_repetition_defaults,typed_or_parser_default_not_serialized,0,[],{}
doi:10.1016/j.neuropsychologia.2015.03.001,experiment_or_variant_scoped_profiles,ferri_2015_artificial_looming_valence,study_templates/ferri_2015_artificial_looming_valence.json,design.protocol.soa_values_ms,serialized_explicit,1,"[[300,800,1500,2200,2700]]","[300,800,1500,2200,2700]"
doi:10.1016/j.neuropsychologia.2015.03.001,experiment_or_variant_scoped_profiles,ferri_2015_ecological_looming_valence,study_templates/ferri_2015_ecological_looming_valence.json,design.protocol.soa_values_ms,serialized_explicit,1,"[[300,800,1500,2200,2700]]","[300,800,1500,2200,2700]"
doi:10.1016/j.neuropsychologia.2015.03.001,experiment_or_variant_scoped_profiles,ferri_2015_artificial_looming_valence,study_templates/ferri_2015_artificial_looming_valence.json,design.protocol.spatial_values_cm,serialized_explicit,1,"[[100,83.3,60,36.7,20]]","[100.0,83.3,60.0,36.7,20.0]"
doi:10.1016/j.neuropsychologia.2015.03.001,experiment_or_variant_scoped_profiles,ferri_2015_ecological_looming_valence,study_templates/ferri_2015_ecological_looming_valence.json,design.protocol.spatial_values_cm,serialized_explicit,1,"[[100,83.3,60,36.7,20]]","[100.0,83.3,60.0,36.7,20.0]"
doi:10.1016/j.neuropsychologia.2015.03.001,experiment_or_variant_scoped_profiles,ferri_2015_artificial_looming_valence,study_templates/ferri_2015_artificial_looming_valence.json,design.protocol.pair_spatial_values_with_soas,serialized_explicit,1,[true],true
doi:10.1016/j.neuropsychologia.2015.03.001,experiment_or_variant_scoped_profiles,ferri_2015_ecological_looming_valence,study_templates/ferri_2015_ecological_looming_valence.json,design.protocol.pair_spatial_values_with_soas,serialized_explicit,1,[true],true
doi:10.1016/j.neuropsychologia.2015.03.001,experiment_or_variant_scoped_profiles,ferri_2015_artificial_looming_valence,study_templates/ferri_2015_artificial_looming_valence.json,design.protocol.auditory_motion_directions,serialized_explicit,1,"[[""looming""]]","[""looming""]"
doi:10.1016/j.neuropsychologia.2015.03.001,experiment_or_variant_scoped_profiles,ferri_2015_ecological_looming_valence,study_templates/ferri_2015_ecological_looming_valence.json,design.protocol.auditory_motion_directions,serialized_explicit,1,"[[""looming""]]","[""looming""]"
doi:10.1016/j.neuropsychologia.2015.03.001,experiment_or_variant_scoped_profiles,ferri_2015_artificial_looming_valence,study_templates/ferri_2015_artificial_looming_valence.json,design.protocol.tactile_sites,serialized_explicit,1,"[[""right hand""]]","[""hand""]"
doi:10.1016/j.neuropsychologia.2015.03.001,experiment_or_variant_scoped_profiles,ferri_2015_ecological_looming_valence,study_templates/ferri_2015_ecological_looming_valence.json,design.protocol.tactile_sites,serialized_explicit,1,"[[""right hand""]]","[""hand""]"
doi:10.1016/j.neuropsychologia.2015.03.001,experiment_or_variant_scoped_profiles,ferri_2015_artificial_looming_valence,study_templates/ferri_2015_artificial_looming_valence.json,design.protocol.include_catch_trials,typed_or_parser_default_not_serialized,0,[],true
doi:10.1016/j.neuropsychologia.2015.03.001,experiment_or_variant_scoped_profiles,ferri_2015_ecological_looming_valence,study_templates/ferri_2015_ecological_looming_valence.json,design.protocol.include_catch_trials,typed_or_parser_default_not_serialized,0,[],true
doi:10.1016/j.neuropsychologia.2015.03.001,experiment_or_variant_scoped_profiles,ferri_2015_artificial_looming_valence,study_templates/ferri_2015_artificial_looming_valence.json,design.protocol.catch_trial_percentage,serialized_explicit,1,[10.0],10.0
doi:10.1016/j.neuropsychologia.2015.03.001,experiment_or_variant_scoped_profiles,ferri_2015_ecological_looming_valence,study_templates/ferri_2015_ecological_looming_valence.json,design.protocol.catch_trial_percentage,serialized_explicit,1,[10.0],10.0
doi:10.1016/j.neuropsychologia.2015.03.001,experiment_or_variant_scoped_profiles,ferri_2015_artificial_looming_valence,study_templates/ferri_2015_artificial_looming_valence.json,design.protocol.catch_trials_exact,serialized_explicit,1,[null],null
doi:10.1016/j.neuropsychologia.2015.03.001,experiment_or_variant_scoped_profiles,ferri_2015_ecological_looming_valence,study_templates/ferri_2015_ecological_looming_valence.json,design.protocol.catch_trials_exact,serialized_explicit,1,[null],null
doi:10.1016/j.neuropsychologia.2015.03.001,experiment_or_variant_scoped_profiles,ferri_2015_artificial_looming_valence,study_templates/ferri_2015_artificial_looming_valence.json,design.protocol.catch_crosses_sequence_variants,typed_or_parser_default_not_serialized,0,[],true
doi:10.1016/j.neuropsychologia.2015.03.001,experiment_or_variant_scoped_profiles,ferri_2015_ecological_looming_valence,study_templates/ferri_2015_ecological_looming_valence.json,design.protocol.catch_crosses_sequence_variants,typed_or_parser_default_not_serialized,0,[],true
doi:10.1016/j.neuropsychologia.2015.03.001,experiment_or_variant_scoped_profiles,ferri_2015_artificial_looming_valence,study_templates/ferri_2015_artificial_looming_valence.json,design.protocol.include_auditory_only_trials,typed_or_parser_default_not_serialized,0,[],false
doi:10.1016/j.neuropsychologia.2015.03.001,experiment_or_variant_scoped_profiles,ferri_2015_ecological_looming_valence,study_templates/ferri_2015_ecological_looming_valence.json,design.protocol.include_auditory_only_trials,typed_or_parser_default_not_serialized,0,[],false
doi:10.1016/j.neuropsychologia.2015.03.001,experiment_or_variant_scoped_profiles,ferri_2015_artificial_looming_valence,study_templates/ferri_2015_artificial_looming_valence.json,design.protocol.auditory_only_trial_percentage,typed_or_parser_default_not_serialized,0,[],0.0
doi:10.1016/j.neuropsychologia.2015.03.001,experiment_or_variant_scoped_profiles,ferri_2015_ecological_looming_valence,study_templates/ferri_2015_ecological_looming_valence.json,design.protocol.auditory_only_trial_percentage,typed_or_parser_default_not_serialized,0,[],0.0
doi:10.1016/j.neuropsychologia.2015.03.001,experiment_or_variant_scoped_profiles,ferri_2015_artificial_looming_valence,study_templates/ferri_2015_artificial_looming_valence.json,design.protocol.auditory_only_trials_exact,typed_or_parser_default_not_serialized,0,[],null
doi:10.1016/j.neuropsychologia.2015.03.001,experiment_or_variant_scoped_profiles,ferri_2015_ecological_looming_valence,study_templates/ferri_2015_ecological_looming_valence.json,design.protocol.auditory_only_trials_exact,typed_or_parser_default_not_serialized,0,[],null
doi:10.1016/j.neuropsychologia.2015.03.001,experiment_or_variant_scoped_profiles,ferri_2015_artificial_looming_valence,study_templates/ferri_2015_artificial_looming_valence.json,design.protocol.auditory_only_crosses_sequence_variants,typed_or_parser_default_not_serialized,0,[],true
doi:10.1016/j.neuropsychologia.2015.03.001,experiment_or_variant_scoped_profiles,ferri_2015_ecological_looming_valence,study_templates/ferri_2015_ecological_looming_valence.json,design.protocol.auditory_only_crosses_sequence_variants,typed_or_parser_default_not_serialized,0,[],true
doi:10.1016/j.neuropsychologia.2015.03.001,experiment_or_variant_scoped_profiles,ferri_2015_artificial_looming_valence,study_templates/ferri_2015_artificial_looming_valence.json,design.protocol.include_baseline_trials,serialized_explicit,1,[true],true
doi:10.1016/j.neuropsychologia.2015.03.001,experiment_or_variant_scoped_profiles,ferri_2015_ecological_looming_valence,study_templates/ferri_2015_ecological_looming_valence.json,design.protocol.include_baseline_trials,serialized_explicit,1,[true],true
doi:10.1016/j.neuropsychologia.2015.03.001,experiment_or_variant_scoped_profiles,ferri_2015_artificial_looming_valence,study_templates/ferri_2015_artificial_looming_valence.json,design.protocol.baseline_strategy,typed_or_parser_default_not_serialized,0,[],"""tactile_only"""
doi:10.1016/j.neuropsychologia.2015.03.001,experiment_or_variant_scoped_profiles,ferri_2015_ecological_looming_valence,study_templates/ferri_2015_ecological_looming_valence.json,design.protocol.baseline_strategy,typed_or_parser_default_not_serialized,0,[],"""tactile_only"""
doi:10.1016/j.neuropsychologia.2015.03.001,experiment_or_variant_scoped_profiles,ferri_2015_artificial_looming_valence,study_templates/ferri_2015_artificial_looming_valence.json,design.protocol.baseline_trials_exact,typed_or_parser_default_not_serialized,0,[],null
doi:10.1016/j.neuropsychologia.2015.03.001,experiment_or_variant_scoped_profiles,ferri_2015_ecological_looming_valence,study_templates/ferri_2015_ecological_looming_valence.json,design.protocol.baseline_trials_exact,typed_or_parser_default_not_serialized,0,[],null
doi:10.1016/j.neuropsychologia.2015.03.001,experiment_or_variant_scoped_profiles,ferri_2015_artificial_looming_valence,study_templates/ferri_2015_artificial_looming_valence.json,design.protocol.baseline_trial_percentage,typed_or_parser_default_not_serialized,0,[],0.0
doi:10.1016/j.neuropsychologia.2015.03.001,experiment_or_variant_scoped_profiles,ferri_2015_ecological_looming_valence,study_templates/ferri_2015_ecological_looming_valence.json,design.protocol.baseline_trial_percentage,typed_or_parser_default_not_serialized,0,[],0.0
doi:10.1016/j.neuropsychologia.2015.03.001,experiment_or_variant_scoped_profiles,ferri_2015_artificial_looming_valence,study_templates/ferri_2015_artificial_looming_valence.json,design.protocol.baseline_soa_values_ms,serialized_explicit,1,[[]],[]
doi:10.1016/j.neuropsychologia.2015.03.001,experiment_or_variant_scoped_profiles,ferri_2015_ecological_looming_valence,study_templates/ferri_2015_ecological_looming_valence.json,design.protocol.baseline_soa_values_ms,serialized_explicit,1,[[]],[]
doi:10.1016/j.neuropsychologia.2015.03.001,experiment_or_variant_scoped_profiles,ferri_2015_artificial_looming_valence,study_templates/ferri_2015_artificial_looming_valence.json,design.protocol.baseline_custom_trial_mode,typed_or_parser_default_not_serialized,0,[],"""tactile_only"""
doi:10.1016/j.neuropsychologia.2015.03.001,experiment_or_variant_scoped_profiles,ferri_2015_ecological_looming_valence,study_templates/ferri_2015_ecological_looming_valence.json,design.protocol.baseline_custom_trial_mode,typed_or_parser_default_not_serialized,0,[],"""tactile_only"""
doi:10.1016/j.neuropsychologia.2015.03.001,experiment_or_variant_scoped_profiles,ferri_2015_artificial_looming_valence,study_templates/ferri_2015_artificial_looming_valence.json,design.protocol.baseline_crosses_sequence_variants,typed_or_parser_default_not_serialized,0,[],true
doi:10.1016/j.neuropsychologia.2015.03.001,experiment_or_variant_scoped_profiles,ferri_2015_ecological_looming_valence,study_templates/ferri_2015_ecological_looming_valence.json,design.protocol.baseline_crosses_sequence_variants,typed_or_parser_default_not_serialized,0,[],true
doi:10.1016/j.neuropsychologia.2015.03.001,experiment_or_variant_scoped_profiles,ferri_2015_artificial_looming_valence,study_templates/ferri_2015_artificial_looming_valence.json,design.protocol.respiratory_phases,serialized_explicit,1,"[[""Any""]]","[""Inhale"",""Exhale""]"
doi:10.1016/j.neuropsychologia.2015.03.001,experiment_or_variant_scoped_profiles,ferri_2015_ecological_looming_valence,study_templates/ferri_2015_ecological_looming_valence.json,design.protocol.respiratory_phases,serialized_explicit,1,"[[""Any""]]","[""Inhale"",""Exhale""]"
doi:10.1016/j.neuropsychologia.2015.03.001,experiment_or_variant_scoped_profiles,ferri_2015_artificial_looming_valence,study_templates/ferri_2015_artificial_looming_valence.json,design.protocol.blocks,serialized_explicit,1,[1],6
doi:10.1016/j.neuropsychologia.2015.03.001,experiment_or_variant_scoped_profiles,ferri_2015_ecological_looming_valence,study_templates/ferri_2015_ecological_looming_valence.json,design.protocol.blocks,serialized_explicit,1,[1],6
doi:10.1016/j.neuropsychologia.2015.03.001,experiment_or_variant_scoped_profiles,ferri_2015_artificial_looming_valence,study_templates/ferri_2015_artificial_looming_valence.json,design.protocol.block_specs[].label,repeatable_entity_absent,0,[],
doi:10.1016/j.neuropsychologia.2015.03.001,experiment_or_variant_scoped_profiles,ferri_2015_ecological_looming_valence,study_templates/ferri_2015_ecological_looming_valence.json,design.protocol.block_specs[].label,repeatable_entity_absent,0,[],
doi:10.1016/j.neuropsychologia.2015.03.001,experiment_or_variant_scoped_profiles,ferri_2015_artificial_looming_valence,study_templates/ferri_2015_artificial_looming_valence.json,design.protocol.block_specs[].stimulus_types,repeatable_entity_absent,0,[],"[""Audio-Tactile"",""Baseline"",""Catch""]"
doi:10.1016/j.neuropsychologia.2015.03.001,experiment_or_variant_scoped_profiles,ferri_2015_ecological_looming_valence,study_templates/ferri_2015_ecological_looming_valence.json,design.protocol.block_specs[].stimulus_types,repeatable_entity_absent,0,[],"[""Audio-Tactile"",""Baseline"",""Catch""]"
doi:10.1016/j.neuropsychologia.2015.03.001,experiment_or_variant_scoped_profiles,ferri_2015_artificial_looming_valence,study_templates/ferri_2015_artificial_looming_valence.json,design.protocol.repeat_trial_pool_per_block,typed_or_parser_default_not_serialized,0,[],false
doi:10.1016/j.neuropsychologia.2015.03.001,experiment_or_variant_scoped_profiles,ferri_2015_ecological_looming_valence,study_templates/ferri_2015_ecological_looming_valence.json,design.protocol.repeat_trial_pool_per_block,typed_or_parser_default_not_serialized,0,[],false
doi:10.1016/j.neuropsychologia.2015.03.001,experiment_or_variant_scoped_profiles,ferri_2015_artificial_looming_valence,study_templates/ferri_2015_artificial_looming_valence.json,design.protocol.distribute_trial_pool_across_blocks,typed_or_parser_default_not_serialized,0,[],false
doi:10.1016/j.neuropsychologia.2015.03.001,experiment_or_variant_scoped_profiles,ferri_2015_ecological_looming_valence,study_templates/ferri_2015_ecological_looming_valence.json,design.protocol.distribute_trial_pool_across_blocks,typed_or_parser_default_not_serialized,0,[],false
doi:10.1016/j.neuropsychologia.2015.03.001,experiment_or_variant_scoped_profiles,ferri_2015_artificial_looming_valence,study_templates/ferri_2015_artificial_looming_valence.json,design.protocol.trial_strips[].strip_id,serialized_explicit,1,"[""ferri-artificial-looming-valence-row""]",""""""
doi:10.1016/j.neuropsychologia.2015.03.001,experiment_or_variant_scoped_profiles,ferri_2015_ecological_looming_valence,study_templates/ferri_2015_ecological_looming_valence.json,design.protocol.trial_strips[].strip_id,serialized_explicit,1,"[""ferri-ecological-looming-valence-row""]",""""""
doi:10.1016/j.neuropsychologia.2015.03.001,experiment_or_variant_scoped_profiles,ferri_2015_artificial_looming_valence,study_templates/ferri_2015_artificial_looming_valence.json,design.protocol.trial_strips[].label,serialized_explicit,1,"[""Artificial looming valence trial""]",""""""
doi:10.1016/j.neuropsychologia.2015.03.001,experiment_or_variant_scoped_profiles,ferri_2015_ecological_looming_valence,study_templates/ferri_2015_ecological_looming_valence.json,design.protocol.trial_strips[].label,serialized_explicit,1,"[""Ecological looming valence trial""]",""""""
doi:10.1016/j.neuropsychologia.2015.03.001,experiment_or_variant_scoped_profiles,ferri_2015_artificial_looming_valence,study_templates/ferri_2015_artificial_looming_valence.json,design.protocol.trial_strips[].audio_tactile_percentage,serialized_explicit,1,[100.0],null
doi:10.1016/j.neuropsychologia.2015.03.001,experiment_or_variant_scoped_profiles,ferri_2015_ecological_looming_valence,study_templates/ferri_2015_ecological_looming_valence.json,design.protocol.trial_strips[].audio_tactile_percentage,serialized_explicit,1,[100.0],null
doi:10.1016/j.neuropsychologia.2015.03.001,experiment_or_variant_scoped_profiles,ferri_2015_artificial_looming_valence,study_templates/ferri_2015_artificial_looming_valence.json,design.protocol.trial_strips[].catch_percentage,serialized_explicit,1,[0.0],null
doi:10.1016/j.neuropsychologia.2015.03.001,experiment_or_variant_scoped_profiles,ferri_2015_ecological_looming_valence,study_templates/ferri_2015_ecological_looming_valence.json,design.protocol.trial_strips[].catch_percentage,serialized_explicit,1,[0.0],null
doi:10.1016/j.neuropsychologia.2015.03.001,experiment_or_variant_scoped_profiles,ferri_2015_artificial_looming_valence,study_templates/ferri_2015_artificial_looming_valence.json,design.protocol.trial_strips[].baseline_percentage,serialized_explicit,1,[0.0],null
doi:10.1016/j.neuropsychologia.2015.03.001,experiment_or_variant_scoped_profiles,ferri_2015_ecological_looming_valence,study_templates/ferri_2015_ecological_looming_valence.json,design.protocol.trial_strips[].baseline_percentage,serialized_explicit,1,[0.0],null
doi:10.1016/j.neuropsychologia.2015.03.001,experiment_or_variant_scoped_profiles,ferri_2015_artificial_looming_valence,study_templates/ferri_2015_artificial_looming_valence.json,design.protocol.trial_strips[].soa_values_ms,typed_or_parser_default_not_serialized,0,[],[]
doi:10.1016/j.neuropsychologia.2015.03.001,experiment_or_variant_scoped_profiles,ferri_2015_ecological_looming_valence,study_templates/ferri_2015_ecological_looming_valence.json,design.protocol.trial_strips[].soa_values_ms,typed_or_parser_default_not_serialized,0,[],[]
doi:10.1016/j.neuropsychologia.2015.03.001,experiment_or_variant_scoped_profiles,ferri_2015_artificial_looming_valence,study_templates/ferri_2015_artificial_looming_valence.json,design.protocol.trial_strips[].spatial_values_cm,typed_or_parser_default_not_serialized,0,[],[]
doi:10.1016/j.neuropsychologia.2015.03.001,experiment_or_variant_scoped_profiles,ferri_2015_ecological_looming_valence,study_templates/ferri_2015_ecological_looming_valence.json,design.protocol.trial_strips[].spatial_values_cm,typed_or_parser_default_not_serialized,0,[],[]
doi:10.1016/j.neuropsychologia.2015.03.001,experiment_or_variant_scoped_profiles,ferri_2015_artificial_looming_valence,study_templates/ferri_2015_artificial_looming_valence.json,design.protocol.trial_strips[].metadata,typed_or_parser_default_not_serialized,0,[],{}
doi:10.1016/j.neuropsychologia.2015.03.001,experiment_or_variant_scoped_profiles,ferri_2015_ecological_looming_valence,study_templates/ferri_2015_ecological_looming_valence.json,design.protocol.trial_strips[].metadata,typed_or_parser_default_not_serialized,0,[],{}
doi:10.1016/j.neuropsychologia.2015.03.001,experiment_or_variant_scoped_profiles,ferri_2015_artificial_looming_valence,study_templates/ferri_2015_artificial_looming_valence.json,design.protocol.trial_strips[].elements[].element_id,serialized_explicit,1,"[""ferri-artificial-looming-source""]",""""""
doi:10.1016/j.neuropsychologia.2015.03.001,experiment_or_variant_scoped_profiles,ferri_2015_ecological_looming_valence,study_templates/ferri_2015_ecological_looming_valence.json,design.protocol.trial_strips[].elements[].element_id,serialized_explicit,1,"[""ferri-ecological-looming-source""]",""""""
doi:10.1016/j.neuropsychologia.2015.03.001,experiment_or_variant_scoped_profiles,ferri_2015_artificial_looming_valence,study_templates/ferri_2015_artificial_looming_valence.json,design.protocol.trial_strips[].elements[].kind,serialized_explicit,1,"[""looming_stimulus""]","""looming_stimulus"""
doi:10.1016/j.neuropsychologia.2015.03.001,experiment_or_variant_scoped_profiles,ferri_2015_ecological_looming_valence,study_templates/ferri_2015_ecological_looming_valence.json,design.protocol.trial_strips[].elements[].kind,serialized_explicit,1,"[""looming_stimulus""]","""looming_stimulus"""
doi:10.1016/j.neuropsychologia.2015.03.001,experiment_or_variant_scoped_profiles,ferri_2015_artificial_looming_valence,study_templates/ferri_2015_artificial_looming_valence.json,design.protocol.trial_strips[].elements[].label,serialized_explicit,1,"[""Artificial looming source""]",""""""
doi:10.1016/j.neuropsychologia.2015.03.001,experiment_or_variant_scoped_profiles,ferri_2015_ecological_looming_valence,study_templates/ferri_2015_ecological_looming_valence.json,design.protocol.trial_strips[].elements[].label,serialized_explicit,1,"[""Ecological looming source""]",""""""
doi:10.1016/j.neuropsychologia.2015.03.001,experiment_or_variant_scoped_profiles,ferri_2015_artificial_looming_valence,study_templates/ferri_2015_artificial_looming_valence.json,design.protocol.trial_strips[].elements[].source_label,serialized_explicit,1,"[""Negative artificial 1/f2 looming""]",""""""
doi:10.1016/j.neuropsychologia.2015.03.001,experiment_or_variant_scoped_profiles,ferri_2015_ecological_looming_valence,study_templates/ferri_2015_ecological_looming_valence.json,design.protocol.trial_strips[].elements[].source_label,serialized_explicit,1,"[""Negative ecological looming""]",""""""
doi:10.1016/j.neuropsychologia.2015.03.001,experiment_or_variant_scoped_profiles,ferri_2015_artificial_looming_valence,study_templates/ferri_2015_artificial_looming_valence.json,design.protocol.trial_strips[].elements[].source_labels,serialized_explicit,1,"[[""Negative artificial 1/f2 looming"",""Neutral artificial 1/f looming""]]",[]
doi:10.1016/j.neuropsychologia.2015.03.001,experiment_or_variant_scoped_profiles,ferri_2015_ecological_looming_valence,study_templates/ferri_2015_ecological_looming_valence.json,design.protocol.trial_strips[].elements[].source_labels,serialized_explicit,1,"[[""Negative ecological looming"",""Neutral ecological looming"",""Positive ecological looming""]]",[]
doi:10.1016/j.neuropsychologia.2015.03.001,experiment_or_variant_scoped_profiles,ferri_2015_artificial_looming_valence,study_templates/ferri_2015_artificial_looming_valence.json,design.protocol.trial_strips[].elements[].jitter_values_ms,typed_or_parser_default_not_serialized,0,[],[]
doi:10.1016/j.neuropsychologia.2015.03.001,experiment_or_variant_scoped_profiles,ferri_2015_ecological_looming_valence,study_templates/ferri_2015_ecological_looming_valence.json,design.protocol.trial_strips[].elements[].jitter_values_ms,typed_or_parser_default_not_serialized,0,[],[]
doi:10.1016/j.neuropsychologia.2015.03.001,experiment_or_variant_scoped_profiles,ferri_2015_artificial_looming_valence,study_templates/ferri_2015_artificial_looming_valence.json,design.protocol.trial_strips[].elements[].randomized,serialized_explicit,1,[true],false
doi:10.1016/j.neuropsychologia.2015.03.001,experiment_or_variant_scoped_profiles,ferri_2015_ecological_looming_valence,study_templates/ferri_2015_ecological_looming_valence.json,design.protocol.trial_strips[].elements[].randomized,serialized_explicit,1,[true],false
doi:10.1016/j.neuropsychologia.2015.03.001,experiment_or_variant_scoped_profiles,ferri_2015_artificial_looming_valence,study_templates/ferri_2015_artificial_looming_valence.json,design.protocol.trial_randomization_strategy,serialized_explicit,1,"[""no_immediate_repeats""]","""no_immediate_repeats"""
doi:10.1016/j.neuropsychologia.2015.03.001,experiment_or_variant_scoped_profiles,ferri_2015_ecological_looming_valence,study_templates/ferri_2015_ecological_looming_valence.json,design.protocol.trial_randomization_strategy,serialized_explicit,1,"[""no_immediate_repeats""]","""no_immediate_repeats"""
doi:10.1016/j.neuropsychologia.2015.03.001,experiment_or_variant_scoped_profiles,ferri_2015_artificial_looming_valence,study_templates/ferri_2015_artificial_looming_valence.json,design.protocol.block_order_randomization,serialized_explicit,1,"[""fixed""]","""counterbalanced_rotation"""
doi:10.1016/j.neuropsychologia.2015.03.001,experiment_or_variant_scoped_profiles,ferri_2015_ecological_looming_valence,study_templates/ferri_2015_ecological_looming_valence.json,design.protocol.block_order_randomization,serialized_explicit,1,"[""fixed""]","""counterbalanced_rotation"""
doi:10.1016/j.neuropsychologia.2015.03.001,experiment_or_variant_scoped_profiles,ferri_2015_artificial_looming_valence,study_templates/ferri_2015_artificial_looming_valence.json,design.protocol.max_consecutive_same_trial_type,serialized_explicit,1,[2],2
doi:10.1016/j.neuropsychologia.2015.03.001,experiment_or_variant_scoped_profiles,ferri_2015_ecological_looming_valence,study_templates/ferri_2015_ecological_looming_valence.json,design.protocol.max_consecutive_same_trial_type,serialized_explicit,1,[2],2
doi:10.1016/j.neuropsychologia.2015.03.001,experiment_or_variant_scoped_profiles,ferri_2015_artificial_looming_valence,study_templates/ferri_2015_artificial_looming_valence.json,design.protocol.participants,serialized_explicit,1,[1],50
doi:10.1016/j.neuropsychologia.2015.03.001,experiment_or_variant_scoped_profiles,ferri_2015_ecological_looming_valence,study_templates/ferri_2015_ecological_looming_valence.json,design.protocol.participants,serialized_explicit,1,[1],50
doi:10.1016/j.neuropsychologia.2015.03.001,experiment_or_variant_scoped_profiles,ferri_2015_artificial_looming_valence,study_templates/ferri_2015_artificial_looming_valence.json,design.protocol.random_seed,serialized_explicit,1,[20150301],20250604
doi:10.1016/j.neuropsychologia.2015.03.001,experiment_or_variant_scoped_profiles,ferri_2015_ecological_looming_valence,study_templates/ferri_2015_ecological_looming_valence.json,design.protocol.random_seed,serialized_explicit,1,[20150302],20250604
doi:10.1016/j.neuropsychologia.2015.03.001,experiment_or_variant_scoped_profiles,ferri_2015_artificial_looming_valence,study_templates/ferri_2015_artificial_looming_valence.json,design.protocol.participant_order_policy,typed_or_parser_default_not_serialized,0,[],{}
doi:10.1016/j.neuropsychologia.2015.03.001,experiment_or_variant_scoped_profiles,ferri_2015_ecological_looming_valence,study_templates/ferri_2015_ecological_looming_valence.json,design.protocol.participant_order_policy,typed_or_parser_default_not_serialized,0,[],{}
doi:10.3389/fpsyt.2014.00122,publication_and_single_review_unit_profile,taffou_2014_cynophobic_rear_looming,study_templates/taffou_2014_cynophobic_rear_looming.json,design.name,serialized_explicit,1,"[""Taffou 2014 rear-field dog/sheep looming PPS""]","""Study 5 PPS white/pink design"""
doi:10.3389/fpsyt.2014.00122,publication_and_single_review_unit_profile,taffou_2014_cynophobic_rear_looming,study_templates/taffou_2014_cynophobic_rear_looming.json,design.study_profile_id,serialized_explicit,1,"[""taffou_2014_cynophobic_rear_looming""]",""""""
doi:10.3389/fpsyt.2014.00122,publication_and_single_review_unit_profile,taffou_2014_cynophobic_rear_looming,study_templates/taffou_2014_cynophobic_rear_looming.json,design.study_profile_title,serialized_explicit,1,"[""Taffou 2014 rear-field dog/sheep looming PPS""]",""""""
doi:10.3389/fpsyt.2014.00122,publication_and_single_review_unit_profile,taffou_2014_cynophobic_rear_looming,study_templates/taffou_2014_cynophobic_rear_looming.json,design.study_profile_notes,serialized_explicit,1,"[""Rear hemi-field binaural looming dog/sheep design. The GUI expands the reported rear-left and rear-right paths into separate source assets, but exact dog/sheep source audio and LISTEN-HRTF rendering are not bundled.""]",""""""
doi:10.3389/fpsyt.2014.00122,publication_and_single_review_unit_profile,taffou_2014_cynophobic_rear_looming,study_templates/taffou_2014_cynophobic_rear_looming.json,design.study_profile_reference_parameters,serialized_explicit,1,"[{""baseline_trial_times_from_trial_start_ms"":[350,4650],""baseline_trial_times_relative_to_sound_onset_ms"":[-650,3650],""headphones"":""Sennheiser HD650"",""hemispaces"":[""rear-left"",""rear-right""],""implementation_gaps"":[""exact dog/sheep source audio and Audacity amplitude/dynamic matching settings"",""LISTEN HRTF subject/filter identifier and renderer settings""],""post_sound_silence_jitter_ms"":[2700,3300],""pre_sound_silence_ms"":1000,""profile_reaudit_2026_07_15"":""Publisher HTML methods report both rear-left and rear-right trajectories at -135 and +135 degrees; the current preload cabinet already expands these as separate assets, so rear hemifield direction is no longer a toolkit structural blocker."",""reported_trial_formula"":""224 tactile-target trials (2 sound types x 2 hemispaces x 7 tactile timings x 8 repetitions) plus 32 auditory-only catch trials = 256 trials split equally into eight 32-trial blocks."",""sound_duration_ms"":3000,""source_database"":""LISTEN HRTF in original paper"",""stimulus_bit_depth"":32,""stimulus_sample_rate_hz"":44100,""tactile_delays_from_sound_onset_ms"":[0,750,1500,2250,3000],""tactile_stimulus"":{""delivery"":""small loudspeaker vibration"",""duration_ms"":20,""frequency_hz"":250,""site"":""palmar surface of the left index finger""}}]",{}
doi:10.3389/fpsyt.2014.00122,publication_and_single_review_unit_profile,taffou_2014_cynophobic_rear_looming,study_templates/taffou_2014_cynophobic_rear_looming.json,design.sofa_file,serialized_explicit,1,"[""""]","""assets/0. Head-Related Impulse Response (HRIR) model/FABIAN_HRIR_measured_HATO_0.sofa"""
doi:10.3389/fpsyt.2014.00122,publication_and_single_review_unit_profile,taffou_2014_cynophobic_rear_looming,study_templates/taffou_2014_cynophobic_rear_looming.json,design.noises[].label,serialized_explicit,2,"[""Dog growl threatening placeholder"",""Sheep bleat non-threatening placeholder""]",
doi:10.3389/fpsyt.2014.00122,publication_and_single_review_unit_profile,taffou_2014_cynophobic_rear_looming,study_templates/taffou_2014_cynophobic_rear_looming.json,design.noises[].noise_type,serialized_explicit,2,"[""brown"",""white""]",
doi:10.3389/fpsyt.2014.00122,publication_and_single_review_unit_profile,taffou_2014_cynophobic_rear_looming,study_templates/taffou_2014_cynophobic_rear_looming.json,design.noises[].azimuth_deg,serialized_explicit,2,"[-135,-135]",0.0
doi:10.3389/fpsyt.2014.00122,publication_and_single_review_unit_profile,taffou_2014_cynophobic_rear_looming,study_templates/taffou_2014_cynophobic_rear_looming.json,design.noises[].elevation_deg,serialized_explicit,2,"[0.0,0.0]",0.0
doi:10.3389/fpsyt.2014.00122,publication_and_single_review_unit_profile,taffou_2014_cynophobic_rear_looming,study_templates/taffou_2014_cynophobic_rear_looming.json,design.noises[].gain,serialized_explicit,2,"[1.0,1.0]",1.0
doi:10.3389/fpsyt.2014.00122,publication_and_single_review_unit_profile,taffou_2014_cynophobic_rear_looming,study_templates/taffou_2014_cynophobic_rear_looming.json,design.noises[].source_profile,serialized_explicit,2,"[""continuous_noise"",""continuous_noise""]",""""""
doi:10.3389/fpsyt.2014.00122,publication_and_single_review_unit_profile,taffou_2014_cynophobic_rear_looming,study_templates/taffou_2014_cynophobic_rear_looming.json,design.noises[].source_profile_parameters,typed_or_parser_default_not_serialized,0,[],{}
doi:10.3389/fpsyt.2014.00122,publication_and_single_review_unit_profile,taffou_2014_cynophobic_rear_looming,study_templates/taffou_2014_cynophobic_rear_looming.json,design.noises[].prebaked_path,typed_or_parser_default_not_serialized,0,[],""""""
doi:10.3389/fpsyt.2014.00122,publication_and_single_review_unit_profile,taffou_2014_cynophobic_rear_looming,study_templates/taffou_2014_cynophobic_rear_looming.json,design.noises[].sequence_order,typed_or_parser_default_not_serialized,0,[],0
doi:10.3389/fpsyt.2014.00122,publication_and_single_review_unit_profile,taffou_2014_cynophobic_rear_looming,study_templates/taffou_2014_cynophobic_rear_looming.json,design.noises[].motion_mode,typed_or_parser_default_not_serialized,0,[],"""looming"""
doi:10.3389/fpsyt.2014.00122,publication_and_single_review_unit_profile,taffou_2014_cynophobic_rear_looming,study_templates/taffou_2014_cynophobic_rear_looming.json,design.noises[].trajectory_snapshot,typed_or_parser_default_not_serialized,0,[],{}
doi:10.3389/fpsyt.2014.00122,publication_and_single_review_unit_profile,taffou_2014_cynophobic_rear_looming,study_templates/taffou_2014_cynophobic_rear_looming.json,design.custom_looming_files[].label,repeatable_entity_absent,0,[],
doi:10.3389/fpsyt.2014.00122,publication_and_single_review_unit_profile,taffou_2014_cynophobic_rear_looming,study_templates/taffou_2014_cynophobic_rear_looming.json,design.custom_looming_files[].path,repeatable_entity_absent,0,[],
doi:10.3389/fpsyt.2014.00122,publication_and_single_review_unit_profile,taffou_2014_cynophobic_rear_looming,study_templates/taffou_2014_cynophobic_rear_looming.json,design.custom_looming_files[].target_duration_s,repeatable_entity_absent,0,[],4.0
doi:10.3389/fpsyt.2014.00122,publication_and_single_review_unit_profile,taffou_2014_cynophobic_rear_looming,study_templates/taffou_2014_cynophobic_rear_looming.json,design.custom_looming_files[].render_mode,repeatable_entity_absent,0,[],"""preserve"""
doi:10.3389/fpsyt.2014.00122,publication_and_single_review_unit_profile,taffou_2014_cynophobic_rear_looming,study_templates/taffou_2014_cynophobic_rear_looming.json,design.custom_looming_files[].tone_type,repeatable_entity_absent,0,[],""""""
doi:10.3389/fpsyt.2014.00122,publication_and_single_review_unit_profile,taffou_2014_cynophobic_rear_looming,study_templates/taffou_2014_cynophobic_rear_looming.json,design.custom_looming_files[].gain,repeatable_entity_absent,0,[],1.0
doi:10.3389/fpsyt.2014.00122,publication_and_single_review_unit_profile,taffou_2014_cynophobic_rear_looming,study_templates/taffou_2014_cynophobic_rear_looming.json,design.custom_looming_files[].placement,repeatable_entity_absent,0,[],"""before"""
doi:10.3389/fpsyt.2014.00122,publication_and_single_review_unit_profile,taffou_2014_cynophobic_rear_looming,study_templates/taffou_2014_cynophobic_rear_looming.json,design.custom_looming_files[].target_source_label,repeatable_entity_absent,0,[],""""""
doi:10.3389/fpsyt.2014.00122,publication_and_single_review_unit_profile,taffou_2014_cynophobic_rear_looming,study_templates/taffou_2014_cynophobic_rear_looming.json,design.custom_looming_files[].phase,repeatable_entity_absent,0,[],""""""
doi:10.3389/fpsyt.2014.00122,publication_and_single_review_unit_profile,taffou_2014_cynophobic_rear_looming,study_templates/taffou_2014_cynophobic_rear_looming.json,design.custom_looming_files[].gap_s,repeatable_entity_absent,0,[],0.0
doi:10.3389/fpsyt.2014.00122,publication_and_single_review_unit_profile,taffou_2014_cynophobic_rear_looming,study_templates/taffou_2014_cynophobic_rear_looming.json,design.custom_looming_files[].sequence_order,repeatable_entity_absent,0,[],0
doi:10.3389/fpsyt.2014.00122,publication_and_single_review_unit_profile,taffou_2014_cynophobic_rear_looming,study_templates/taffou_2014_cynophobic_rear_looming.json,design.custom_looming_files[].motion_mode,repeatable_entity_absent,0,[],"""looming"""
doi:10.3389/fpsyt.2014.00122,publication_and_single_review_unit_profile,taffou_2014_cynophobic_rear_looming,study_templates/taffou_2014_cynophobic_rear_looming.json,design.custom_looming_files[].trajectory_snapshot,repeatable_entity_absent,0,[],{}
doi:10.3389/fpsyt.2014.00122,publication_and_single_review_unit_profile,taffou_2014_cynophobic_rear_looming,study_templates/taffou_2014_cynophobic_rear_looming.json,design.custom_looming_files[].display_color_hex,repeatable_entity_absent,0,[],""""""
doi:10.3389/fpsyt.2014.00122,publication_and_single_review_unit_profile,taffou_2014_cynophobic_rear_looming,study_templates/taffou_2014_cynophobic_rear_looming.json,design.custom_looming_files[].source_input_path,repeatable_entity_absent,0,[],""""""
doi:10.3389/fpsyt.2014.00122,publication_and_single_review_unit_profile,taffou_2014_cynophobic_rear_looming,study_templates/taffou_2014_cynophobic_rear_looming.json,design.prestimulus_files[].label,repeatable_entity_absent,0,[],
doi:10.3389/fpsyt.2014.00122,publication_and_single_review_unit_profile,taffou_2014_cynophobic_rear_looming,study_templates/taffou_2014_cynophobic_rear_looming.json,design.prestimulus_files[].path,repeatable_entity_absent,0,[],
doi:10.3389/fpsyt.2014.00122,publication_and_single_review_unit_profile,taffou_2014_cynophobic_rear_looming,study_templates/taffou_2014_cynophobic_rear_looming.json,design.prestimulus_files[].target_duration_s,repeatable_entity_absent,0,[],4.0
doi:10.3389/fpsyt.2014.00122,publication_and_single_review_unit_profile,taffou_2014_cynophobic_rear_looming,study_templates/taffou_2014_cynophobic_rear_looming.json,design.prestimulus_files[].render_mode,repeatable_entity_absent,0,[],"""preserve"""
doi:10.3389/fpsyt.2014.00122,publication_and_single_review_unit_profile,taffou_2014_cynophobic_rear_looming,study_templates/taffou_2014_cynophobic_rear_looming.json,design.prestimulus_files[].tone_type,repeatable_entity_absent,0,[],""""""
doi:10.3389/fpsyt.2014.00122,publication_and_single_review_unit_profile,taffou_2014_cynophobic_rear_looming,study_templates/taffou_2014_cynophobic_rear_looming.json,design.prestimulus_files[].gain,repeatable_entity_absent,0,[],1.0
doi:10.3389/fpsyt.2014.00122,publication_and_single_review_unit_profile,taffou_2014_cynophobic_rear_looming,study_templates/taffou_2014_cynophobic_rear_looming.json,design.prestimulus_files[].placement,repeatable_entity_absent,0,[],"""before"""
doi:10.3389/fpsyt.2014.00122,publication_and_single_review_unit_profile,taffou_2014_cynophobic_rear_looming,study_templates/taffou_2014_cynophobic_rear_looming.json,design.prestimulus_files[].target_source_label,repeatable_entity_absent,0,[],""""""
doi:10.3389/fpsyt.2014.00122,publication_and_single_review_unit_profile,taffou_2014_cynophobic_rear_looming,study_templates/taffou_2014_cynophobic_rear_looming.json,design.prestimulus_files[].phase,repeatable_entity_absent,0,[],""""""
doi:10.3389/fpsyt.2014.00122,publication_and_single_review_unit_profile,taffou_2014_cynophobic_rear_looming,study_templates/taffou_2014_cynophobic_rear_looming.json,design.prestimulus_files[].gap_s,repeatable_entity_absent,0,[],0.0
doi:10.3389/fpsyt.2014.00122,publication_and_single_review_unit_profile,taffou_2014_cynophobic_rear_looming,study_templates/taffou_2014_cynophobic_rear_looming.json,design.prestimulus_files[].sequence_order,repeatable_entity_absent,0,[],0
doi:10.3389/fpsyt.2014.00122,publication_and_single_review_unit_profile,taffou_2014_cynophobic_rear_looming,study_templates/taffou_2014_cynophobic_rear_looming.json,design.prestimulus_files[].motion_mode,repeatable_entity_absent,0,[],"""looming"""
doi:10.3389/fpsyt.2014.00122,publication_and_single_review_unit_profile,taffou_2014_cynophobic_rear_looming,study_templates/taffou_2014_cynophobic_rear_looming.json,design.prestimulus_files[].trajectory_snapshot,repeatable_entity_absent,0,[],{}
doi:10.3389/fpsyt.2014.00122,publication_and_single_review_unit_profile,taffou_2014_cynophobic_rear_looming,study_templates/taffou_2014_cynophobic_rear_looming.json,design.prestimulus_files[].display_color_hex,repeatable_entity_absent,0,[],""""""
doi:10.3389/fpsyt.2014.00122,publication_and_single_review_unit_profile,taffou_2014_cynophobic_rear_looming,study_templates/taffou_2014_cynophobic_rear_looming.json,design.prestimulus_files[].source_input_path,repeatable_entity_absent,0,[],""""""
doi:10.3389/fpsyt.2014.00122,publication_and_single_review_unit_profile,taffou_2014_cynophobic_rear_looming,study_templates/taffou_2014_cynophobic_rear_looming.json,design.trajectory.start_radius_m,serialized_explicit,1,[5.199999629],1.1
doi:10.3389/fpsyt.2014.00122,publication_and_single_review_unit_profile,taffou_2014_cynophobic_rear_looming,study_templates/taffou_2014_cynophobic_rear_looming.json,design.trajectory.end_radius_m,serialized_explicit,1,[0.199999496],0.1
doi:10.3389/fpsyt.2014.00122,publication_and_single_review_unit_profile,taffou_2014_cynophobic_rear_looming,study_templates/taffou_2014_cynophobic_rear_looming.json,design.trajectory.path_direction,serialized_explicit,1,"[""approach""]","""approach"""
doi:10.3389/fpsyt.2014.00122,publication_and_single_review_unit_profile,taffou_2014_cynophobic_rear_looming,study_templates/taffou_2014_cynophobic_rear_looming.json,design.trajectory.coordinate_mode,serialized_explicit,1,"[""cartesian""]","""polar"""
doi:10.3389/fpsyt.2014.00122,publication_and_single_review_unit_profile,taffou_2014_cynophobic_rear_looming,study_templates/taffou_2014_cynophobic_rear_looming.json,design.trajectory.start_x_m,serialized_explicit,1,[-3.676955],null
doi:10.3389/fpsyt.2014.00122,publication_and_single_review_unit_profile,taffou_2014_cynophobic_rear_looming,study_templates/taffou_2014_cynophobic_rear_looming.json,design.trajectory.start_y_m,serialized_explicit,1,[-3.676955],null
doi:10.3389/fpsyt.2014.00122,publication_and_single_review_unit_profile,taffou_2014_cynophobic_rear_looming,study_templates/taffou_2014_cynophobic_rear_looming.json,design.trajectory.start_z_m,serialized_explicit,1,[0.0],null
doi:10.3389/fpsyt.2014.00122,publication_and_single_review_unit_profile,taffou_2014_cynophobic_rear_looming,study_templates/taffou_2014_cynophobic_rear_looming.json,design.trajectory.end_x_m,serialized_explicit,1,[-0.141421],null
doi:10.3389/fpsyt.2014.00122,publication_and_single_review_unit_profile,taffou_2014_cynophobic_rear_looming,study_templates/taffou_2014_cynophobic_rear_looming.json,design.trajectory.end_y_m,serialized_explicit,1,[-0.141421],null
doi:10.3389/fpsyt.2014.00122,publication_and_single_review_unit_profile,taffou_2014_cynophobic_rear_looming,study_templates/taffou_2014_cynophobic_rear_looming.json,design.trajectory.end_z_m,serialized_explicit,1,[0.0],null
doi:10.3389/fpsyt.2014.00122,publication_and_single_review_unit_profile,taffou_2014_cynophobic_rear_looming,study_templates/taffou_2014_cynophobic_rear_looming.json,design.trajectory.path_length_m,serialized_explicit,1,[5.000000133],1.0
doi:10.3389/fpsyt.2014.00122,publication_and_single_review_unit_profile,taffou_2014_cynophobic_rear_looming,study_templates/taffou_2014_cynophobic_rear_looming.json,design.trajectory.propagation_speed_mps,serialized_explicit,1,[1.666666711],0.3333333333333333
doi:10.3389/fpsyt.2014.00122,publication_and_single_review_unit_profile,taffou_2014_cynophobic_rear_looming,study_templates/taffou_2014_cynophobic_rear_looming.json,design.trajectory.azimuth_start_deg,serialized_explicit,1,[-135.0],0.0
doi:10.3389/fpsyt.2014.00122,publication_and_single_review_unit_profile,taffou_2014_cynophobic_rear_looming,study_templates/taffou_2014_cynophobic_rear_looming.json,design.trajectory.azimuth_end_deg,serialized_explicit,1,[-135.0],0.0
doi:10.3389/fpsyt.2014.00122,publication_and_single_review_unit_profile,taffou_2014_cynophobic_rear_looming,study_templates/taffou_2014_cynophobic_rear_looming.json,design.trajectory.elevation_deg,serialized_explicit,1,[0.0],0.0
doi:10.3389/fpsyt.2014.00122,publication_and_single_review_unit_profile,taffou_2014_cynophobic_rear_looming,study_templates/taffou_2014_cynophobic_rear_looming.json,design.trajectory.padding_pre_s,serialized_explicit,1,[0.0],0.5
doi:10.3389/fpsyt.2014.00122,publication_and_single_review_unit_profile,taffou_2014_cynophobic_rear_looming,study_templates/taffou_2014_cynophobic_rear_looming.json,design.trajectory.padding_post_s,serialized_explicit,1,[0.0],0.5
doi:10.3389/fpsyt.2014.00122,publication_and_single_review_unit_profile,taffou_2014_cynophobic_rear_looming,study_templates/taffou_2014_cynophobic_rear_looming.json,design.trajectory.sample_rate,serialized_explicit,1,[44100],44100
doi:10.3389/fpsyt.2014.00122,publication_and_single_review_unit_profile,taffou_2014_cynophobic_rear_looming,study_templates/taffou_2014_cynophobic_rear_looming.json,design.trajectory.use_inverse_square,serialized_explicit,1,[true],true
doi:10.3389/fpsyt.2014.00122,publication_and_single_review_unit_profile,taffou_2014_cynophobic_rear_looming,study_templates/taffou_2014_cynophobic_rear_looming.json,design.protocol.repetitions_per_condition,serialized_explicit,1,[8],1
doi:10.3389/fpsyt.2014.00122,publication_and_single_review_unit_profile,taffou_2014_cynophobic_rear_looming,study_templates/taffou_2014_cynophobic_rear_looming.json,design.protocol.trial_pool_repetition_defaults,serialized_explicit,1,"[{""audio_tactile"":8,""baseline"":8,""catch"":8,""default"":8}]",{}
doi:10.3389/fpsyt.2014.00122,publication_and_single_review_unit_profile,taffou_2014_cynophobic_rear_looming,study_templates/taffou_2014_cynophobic_rear_looming.json,design.protocol.soa_values_ms,serialized_explicit,1,"[[0,750,1500,2250,3000]]","[300,800,1500,2200,2700]"
doi:10.3389/fpsyt.2014.00122,publication_and_single_review_unit_profile,taffou_2014_cynophobic_rear_looming,study_templates/taffou_2014_cynophobic_rear_looming.json,design.protocol.spatial_values_cm,serialized_explicit,1,"[[520,395,270,145,20]]","[100.0,83.3,60.0,36.7,20.0]"
doi:10.3389/fpsyt.2014.00122,publication_and_single_review_unit_profile,taffou_2014_cynophobic_rear_looming,study_templates/taffou_2014_cynophobic_rear_looming.json,design.protocol.pair_spatial_values_with_soas,serialized_explicit,1,[true],true
doi:10.3389/fpsyt.2014.00122,publication_and_single_review_unit_profile,taffou_2014_cynophobic_rear_looming,study_templates/taffou_2014_cynophobic_rear_looming.json,design.protocol.auditory_motion_directions,serialized_explicit,1,"[[""rear-left looming"",""rear-right looming""]]","[""looming""]"
doi:10.3389/fpsyt.2014.00122,publication_and_single_review_unit_profile,taffou_2014_cynophobic_rear_looming,study_templates/taffou_2014_cynophobic_rear_looming.json,design.protocol.tactile_sites,serialized_explicit,1,"[[""left index finger""]]","[""hand""]"
doi:10.3389/fpsyt.2014.00122,publication_and_single_review_unit_profile,taffou_2014_cynophobic_rear_looming,study_templates/taffou_2014_cynophobic_rear_looming.json,design.protocol.include_catch_trials,serialized_explicit,1,[true],true
doi:10.3389/fpsyt.2014.00122,publication_and_single_review_unit_profile,taffou_2014_cynophobic_rear_looming,study_templates/taffou_2014_cynophobic_rear_looming.json,design.protocol.catch_trial_percentage,serialized_explicit,1,[10.0],10.0
doi:10.3389/fpsyt.2014.00122,publication_and_single_review_unit_profile,taffou_2014_cynophobic_rear_looming,study_templates/taffou_2014_cynophobic_rear_looming.json,design.protocol.catch_trials_exact,serialized_explicit,1,[32],null
doi:10.3389/fpsyt.2014.00122,publication_and_single_review_unit_profile,taffou_2014_cynophobic_rear_looming,study_templates/taffou_2014_cynophobic_rear_looming.json,design.protocol.catch_crosses_sequence_variants,serialized_explicit,1,[true],true
doi:10.3389/fpsyt.2014.00122,publication_and_single_review_unit_profile,taffou_2014_cynophobic_rear_looming,study_templates/taffou_2014_cynophobic_rear_looming.json,design.protocol.include_auditory_only_trials,typed_or_parser_default_not_serialized,0,[],false
doi:10.3389/fpsyt.2014.00122,publication_and_single_review_unit_profile,taffou_2014_cynophobic_rear_looming,study_templates/taffou_2014_cynophobic_rear_looming.json,design.protocol.auditory_only_trial_percentage,typed_or_parser_default_not_serialized,0,[],0.0
doi:10.3389/fpsyt.2014.00122,publication_and_single_review_unit_profile,taffou_2014_cynophobic_rear_looming,study_templates/taffou_2014_cynophobic_rear_looming.json,design.protocol.auditory_only_trials_exact,typed_or_parser_default_not_serialized,0,[],null
doi:10.3389/fpsyt.2014.00122,publication_and_single_review_unit_profile,taffou_2014_cynophobic_rear_looming,study_templates/taffou_2014_cynophobic_rear_looming.json,design.protocol.auditory_only_crosses_sequence_variants,typed_or_parser_default_not_serialized,0,[],true
doi:10.3389/fpsyt.2014.00122,publication_and_single_review_unit_profile,taffou_2014_cynophobic_rear_looming,study_templates/taffou_2014_cynophobic_rear_looming.json,design.protocol.include_baseline_trials,serialized_explicit,1,[true],true
doi:10.3389/fpsyt.2014.00122,publication_and_single_review_unit_profile,taffou_2014_cynophobic_rear_looming,study_templates/taffou_2014_cynophobic_rear_looming.json,design.protocol.baseline_strategy,serialized_explicit,1,"[""tactile_only""]","""tactile_only"""
doi:10.3389/fpsyt.2014.00122,publication_and_single_review_unit_profile,taffou_2014_cynophobic_rear_looming,study_templates/taffou_2014_cynophobic_rear_looming.json,design.protocol.baseline_trials_exact,serialized_explicit,1,[64],null
doi:10.3389/fpsyt.2014.00122,publication_and_single_review_unit_profile,taffou_2014_cynophobic_rear_looming,study_templates/taffou_2014_cynophobic_rear_looming.json,design.protocol.baseline_trial_percentage,typed_or_parser_default_not_serialized,0,[],0.0
doi:10.3389/fpsyt.2014.00122,publication_and_single_review_unit_profile,taffou_2014_cynophobic_rear_looming,study_templates/taffou_2014_cynophobic_rear_looming.json,design.protocol.baseline_soa_values_ms,serialized_explicit,1,"[[350,4650]]",[]
doi:10.3389/fpsyt.2014.00122,publication_and_single_review_unit_profile,taffou_2014_cynophobic_rear_looming,study_templates/taffou_2014_cynophobic_rear_looming.json,design.protocol.baseline_custom_trial_mode,serialized_explicit,1,"[""tactile_only""]","""tactile_only"""
doi:10.3389/fpsyt.2014.00122,publication_and_single_review_unit_profile,taffou_2014_cynophobic_rear_looming,study_templates/taffou_2014_cynophobic_rear_looming.json,design.protocol.baseline_crosses_sequence_variants,serialized_explicit,1,[true],true
doi:10.3389/fpsyt.2014.00122,publication_and_single_review_unit_profile,taffou_2014_cynophobic_rear_looming,study_templates/taffou_2014_cynophobic_rear_looming.json,design.protocol.respiratory_phases,serialized_explicit,1,"[[""Any""]]","[""Inhale"",""Exhale""]"
doi:10.3389/fpsyt.2014.00122,publication_and_single_review_unit_profile,taffou_2014_cynophobic_rear_looming,study_templates/taffou_2014_cynophobic_rear_looming.json,design.protocol.blocks,serialized_explicit,1,[8],6
doi:10.3389/fpsyt.2014.00122,publication_and_single_review_unit_profile,taffou_2014_cynophobic_rear_looming,study_templates/taffou_2014_cynophobic_rear_looming.json,design.protocol.block_specs[].label,repeatable_entity_absent,0,[],
doi:10.3389/fpsyt.2014.00122,publication_and_single_review_unit_profile,taffou_2014_cynophobic_rear_looming,study_templates/taffou_2014_cynophobic_rear_looming.json,design.protocol.block_specs[].stimulus_types,repeatable_entity_absent,0,[],"[""Audio-Tactile"",""Baseline"",""Catch""]"
doi:10.3389/fpsyt.2014.00122,publication_and_single_review_unit_profile,taffou_2014_cynophobic_rear_looming,study_templates/taffou_2014_cynophobic_rear_looming.json,design.protocol.repeat_trial_pool_per_block,typed_or_parser_default_not_serialized,0,[],false
doi:10.3389/fpsyt.2014.00122,publication_and_single_review_unit_profile,taffou_2014_cynophobic_rear_looming,study_templates/taffou_2014_cynophobic_rear_looming.json,design.protocol.distribute_trial_pool_across_blocks,serialized_explicit,1,[true],false
doi:10.3389/fpsyt.2014.00122,publication_and_single_review_unit_profile,taffou_2014_cynophobic_rear_looming,study_templates/taffou_2014_cynophobic_rear_looming.json,design.protocol.trial_strips[].strip_id,serialized_explicit,1,"[""taffou-rear-looming-row""]",""""""
doi:10.3389/fpsyt.2014.00122,publication_and_single_review_unit_profile,taffou_2014_cynophobic_rear_looming,study_templates/taffou_2014_cynophobic_rear_looming.json,design.protocol.trial_strips[].label,serialized_explicit,1,"[""Rear-field looming animal-sound trial""]",""""""
doi:10.3389/fpsyt.2014.00122,publication_and_single_review_unit_profile,taffou_2014_cynophobic_rear_looming,study_templates/taffou_2014_cynophobic_rear_looming.json,design.protocol.trial_strips[].audio_tactile_percentage,serialized_explicit,1,[100.0],null
doi:10.3389/fpsyt.2014.00122,publication_and_single_review_unit_profile,taffou_2014_cynophobic_rear_looming,study_templates/taffou_2014_cynophobic_rear_looming.json,design.protocol.trial_strips[].catch_percentage,serialized_explicit,1,[0.0],null
doi:10.3389/fpsyt.2014.00122,publication_and_single_review_unit_profile,taffou_2014_cynophobic_rear_looming,study_templates/taffou_2014_cynophobic_rear_looming.json,design.protocol.trial_strips[].baseline_percentage,serialized_explicit,1,[0.0],null
doi:10.3389/fpsyt.2014.00122,publication_and_single_review_unit_profile,taffou_2014_cynophobic_rear_looming,study_templates/taffou_2014_cynophobic_rear_looming.json,design.protocol.trial_strips[].soa_values_ms,typed_or_parser_default_not_serialized,0,[],[]
doi:10.3389/fpsyt.2014.00122,publication_and_single_review_unit_profile,taffou_2014_cynophobic_rear_looming,study_templates/taffou_2014_cynophobic_rear_looming.json,design.protocol.trial_strips[].spatial_values_cm,typed_or_parser_default_not_serialized,0,[],[]
doi:10.3389/fpsyt.2014.00122,publication_and_single_review_unit_profile,taffou_2014_cynophobic_rear_looming,study_templates/taffou_2014_cynophobic_rear_looming.json,design.protocol.trial_strips[].metadata,typed_or_parser_default_not_serialized,0,[],{}
doi:10.3389/fpsyt.2014.00122,publication_and_single_review_unit_profile,taffou_2014_cynophobic_rear_looming,study_templates/taffou_2014_cynophobic_rear_looming.json,design.protocol.trial_strips[].elements[].element_id,serialized_explicit,1,"[""taffou-rear-looming-source""]",""""""
doi:10.3389/fpsyt.2014.00122,publication_and_single_review_unit_profile,taffou_2014_cynophobic_rear_looming,study_templates/taffou_2014_cynophobic_rear_looming.json,design.protocol.trial_strips[].elements[].kind,serialized_explicit,1,"[""looming_stimulus""]","""looming_stimulus"""
doi:10.3389/fpsyt.2014.00122,publication_and_single_review_unit_profile,taffou_2014_cynophobic_rear_looming,study_templates/taffou_2014_cynophobic_rear_looming.json,design.protocol.trial_strips[].elements[].label,serialized_explicit,1,"[""Rear-field animal sound""]",""""""
doi:10.3389/fpsyt.2014.00122,publication_and_single_review_unit_profile,taffou_2014_cynophobic_rear_looming,study_templates/taffou_2014_cynophobic_rear_looming.json,design.protocol.trial_strips[].elements[].source_label,serialized_explicit,1,"[""Dog growl threatening placeholder""]",""""""
doi:10.3389/fpsyt.2014.00122,publication_and_single_review_unit_profile,taffou_2014_cynophobic_rear_looming,study_templates/taffou_2014_cynophobic_rear_looming.json,design.protocol.trial_strips[].elements[].source_labels,serialized_explicit,1,"[[""Dog growl threatening placeholder"",""Sheep bleat non-threatening placeholder""]]",[]
doi:10.3389/fpsyt.2014.00122,publication_and_single_review_unit_profile,taffou_2014_cynophobic_rear_looming,study_templates/taffou_2014_cynophobic_rear_looming.json,design.protocol.trial_strips[].elements[].jitter_values_ms,typed_or_parser_default_not_serialized,0,[],[]
doi:10.3389/fpsyt.2014.00122,publication_and_single_review_unit_profile,taffou_2014_cynophobic_rear_looming,study_templates/taffou_2014_cynophobic_rear_looming.json,design.protocol.trial_strips[].elements[].randomized,serialized_explicit,1,[true],false
doi:10.3389/fpsyt.2014.00122,publication_and_single_review_unit_profile,taffou_2014_cynophobic_rear_looming,study_templates/taffou_2014_cynophobic_rear_looming.json,design.protocol.trial_randomization_strategy,serialized_explicit,1,"[""no_immediate_repeats""]","""no_immediate_repeats"""
doi:10.3389/fpsyt.2014.00122,publication_and_single_review_unit_profile,taffou_2014_cynophobic_rear_looming,study_templates/taffou_2014_cynophobic_rear_looming.json,design.protocol.block_order_randomization,serialized_explicit,1,"[""counterbalanced_rotation""]","""counterbalanced_rotation"""
doi:10.3389/fpsyt.2014.00122,publication_and_single_review_unit_profile,taffou_2014_cynophobic_rear_looming,study_templates/taffou_2014_cynophobic_rear_looming.json,design.protocol.max_consecutive_same_trial_type,serialized_explicit,1,[2],2
doi:10.3389/fpsyt.2014.00122,publication_and_single_review_unit_profile,taffou_2014_cynophobic_rear_looming,study_templates/taffou_2014_cynophobic_rear_looming.json,design.protocol.participants,serialized_explicit,1,[30],50
doi:10.3389/fpsyt.2014.00122,publication_and_single_review_unit_profile,taffou_2014_cynophobic_rear_looming,study_templates/taffou_2014_cynophobic_rear_looming.json,design.protocol.random_seed,serialized_explicit,1,[20140903],20250604
doi:10.3389/fpsyt.2014.00122,publication_and_single_review_unit_profile,taffou_2014_cynophobic_rear_looming,study_templates/taffou_2014_cynophobic_rear_looming.json,design.protocol.participant_order_policy,typed_or_parser_default_not_serialized,0,[],{}
doi:10.1038/srep02844,composite_profile_not_experiment_scoped,canzoneri_2013_amputation_prosthesis,study_templates/canzoneri_2013_amputation_prosthesis.json,design.name,serialized_explicit,1,"[""Canzoneri 2013 amputation/prosthesis PPS""]","""Study 5 PPS white/pink design"""
doi:10.1038/srep02844,composite_profile_not_experiment_scoped,canzoneri_2013_amputation_prosthesis,study_templates/canzoneri_2013_amputation_prosthesis.json,design.study_profile_id,serialized_explicit,1,"[""canzoneri_2013_amputation_prosthesis""]",""""""
doi:10.1038/srep02844,composite_profile_not_experiment_scoped,canzoneri_2013_amputation_prosthesis,study_templates/canzoneri_2013_amputation_prosthesis.json,design.study_profile_title,serialized_explicit,1,"[""Canzoneri 2013 amputation/prosthesis PPS""]",""""""
doi:10.1038/srep02844,composite_profile_not_experiment_scoped,canzoneri_2013_amputation_prosthesis,study_templates/canzoneri_2013_amputation_prosthesis.json,design.study_profile_notes,serialized_explicit,1,"[""Upper-limb amputation/prosthesis PPS profile. The profile captures the reported dynamic IN/OUT pink-noise task, T1-T5 tactile timing, upper-arm electrical tactile target, auditory-only catch rows, and two-block runner contract. Clinical group, prosthesis-worn state, and tested limb/body-part assignment are retained as analysis/context metadata rather than separate audio-tactile task mechanics.""]",""""""
doi:10.1038/srep02844,composite_profile_not_experiment_scoped,canzoneri_2013_amputation_prosthesis,study_templates/canzoneri_2013_amputation_prosthesis.json,design.study_profile_reference_parameters,serialized_explicit,1,"[{""arithmetic_target_trials_from_factorial_sentence"":80,""baseline_subtype"":""none reported for Experiment 2/3 audio-tactile task"",""catch_subtype"":""auditory-only no tactile target"",""implementation_gaps"":[""clinical group/session metadata"",""prosthesis-worn state"",""tested limb/body-part assignment""],""post_sound_silence_ms"":1000,""pre_sound_silence_ms"":1000,""profile_check_complete"":true,""profile_type"":""audio_tactile_clinical_upper_limb_pps"",""prosthesis_factor"":""healthy limb, amputated limb without prosthesis, and amputated limb with prosthesis are paper-level condition/context factors"",""remaining_caveats"":[""internal paper count inconsistency: 8 x 5 x 2 implies 80 tactile-target rows, while the PDF says 76 tactile-target trials"",""exact original pink-noise seed/asset and SoundForge-style gain envelope are not available"",""electrical current/electrode calibration was reported as above threshold but not as a participant-level current table"",""voice-key hardware threshold and latency correction are approximated by the mouse-click response proxy""],""reported_catch_trials"":76,""reported_groups"":[""upper-limb amputees"",""healthy controls""],""reported_target_trials_literal"":76,""reported_trial_count_caveat"":""The PDF Methods sentence reports 8 target stimuli for each T1-T5 temporal delay for IN and OUT sounds, which implies 80 target rows, but the same sentence says this resulted in 76 tactile-target trials. The runnable profile preserves the factorial T1-T5 x IN/OUT x 8 structure and the reported 76 auditory-only catches; the literal 76-target wording remains a source inconsistency caveat."",""response_rule"":""speeded response to tactile target, ignore sound"",""sound_duration_ms"":3000,""target_trial_repetitions_reported"":8,""trial_family_scaffold"":""Canzoneri-style dynamic IN/OUT pink-noise task without tactile-only T0/T6 baselines""}]",{}
doi:10.1038/srep02844,composite_profile_not_experiment_scoped,canzoneri_2013_amputation_prosthesis,study_templates/canzoneri_2013_amputation_prosthesis.json,design.sofa_file,serialized_explicit,1,"[""""]","""assets/0. Head-Related Impulse Response (HRIR) model/FABIAN_HRIR_measured_HATO_0.sofa"""
doi:10.1038/srep02844,composite_profile_not_experiment_scoped,canzoneri_2013_amputation_prosthesis,study_templates/canzoneri_2013_amputation_prosthesis.json,design.noises[].label,serialized_explicit,1,"[""Pink moving sound""]",
doi:10.1038/srep02844,composite_profile_not_experiment_scoped,canzoneri_2013_amputation_prosthesis,study_templates/canzoneri_2013_amputation_prosthesis.json,design.noises[].noise_type,serialized_explicit,1,"[""pink""]",
doi:10.1038/srep02844,composite_profile_not_experiment_scoped,canzoneri_2013_amputation_prosthesis,study_templates/canzoneri_2013_amputation_prosthesis.json,design.noises[].azimuth_deg,serialized_explicit,1,[0.0],0.0
doi:10.1038/srep02844,composite_profile_not_experiment_scoped,canzoneri_2013_amputation_prosthesis,study_templates/canzoneri_2013_amputation_prosthesis.json,design.noises[].elevation_deg,serialized_explicit,1,[0.0],0.0
doi:10.1038/srep02844,composite_profile_not_experiment_scoped,canzoneri_2013_amputation_prosthesis,study_templates/canzoneri_2013_amputation_prosthesis.json,design.noises[].gain,serialized_explicit,1,[1.0],1.0
doi:10.1038/srep02844,composite_profile_not_experiment_scoped,canzoneri_2013_amputation_prosthesis,study_templates/canzoneri_2013_amputation_prosthesis.json,design.noises[].source_profile,typed_or_parser_default_not_serialized,0,[],""""""
doi:10.1038/srep02844,composite_profile_not_experiment_scoped,canzoneri_2013_amputation_prosthesis,study_templates/canzoneri_2013_amputation_prosthesis.json,design.noises[].source_profile_parameters,typed_or_parser_default_not_serialized,0,[],{}
doi:10.1038/srep02844,composite_profile_not_experiment_scoped,canzoneri_2013_amputation_prosthesis,study_templates/canzoneri_2013_amputation_prosthesis.json,design.noises[].prebaked_path,typed_or_parser_default_not_serialized,0,[],""""""
doi:10.1038/srep02844,composite_profile_not_experiment_scoped,canzoneri_2013_amputation_prosthesis,study_templates/canzoneri_2013_amputation_prosthesis.json,design.noises[].sequence_order,typed_or_parser_default_not_serialized,0,[],0
doi:10.1038/srep02844,composite_profile_not_experiment_scoped,canzoneri_2013_amputation_prosthesis,study_templates/canzoneri_2013_amputation_prosthesis.json,design.noises[].motion_mode,typed_or_parser_default_not_serialized,0,[],"""looming"""
doi:10.1038/srep02844,composite_profile_not_experiment_scoped,canzoneri_2013_amputation_prosthesis,study_templates/canzoneri_2013_amputation_prosthesis.json,design.noises[].trajectory_snapshot,typed_or_parser_default_not_serialized,0,[],{}
doi:10.1038/srep02844,composite_profile_not_experiment_scoped,canzoneri_2013_amputation_prosthesis,study_templates/canzoneri_2013_amputation_prosthesis.json,design.custom_looming_files[].label,repeatable_entity_absent,0,[],
doi:10.1038/srep02844,composite_profile_not_experiment_scoped,canzoneri_2013_amputation_prosthesis,study_templates/canzoneri_2013_amputation_prosthesis.json,design.custom_looming_files[].path,repeatable_entity_absent,0,[],
doi:10.1038/srep02844,composite_profile_not_experiment_scoped,canzoneri_2013_amputation_prosthesis,study_templates/canzoneri_2013_amputation_prosthesis.json,design.custom_looming_files[].target_duration_s,repeatable_entity_absent,0,[],4.0
doi:10.1038/srep02844,composite_profile_not_experiment_scoped,canzoneri_2013_amputation_prosthesis,study_templates/canzoneri_2013_amputation_prosthesis.json,design.custom_looming_files[].render_mode,repeatable_entity_absent,0,[],"""preserve"""
doi:10.1038/srep02844,composite_profile_not_experiment_scoped,canzoneri_2013_amputation_prosthesis,study_templates/canzoneri_2013_amputation_prosthesis.json,design.custom_looming_files[].tone_type,repeatable_entity_absent,0,[],""""""
doi:10.1038/srep02844,composite_profile_not_experiment_scoped,canzoneri_2013_amputation_prosthesis,study_templates/canzoneri_2013_amputation_prosthesis.json,design.custom_looming_files[].gain,repeatable_entity_absent,0,[],1.0
doi:10.1038/srep02844,composite_profile_not_experiment_scoped,canzoneri_2013_amputation_prosthesis,study_templates/canzoneri_2013_amputation_prosthesis.json,design.custom_looming_files[].placement,repeatable_entity_absent,0,[],"""before"""
doi:10.1038/srep02844,composite_profile_not_experiment_scoped,canzoneri_2013_amputation_prosthesis,study_templates/canzoneri_2013_amputation_prosthesis.json,design.custom_looming_files[].target_source_label,repeatable_entity_absent,0,[],""""""
doi:10.1038/srep02844,composite_profile_not_experiment_scoped,canzoneri_2013_amputation_prosthesis,study_templates/canzoneri_2013_amputation_prosthesis.json,design.custom_looming_files[].phase,repeatable_entity_absent,0,[],""""""
doi:10.1038/srep02844,composite_profile_not_experiment_scoped,canzoneri_2013_amputation_prosthesis,study_templates/canzoneri_2013_amputation_prosthesis.json,design.custom_looming_files[].gap_s,repeatable_entity_absent,0,[],0.0
doi:10.1038/srep02844,composite_profile_not_experiment_scoped,canzoneri_2013_amputation_prosthesis,study_templates/canzoneri_2013_amputation_prosthesis.json,design.custom_looming_files[].sequence_order,repeatable_entity_absent,0,[],0
doi:10.1038/srep02844,composite_profile_not_experiment_scoped,canzoneri_2013_amputation_prosthesis,study_templates/canzoneri_2013_amputation_prosthesis.json,design.custom_looming_files[].motion_mode,repeatable_entity_absent,0,[],"""looming"""
doi:10.1038/srep02844,composite_profile_not_experiment_scoped,canzoneri_2013_amputation_prosthesis,study_templates/canzoneri_2013_amputation_prosthesis.json,design.custom_looming_files[].trajectory_snapshot,repeatable_entity_absent,0,[],{}
doi:10.1038/srep02844,composite_profile_not_experiment_scoped,canzoneri_2013_amputation_prosthesis,study_templates/canzoneri_2013_amputation_prosthesis.json,design.custom_looming_files[].display_color_hex,repeatable_entity_absent,0,[],""""""
doi:10.1038/srep02844,composite_profile_not_experiment_scoped,canzoneri_2013_amputation_prosthesis,study_templates/canzoneri_2013_amputation_prosthesis.json,design.custom_looming_files[].source_input_path,repeatable_entity_absent,0,[],""""""
doi:10.1038/srep02844,composite_profile_not_experiment_scoped,canzoneri_2013_amputation_prosthesis,study_templates/canzoneri_2013_amputation_prosthesis.json,design.prestimulus_files[].label,repeatable_entity_absent,0,[],
doi:10.1038/srep02844,composite_profile_not_experiment_scoped,canzoneri_2013_amputation_prosthesis,study_templates/canzoneri_2013_amputation_prosthesis.json,design.prestimulus_files[].path,repeatable_entity_absent,0,[],
doi:10.1038/srep02844,composite_profile_not_experiment_scoped,canzoneri_2013_amputation_prosthesis,study_templates/canzoneri_2013_amputation_prosthesis.json,design.prestimulus_files[].target_duration_s,repeatable_entity_absent,0,[],4.0
doi:10.1038/srep02844,composite_profile_not_experiment_scoped,canzoneri_2013_amputation_prosthesis,study_templates/canzoneri_2013_amputation_prosthesis.json,design.prestimulus_files[].render_mode,repeatable_entity_absent,0,[],"""preserve"""
doi:10.1038/srep02844,composite_profile_not_experiment_scoped,canzoneri_2013_amputation_prosthesis,study_templates/canzoneri_2013_amputation_prosthesis.json,design.prestimulus_files[].tone_type,repeatable_entity_absent,0,[],""""""
doi:10.1038/srep02844,composite_profile_not_experiment_scoped,canzoneri_2013_amputation_prosthesis,study_templates/canzoneri_2013_amputation_prosthesis.json,design.prestimulus_files[].gain,repeatable_entity_absent,0,[],1.0
doi:10.1038/srep02844,composite_profile_not_experiment_scoped,canzoneri_2013_amputation_prosthesis,study_templates/canzoneri_2013_amputation_prosthesis.json,design.prestimulus_files[].placement,repeatable_entity_absent,0,[],"""before"""
doi:10.1038/srep02844,composite_profile_not_experiment_scoped,canzoneri_2013_amputation_prosthesis,study_templates/canzoneri_2013_amputation_prosthesis.json,design.prestimulus_files[].target_source_label,repeatable_entity_absent,0,[],""""""
doi:10.1038/srep02844,composite_profile_not_experiment_scoped,canzoneri_2013_amputation_prosthesis,study_templates/canzoneri_2013_amputation_prosthesis.json,design.prestimulus_files[].phase,repeatable_entity_absent,0,[],""""""
doi:10.1038/srep02844,composite_profile_not_experiment_scoped,canzoneri_2013_amputation_prosthesis,study_templates/canzoneri_2013_amputation_prosthesis.json,design.prestimulus_files[].gap_s,repeatable_entity_absent,0,[],0.0
doi:10.1038/srep02844,composite_profile_not_experiment_scoped,canzoneri_2013_amputation_prosthesis,study_templates/canzoneri_2013_amputation_prosthesis.json,design.prestimulus_files[].sequence_order,repeatable_entity_absent,0,[],0
doi:10.1038/srep02844,composite_profile_not_experiment_scoped,canzoneri_2013_amputation_prosthesis,study_templates/canzoneri_2013_amputation_prosthesis.json,design.prestimulus_files[].motion_mode,repeatable_entity_absent,0,[],"""looming"""
doi:10.1038/srep02844,composite_profile_not_experiment_scoped,canzoneri_2013_amputation_prosthesis,study_templates/canzoneri_2013_amputation_prosthesis.json,design.prestimulus_files[].trajectory_snapshot,repeatable_entity_absent,0,[],{}
doi:10.1038/srep02844,composite_profile_not_experiment_scoped,canzoneri_2013_amputation_prosthesis,study_templates/canzoneri_2013_amputation_prosthesis.json,design.prestimulus_files[].display_color_hex,repeatable_entity_absent,0,[],""""""
doi:10.1038/srep02844,composite_profile_not_experiment_scoped,canzoneri_2013_amputation_prosthesis,study_templates/canzoneri_2013_amputation_prosthesis.json,design.prestimulus_files[].source_input_path,repeatable_entity_absent,0,[],""""""
doi:10.1038/srep02844,composite_profile_not_experiment_scoped,canzoneri_2013_amputation_prosthesis,study_templates/canzoneri_2013_amputation_prosthesis.json,design.trajectory.start_radius_m,serialized_explicit,1,[1.1],1.1
doi:10.1038/srep02844,composite_profile_not_experiment_scoped,canzoneri_2013_amputation_prosthesis,study_templates/canzoneri_2013_amputation_prosthesis.json,design.trajectory.end_radius_m,serialized_explicit,1,[0.1],0.1
doi:10.1038/srep02844,composite_profile_not_experiment_scoped,canzoneri_2013_amputation_prosthesis,study_templates/canzoneri_2013_amputation_prosthesis.json,design.trajectory.path_direction,serialized_explicit,1,"[""approach""]","""approach"""
doi:10.1038/srep02844,composite_profile_not_experiment_scoped,canzoneri_2013_amputation_prosthesis,study_templates/canzoneri_2013_amputation_prosthesis.json,design.trajectory.coordinate_mode,serialized_explicit,1,"[""cartesian""]","""polar"""
doi:10.1038/srep02844,composite_profile_not_experiment_scoped,canzoneri_2013_amputation_prosthesis,study_templates/canzoneri_2013_amputation_prosthesis.json,design.trajectory.start_x_m,serialized_explicit,1,[0.0],null
doi:10.1038/srep02844,composite_profile_not_experiment_scoped,canzoneri_2013_amputation_prosthesis,study_templates/canzoneri_2013_amputation_prosthesis.json,design.trajectory.start_y_m,serialized_explicit,1,[1.1],null
doi:10.1038/srep02844,composite_profile_not_experiment_scoped,canzoneri_2013_amputation_prosthesis,study_templates/canzoneri_2013_amputation_prosthesis.json,design.trajectory.start_z_m,serialized_explicit,1,[0.0],null
doi:10.1038/srep02844,composite_profile_not_experiment_scoped,canzoneri_2013_amputation_prosthesis,study_templates/canzoneri_2013_amputation_prosthesis.json,design.trajectory.end_x_m,serialized_explicit,1,[0.0],null
doi:10.1038/srep02844,composite_profile_not_experiment_scoped,canzoneri_2013_amputation_prosthesis,study_templates/canzoneri_2013_amputation_prosthesis.json,design.trajectory.end_y_m,serialized_explicit,1,[0.1],null
doi:10.1038/srep02844,composite_profile_not_experiment_scoped,canzoneri_2013_amputation_prosthesis,study_templates/canzoneri_2013_amputation_prosthesis.json,design.trajectory.end_z_m,serialized_explicit,1,[0.0],null
doi:10.1038/srep02844,composite_profile_not_experiment_scoped,canzoneri_2013_amputation_prosthesis,study_templates/canzoneri_2013_amputation_prosthesis.json,design.trajectory.path_length_m,serialized_explicit,1,[1.0],1.0
doi:10.1038/srep02844,composite_profile_not_experiment_scoped,canzoneri_2013_amputation_prosthesis,study_templates/canzoneri_2013_amputation_prosthesis.json,design.trajectory.propagation_speed_mps,serialized_explicit,1,[0.333333333],0.3333333333333333
doi:10.1038/srep02844,composite_profile_not_experiment_scoped,canzoneri_2013_amputation_prosthesis,study_templates/canzoneri_2013_amputation_prosthesis.json,design.trajectory.azimuth_start_deg,serialized_explicit,1,[0.0],0.0
doi:10.1038/srep02844,composite_profile_not_experiment_scoped,canzoneri_2013_amputation_prosthesis,study_templates/canzoneri_2013_amputation_prosthesis.json,design.trajectory.azimuth_end_deg,serialized_explicit,1,[0.0],0.0
doi:10.1038/srep02844,composite_profile_not_experiment_scoped,canzoneri_2013_amputation_prosthesis,study_templates/canzoneri_2013_amputation_prosthesis.json,design.trajectory.elevation_deg,serialized_explicit,1,[0.0],0.0
doi:10.1038/srep02844,composite_profile_not_experiment_scoped,canzoneri_2013_amputation_prosthesis,study_templates/canzoneri_2013_amputation_prosthesis.json,design.trajectory.padding_pre_s,serialized_explicit,1,[1.0],0.5
doi:10.1038/srep02844,composite_profile_not_experiment_scoped,canzoneri_2013_amputation_prosthesis,study_templates/canzoneri_2013_amputation_prosthesis.json,design.trajectory.padding_post_s,serialized_explicit,1,[1.0],0.5
doi:10.1038/srep02844,composite_profile_not_experiment_scoped,canzoneri_2013_amputation_prosthesis,study_templates/canzoneri_2013_amputation_prosthesis.json,design.trajectory.sample_rate,serialized_explicit,1,[44100],44100
doi:10.1038/srep02844,composite_profile_not_experiment_scoped,canzoneri_2013_amputation_prosthesis,study_templates/canzoneri_2013_amputation_prosthesis.json,design.trajectory.use_inverse_square,serialized_explicit,1,[true],true
doi:10.1038/srep02844,composite_profile_not_experiment_scoped,canzoneri_2013_amputation_prosthesis,study_templates/canzoneri_2013_amputation_prosthesis.json,design.protocol.repetitions_per_condition,serialized_explicit,1,[8],1
doi:10.1038/srep02844,composite_profile_not_experiment_scoped,canzoneri_2013_amputation_prosthesis,study_templates/canzoneri_2013_amputation_prosthesis.json,design.protocol.trial_pool_repetition_defaults,serialized_explicit,1,"[{""audio_tactile"":8,""catch"":38,""default"":8}]",{}
doi:10.1038/srep02844,composite_profile_not_experiment_scoped,canzoneri_2013_amputation_prosthesis,study_templates/canzoneri_2013_amputation_prosthesis.json,design.protocol.soa_values_ms,serialized_explicit,1,"[[300,800,1500,2200,2700]]","[300,800,1500,2200,2700]"
doi:10.1038/srep02844,composite_profile_not_experiment_scoped,canzoneri_2013_amputation_prosthesis,study_templates/canzoneri_2013_amputation_prosthesis.json,design.protocol.spatial_values_cm,serialized_explicit,1,"[[100.0,83.3,60.0,36.7,20.0]]","[100.0,83.3,60.0,36.7,20.0]"
doi:10.1038/srep02844,composite_profile_not_experiment_scoped,canzoneri_2013_amputation_prosthesis,study_templates/canzoneri_2013_amputation_prosthesis.json,design.protocol.pair_spatial_values_with_soas,serialized_explicit,1,[true],true
doi:10.1038/srep02844,composite_profile_not_experiment_scoped,canzoneri_2013_amputation_prosthesis,study_templates/canzoneri_2013_amputation_prosthesis.json,design.protocol.auditory_motion_directions,serialized_explicit,1,"[[""looming"",""receding""]]","[""looming""]"
doi:10.1038/srep02844,composite_profile_not_experiment_scoped,canzoneri_2013_amputation_prosthesis,study_templates/canzoneri_2013_amputation_prosthesis.json,design.protocol.tactile_sites,serialized_explicit,1,"[[""upper arm""]]","[""hand""]"
doi:10.1038/srep02844,composite_profile_not_experiment_scoped,canzoneri_2013_amputation_prosthesis,study_templates/canzoneri_2013_amputation_prosthesis.json,design.protocol.include_catch_trials,serialized_explicit,1,[true],true
doi:10.1038/srep02844,composite_profile_not_experiment_scoped,canzoneri_2013_amputation_prosthesis,study_templates/canzoneri_2013_amputation_prosthesis.json,design.protocol.catch_trial_percentage,serialized_explicit,1,[48.72],10.0
doi:10.1038/srep02844,composite_profile_not_experiment_scoped,canzoneri_2013_amputation_prosthesis,study_templates/canzoneri_2013_amputation_prosthesis.json,design.protocol.catch_trials_exact,serialized_explicit,1,[76],null
doi:10.1038/srep02844,composite_profile_not_experiment_scoped,canzoneri_2013_amputation_prosthesis,study_templates/canzoneri_2013_amputation_prosthesis.json,design.protocol.catch_crosses_sequence_variants,serialized_explicit,1,[true],true
doi:10.1038/srep02844,composite_profile_not_experiment_scoped,canzoneri_2013_amputation_prosthesis,study_templates/canzoneri_2013_amputation_prosthesis.json,design.protocol.include_auditory_only_trials,typed_or_parser_default_not_serialized,0,[],false
doi:10.1038/srep02844,composite_profile_not_experiment_scoped,canzoneri_2013_amputation_prosthesis,study_templates/canzoneri_2013_amputation_prosthesis.json,design.protocol.auditory_only_trial_percentage,typed_or_parser_default_not_serialized,0,[],0.0
doi:10.1038/srep02844,composite_profile_not_experiment_scoped,canzoneri_2013_amputation_prosthesis,study_templates/canzoneri_2013_amputation_prosthesis.json,design.protocol.auditory_only_trials_exact,typed_or_parser_default_not_serialized,0,[],null
doi:10.1038/srep02844,composite_profile_not_experiment_scoped,canzoneri_2013_amputation_prosthesis,study_templates/canzoneri_2013_amputation_prosthesis.json,design.protocol.auditory_only_crosses_sequence_variants,typed_or_parser_default_not_serialized,0,[],true
doi:10.1038/srep02844,composite_profile_not_experiment_scoped,canzoneri_2013_amputation_prosthesis,study_templates/canzoneri_2013_amputation_prosthesis.json,design.protocol.include_baseline_trials,serialized_explicit,1,[false],true
doi:10.1038/srep02844,composite_profile_not_experiment_scoped,canzoneri_2013_amputation_prosthesis,study_templates/canzoneri_2013_amputation_prosthesis.json,design.protocol.baseline_strategy,serialized_explicit,1,"[""none""]","""tactile_only"""
doi:10.1038/srep02844,composite_profile_not_experiment_scoped,canzoneri_2013_amputation_prosthesis,study_templates/canzoneri_2013_amputation_prosthesis.json,design.protocol.baseline_trials_exact,serialized_explicit,1,[0],null
doi:10.1038/srep02844,composite_profile_not_experiment_scoped,canzoneri_2013_amputation_prosthesis,study_templates/canzoneri_2013_amputation_prosthesis.json,design.protocol.baseline_trial_percentage,serialized_explicit,1,[0.0],0.0
doi:10.1038/srep02844,composite_profile_not_experiment_scoped,canzoneri_2013_amputation_prosthesis,study_templates/canzoneri_2013_amputation_prosthesis.json,design.protocol.baseline_soa_values_ms,serialized_explicit,1,[[]],[]
doi:10.1038/srep02844,composite_profile_not_experiment_scoped,canzoneri_2013_amputation_prosthesis,study_templates/canzoneri_2013_amputation_prosthesis.json,design.protocol.baseline_custom_trial_mode,typed_or_parser_default_not_serialized,0,[],"""tactile_only"""
doi:10.1038/srep02844,composite_profile_not_experiment_scoped,canzoneri_2013_amputation_prosthesis,study_templates/canzoneri_2013_amputation_prosthesis.json,design.protocol.baseline_crosses_sequence_variants,typed_or_parser_default_not_serialized,0,[],true
doi:10.1038/srep02844,composite_profile_not_experiment_scoped,canzoneri_2013_amputation_prosthesis,study_templates/canzoneri_2013_amputation_prosthesis.json,design.protocol.respiratory_phases,serialized_explicit,1,"[[""PPS assessment context""]]","[""Inhale"",""Exhale""]"
doi:10.1038/srep02844,composite_profile_not_experiment_scoped,canzoneri_2013_amputation_prosthesis,study_templates/canzoneri_2013_amputation_prosthesis.json,design.protocol.blocks,serialized_explicit,1,[2],6
doi:10.1038/srep02844,composite_profile_not_experiment_scoped,canzoneri_2013_amputation_prosthesis,study_templates/canzoneri_2013_amputation_prosthesis.json,design.protocol.block_specs[].label,repeatable_entity_absent,0,[],
doi:10.1038/srep02844,composite_profile_not_experiment_scoped,canzoneri_2013_amputation_prosthesis,study_templates/canzoneri_2013_amputation_prosthesis.json,design.protocol.block_specs[].stimulus_types,repeatable_entity_absent,0,[],"[""Audio-Tactile"",""Baseline"",""Catch""]"
doi:10.1038/srep02844,composite_profile_not_experiment_scoped,canzoneri_2013_amputation_prosthesis,study_templates/canzoneri_2013_amputation_prosthesis.json,design.protocol.repeat_trial_pool_per_block,typed_or_parser_default_not_serialized,0,[],false
doi:10.1038/srep02844,composite_profile_not_experiment_scoped,canzoneri_2013_amputation_prosthesis,study_templates/canzoneri_2013_amputation_prosthesis.json,design.protocol.distribute_trial_pool_across_blocks,serialized_explicit,1,[true],false
doi:10.1038/srep02844,composite_profile_not_experiment_scoped,canzoneri_2013_amputation_prosthesis,study_templates/canzoneri_2013_amputation_prosthesis.json,design.protocol.trial_strips[].strip_id,serialized_explicit,1,"[""canzoneri-amputation-dynamic-sound-row""]",""""""
doi:10.1038/srep02844,composite_profile_not_experiment_scoped,canzoneri_2013_amputation_prosthesis,study_templates/canzoneri_2013_amputation_prosthesis.json,design.protocol.trial_strips[].label,serialized_explicit,1,"[""Dynamic sound PPS trial""]",""""""
doi:10.1038/srep02844,composite_profile_not_experiment_scoped,canzoneri_2013_amputation_prosthesis,study_templates/canzoneri_2013_amputation_prosthesis.json,design.protocol.trial_strips[].audio_tactile_percentage,typed_or_parser_default_not_serialized,0,[],null
doi:10.1038/srep02844,composite_profile_not_experiment_scoped,canzoneri_2013_amputation_prosthesis,study_templates/canzoneri_2013_amputation_prosthesis.json,design.protocol.trial_strips[].catch_percentage,typed_or_parser_default_not_serialized,0,[],null
doi:10.1038/srep02844,composite_profile_not_experiment_scoped,canzoneri_2013_amputation_prosthesis,study_templates/canzoneri_2013_amputation_prosthesis.json,design.protocol.trial_strips[].baseline_percentage,typed_or_parser_default_not_serialized,0,[],null
doi:10.1038/srep02844,composite_profile_not_experiment_scoped,canzoneri_2013_amputation_prosthesis,study_templates/canzoneri_2013_amputation_prosthesis.json,design.protocol.trial_strips[].soa_values_ms,typed_or_parser_default_not_serialized,0,[],[]
doi:10.1038/srep02844,composite_profile_not_experiment_scoped,canzoneri_2013_amputation_prosthesis,study_templates/canzoneri_2013_amputation_prosthesis.json,design.protocol.trial_strips[].spatial_values_cm,typed_or_parser_default_not_serialized,0,[],[]
doi:10.1038/srep02844,composite_profile_not_experiment_scoped,canzoneri_2013_amputation_prosthesis,study_templates/canzoneri_2013_amputation_prosthesis.json,design.protocol.trial_strips[].metadata,serialized_explicit,1,"[{""electrical_electrode_site"":""dorsal upper arm"",""electrical_stimulator_model"":""Digitimer DS7A"",""expected_response"":""respond"",""iti_ms"":""300"",""iti_policy"":""toolkit_default_unreported_in_source"",""renderer_equivalence_boundary"":""binaural virtual trajectory proxy for physical near/far speakers"",""response_capture_device"":""microphone"",""response_mode"":""voice_key_mouse_click_proxy"",""response_rule"":""verbal_response_to_tactile_target_ignore_sound"",""source_asset_equivalence"":""procedural pink-noise proxy for unshared original sound file"",""tactile_stimulation_modality"":""electrical"",""target_role"":""tactile_target"",""voice_key_enabled"":""true""}]",{}
doi:10.1038/srep02844,composite_profile_not_experiment_scoped,canzoneri_2013_amputation_prosthesis,study_templates/canzoneri_2013_amputation_prosthesis.json,design.protocol.trial_strips[].elements[].element_id,serialized_explicit,1,"[""canzoneri-amputation-moving-sound""]",""""""
doi:10.1038/srep02844,composite_profile_not_experiment_scoped,canzoneri_2013_amputation_prosthesis,study_templates/canzoneri_2013_amputation_prosthesis.json,design.protocol.trial_strips[].elements[].kind,serialized_explicit,1,"[""looming_stimulus""]","""looming_stimulus"""
doi:10.1038/srep02844,composite_profile_not_experiment_scoped,canzoneri_2013_amputation_prosthesis,study_templates/canzoneri_2013_amputation_prosthesis.json,design.protocol.trial_strips[].elements[].label,serialized_explicit,1,"[""Pink moving sound""]",""""""
doi:10.1038/srep02844,composite_profile_not_experiment_scoped,canzoneri_2013_amputation_prosthesis,study_templates/canzoneri_2013_amputation_prosthesis.json,design.protocol.trial_strips[].elements[].source_label,serialized_explicit,1,"[""Pink moving sound""]",""""""
doi:10.1038/srep02844,composite_profile_not_experiment_scoped,canzoneri_2013_amputation_prosthesis,study_templates/canzoneri_2013_amputation_prosthesis.json,design.protocol.trial_strips[].elements[].source_labels,serialized_explicit,1,"[[""Pink moving sound""]]",[]
doi:10.1038/srep02844,composite_profile_not_experiment_scoped,canzoneri_2013_amputation_prosthesis,study_templates/canzoneri_2013_amputation_prosthesis.json,design.protocol.trial_strips[].elements[].jitter_values_ms,typed_or_parser_default_not_serialized,0,[],[]
doi:10.1038/srep02844,composite_profile_not_experiment_scoped,canzoneri_2013_amputation_prosthesis,study_templates/canzoneri_2013_amputation_prosthesis.json,design.protocol.trial_strips[].elements[].randomized,serialized_explicit,1,[true],false
doi:10.1038/srep02844,composite_profile_not_experiment_scoped,canzoneri_2013_amputation_prosthesis,study_templates/canzoneri_2013_amputation_prosthesis.json,design.protocol.trial_randomization_strategy,serialized_explicit,1,"[""no_immediate_repeats""]","""no_immediate_repeats"""
doi:10.1038/srep02844,composite_profile_not_experiment_scoped,canzoneri_2013_amputation_prosthesis,study_templates/canzoneri_2013_amputation_prosthesis.json,design.protocol.block_order_randomization,serialized_explicit,1,"[""fixed""]","""counterbalanced_rotation"""
doi:10.1038/srep02844,composite_profile_not_experiment_scoped,canzoneri_2013_amputation_prosthesis,study_templates/canzoneri_2013_amputation_prosthesis.json,design.protocol.max_consecutive_same_trial_type,serialized_explicit,1,[2],2
doi:10.1038/srep02844,composite_profile_not_experiment_scoped,canzoneri_2013_amputation_prosthesis,study_templates/canzoneri_2013_amputation_prosthesis.json,design.protocol.participants,serialized_explicit,1,[20],50
doi:10.1038/srep02844,composite_profile_not_experiment_scoped,canzoneri_2013_amputation_prosthesis,study_templates/canzoneri_2013_amputation_prosthesis.json,design.protocol.random_seed,serialized_explicit,1,[20131003],20250604
doi:10.1038/srep02844,composite_profile_not_experiment_scoped,canzoneri_2013_amputation_prosthesis,study_templates/canzoneri_2013_amputation_prosthesis.json,design.protocol.participant_order_policy,typed_or_parser_default_not_serialized,0,[],{}
doi:10.3389/fnbeh.2015.00004,publication_and_single_review_unit_profile,serino_2015_toolless_sync_training,study_templates/serino_2015_toolless_sync_training.json,design.name,serialized_explicit,1,"[""Serino 2015 synchronous far audio-tactile PPS training""]","""Study 5 PPS white/pink design"""
doi:10.3389/fnbeh.2015.00004,publication_and_single_review_unit_profile,serino_2015_toolless_sync_training,study_templates/serino_2015_toolless_sync_training.json,design.study_profile_id,serialized_explicit,1,"[""serino_2015_toolless_sync_training""]",""""""
doi:10.3389/fnbeh.2015.00004,publication_and_single_review_unit_profile,serino_2015_toolless_sync_training,study_templates/serino_2015_toolless_sync_training.json,design.study_profile_title,serialized_explicit,1,"[""Serino 2015 synchronous far audio-tactile PPS training""]",""""""
doi:10.3389/fnbeh.2015.00004,publication_and_single_review_unit_profile,serino_2015_toolless_sync_training,study_templates/serino_2015_toolless_sync_training.json,design.study_profile_notes,serialized_explicit,1,"[""Training-induced PPS plasticity profile. The preload captures the measurement assessment block: 3000 ms pink-noise IN/OUT sounds, right-hand tactile detection, T1-T5 SOAs, and auditory-only catch trials. The synchronous versus asynchronous training protocol is retained as context metadata because the PPS Toolkit profile recreates the runnable audiotactile measurement task rather than the intervention schedule.""]",""""""
doi:10.3389/fnbeh.2015.00004,publication_and_single_review_unit_profile,serino_2015_toolless_sync_training,study_templates/serino_2015_toolless_sync_training.json,design.study_profile_reference_parameters,serialized_explicit,1,"[{""catch_subtype"":""auditory-only no tactile target"",""catch_trials_derived_from_77_percent_target_rate"":24,""implementation_gaps"":[""ordered pre-training/training/post-training phase model"",""training train structure and timing""],""measurement_task"":""right-hand speeded tactile detection with task-irrelevant IN/OUT pink noise"",""profile_check_complete"":true,""profile_type"":""audio_tactile_training_plasticity"",""remaining_caveats"":[""the Frontiers paper reports 77% tactile-target trials but does not print a separate exact catch count; 24 catches is the parsimonious integer count paired with the inherited 80-target Canzoneri-family T1-T5 x IN/OUT x 8 structure"",""exact original pink-noise asset and two-speaker gain files are not available"",""participant-level DS7A current calibration and voice-key threshold/latency are represented as provenance and emulated by mouse-click response proxies"",""synchronous/asynchronous training intervention scheduling is retained as context and not run as part of the single assessment-block profile""],""reported_assessment_block_count"":1,""response_rule"":""vocal response to tactile target, ignore sound"",""sound_duration_ms"":3000,""tactile_target_probability"":0.77,""target_trial_count"":80,""target_trial_repetitions_reported_or_inherited"":8,""training_context"":""Participants completed synchronous and asynchronous training days. The paper reports 23 five-second training trains, 22 interstimulus intervals of 4000-6000 ms, and five attention beeps per training session."",""training_factor"":""synchronous versus asynchronous far-audio/hand-tactile pairing""}]",{}
doi:10.3389/fnbeh.2015.00004,publication_and_single_review_unit_profile,serino_2015_toolless_sync_training,study_templates/serino_2015_toolless_sync_training.json,design.sofa_file,serialized_explicit,1,"[""""]","""assets/0. Head-Related Impulse Response (HRIR) model/FABIAN_HRIR_measured_HATO_0.sofa"""
doi:10.3389/fnbeh.2015.00004,publication_and_single_review_unit_profile,serino_2015_toolless_sync_training,study_templates/serino_2015_toolless_sync_training.json,design.noises[].label,serialized_explicit,1,"[""Pink moving sound""]",
doi:10.3389/fnbeh.2015.00004,publication_and_single_review_unit_profile,serino_2015_toolless_sync_training,study_templates/serino_2015_toolless_sync_training.json,design.noises[].noise_type,serialized_explicit,1,"[""pink""]",
doi:10.3389/fnbeh.2015.00004,publication_and_single_review_unit_profile,serino_2015_toolless_sync_training,study_templates/serino_2015_toolless_sync_training.json,design.noises[].azimuth_deg,serialized_explicit,1,[0.0],0.0
doi:10.3389/fnbeh.2015.00004,publication_and_single_review_unit_profile,serino_2015_toolless_sync_training,study_templates/serino_2015_toolless_sync_training.json,design.noises[].elevation_deg,serialized_explicit,1,[0.0],0.0
doi:10.3389/fnbeh.2015.00004,publication_and_single_review_unit_profile,serino_2015_toolless_sync_training,study_templates/serino_2015_toolless_sync_training.json,design.noises[].gain,serialized_explicit,1,[1.0],1.0
doi:10.3389/fnbeh.2015.00004,publication_and_single_review_unit_profile,serino_2015_toolless_sync_training,study_templates/serino_2015_toolless_sync_training.json,design.noises[].source_profile,typed_or_parser_default_not_serialized,0,[],""""""
doi:10.3389/fnbeh.2015.00004,publication_and_single_review_unit_profile,serino_2015_toolless_sync_training,study_templates/serino_2015_toolless_sync_training.json,design.noises[].source_profile_parameters,typed_or_parser_default_not_serialized,0,[],{}
doi:10.3389/fnbeh.2015.00004,publication_and_single_review_unit_profile,serino_2015_toolless_sync_training,study_templates/serino_2015_toolless_sync_training.json,design.noises[].prebaked_path,typed_or_parser_default_not_serialized,0,[],""""""
doi:10.3389/fnbeh.2015.00004,publication_and_single_review_unit_profile,serino_2015_toolless_sync_training,study_templates/serino_2015_toolless_sync_training.json,design.noises[].sequence_order,typed_or_parser_default_not_serialized,0,[],0
doi:10.3389/fnbeh.2015.00004,publication_and_single_review_unit_profile,serino_2015_toolless_sync_training,study_templates/serino_2015_toolless_sync_training.json,design.noises[].motion_mode,typed_or_parser_default_not_serialized,0,[],"""looming"""
doi:10.3389/fnbeh.2015.00004,publication_and_single_review_unit_profile,serino_2015_toolless_sync_training,study_templates/serino_2015_toolless_sync_training.json,design.noises[].trajectory_snapshot,typed_or_parser_default_not_serialized,0,[],{}
doi:10.3389/fnbeh.2015.00004,publication_and_single_review_unit_profile,serino_2015_toolless_sync_training,study_templates/serino_2015_toolless_sync_training.json,design.custom_looming_files[].label,repeatable_entity_absent,0,[],
doi:10.3389/fnbeh.2015.00004,publication_and_single_review_unit_profile,serino_2015_toolless_sync_training,study_templates/serino_2015_toolless_sync_training.json,design.custom_looming_files[].path,repeatable_entity_absent,0,[],
doi:10.3389/fnbeh.2015.00004,publication_and_single_review_unit_profile,serino_2015_toolless_sync_training,study_templates/serino_2015_toolless_sync_training.json,design.custom_looming_files[].target_duration_s,repeatable_entity_absent,0,[],4.0
doi:10.3389/fnbeh.2015.00004,publication_and_single_review_unit_profile,serino_2015_toolless_sync_training,study_templates/serino_2015_toolless_sync_training.json,design.custom_looming_files[].render_mode,repeatable_entity_absent,0,[],"""preserve"""
doi:10.3389/fnbeh.2015.00004,publication_and_single_review_unit_profile,serino_2015_toolless_sync_training,study_templates/serino_2015_toolless_sync_training.json,design.custom_looming_files[].tone_type,repeatable_entity_absent,0,[],""""""
doi:10.3389/fnbeh.2015.00004,publication_and_single_review_unit_profile,serino_2015_toolless_sync_training,study_templates/serino_2015_toolless_sync_training.json,design.custom_looming_files[].gain,repeatable_entity_absent,0,[],1.0
doi:10.3389/fnbeh.2015.00004,publication_and_single_review_unit_profile,serino_2015_toolless_sync_training,study_templates/serino_2015_toolless_sync_training.json,design.custom_looming_files[].placement,repeatable_entity_absent,0,[],"""before"""
doi:10.3389/fnbeh.2015.00004,publication_and_single_review_unit_profile,serino_2015_toolless_sync_training,study_templates/serino_2015_toolless_sync_training.json,design.custom_looming_files[].target_source_label,repeatable_entity_absent,0,[],""""""
doi:10.3389/fnbeh.2015.00004,publication_and_single_review_unit_profile,serino_2015_toolless_sync_training,study_templates/serino_2015_toolless_sync_training.json,design.custom_looming_files[].phase,repeatable_entity_absent,0,[],""""""
doi:10.3389/fnbeh.2015.00004,publication_and_single_review_unit_profile,serino_2015_toolless_sync_training,study_templates/serino_2015_toolless_sync_training.json,design.custom_looming_files[].gap_s,repeatable_entity_absent,0,[],0.0
doi:10.3389/fnbeh.2015.00004,publication_and_single_review_unit_profile,serino_2015_toolless_sync_training,study_templates/serino_2015_toolless_sync_training.json,design.custom_looming_files[].sequence_order,repeatable_entity_absent,0,[],0
doi:10.3389/fnbeh.2015.00004,publication_and_single_review_unit_profile,serino_2015_toolless_sync_training,study_templates/serino_2015_toolless_sync_training.json,design.custom_looming_files[].motion_mode,repeatable_entity_absent,0,[],"""looming"""
doi:10.3389/fnbeh.2015.00004,publication_and_single_review_unit_profile,serino_2015_toolless_sync_training,study_templates/serino_2015_toolless_sync_training.json,design.custom_looming_files[].trajectory_snapshot,repeatable_entity_absent,0,[],{}
doi:10.3389/fnbeh.2015.00004,publication_and_single_review_unit_profile,serino_2015_toolless_sync_training,study_templates/serino_2015_toolless_sync_training.json,design.custom_looming_files[].display_color_hex,repeatable_entity_absent,0,[],""""""
doi:10.3389/fnbeh.2015.00004,publication_and_single_review_unit_profile,serino_2015_toolless_sync_training,study_templates/serino_2015_toolless_sync_training.json,design.custom_looming_files[].source_input_path,repeatable_entity_absent,0,[],""""""
doi:10.3389/fnbeh.2015.00004,publication_and_single_review_unit_profile,serino_2015_toolless_sync_training,study_templates/serino_2015_toolless_sync_training.json,design.prestimulus_files[].label,repeatable_entity_absent,0,[],
doi:10.3389/fnbeh.2015.00004,publication_and_single_review_unit_profile,serino_2015_toolless_sync_training,study_templates/serino_2015_toolless_sync_training.json,design.prestimulus_files[].path,repeatable_entity_absent,0,[],
doi:10.3389/fnbeh.2015.00004,publication_and_single_review_unit_profile,serino_2015_toolless_sync_training,study_templates/serino_2015_toolless_sync_training.json,design.prestimulus_files[].target_duration_s,repeatable_entity_absent,0,[],4.0
doi:10.3389/fnbeh.2015.00004,publication_and_single_review_unit_profile,serino_2015_toolless_sync_training,study_templates/serino_2015_toolless_sync_training.json,design.prestimulus_files[].render_mode,repeatable_entity_absent,0,[],"""preserve"""
doi:10.3389/fnbeh.2015.00004,publication_and_single_review_unit_profile,serino_2015_toolless_sync_training,study_templates/serino_2015_toolless_sync_training.json,design.prestimulus_files[].tone_type,repeatable_entity_absent,0,[],""""""
doi:10.3389/fnbeh.2015.00004,publication_and_single_review_unit_profile,serino_2015_toolless_sync_training,study_templates/serino_2015_toolless_sync_training.json,design.prestimulus_files[].gain,repeatable_entity_absent,0,[],1.0
doi:10.3389/fnbeh.2015.00004,publication_and_single_review_unit_profile,serino_2015_toolless_sync_training,study_templates/serino_2015_toolless_sync_training.json,design.prestimulus_files[].placement,repeatable_entity_absent,0,[],"""before"""
doi:10.3389/fnbeh.2015.00004,publication_and_single_review_unit_profile,serino_2015_toolless_sync_training,study_templates/serino_2015_toolless_sync_training.json,design.prestimulus_files[].target_source_label,repeatable_entity_absent,0,[],""""""
doi:10.3389/fnbeh.2015.00004,publication_and_single_review_unit_profile,serino_2015_toolless_sync_training,study_templates/serino_2015_toolless_sync_training.json,design.prestimulus_files[].phase,repeatable_entity_absent,0,[],""""""
doi:10.3389/fnbeh.2015.00004,publication_and_single_review_unit_profile,serino_2015_toolless_sync_training,study_templates/serino_2015_toolless_sync_training.json,design.prestimulus_files[].gap_s,repeatable_entity_absent,0,[],0.0
doi:10.3389/fnbeh.2015.00004,publication_and_single_review_unit_profile,serino_2015_toolless_sync_training,study_templates/serino_2015_toolless_sync_training.json,design.prestimulus_files[].sequence_order,repeatable_entity_absent,0,[],0
doi:10.3389/fnbeh.2015.00004,publication_and_single_review_unit_profile,serino_2015_toolless_sync_training,study_templates/serino_2015_toolless_sync_training.json,design.prestimulus_files[].motion_mode,repeatable_entity_absent,0,[],"""looming"""
doi:10.3389/fnbeh.2015.00004,publication_and_single_review_unit_profile,serino_2015_toolless_sync_training,study_templates/serino_2015_toolless_sync_training.json,design.prestimulus_files[].trajectory_snapshot,repeatable_entity_absent,0,[],{}
doi:10.3389/fnbeh.2015.00004,publication_and_single_review_unit_profile,serino_2015_toolless_sync_training,study_templates/serino_2015_toolless_sync_training.json,design.prestimulus_files[].display_color_hex,repeatable_entity_absent,0,[],""""""
doi:10.3389/fnbeh.2015.00004,publication_and_single_review_unit_profile,serino_2015_toolless_sync_training,study_templates/serino_2015_toolless_sync_training.json,design.prestimulus_files[].source_input_path,repeatable_entity_absent,0,[],""""""
doi:10.3389/fnbeh.2015.00004,publication_and_single_review_unit_profile,serino_2015_toolless_sync_training,study_templates/serino_2015_toolless_sync_training.json,design.trajectory.start_radius_m,serialized_explicit,1,[1.05],1.1
doi:10.3389/fnbeh.2015.00004,publication_and_single_review_unit_profile,serino_2015_toolless_sync_training,study_templates/serino_2015_toolless_sync_training.json,design.trajectory.end_radius_m,serialized_explicit,1,[0.05],0.1
doi:10.3389/fnbeh.2015.00004,publication_and_single_review_unit_profile,serino_2015_toolless_sync_training,study_templates/serino_2015_toolless_sync_training.json,design.trajectory.path_direction,serialized_explicit,1,"[""approach""]","""approach"""
doi:10.3389/fnbeh.2015.00004,publication_and_single_review_unit_profile,serino_2015_toolless_sync_training,study_templates/serino_2015_toolless_sync_training.json,design.trajectory.coordinate_mode,serialized_explicit,1,"[""cartesian""]","""polar"""
doi:10.3389/fnbeh.2015.00004,publication_and_single_review_unit_profile,serino_2015_toolless_sync_training,study_templates/serino_2015_toolless_sync_training.json,design.trajectory.start_x_m,serialized_explicit,1,[0.0],null
doi:10.3389/fnbeh.2015.00004,publication_and_single_review_unit_profile,serino_2015_toolless_sync_training,study_templates/serino_2015_toolless_sync_training.json,design.trajectory.start_y_m,serialized_explicit,1,[1.05],null
doi:10.3389/fnbeh.2015.00004,publication_and_single_review_unit_profile,serino_2015_toolless_sync_training,study_templates/serino_2015_toolless_sync_training.json,design.trajectory.start_z_m,serialized_explicit,1,[0.0],null
doi:10.3389/fnbeh.2015.00004,publication_and_single_review_unit_profile,serino_2015_toolless_sync_training,study_templates/serino_2015_toolless_sync_training.json,design.trajectory.end_x_m,serialized_explicit,1,[0.0],null
doi:10.3389/fnbeh.2015.00004,publication_and_single_review_unit_profile,serino_2015_toolless_sync_training,study_templates/serino_2015_toolless_sync_training.json,design.trajectory.end_y_m,serialized_explicit,1,[0.05],null
doi:10.3389/fnbeh.2015.00004,publication_and_single_review_unit_profile,serino_2015_toolless_sync_training,study_templates/serino_2015_toolless_sync_training.json,design.trajectory.end_z_m,serialized_explicit,1,[0.0],null
doi:10.3389/fnbeh.2015.00004,publication_and_single_review_unit_profile,serino_2015_toolless_sync_training,study_templates/serino_2015_toolless_sync_training.json,design.trajectory.path_length_m,serialized_explicit,1,[1.0],1.0
doi:10.3389/fnbeh.2015.00004,publication_and_single_review_unit_profile,serino_2015_toolless_sync_training,study_templates/serino_2015_toolless_sync_training.json,design.trajectory.propagation_speed_mps,serialized_explicit,1,[0.333333333],0.3333333333333333
doi:10.3389/fnbeh.2015.00004,publication_and_single_review_unit_profile,serino_2015_toolless_sync_training,study_templates/serino_2015_toolless_sync_training.json,design.trajectory.azimuth_start_deg,serialized_explicit,1,[0.0],0.0
doi:10.3389/fnbeh.2015.00004,publication_and_single_review_unit_profile,serino_2015_toolless_sync_training,study_templates/serino_2015_toolless_sync_training.json,design.trajectory.azimuth_end_deg,serialized_explicit,1,[0.0],0.0
doi:10.3389/fnbeh.2015.00004,publication_and_single_review_unit_profile,serino_2015_toolless_sync_training,study_templates/serino_2015_toolless_sync_training.json,design.trajectory.elevation_deg,serialized_explicit,1,[0.0],0.0
doi:10.3389/fnbeh.2015.00004,publication_and_single_review_unit_profile,serino_2015_toolless_sync_training,study_templates/serino_2015_toolless_sync_training.json,design.trajectory.padding_pre_s,serialized_explicit,1,[0.0],0.5
doi:10.3389/fnbeh.2015.00004,publication_and_single_review_unit_profile,serino_2015_toolless_sync_training,study_templates/serino_2015_toolless_sync_training.json,design.trajectory.padding_post_s,serialized_explicit,1,[0.0],0.5
doi:10.3389/fnbeh.2015.00004,publication_and_single_review_unit_profile,serino_2015_toolless_sync_training,study_templates/serino_2015_toolless_sync_training.json,design.trajectory.sample_rate,serialized_explicit,1,[44100],44100
doi:10.3389/fnbeh.2015.00004,publication_and_single_review_unit_profile,serino_2015_toolless_sync_training,study_templates/serino_2015_toolless_sync_training.json,design.trajectory.use_inverse_square,serialized_explicit,1,[true],true
doi:10.3389/fnbeh.2015.00004,publication_and_single_review_unit_profile,serino_2015_toolless_sync_training,study_templates/serino_2015_toolless_sync_training.json,design.protocol.repetitions_per_condition,serialized_explicit,1,[8],1
doi:10.3389/fnbeh.2015.00004,publication_and_single_review_unit_profile,serino_2015_toolless_sync_training,study_templates/serino_2015_toolless_sync_training.json,design.protocol.trial_pool_repetition_defaults,serialized_explicit,1,"[{""audio_tactile"":8,""catch"":12,""default"":8}]",{}
doi:10.3389/fnbeh.2015.00004,publication_and_single_review_unit_profile,serino_2015_toolless_sync_training,study_templates/serino_2015_toolless_sync_training.json,design.protocol.soa_values_ms,serialized_explicit,1,"[[300,800,1500,2200,2700]]","[300,800,1500,2200,2700]"
doi:10.3389/fnbeh.2015.00004,publication_and_single_review_unit_profile,serino_2015_toolless_sync_training,study_templates/serino_2015_toolless_sync_training.json,design.protocol.spatial_values_cm,serialized_explicit,1,"[[100.0,83.3,60.0,36.7,20.0]]","[100.0,83.3,60.0,36.7,20.0]"
doi:10.3389/fnbeh.2015.00004,publication_and_single_review_unit_profile,serino_2015_toolless_sync_training,study_templates/serino_2015_toolless_sync_training.json,design.protocol.pair_spatial_values_with_soas,serialized_explicit,1,[true],true
doi:10.3389/fnbeh.2015.00004,publication_and_single_review_unit_profile,serino_2015_toolless_sync_training,study_templates/serino_2015_toolless_sync_training.json,design.protocol.auditory_motion_directions,serialized_explicit,1,"[[""looming"",""receding""]]","[""looming""]"
doi:10.3389/fnbeh.2015.00004,publication_and_single_review_unit_profile,serino_2015_toolless_sync_training,study_templates/serino_2015_toolless_sync_training.json,design.protocol.tactile_sites,serialized_explicit,1,"[[""right hand""]]","[""hand""]"
doi:10.3389/fnbeh.2015.00004,publication_and_single_review_unit_profile,serino_2015_toolless_sync_training,study_templates/serino_2015_toolless_sync_training.json,design.protocol.include_catch_trials,serialized_explicit,1,[true],true
doi:10.3389/fnbeh.2015.00004,publication_and_single_review_unit_profile,serino_2015_toolless_sync_training,study_templates/serino_2015_toolless_sync_training.json,design.protocol.catch_trial_percentage,serialized_explicit,1,[23.08],10.0
doi:10.3389/fnbeh.2015.00004,publication_and_single_review_unit_profile,serino_2015_toolless_sync_training,study_templates/serino_2015_toolless_sync_training.json,design.protocol.catch_trials_exact,serialized_explicit,1,[24],null
doi:10.3389/fnbeh.2015.00004,publication_and_single_review_unit_profile,serino_2015_toolless_sync_training,study_templates/serino_2015_toolless_sync_training.json,design.protocol.catch_crosses_sequence_variants,serialized_explicit,1,[true],true
doi:10.3389/fnbeh.2015.00004,publication_and_single_review_unit_profile,serino_2015_toolless_sync_training,study_templates/serino_2015_toolless_sync_training.json,design.protocol.include_auditory_only_trials,typed_or_parser_default_not_serialized,0,[],false
doi:10.3389/fnbeh.2015.00004,publication_and_single_review_unit_profile,serino_2015_toolless_sync_training,study_templates/serino_2015_toolless_sync_training.json,design.protocol.auditory_only_trial_percentage,typed_or_parser_default_not_serialized,0,[],0.0
doi:10.3389/fnbeh.2015.00004,publication_and_single_review_unit_profile,serino_2015_toolless_sync_training,study_templates/serino_2015_toolless_sync_training.json,design.protocol.auditory_only_trials_exact,typed_or_parser_default_not_serialized,0,[],null
doi:10.3389/fnbeh.2015.00004,publication_and_single_review_unit_profile,serino_2015_toolless_sync_training,study_templates/serino_2015_toolless_sync_training.json,design.protocol.auditory_only_crosses_sequence_variants,typed_or_parser_default_not_serialized,0,[],true
doi:10.3389/fnbeh.2015.00004,publication_and_single_review_unit_profile,serino_2015_toolless_sync_training,study_templates/serino_2015_toolless_sync_training.json,design.protocol.include_baseline_trials,serialized_explicit,1,[false],true
doi:10.3389/fnbeh.2015.00004,publication_and_single_review_unit_profile,serino_2015_toolless_sync_training,study_templates/serino_2015_toolless_sync_training.json,design.protocol.baseline_strategy,serialized_explicit,1,"[""none""]","""tactile_only"""
doi:10.3389/fnbeh.2015.00004,publication_and_single_review_unit_profile,serino_2015_toolless_sync_training,study_templates/serino_2015_toolless_sync_training.json,design.protocol.baseline_trials_exact,serialized_explicit,1,[0],null
doi:10.3389/fnbeh.2015.00004,publication_and_single_review_unit_profile,serino_2015_toolless_sync_training,study_templates/serino_2015_toolless_sync_training.json,design.protocol.baseline_trial_percentage,serialized_explicit,1,[0.0],0.0
doi:10.3389/fnbeh.2015.00004,publication_and_single_review_unit_profile,serino_2015_toolless_sync_training,study_templates/serino_2015_toolless_sync_training.json,design.protocol.baseline_soa_values_ms,serialized_explicit,1,[[]],[]
doi:10.3389/fnbeh.2015.00004,publication_and_single_review_unit_profile,serino_2015_toolless_sync_training,study_templates/serino_2015_toolless_sync_training.json,design.protocol.baseline_custom_trial_mode,typed_or_parser_default_not_serialized,0,[],"""tactile_only"""
doi:10.3389/fnbeh.2015.00004,publication_and_single_review_unit_profile,serino_2015_toolless_sync_training,study_templates/serino_2015_toolless_sync_training.json,design.protocol.baseline_crosses_sequence_variants,typed_or_parser_default_not_serialized,0,[],true
doi:10.3389/fnbeh.2015.00004,publication_and_single_review_unit_profile,serino_2015_toolless_sync_training,study_templates/serino_2015_toolless_sync_training.json,design.protocol.respiratory_phases,serialized_explicit,1,"[[""synchronous training group"",""asynchronous training group""]]","[""Inhale"",""Exhale""]"
doi:10.3389/fnbeh.2015.00004,publication_and_single_review_unit_profile,serino_2015_toolless_sync_training,study_templates/serino_2015_toolless_sync_training.json,design.protocol.blocks,serialized_explicit,1,[1],6
doi:10.3389/fnbeh.2015.00004,publication_and_single_review_unit_profile,serino_2015_toolless_sync_training,study_templates/serino_2015_toolless_sync_training.json,design.protocol.block_specs[].label,repeatable_entity_absent,0,[],
doi:10.3389/fnbeh.2015.00004,publication_and_single_review_unit_profile,serino_2015_toolless_sync_training,study_templates/serino_2015_toolless_sync_training.json,design.protocol.block_specs[].stimulus_types,repeatable_entity_absent,0,[],"[""Audio-Tactile"",""Baseline"",""Catch""]"
doi:10.3389/fnbeh.2015.00004,publication_and_single_review_unit_profile,serino_2015_toolless_sync_training,study_templates/serino_2015_toolless_sync_training.json,design.protocol.repeat_trial_pool_per_block,typed_or_parser_default_not_serialized,0,[],false
doi:10.3389/fnbeh.2015.00004,publication_and_single_review_unit_profile,serino_2015_toolless_sync_training,study_templates/serino_2015_toolless_sync_training.json,design.protocol.distribute_trial_pool_across_blocks,serialized_explicit,1,[true],false
doi:10.3389/fnbeh.2015.00004,publication_and_single_review_unit_profile,serino_2015_toolless_sync_training,study_templates/serino_2015_toolless_sync_training.json,design.protocol.trial_strips[].strip_id,serialized_explicit,1,"[""serino-toolless-measurement-row""]",""""""
doi:10.3389/fnbeh.2015.00004,publication_and_single_review_unit_profile,serino_2015_toolless_sync_training,study_templates/serino_2015_toolless_sync_training.json,design.protocol.trial_strips[].label,serialized_explicit,1,"[""Training measurement PPS trial""]",""""""
doi:10.3389/fnbeh.2015.00004,publication_and_single_review_unit_profile,serino_2015_toolless_sync_training,study_templates/serino_2015_toolless_sync_training.json,design.protocol.trial_strips[].audio_tactile_percentage,typed_or_parser_default_not_serialized,0,[],null
doi:10.3389/fnbeh.2015.00004,publication_and_single_review_unit_profile,serino_2015_toolless_sync_training,study_templates/serino_2015_toolless_sync_training.json,design.protocol.trial_strips[].catch_percentage,typed_or_parser_default_not_serialized,0,[],null
doi:10.3389/fnbeh.2015.00004,publication_and_single_review_unit_profile,serino_2015_toolless_sync_training,study_templates/serino_2015_toolless_sync_training.json,design.protocol.trial_strips[].baseline_percentage,typed_or_parser_default_not_serialized,0,[],null
doi:10.3389/fnbeh.2015.00004,publication_and_single_review_unit_profile,serino_2015_toolless_sync_training,study_templates/serino_2015_toolless_sync_training.json,design.protocol.trial_strips[].soa_values_ms,typed_or_parser_default_not_serialized,0,[],[]
doi:10.3389/fnbeh.2015.00004,publication_and_single_review_unit_profile,serino_2015_toolless_sync_training,study_templates/serino_2015_toolless_sync_training.json,design.protocol.trial_strips[].spatial_values_cm,typed_or_parser_default_not_serialized,0,[],[]
doi:10.3389/fnbeh.2015.00004,publication_and_single_review_unit_profile,serino_2015_toolless_sync_training,study_templates/serino_2015_toolless_sync_training.json,design.protocol.trial_strips[].metadata,serialized_explicit,1,"[{""electrical_electrode_site"":""right hand Neuroline/Ambu electrode pair"",""electrical_stimulator_model"":""Digitimer DS7A"",""expected_response"":""respond"",""iti_ms"":""300"",""iti_policy"":""toolkit_default_unreported_in_source"",""renderer_equivalence_boundary"":""binaural virtual trajectory proxy for hidden near/far loudspeakers"",""response_capture_device"":""microphone"",""response_mode"":""voice_key_mouse_click_proxy"",""response_rule"":""verbal_response_to_tactile_target_ignore_sound"",""source_asset_equivalence"":""procedural pink-noise proxy for unshared original sound file"",""tactile_stimulation_modality"":""electrical"",""target_role"":""tactile_target"",""voice_key_enabled"":""true""}]",{}
doi:10.3389/fnbeh.2015.00004,publication_and_single_review_unit_profile,serino_2015_toolless_sync_training,study_templates/serino_2015_toolless_sync_training.json,design.protocol.trial_strips[].elements[].element_id,serialized_explicit,1,"[""serino-toolless-moving-sound""]",""""""
doi:10.3389/fnbeh.2015.00004,publication_and_single_review_unit_profile,serino_2015_toolless_sync_training,study_templates/serino_2015_toolless_sync_training.json,design.protocol.trial_strips[].elements[].kind,serialized_explicit,1,"[""looming_stimulus""]","""looming_stimulus"""
doi:10.3389/fnbeh.2015.00004,publication_and_single_review_unit_profile,serino_2015_toolless_sync_training,study_templates/serino_2015_toolless_sync_training.json,design.protocol.trial_strips[].elements[].label,serialized_explicit,1,"[""Pink moving sound""]",""""""
doi:10.3389/fnbeh.2015.00004,publication_and_single_review_unit_profile,serino_2015_toolless_sync_training,study_templates/serino_2015_toolless_sync_training.json,design.protocol.trial_strips[].elements[].source_label,serialized_explicit,1,"[""""]",""""""
doi:10.3389/fnbeh.2015.00004,publication_and_single_review_unit_profile,serino_2015_toolless_sync_training,study_templates/serino_2015_toolless_sync_training.json,design.protocol.trial_strips[].elements[].source_labels,serialized_explicit,1,[[]],[]
doi:10.3389/fnbeh.2015.00004,publication_and_single_review_unit_profile,serino_2015_toolless_sync_training,study_templates/serino_2015_toolless_sync_training.json,design.protocol.trial_strips[].elements[].jitter_values_ms,typed_or_parser_default_not_serialized,0,[],[]
doi:10.3389/fnbeh.2015.00004,publication_and_single_review_unit_profile,serino_2015_toolless_sync_training,study_templates/serino_2015_toolless_sync_training.json,design.protocol.trial_strips[].elements[].randomized,serialized_explicit,1,[true],false
doi:10.3389/fnbeh.2015.00004,publication_and_single_review_unit_profile,serino_2015_toolless_sync_training,study_templates/serino_2015_toolless_sync_training.json,design.protocol.trial_randomization_strategy,serialized_explicit,1,"[""no_immediate_repeats""]","""no_immediate_repeats"""
doi:10.3389/fnbeh.2015.00004,publication_and_single_review_unit_profile,serino_2015_toolless_sync_training,study_templates/serino_2015_toolless_sync_training.json,design.protocol.block_order_randomization,serialized_explicit,1,"[""counterbalanced_rotation""]","""counterbalanced_rotation"""
doi:10.3389/fnbeh.2015.00004,publication_and_single_review_unit_profile,serino_2015_toolless_sync_training,study_templates/serino_2015_toolless_sync_training.json,design.protocol.max_consecutive_same_trial_type,serialized_explicit,1,[2],2
doi:10.3389/fnbeh.2015.00004,publication_and_single_review_unit_profile,serino_2015_toolless_sync_training,study_templates/serino_2015_toolless_sync_training.json,design.protocol.participants,serialized_explicit,1,[16],50
doi:10.3389/fnbeh.2015.00004,publication_and_single_review_unit_profile,serino_2015_toolless_sync_training,study_templates/serino_2015_toolless_sync_training.json,design.protocol.random_seed,serialized_explicit,1,[20150202],20250604
doi:10.3389/fnbeh.2015.00004,publication_and_single_review_unit_profile,serino_2015_toolless_sync_training,study_templates/serino_2015_toolless_sync_training.json,design.protocol.participant_order_policy,typed_or_parser_default_not_serialized,0,[],{}
doi:10.3389/fpsyg.2015.00639,composite_profile_not_experiment_scoped,galli_2015_wheelchair_full_body,study_templates/galli_2015_wheelchair_full_body.json,design.name,serialized_explicit,1,"[""Galli 2015 wheelchair full-body PPS""]","""Study 5 PPS white/pink design"""
doi:10.3389/fpsyg.2015.00639,composite_profile_not_experiment_scoped,galli_2015_wheelchair_full_body,study_templates/galli_2015_wheelchair_full_body.json,design.study_profile_id,serialized_explicit,1,"[""galli_2015_wheelchair_full_body""]",""""""
doi:10.3389/fpsyg.2015.00639,composite_profile_not_experiment_scoped,galli_2015_wheelchair_full_body,study_templates/galli_2015_wheelchair_full_body.json,design.study_profile_title,serialized_explicit,1,"[""Galli 2015 wheelchair full-body PPS""]",""""""
doi:10.3389/fpsyg.2015.00639,composite_profile_not_experiment_scoped,galli_2015_wheelchair_full_body,study_templates/galli_2015_wheelchair_full_body.json,design.study_profile_notes,serialized_explicit,1,"[""Wheelchair-training PPS task. The profile captures the reported front/back trunk PPS timing and trial formula; the original 16-speaker Gaussian-amplitude arrays are represented as two virtual moving-source trajectories while active/passive/blindfolded wheelchair training remains experiment context.""]",""""""
doi:10.3389/fpsyg.2015.00639,composite_profile_not_experiment_scoped,galli_2015_wheelchair_full_body,study_templates/galli_2015_wheelchair_full_body.json,design.study_profile_reference_parameters,serialized_explicit,1,"[{""apparatus_recreation_policy"":""The two physical 8-speaker Gaussian-amplitude arrays are treated as apparatus provenance and represented by the toolkit's front and back binaural moving-source trajectories using the reported 2 m path and 75 cm/s speed."",""profile_check_complete"":true,""remaining_caveats"":[""exact original broadband sound source"",""exact original per-speaker Gaussian gain synthesis"",""exact original loudspeaker SPL/intensity field"",""wheelchair training condition is represented as experiment context rather than a generated WAV factor""],""reported_trial_formula"":""216 PPS-assessment trials: 12 front/back spatial locations x 12 repetitions = 144 audio-tactile trials, plus 24 auditory catch trials and 48 tactile-only baseline trials."",""reported_trials"":{""audio_tactile"":144,""baseline"":48,""catch"":24},""sound_path_m"":2.0,""sound_velocity_mps"":0.75,""speaker_array_geometry"":{""array_count"":2,""array_separation_m"":1.0,""speakers_per_array"":8,""within_array_spacing_cm"":27.5},""tactile_delays_ms"":[380,760,1140,1520,1900,2280]}]",{}
doi:10.3389/fpsyg.2015.00639,composite_profile_not_experiment_scoped,galli_2015_wheelchair_full_body,study_templates/galli_2015_wheelchair_full_body.json,design.sofa_file,serialized_explicit,1,"[""""]","""assets/0. Head-Related Impulse Response (HRIR) model/FABIAN_HRIR_measured_HATO_0.sofa"""
doi:10.3389/fpsyg.2015.00639,composite_profile_not_experiment_scoped,galli_2015_wheelchair_full_body,study_templates/galli_2015_wheelchair_full_body.json,design.noises[].label,serialized_explicit,1,"[""Wheelchair PPS broadband moving sound""]",
doi:10.3389/fpsyg.2015.00639,composite_profile_not_experiment_scoped,galli_2015_wheelchair_full_body,study_templates/galli_2015_wheelchair_full_body.json,design.noises[].noise_type,serialized_explicit,1,"[""white""]",
doi:10.3389/fpsyg.2015.00639,composite_profile_not_experiment_scoped,galli_2015_wheelchair_full_body,study_templates/galli_2015_wheelchair_full_body.json,design.noises[].azimuth_deg,serialized_explicit,1,[0.0],0.0
doi:10.3389/fpsyg.2015.00639,composite_profile_not_experiment_scoped,galli_2015_wheelchair_full_body,study_templates/galli_2015_wheelchair_full_body.json,design.noises[].elevation_deg,serialized_explicit,1,[0.0],0.0
doi:10.3389/fpsyg.2015.00639,composite_profile_not_experiment_scoped,galli_2015_wheelchair_full_body,study_templates/galli_2015_wheelchair_full_body.json,design.noises[].gain,serialized_explicit,1,[1.0],1.0
doi:10.3389/fpsyg.2015.00639,composite_profile_not_experiment_scoped,galli_2015_wheelchair_full_body,study_templates/galli_2015_wheelchair_full_body.json,design.noises[].source_profile,typed_or_parser_default_not_serialized,0,[],""""""
doi:10.3389/fpsyg.2015.00639,composite_profile_not_experiment_scoped,galli_2015_wheelchair_full_body,study_templates/galli_2015_wheelchair_full_body.json,design.noises[].source_profile_parameters,typed_or_parser_default_not_serialized,0,[],{}
doi:10.3389/fpsyg.2015.00639,composite_profile_not_experiment_scoped,galli_2015_wheelchair_full_body,study_templates/galli_2015_wheelchair_full_body.json,design.noises[].prebaked_path,typed_or_parser_default_not_serialized,0,[],""""""
doi:10.3389/fpsyg.2015.00639,composite_profile_not_experiment_scoped,galli_2015_wheelchair_full_body,study_templates/galli_2015_wheelchair_full_body.json,design.noises[].sequence_order,typed_or_parser_default_not_serialized,0,[],0
doi:10.3389/fpsyg.2015.00639,composite_profile_not_experiment_scoped,galli_2015_wheelchair_full_body,study_templates/galli_2015_wheelchair_full_body.json,design.noises[].motion_mode,typed_or_parser_default_not_serialized,0,[],"""looming"""
doi:10.3389/fpsyg.2015.00639,composite_profile_not_experiment_scoped,galli_2015_wheelchair_full_body,study_templates/galli_2015_wheelchair_full_body.json,design.noises[].trajectory_snapshot,typed_or_parser_default_not_serialized,0,[],{}
doi:10.3389/fpsyg.2015.00639,composite_profile_not_experiment_scoped,galli_2015_wheelchair_full_body,study_templates/galli_2015_wheelchair_full_body.json,design.custom_looming_files[].label,repeatable_entity_absent,0,[],
doi:10.3389/fpsyg.2015.00639,composite_profile_not_experiment_scoped,galli_2015_wheelchair_full_body,study_templates/galli_2015_wheelchair_full_body.json,design.custom_looming_files[].path,repeatable_entity_absent,0,[],
doi:10.3389/fpsyg.2015.00639,composite_profile_not_experiment_scoped,galli_2015_wheelchair_full_body,study_templates/galli_2015_wheelchair_full_body.json,design.custom_looming_files[].target_duration_s,repeatable_entity_absent,0,[],4.0
doi:10.3389/fpsyg.2015.00639,composite_profile_not_experiment_scoped,galli_2015_wheelchair_full_body,study_templates/galli_2015_wheelchair_full_body.json,design.custom_looming_files[].render_mode,repeatable_entity_absent,0,[],"""preserve"""
doi:10.3389/fpsyg.2015.00639,composite_profile_not_experiment_scoped,galli_2015_wheelchair_full_body,study_templates/galli_2015_wheelchair_full_body.json,design.custom_looming_files[].tone_type,repeatable_entity_absent,0,[],""""""
doi:10.3389/fpsyg.2015.00639,composite_profile_not_experiment_scoped,galli_2015_wheelchair_full_body,study_templates/galli_2015_wheelchair_full_body.json,design.custom_looming_files[].gain,repeatable_entity_absent,0,[],1.0
doi:10.3389/fpsyg.2015.00639,composite_profile_not_experiment_scoped,galli_2015_wheelchair_full_body,study_templates/galli_2015_wheelchair_full_body.json,design.custom_looming_files[].placement,repeatable_entity_absent,0,[],"""before"""
doi:10.3389/fpsyg.2015.00639,composite_profile_not_experiment_scoped,galli_2015_wheelchair_full_body,study_templates/galli_2015_wheelchair_full_body.json,design.custom_looming_files[].target_source_label,repeatable_entity_absent,0,[],""""""
doi:10.3389/fpsyg.2015.00639,composite_profile_not_experiment_scoped,galli_2015_wheelchair_full_body,study_templates/galli_2015_wheelchair_full_body.json,design.custom_looming_files[].phase,repeatable_entity_absent,0,[],""""""
doi:10.3389/fpsyg.2015.00639,composite_profile_not_experiment_scoped,galli_2015_wheelchair_full_body,study_templates/galli_2015_wheelchair_full_body.json,design.custom_looming_files[].gap_s,repeatable_entity_absent,0,[],0.0
doi:10.3389/fpsyg.2015.00639,composite_profile_not_experiment_scoped,galli_2015_wheelchair_full_body,study_templates/galli_2015_wheelchair_full_body.json,design.custom_looming_files[].sequence_order,repeatable_entity_absent,0,[],0
doi:10.3389/fpsyg.2015.00639,composite_profile_not_experiment_scoped,galli_2015_wheelchair_full_body,study_templates/galli_2015_wheelchair_full_body.json,design.custom_looming_files[].motion_mode,repeatable_entity_absent,0,[],"""looming"""
doi:10.3389/fpsyg.2015.00639,composite_profile_not_experiment_scoped,galli_2015_wheelchair_full_body,study_templates/galli_2015_wheelchair_full_body.json,design.custom_looming_files[].trajectory_snapshot,repeatable_entity_absent,0,[],{}
doi:10.3389/fpsyg.2015.00639,composite_profile_not_experiment_scoped,galli_2015_wheelchair_full_body,study_templates/galli_2015_wheelchair_full_body.json,design.custom_looming_files[].display_color_hex,repeatable_entity_absent,0,[],""""""
doi:10.3389/fpsyg.2015.00639,composite_profile_not_experiment_scoped,galli_2015_wheelchair_full_body,study_templates/galli_2015_wheelchair_full_body.json,design.custom_looming_files[].source_input_path,repeatable_entity_absent,0,[],""""""
doi:10.3389/fpsyg.2015.00639,composite_profile_not_experiment_scoped,galli_2015_wheelchair_full_body,study_templates/galli_2015_wheelchair_full_body.json,design.prestimulus_files[].label,repeatable_entity_absent,0,[],
doi:10.3389/fpsyg.2015.00639,composite_profile_not_experiment_scoped,galli_2015_wheelchair_full_body,study_templates/galli_2015_wheelchair_full_body.json,design.prestimulus_files[].path,repeatable_entity_absent,0,[],
doi:10.3389/fpsyg.2015.00639,composite_profile_not_experiment_scoped,galli_2015_wheelchair_full_body,study_templates/galli_2015_wheelchair_full_body.json,design.prestimulus_files[].target_duration_s,repeatable_entity_absent,0,[],4.0
doi:10.3389/fpsyg.2015.00639,composite_profile_not_experiment_scoped,galli_2015_wheelchair_full_body,study_templates/galli_2015_wheelchair_full_body.json,design.prestimulus_files[].render_mode,repeatable_entity_absent,0,[],"""preserve"""
doi:10.3389/fpsyg.2015.00639,composite_profile_not_experiment_scoped,galli_2015_wheelchair_full_body,study_templates/galli_2015_wheelchair_full_body.json,design.prestimulus_files[].tone_type,repeatable_entity_absent,0,[],""""""
doi:10.3389/fpsyg.2015.00639,composite_profile_not_experiment_scoped,galli_2015_wheelchair_full_body,study_templates/galli_2015_wheelchair_full_body.json,design.prestimulus_files[].gain,repeatable_entity_absent,0,[],1.0
doi:10.3389/fpsyg.2015.00639,composite_profile_not_experiment_scoped,galli_2015_wheelchair_full_body,study_templates/galli_2015_wheelchair_full_body.json,design.prestimulus_files[].placement,repeatable_entity_absent,0,[],"""before"""
doi:10.3389/fpsyg.2015.00639,composite_profile_not_experiment_scoped,galli_2015_wheelchair_full_body,study_templates/galli_2015_wheelchair_full_body.json,design.prestimulus_files[].target_source_label,repeatable_entity_absent,0,[],""""""
doi:10.3389/fpsyg.2015.00639,composite_profile_not_experiment_scoped,galli_2015_wheelchair_full_body,study_templates/galli_2015_wheelchair_full_body.json,design.prestimulus_files[].phase,repeatable_entity_absent,0,[],""""""
doi:10.3389/fpsyg.2015.00639,composite_profile_not_experiment_scoped,galli_2015_wheelchair_full_body,study_templates/galli_2015_wheelchair_full_body.json,design.prestimulus_files[].gap_s,repeatable_entity_absent,0,[],0.0
doi:10.3389/fpsyg.2015.00639,composite_profile_not_experiment_scoped,galli_2015_wheelchair_full_body,study_templates/galli_2015_wheelchair_full_body.json,design.prestimulus_files[].sequence_order,repeatable_entity_absent,0,[],0
doi:10.3389/fpsyg.2015.00639,composite_profile_not_experiment_scoped,galli_2015_wheelchair_full_body,study_templates/galli_2015_wheelchair_full_body.json,design.prestimulus_files[].motion_mode,repeatable_entity_absent,0,[],"""looming"""
doi:10.3389/fpsyg.2015.00639,composite_profile_not_experiment_scoped,galli_2015_wheelchair_full_body,study_templates/galli_2015_wheelchair_full_body.json,design.prestimulus_files[].trajectory_snapshot,repeatable_entity_absent,0,[],{}
doi:10.3389/fpsyg.2015.00639,composite_profile_not_experiment_scoped,galli_2015_wheelchair_full_body,study_templates/galli_2015_wheelchair_full_body.json,design.prestimulus_files[].display_color_hex,repeatable_entity_absent,0,[],""""""
doi:10.3389/fpsyg.2015.00639,composite_profile_not_experiment_scoped,galli_2015_wheelchair_full_body,study_templates/galli_2015_wheelchair_full_body.json,design.prestimulus_files[].source_input_path,repeatable_entity_absent,0,[],""""""
doi:10.3389/fpsyg.2015.00639,composite_profile_not_experiment_scoped,galli_2015_wheelchair_full_body,study_templates/galli_2015_wheelchair_full_body.json,design.trajectory.start_radius_m,serialized_explicit,1,[2.0],1.1
doi:10.3389/fpsyg.2015.00639,composite_profile_not_experiment_scoped,galli_2015_wheelchair_full_body,study_templates/galli_2015_wheelchair_full_body.json,design.trajectory.end_radius_m,serialized_explicit,1,[0.05],0.1
doi:10.3389/fpsyg.2015.00639,composite_profile_not_experiment_scoped,galli_2015_wheelchair_full_body,study_templates/galli_2015_wheelchair_full_body.json,design.trajectory.path_direction,serialized_explicit,1,"[""approach""]","""approach"""
doi:10.3389/fpsyg.2015.00639,composite_profile_not_experiment_scoped,galli_2015_wheelchair_full_body,study_templates/galli_2015_wheelchair_full_body.json,design.trajectory.coordinate_mode,serialized_explicit,1,"[""cartesian""]","""polar"""
doi:10.3389/fpsyg.2015.00639,composite_profile_not_experiment_scoped,galli_2015_wheelchair_full_body,study_templates/galli_2015_wheelchair_full_body.json,design.trajectory.start_x_m,serialized_explicit,1,[0.0],null
doi:10.3389/fpsyg.2015.00639,composite_profile_not_experiment_scoped,galli_2015_wheelchair_full_body,study_templates/galli_2015_wheelchair_full_body.json,design.trajectory.start_y_m,serialized_explicit,1,[2.0],null
doi:10.3389/fpsyg.2015.00639,composite_profile_not_experiment_scoped,galli_2015_wheelchair_full_body,study_templates/galli_2015_wheelchair_full_body.json,design.trajectory.start_z_m,serialized_explicit,1,[0.0],null
doi:10.3389/fpsyg.2015.00639,composite_profile_not_experiment_scoped,galli_2015_wheelchair_full_body,study_templates/galli_2015_wheelchair_full_body.json,design.trajectory.end_x_m,serialized_explicit,1,[0.0],null
doi:10.3389/fpsyg.2015.00639,composite_profile_not_experiment_scoped,galli_2015_wheelchair_full_body,study_templates/galli_2015_wheelchair_full_body.json,design.trajectory.end_y_m,serialized_explicit,1,[0.05],null
doi:10.3389/fpsyg.2015.00639,composite_profile_not_experiment_scoped,galli_2015_wheelchair_full_body,study_templates/galli_2015_wheelchair_full_body.json,design.trajectory.end_z_m,serialized_explicit,1,[0.0],null
doi:10.3389/fpsyg.2015.00639,composite_profile_not_experiment_scoped,galli_2015_wheelchair_full_body,study_templates/galli_2015_wheelchair_full_body.json,design.trajectory.path_length_m,serialized_explicit,1,[1.95],1.0
doi:10.3389/fpsyg.2015.00639,composite_profile_not_experiment_scoped,galli_2015_wheelchair_full_body,study_templates/galli_2015_wheelchair_full_body.json,design.trajectory.propagation_speed_mps,serialized_explicit,1,[0.75],0.3333333333333333
doi:10.3389/fpsyg.2015.00639,composite_profile_not_experiment_scoped,galli_2015_wheelchair_full_body,study_templates/galli_2015_wheelchair_full_body.json,design.trajectory.azimuth_start_deg,serialized_explicit,1,[0.0],0.0
doi:10.3389/fpsyg.2015.00639,composite_profile_not_experiment_scoped,galli_2015_wheelchair_full_body,study_templates/galli_2015_wheelchair_full_body.json,design.trajectory.azimuth_end_deg,serialized_explicit,1,[0.0],0.0
doi:10.3389/fpsyg.2015.00639,composite_profile_not_experiment_scoped,galli_2015_wheelchair_full_body,study_templates/galli_2015_wheelchair_full_body.json,design.trajectory.elevation_deg,serialized_explicit,1,[0.0],0.0
doi:10.3389/fpsyg.2015.00639,composite_profile_not_experiment_scoped,galli_2015_wheelchair_full_body,study_templates/galli_2015_wheelchair_full_body.json,design.trajectory.padding_pre_s,serialized_explicit,1,[0.0],0.5
doi:10.3389/fpsyg.2015.00639,composite_profile_not_experiment_scoped,galli_2015_wheelchair_full_body,study_templates/galli_2015_wheelchair_full_body.json,design.trajectory.padding_post_s,serialized_explicit,1,[0.0],0.5
doi:10.3389/fpsyg.2015.00639,composite_profile_not_experiment_scoped,galli_2015_wheelchair_full_body,study_templates/galli_2015_wheelchair_full_body.json,design.trajectory.sample_rate,serialized_explicit,1,[44100],44100
doi:10.3389/fpsyg.2015.00639,composite_profile_not_experiment_scoped,galli_2015_wheelchair_full_body,study_templates/galli_2015_wheelchair_full_body.json,design.trajectory.use_inverse_square,serialized_explicit,1,[true],true
doi:10.3389/fpsyg.2015.00639,composite_profile_not_experiment_scoped,galli_2015_wheelchair_full_body,study_templates/galli_2015_wheelchair_full_body.json,design.protocol.repetitions_per_condition,serialized_explicit,1,[12],1
doi:10.3389/fpsyg.2015.00639,composite_profile_not_experiment_scoped,galli_2015_wheelchair_full_body,study_templates/galli_2015_wheelchair_full_body.json,design.protocol.trial_pool_repetition_defaults,typed_or_parser_default_not_serialized,0,[],{}
doi:10.3389/fpsyg.2015.00639,composite_profile_not_experiment_scoped,galli_2015_wheelchair_full_body,study_templates/galli_2015_wheelchair_full_body.json,design.protocol.soa_values_ms,serialized_explicit,1,"[[380,760,1140,1520,1900,2280]]","[300,800,1500,2200,2700]"
doi:10.3389/fpsyg.2015.00639,composite_profile_not_experiment_scoped,galli_2015_wheelchair_full_body,study_templates/galli_2015_wheelchair_full_body.json,design.protocol.spatial_values_cm,serialized_explicit,1,"[[171.5,143,114.5,86,57.5,29]]","[100.0,83.3,60.0,36.7,20.0]"
doi:10.3389/fpsyg.2015.00639,composite_profile_not_experiment_scoped,galli_2015_wheelchair_full_body,study_templates/galli_2015_wheelchair_full_body.json,design.protocol.pair_spatial_values_with_soas,serialized_explicit,1,[true],true
doi:10.3389/fpsyg.2015.00639,composite_profile_not_experiment_scoped,galli_2015_wheelchair_full_body,study_templates/galli_2015_wheelchair_full_body.json,design.protocol.auditory_motion_directions,serialized_explicit,1,"[[""front looming"",""back looming""]]","[""looming""]"
doi:10.3389/fpsyg.2015.00639,composite_profile_not_experiment_scoped,galli_2015_wheelchair_full_body,study_templates/galli_2015_wheelchair_full_body.json,design.protocol.tactile_sites,serialized_explicit,1,"[[""front/back trunk site (sternum/back mapped by trajectory side)""]]","[""hand""]"
doi:10.3389/fpsyg.2015.00639,composite_profile_not_experiment_scoped,galli_2015_wheelchair_full_body,study_templates/galli_2015_wheelchair_full_body.json,design.protocol.include_catch_trials,typed_or_parser_default_not_serialized,0,[],true
doi:10.3389/fpsyg.2015.00639,composite_profile_not_experiment_scoped,galli_2015_wheelchair_full_body,study_templates/galli_2015_wheelchair_full_body.json,design.protocol.catch_trial_percentage,serialized_explicit,1,[10.0],10.0
doi:10.3389/fpsyg.2015.00639,composite_profile_not_experiment_scoped,galli_2015_wheelchair_full_body,study_templates/galli_2015_wheelchair_full_body.json,design.protocol.catch_trials_exact,serialized_explicit,1,[24],null
doi:10.3389/fpsyg.2015.00639,composite_profile_not_experiment_scoped,galli_2015_wheelchair_full_body,study_templates/galli_2015_wheelchair_full_body.json,design.protocol.catch_crosses_sequence_variants,typed_or_parser_default_not_serialized,0,[],true
doi:10.3389/fpsyg.2015.00639,composite_profile_not_experiment_scoped,galli_2015_wheelchair_full_body,study_templates/galli_2015_wheelchair_full_body.json,design.protocol.include_auditory_only_trials,typed_or_parser_default_not_serialized,0,[],false
doi:10.3389/fpsyg.2015.00639,composite_profile_not_experiment_scoped,galli_2015_wheelchair_full_body,study_templates/galli_2015_wheelchair_full_body.json,design.protocol.auditory_only_trial_percentage,typed_or_parser_default_not_serialized,0,[],0.0
doi:10.3389/fpsyg.2015.00639,composite_profile_not_experiment_scoped,galli_2015_wheelchair_full_body,study_templates/galli_2015_wheelchair_full_body.json,design.protocol.auditory_only_trials_exact,typed_or_parser_default_not_serialized,0,[],null
doi:10.3389/fpsyg.2015.00639,composite_profile_not_experiment_scoped,galli_2015_wheelchair_full_body,study_templates/galli_2015_wheelchair_full_body.json,design.protocol.auditory_only_crosses_sequence_variants,typed_or_parser_default_not_serialized,0,[],true
doi:10.3389/fpsyg.2015.00639,composite_profile_not_experiment_scoped,galli_2015_wheelchair_full_body,study_templates/galli_2015_wheelchair_full_body.json,design.protocol.include_baseline_trials,serialized_explicit,1,[true],true
doi:10.3389/fpsyg.2015.00639,composite_profile_not_experiment_scoped,galli_2015_wheelchair_full_body,study_templates/galli_2015_wheelchair_full_body.json,design.protocol.baseline_strategy,typed_or_parser_default_not_serialized,0,[],"""tactile_only"""
doi:10.3389/fpsyg.2015.00639,composite_profile_not_experiment_scoped,galli_2015_wheelchair_full_body,study_templates/galli_2015_wheelchair_full_body.json,design.protocol.baseline_trials_exact,serialized_explicit,1,[48],null
doi:10.3389/fpsyg.2015.00639,composite_profile_not_experiment_scoped,galli_2015_wheelchair_full_body,study_templates/galli_2015_wheelchair_full_body.json,design.protocol.baseline_trial_percentage,typed_or_parser_default_not_serialized,0,[],0.0
doi:10.3389/fpsyg.2015.00639,composite_profile_not_experiment_scoped,galli_2015_wheelchair_full_body,study_templates/galli_2015_wheelchair_full_body.json,design.protocol.baseline_soa_values_ms,serialized_explicit,1,"[[380,2280]]",[]
doi:10.3389/fpsyg.2015.00639,composite_profile_not_experiment_scoped,galli_2015_wheelchair_full_body,study_templates/galli_2015_wheelchair_full_body.json,design.protocol.baseline_custom_trial_mode,typed_or_parser_default_not_serialized,0,[],"""tactile_only"""
doi:10.3389/fpsyg.2015.00639,composite_profile_not_experiment_scoped,galli_2015_wheelchair_full_body,study_templates/galli_2015_wheelchair_full_body.json,design.protocol.baseline_crosses_sequence_variants,typed_or_parser_default_not_serialized,0,[],true
doi:10.3389/fpsyg.2015.00639,composite_profile_not_experiment_scoped,galli_2015_wheelchair_full_body,study_templates/galli_2015_wheelchair_full_body.json,design.protocol.respiratory_phases,serialized_explicit,1,"[[""Any""]]","[""Inhale"",""Exhale""]"
doi:10.3389/fpsyg.2015.00639,composite_profile_not_experiment_scoped,galli_2015_wheelchair_full_body,study_templates/galli_2015_wheelchair_full_body.json,design.protocol.blocks,serialized_explicit,1,[1],6
doi:10.3389/fpsyg.2015.00639,composite_profile_not_experiment_scoped,galli_2015_wheelchair_full_body,study_templates/galli_2015_wheelchair_full_body.json,design.protocol.block_specs[].label,repeatable_entity_absent,0,[],
doi:10.3389/fpsyg.2015.00639,composite_profile_not_experiment_scoped,galli_2015_wheelchair_full_body,study_templates/galli_2015_wheelchair_full_body.json,design.protocol.block_specs[].stimulus_types,repeatable_entity_absent,0,[],"[""Audio-Tactile"",""Baseline"",""Catch""]"
doi:10.3389/fpsyg.2015.00639,composite_profile_not_experiment_scoped,galli_2015_wheelchair_full_body,study_templates/galli_2015_wheelchair_full_body.json,design.protocol.repeat_trial_pool_per_block,typed_or_parser_default_not_serialized,0,[],false
doi:10.3389/fpsyg.2015.00639,composite_profile_not_experiment_scoped,galli_2015_wheelchair_full_body,study_templates/galli_2015_wheelchair_full_body.json,design.protocol.distribute_trial_pool_across_blocks,typed_or_parser_default_not_serialized,0,[],false
doi:10.3389/fpsyg.2015.00639,composite_profile_not_experiment_scoped,galli_2015_wheelchair_full_body,study_templates/galli_2015_wheelchair_full_body.json,design.protocol.trial_strips[].strip_id,serialized_explicit,1,"[""galli-wheelchair-moving-sound-row""]",""""""
doi:10.3389/fpsyg.2015.00639,composite_profile_not_experiment_scoped,galli_2015_wheelchair_full_body,study_templates/galli_2015_wheelchair_full_body.json,design.protocol.trial_strips[].label,serialized_explicit,1,"[""Wheelchair PPS moving-sound trial""]",""""""
doi:10.3389/fpsyg.2015.00639,composite_profile_not_experiment_scoped,galli_2015_wheelchair_full_body,study_templates/galli_2015_wheelchair_full_body.json,design.protocol.trial_strips[].audio_tactile_percentage,typed_or_parser_default_not_serialized,0,[],null
doi:10.3389/fpsyg.2015.00639,composite_profile_not_experiment_scoped,galli_2015_wheelchair_full_body,study_templates/galli_2015_wheelchair_full_body.json,design.protocol.trial_strips[].catch_percentage,typed_or_parser_default_not_serialized,0,[],null
doi:10.3389/fpsyg.2015.00639,composite_profile_not_experiment_scoped,galli_2015_wheelchair_full_body,study_templates/galli_2015_wheelchair_full_body.json,design.protocol.trial_strips[].baseline_percentage,typed_or_parser_default_not_serialized,0,[],null
doi:10.3389/fpsyg.2015.00639,composite_profile_not_experiment_scoped,galli_2015_wheelchair_full_body,study_templates/galli_2015_wheelchair_full_body.json,design.protocol.trial_strips[].soa_values_ms,typed_or_parser_default_not_serialized,0,[],[]
doi:10.3389/fpsyg.2015.00639,composite_profile_not_experiment_scoped,galli_2015_wheelchair_full_body,study_templates/galli_2015_wheelchair_full_body.json,design.protocol.trial_strips[].spatial_values_cm,typed_or_parser_default_not_serialized,0,[],[]
doi:10.3389/fpsyg.2015.00639,composite_profile_not_experiment_scoped,galli_2015_wheelchair_full_body,study_templates/galli_2015_wheelchair_full_body.json,design.protocol.trial_strips[].metadata,typed_or_parser_default_not_serialized,0,[],{}
doi:10.3389/fpsyg.2015.00639,composite_profile_not_experiment_scoped,galli_2015_wheelchair_full_body,study_templates/galli_2015_wheelchair_full_body.json,design.protocol.trial_strips[].elements[].element_id,serialized_explicit,1,"[""galli-wheelchair-moving-sound""]",""""""
doi:10.3389/fpsyg.2015.00639,composite_profile_not_experiment_scoped,galli_2015_wheelchair_full_body,study_templates/galli_2015_wheelchair_full_body.json,design.protocol.trial_strips[].elements[].kind,serialized_explicit,1,"[""looming_stimulus""]","""looming_stimulus"""
doi:10.3389/fpsyg.2015.00639,composite_profile_not_experiment_scoped,galli_2015_wheelchair_full_body,study_templates/galli_2015_wheelchair_full_body.json,design.protocol.trial_strips[].elements[].label,serialized_explicit,1,"[""Wheelchair PPS moving sound""]",""""""
doi:10.3389/fpsyg.2015.00639,composite_profile_not_experiment_scoped,galli_2015_wheelchair_full_body,study_templates/galli_2015_wheelchair_full_body.json,design.protocol.trial_strips[].elements[].source_label,serialized_explicit,1,"[""Wheelchair PPS broadband moving sound""]",""""""
doi:10.3389/fpsyg.2015.00639,composite_profile_not_experiment_scoped,galli_2015_wheelchair_full_body,study_templates/galli_2015_wheelchair_full_body.json,design.protocol.trial_strips[].elements[].source_labels,serialized_explicit,1,"[[""Wheelchair PPS broadband moving sound""]]",[]
doi:10.3389/fpsyg.2015.00639,composite_profile_not_experiment_scoped,galli_2015_wheelchair_full_body,study_templates/galli_2015_wheelchair_full_body.json,design.protocol.trial_strips[].elements[].jitter_values_ms,typed_or_parser_default_not_serialized,0,[],[]
doi:10.3389/fpsyg.2015.00639,composite_profile_not_experiment_scoped,galli_2015_wheelchair_full_body,study_templates/galli_2015_wheelchair_full_body.json,design.protocol.trial_strips[].elements[].randomized,serialized_explicit,1,[true],false
doi:10.3389/fpsyg.2015.00639,composite_profile_not_experiment_scoped,galli_2015_wheelchair_full_body,study_templates/galli_2015_wheelchair_full_body.json,design.protocol.trial_randomization_strategy,serialized_explicit,1,"[""no_immediate_repeats""]","""no_immediate_repeats"""
doi:10.3389/fpsyg.2015.00639,composite_profile_not_experiment_scoped,galli_2015_wheelchair_full_body,study_templates/galli_2015_wheelchair_full_body.json,design.protocol.block_order_randomization,serialized_explicit,1,"[""fixed""]","""counterbalanced_rotation"""
doi:10.3389/fpsyg.2015.00639,composite_profile_not_experiment_scoped,galli_2015_wheelchair_full_body,study_templates/galli_2015_wheelchair_full_body.json,design.protocol.max_consecutive_same_trial_type,serialized_explicit,1,[2],2
doi:10.3389/fpsyg.2015.00639,composite_profile_not_experiment_scoped,galli_2015_wheelchair_full_body,study_templates/galli_2015_wheelchair_full_body.json,design.protocol.participants,serialized_explicit,1,[1],50
doi:10.3389/fpsyg.2015.00639,composite_profile_not_experiment_scoped,galli_2015_wheelchair_full_body,study_templates/galli_2015_wheelchair_full_body.json,design.protocol.random_seed,serialized_explicit,1,[20150518],20250604
doi:10.3389/fpsyg.2015.00639,composite_profile_not_experiment_scoped,galli_2015_wheelchair_full_body,study_templates/galli_2015_wheelchair_full_body.json,design.protocol.participant_order_policy,typed_or_parser_default_not_serialized,0,[],{}
doi:10.1111/ejn.13872,composite_profile_not_experiment_scoped,pfeiffer_2018_lateral_perihead_left_to_right,study_templates/pfeiffer_2018_lateral_perihead_left_to_right.json,design.name,serialized_explicit,1,"[""Pfeiffer EJN2018 lateral trajectory profile""]","""Study 5 PPS white/pink design"""
doi:10.1111/ejn.13872,composite_profile_not_experiment_scoped,pfeiffer_2018_lateral_perihead_left_to_right,study_templates/pfeiffer_2018_lateral_perihead_left_to_right.json,design.study_profile_id,serialized_explicit,1,"[""pfeiffer_2018_lateral_perihead_left_to_right""]",""""""
doi:10.1111/ejn.13872,composite_profile_not_experiment_scoped,pfeiffer_2018_lateral_perihead_left_to_right,study_templates/pfeiffer_2018_lateral_perihead_left_to_right.json,design.study_profile_title,serialized_explicit,1,"[""Pfeiffer EJN2018 bilateral lateral trajectory profile""]",""""""
doi:10.1111/ejn.13872,composite_profile_not_experiment_scoped,pfeiffer_2018_lateral_perihead_left_to_right,study_templates/pfeiffer_2018_lateral_perihead_left_to_right.json,design.study_profile_notes,serialized_explicit,1,"[""Trajectory/noise profile from the local Pfeiffer_EJN2018 simulator reference. It encodes pink-noise lateral movement geometry, mirrored left-to-right/right-to-left source variants, and sample rate; FABIAN HRIR rendering remains the standardized under-the-hood app resource, not a Pfeiffer-specific user choice. Experiment-level congruent rotation, incongruent rotation, and no-rotation labels are retained as runner block context for expected-outcome auditing; passive whole-body vestibular rotation is external apparatus context and is not synthesized into the WAV files.""]",""""""
doi:10.1111/ejn.13872,composite_profile_not_experiment_scoped,pfeiffer_2018_lateral_perihead_left_to_right,study_templates/pfeiffer_2018_lateral_perihead_left_to_right.json,design.study_profile_reference_parameters,serialized_explicit,1,"[{""directional_loss_left_db"":""5/180 * doa_deg - 5"",""directional_loss_right_db"":""-5/180 * doa_deg"",""distance_attenuation_factor_db"":40,""final_output_peak_scale"":0.25,""front_offset_y_m"":0.05,""head_diameter_m"":0.18,""level_note"":""The reference MATLAB script applies dB gain terms before final peak normalization; these values describe relative level shaping, not a calibrated SPL in the WAV file."",""model_dimensions"":""2D horizontal spherical-head model"",""movement_duration_s"":4.0,""noise_type"":""pink"",""profile_direction_variants"":[""left_to_right"",""right_to_left""],""reference_file"":""Example-configs/Pfeiffer_EJN2018.zip/12022013_MovingSoundSourceSimulator.m"",""reference_level_db"":100,""sample_rate"":44100,""script_stationary_hold_s"":4.0,""speed_mps"":0.2,""start_x_m"":-0.4,""stop_x_m"":0.4,""trajectory_plane_height_m"":0.0,""trajectory_plane_label"":""ear/head-center plane"",""vestibular_context"":{""apparatus_boundary"":""The toolkit profile recreates the audio-tactile timing and WAV schedule; passive whole-body rotation remains external apparatus context."",""conditions_encoded_as_block_labels"":[""congruent vestibular rotation"",""incongruent vestibular rotation"",""no rotation""],""source_basis"":""Pfeiffer et al. (2018) expected-outcome source trail and Consensus MCP abstract sanity check on 2026-07-15.""}}]",{}
doi:10.1111/ejn.13872,composite_profile_not_experiment_scoped,pfeiffer_2018_lateral_perihead_left_to_right,study_templates/pfeiffer_2018_lateral_perihead_left_to_right.json,design.sofa_file,serialized_explicit,1,"[""""]","""assets/0. Head-Related Impulse Response (HRIR) model/FABIAN_HRIR_measured_HATO_0.sofa"""
doi:10.1111/ejn.13872,composite_profile_not_experiment_scoped,pfeiffer_2018_lateral_perihead_left_to_right,study_templates/pfeiffer_2018_lateral_perihead_left_to_right.json,design.noises[].label,serialized_explicit,1,"[""Pink lateral source""]",
doi:10.1111/ejn.13872,composite_profile_not_experiment_scoped,pfeiffer_2018_lateral_perihead_left_to_right,study_templates/pfeiffer_2018_lateral_perihead_left_to_right.json,design.noises[].noise_type,serialized_explicit,1,"[""pink""]",
doi:10.1111/ejn.13872,composite_profile_not_experiment_scoped,pfeiffer_2018_lateral_perihead_left_to_right,study_templates/pfeiffer_2018_lateral_perihead_left_to_right.json,design.noises[].azimuth_deg,serialized_explicit,1,[0.0],0.0
doi:10.1111/ejn.13872,composite_profile_not_experiment_scoped,pfeiffer_2018_lateral_perihead_left_to_right,study_templates/pfeiffer_2018_lateral_perihead_left_to_right.json,design.noises[].elevation_deg,serialized_explicit,1,[0.0],0.0
doi:10.1111/ejn.13872,composite_profile_not_experiment_scoped,pfeiffer_2018_lateral_perihead_left_to_right,study_templates/pfeiffer_2018_lateral_perihead_left_to_right.json,design.noises[].gain,serialized_explicit,1,[1.0],1.0
doi:10.1111/ejn.13872,composite_profile_not_experiment_scoped,pfeiffer_2018_lateral_perihead_left_to_right,study_templates/pfeiffer_2018_lateral_perihead_left_to_right.json,design.noises[].source_profile,typed_or_parser_default_not_serialized,0,[],""""""
doi:10.1111/ejn.13872,composite_profile_not_experiment_scoped,pfeiffer_2018_lateral_perihead_left_to_right,study_templates/pfeiffer_2018_lateral_perihead_left_to_right.json,design.noises[].source_profile_parameters,typed_or_parser_default_not_serialized,0,[],{}
doi:10.1111/ejn.13872,composite_profile_not_experiment_scoped,pfeiffer_2018_lateral_perihead_left_to_right,study_templates/pfeiffer_2018_lateral_perihead_left_to_right.json,design.noises[].prebaked_path,typed_or_parser_default_not_serialized,0,[],""""""
doi:10.1111/ejn.13872,composite_profile_not_experiment_scoped,pfeiffer_2018_lateral_perihead_left_to_right,study_templates/pfeiffer_2018_lateral_perihead_left_to_right.json,design.noises[].sequence_order,typed_or_parser_default_not_serialized,0,[],0
doi:10.1111/ejn.13872,composite_profile_not_experiment_scoped,pfeiffer_2018_lateral_perihead_left_to_right,study_templates/pfeiffer_2018_lateral_perihead_left_to_right.json,design.noises[].motion_mode,typed_or_parser_default_not_serialized,0,[],"""looming"""
doi:10.1111/ejn.13872,composite_profile_not_experiment_scoped,pfeiffer_2018_lateral_perihead_left_to_right,study_templates/pfeiffer_2018_lateral_perihead_left_to_right.json,design.noises[].trajectory_snapshot,typed_or_parser_default_not_serialized,0,[],{}
doi:10.1111/ejn.13872,composite_profile_not_experiment_scoped,pfeiffer_2018_lateral_perihead_left_to_right,study_templates/pfeiffer_2018_lateral_perihead_left_to_right.json,design.custom_looming_files[].label,repeatable_entity_absent,0,[],
doi:10.1111/ejn.13872,composite_profile_not_experiment_scoped,pfeiffer_2018_lateral_perihead_left_to_right,study_templates/pfeiffer_2018_lateral_perihead_left_to_right.json,design.custom_looming_files[].path,repeatable_entity_absent,0,[],
doi:10.1111/ejn.13872,composite_profile_not_experiment_scoped,pfeiffer_2018_lateral_perihead_left_to_right,study_templates/pfeiffer_2018_lateral_perihead_left_to_right.json,design.custom_looming_files[].target_duration_s,repeatable_entity_absent,0,[],4.0
doi:10.1111/ejn.13872,composite_profile_not_experiment_scoped,pfeiffer_2018_lateral_perihead_left_to_right,study_templates/pfeiffer_2018_lateral_perihead_left_to_right.json,design.custom_looming_files[].render_mode,repeatable_entity_absent,0,[],"""preserve"""
doi:10.1111/ejn.13872,composite_profile_not_experiment_scoped,pfeiffer_2018_lateral_perihead_left_to_right,study_templates/pfeiffer_2018_lateral_perihead_left_to_right.json,design.custom_looming_files[].tone_type,repeatable_entity_absent,0,[],""""""
doi:10.1111/ejn.13872,composite_profile_not_experiment_scoped,pfeiffer_2018_lateral_perihead_left_to_right,study_templates/pfeiffer_2018_lateral_perihead_left_to_right.json,design.custom_looming_files[].gain,repeatable_entity_absent,0,[],1.0
doi:10.1111/ejn.13872,composite_profile_not_experiment_scoped,pfeiffer_2018_lateral_perihead_left_to_right,study_templates/pfeiffer_2018_lateral_perihead_left_to_right.json,design.custom_looming_files[].placement,repeatable_entity_absent,0,[],"""before"""
doi:10.1111/ejn.13872,composite_profile_not_experiment_scoped,pfeiffer_2018_lateral_perihead_left_to_right,study_templates/pfeiffer_2018_lateral_perihead_left_to_right.json,design.custom_looming_files[].target_source_label,repeatable_entity_absent,0,[],""""""
doi:10.1111/ejn.13872,composite_profile_not_experiment_scoped,pfeiffer_2018_lateral_perihead_left_to_right,study_templates/pfeiffer_2018_lateral_perihead_left_to_right.json,design.custom_looming_files[].phase,repeatable_entity_absent,0,[],""""""
doi:10.1111/ejn.13872,composite_profile_not_experiment_scoped,pfeiffer_2018_lateral_perihead_left_to_right,study_templates/pfeiffer_2018_lateral_perihead_left_to_right.json,design.custom_looming_files[].gap_s,repeatable_entity_absent,0,[],0.0
doi:10.1111/ejn.13872,composite_profile_not_experiment_scoped,pfeiffer_2018_lateral_perihead_left_to_right,study_templates/pfeiffer_2018_lateral_perihead_left_to_right.json,design.custom_looming_files[].sequence_order,repeatable_entity_absent,0,[],0
doi:10.1111/ejn.13872,composite_profile_not_experiment_scoped,pfeiffer_2018_lateral_perihead_left_to_right,study_templates/pfeiffer_2018_lateral_perihead_left_to_right.json,design.custom_looming_files[].motion_mode,repeatable_entity_absent,0,[],"""looming"""
doi:10.1111/ejn.13872,composite_profile_not_experiment_scoped,pfeiffer_2018_lateral_perihead_left_to_right,study_templates/pfeiffer_2018_lateral_perihead_left_to_right.json,design.custom_looming_files[].trajectory_snapshot,repeatable_entity_absent,0,[],{}
doi:10.1111/ejn.13872,composite_profile_not_experiment_scoped,pfeiffer_2018_lateral_perihead_left_to_right,study_templates/pfeiffer_2018_lateral_perihead_left_to_right.json,design.custom_looming_files[].display_color_hex,repeatable_entity_absent,0,[],""""""
doi:10.1111/ejn.13872,composite_profile_not_experiment_scoped,pfeiffer_2018_lateral_perihead_left_to_right,study_templates/pfeiffer_2018_lateral_perihead_left_to_right.json,design.custom_looming_files[].source_input_path,repeatable_entity_absent,0,[],""""""
doi:10.1111/ejn.13872,composite_profile_not_experiment_scoped,pfeiffer_2018_lateral_perihead_left_to_right,study_templates/pfeiffer_2018_lateral_perihead_left_to_right.json,design.prestimulus_files[].label,repeatable_entity_absent,0,[],
doi:10.1111/ejn.13872,composite_profile_not_experiment_scoped,pfeiffer_2018_lateral_perihead_left_to_right,study_templates/pfeiffer_2018_lateral_perihead_left_to_right.json,design.prestimulus_files[].path,repeatable_entity_absent,0,[],
doi:10.1111/ejn.13872,composite_profile_not_experiment_scoped,pfeiffer_2018_lateral_perihead_left_to_right,study_templates/pfeiffer_2018_lateral_perihead_left_to_right.json,design.prestimulus_files[].target_duration_s,repeatable_entity_absent,0,[],4.0
doi:10.1111/ejn.13872,composite_profile_not_experiment_scoped,pfeiffer_2018_lateral_perihead_left_to_right,study_templates/pfeiffer_2018_lateral_perihead_left_to_right.json,design.prestimulus_files[].render_mode,repeatable_entity_absent,0,[],"""preserve"""
doi:10.1111/ejn.13872,composite_profile_not_experiment_scoped,pfeiffer_2018_lateral_perihead_left_to_right,study_templates/pfeiffer_2018_lateral_perihead_left_to_right.json,design.prestimulus_files[].tone_type,repeatable_entity_absent,0,[],""""""
doi:10.1111/ejn.13872,composite_profile_not_experiment_scoped,pfeiffer_2018_lateral_perihead_left_to_right,study_templates/pfeiffer_2018_lateral_perihead_left_to_right.json,design.prestimulus_files[].gain,repeatable_entity_absent,0,[],1.0
doi:10.1111/ejn.13872,composite_profile_not_experiment_scoped,pfeiffer_2018_lateral_perihead_left_to_right,study_templates/pfeiffer_2018_lateral_perihead_left_to_right.json,design.prestimulus_files[].placement,repeatable_entity_absent,0,[],"""before"""
doi:10.1111/ejn.13872,composite_profile_not_experiment_scoped,pfeiffer_2018_lateral_perihead_left_to_right,study_templates/pfeiffer_2018_lateral_perihead_left_to_right.json,design.prestimulus_files[].target_source_label,repeatable_entity_absent,0,[],""""""
doi:10.1111/ejn.13872,composite_profile_not_experiment_scoped,pfeiffer_2018_lateral_perihead_left_to_right,study_templates/pfeiffer_2018_lateral_perihead_left_to_right.json,design.prestimulus_files[].phase,repeatable_entity_absent,0,[],""""""
doi:10.1111/ejn.13872,composite_profile_not_experiment_scoped,pfeiffer_2018_lateral_perihead_left_to_right,study_templates/pfeiffer_2018_lateral_perihead_left_to_right.json,design.prestimulus_files[].gap_s,repeatable_entity_absent,0,[],0.0
doi:10.1111/ejn.13872,composite_profile_not_experiment_scoped,pfeiffer_2018_lateral_perihead_left_to_right,study_templates/pfeiffer_2018_lateral_perihead_left_to_right.json,design.prestimulus_files[].sequence_order,repeatable_entity_absent,0,[],0
doi:10.1111/ejn.13872,composite_profile_not_experiment_scoped,pfeiffer_2018_lateral_perihead_left_to_right,study_templates/pfeiffer_2018_lateral_perihead_left_to_right.json,design.prestimulus_files[].motion_mode,repeatable_entity_absent,0,[],"""looming"""
doi:10.1111/ejn.13872,composite_profile_not_experiment_scoped,pfeiffer_2018_lateral_perihead_left_to_right,study_templates/pfeiffer_2018_lateral_perihead_left_to_right.json,design.prestimulus_files[].trajectory_snapshot,repeatable_entity_absent,0,[],{}
doi:10.1111/ejn.13872,composite_profile_not_experiment_scoped,pfeiffer_2018_lateral_perihead_left_to_right,study_templates/pfeiffer_2018_lateral_perihead_left_to_right.json,design.prestimulus_files[].display_color_hex,repeatable_entity_absent,0,[],""""""
doi:10.1111/ejn.13872,composite_profile_not_experiment_scoped,pfeiffer_2018_lateral_perihead_left_to_right,study_templates/pfeiffer_2018_lateral_perihead_left_to_right.json,design.prestimulus_files[].source_input_path,repeatable_entity_absent,0,[],""""""
doi:10.1111/ejn.13872,composite_profile_not_experiment_scoped,pfeiffer_2018_lateral_perihead_left_to_right,study_templates/pfeiffer_2018_lateral_perihead_left_to_right.json,design.trajectory.start_radius_m,serialized_explicit,1,[0.4031128874],1.1
doi:10.1111/ejn.13872,composite_profile_not_experiment_scoped,pfeiffer_2018_lateral_perihead_left_to_right,study_templates/pfeiffer_2018_lateral_perihead_left_to_right.json,design.trajectory.end_radius_m,serialized_explicit,1,[0.4031128874],0.1
doi:10.1111/ejn.13872,composite_profile_not_experiment_scoped,pfeiffer_2018_lateral_perihead_left_to_right,study_templates/pfeiffer_2018_lateral_perihead_left_to_right.json,design.trajectory.path_direction,serialized_explicit,1,"[""left_to_right""]","""approach"""
doi:10.1111/ejn.13872,composite_profile_not_experiment_scoped,pfeiffer_2018_lateral_perihead_left_to_right,study_templates/pfeiffer_2018_lateral_perihead_left_to_right.json,design.trajectory.coordinate_mode,serialized_explicit,1,"[""cartesian""]","""polar"""
doi:10.1111/ejn.13872,composite_profile_not_experiment_scoped,pfeiffer_2018_lateral_perihead_left_to_right,study_templates/pfeiffer_2018_lateral_perihead_left_to_right.json,design.trajectory.start_x_m,serialized_explicit,1,[-0.4],null
doi:10.1111/ejn.13872,composite_profile_not_experiment_scoped,pfeiffer_2018_lateral_perihead_left_to_right,study_templates/pfeiffer_2018_lateral_perihead_left_to_right.json,design.trajectory.start_y_m,serialized_explicit,1,[0.05],null
doi:10.1111/ejn.13872,composite_profile_not_experiment_scoped,pfeiffer_2018_lateral_perihead_left_to_right,study_templates/pfeiffer_2018_lateral_perihead_left_to_right.json,design.trajectory.start_z_m,serialized_explicit,1,[0.0],null
doi:10.1111/ejn.13872,composite_profile_not_experiment_scoped,pfeiffer_2018_lateral_perihead_left_to_right,study_templates/pfeiffer_2018_lateral_perihead_left_to_right.json,design.trajectory.end_x_m,serialized_explicit,1,[0.4],null
doi:10.1111/ejn.13872,composite_profile_not_experiment_scoped,pfeiffer_2018_lateral_perihead_left_to_right,study_templates/pfeiffer_2018_lateral_perihead_left_to_right.json,design.trajectory.end_y_m,serialized_explicit,1,[0.05],null
doi:10.1111/ejn.13872,composite_profile_not_experiment_scoped,pfeiffer_2018_lateral_perihead_left_to_right,study_templates/pfeiffer_2018_lateral_perihead_left_to_right.json,design.trajectory.end_z_m,serialized_explicit,1,[0.0],null
doi:10.1111/ejn.13872,composite_profile_not_experiment_scoped,pfeiffer_2018_lateral_perihead_left_to_right,study_templates/pfeiffer_2018_lateral_perihead_left_to_right.json,design.trajectory.path_length_m,serialized_explicit,1,[0.8],1.0
doi:10.1111/ejn.13872,composite_profile_not_experiment_scoped,pfeiffer_2018_lateral_perihead_left_to_right,study_templates/pfeiffer_2018_lateral_perihead_left_to_right.json,design.trajectory.propagation_speed_mps,serialized_explicit,1,[0.2],0.3333333333333333
doi:10.1111/ejn.13872,composite_profile_not_experiment_scoped,pfeiffer_2018_lateral_perihead_left_to_right,study_templates/pfeiffer_2018_lateral_perihead_left_to_right.json,design.trajectory.azimuth_start_deg,serialized_explicit,1,[-82.87498365],0.0
doi:10.1111/ejn.13872,composite_profile_not_experiment_scoped,pfeiffer_2018_lateral_perihead_left_to_right,study_templates/pfeiffer_2018_lateral_perihead_left_to_right.json,design.trajectory.azimuth_end_deg,serialized_explicit,1,[82.87498365],0.0
doi:10.1111/ejn.13872,composite_profile_not_experiment_scoped,pfeiffer_2018_lateral_perihead_left_to_right,study_templates/pfeiffer_2018_lateral_perihead_left_to_right.json,design.trajectory.elevation_deg,serialized_explicit,1,[0.0],0.0
doi:10.1111/ejn.13872,composite_profile_not_experiment_scoped,pfeiffer_2018_lateral_perihead_left_to_right,study_templates/pfeiffer_2018_lateral_perihead_left_to_right.json,design.trajectory.padding_pre_s,serialized_explicit,1,[0.0],0.5
doi:10.1111/ejn.13872,composite_profile_not_experiment_scoped,pfeiffer_2018_lateral_perihead_left_to_right,study_templates/pfeiffer_2018_lateral_perihead_left_to_right.json,design.trajectory.padding_post_s,serialized_explicit,1,[0.0],0.5
doi:10.1111/ejn.13872,composite_profile_not_experiment_scoped,pfeiffer_2018_lateral_perihead_left_to_right,study_templates/pfeiffer_2018_lateral_perihead_left_to_right.json,design.trajectory.sample_rate,serialized_explicit,1,[44100],44100
doi:10.1111/ejn.13872,composite_profile_not_experiment_scoped,pfeiffer_2018_lateral_perihead_left_to_right,study_templates/pfeiffer_2018_lateral_perihead_left_to_right.json,design.trajectory.use_inverse_square,serialized_explicit,1,[true],true
doi:10.1111/ejn.13872,composite_profile_not_experiment_scoped,pfeiffer_2018_lateral_perihead_left_to_right,study_templates/pfeiffer_2018_lateral_perihead_left_to_right.json,design.protocol.repetitions_per_condition,serialized_explicit,1,[1],1
doi:10.1111/ejn.13872,composite_profile_not_experiment_scoped,pfeiffer_2018_lateral_perihead_left_to_right,study_templates/pfeiffer_2018_lateral_perihead_left_to_right.json,design.protocol.trial_pool_repetition_defaults,typed_or_parser_default_not_serialized,0,[],{}
doi:10.1111/ejn.13872,composite_profile_not_experiment_scoped,pfeiffer_2018_lateral_perihead_left_to_right,study_templates/pfeiffer_2018_lateral_perihead_left_to_right.json,design.protocol.soa_values_ms,serialized_explicit,1,"[[300,800,1500,2200,2700]]","[300,800,1500,2200,2700]"
doi:10.1111/ejn.13872,composite_profile_not_experiment_scoped,pfeiffer_2018_lateral_perihead_left_to_right,study_templates/pfeiffer_2018_lateral_perihead_left_to_right.json,design.protocol.spatial_values_cm,serialized_explicit,1,"[[34.365681,24.515301,11.18034,6.403124,14.866069]]","[100.0,83.3,60.0,36.7,20.0]"
doi:10.1111/ejn.13872,composite_profile_not_experiment_scoped,pfeiffer_2018_lateral_perihead_left_to_right,study_templates/pfeiffer_2018_lateral_perihead_left_to_right.json,design.protocol.pair_spatial_values_with_soas,serialized_explicit,1,[true],true
doi:10.1111/ejn.13872,composite_profile_not_experiment_scoped,pfeiffer_2018_lateral_perihead_left_to_right,study_templates/pfeiffer_2018_lateral_perihead_left_to_right.json,design.protocol.auditory_motion_directions,serialized_explicit,1,"[[""left_to_right"",""right_to_left""]]","[""looming""]"
doi:10.1111/ejn.13872,composite_profile_not_experiment_scoped,pfeiffer_2018_lateral_perihead_left_to_right,study_templates/pfeiffer_2018_lateral_perihead_left_to_right.json,design.protocol.tactile_sites,serialized_explicit,1,"[[""hand""]]","[""hand""]"
doi:10.1111/ejn.13872,composite_profile_not_experiment_scoped,pfeiffer_2018_lateral_perihead_left_to_right,study_templates/pfeiffer_2018_lateral_perihead_left_to_right.json,design.protocol.include_catch_trials,typed_or_parser_default_not_serialized,0,[],true
doi:10.1111/ejn.13872,composite_profile_not_experiment_scoped,pfeiffer_2018_lateral_perihead_left_to_right,study_templates/pfeiffer_2018_lateral_perihead_left_to_right.json,design.protocol.catch_trial_percentage,serialized_explicit,1,[10.0],10.0
doi:10.1111/ejn.13872,composite_profile_not_experiment_scoped,pfeiffer_2018_lateral_perihead_left_to_right,study_templates/pfeiffer_2018_lateral_perihead_left_to_right.json,design.protocol.catch_trials_exact,serialized_explicit,1,[null],null
doi:10.1111/ejn.13872,composite_profile_not_experiment_scoped,pfeiffer_2018_lateral_perihead_left_to_right,study_templates/pfeiffer_2018_lateral_perihead_left_to_right.json,design.protocol.catch_crosses_sequence_variants,typed_or_parser_default_not_serialized,0,[],true
doi:10.1111/ejn.13872,composite_profile_not_experiment_scoped,pfeiffer_2018_lateral_perihead_left_to_right,study_templates/pfeiffer_2018_lateral_perihead_left_to_right.json,design.protocol.include_auditory_only_trials,typed_or_parser_default_not_serialized,0,[],false
doi:10.1111/ejn.13872,composite_profile_not_experiment_scoped,pfeiffer_2018_lateral_perihead_left_to_right,study_templates/pfeiffer_2018_lateral_perihead_left_to_right.json,design.protocol.auditory_only_trial_percentage,typed_or_parser_default_not_serialized,0,[],0.0
doi:10.1111/ejn.13872,composite_profile_not_experiment_scoped,pfeiffer_2018_lateral_perihead_left_to_right,study_templates/pfeiffer_2018_lateral_perihead_left_to_right.json,design.protocol.auditory_only_trials_exact,typed_or_parser_default_not_serialized,0,[],null
doi:10.1111/ejn.13872,composite_profile_not_experiment_scoped,pfeiffer_2018_lateral_perihead_left_to_right,study_templates/pfeiffer_2018_lateral_perihead_left_to_right.json,design.protocol.auditory_only_crosses_sequence_variants,typed_or_parser_default_not_serialized,0,[],true
doi:10.1111/ejn.13872,composite_profile_not_experiment_scoped,pfeiffer_2018_lateral_perihead_left_to_right,study_templates/pfeiffer_2018_lateral_perihead_left_to_right.json,design.protocol.include_baseline_trials,serialized_explicit,1,[true],true
doi:10.1111/ejn.13872,composite_profile_not_experiment_scoped,pfeiffer_2018_lateral_perihead_left_to_right,study_templates/pfeiffer_2018_lateral_perihead_left_to_right.json,design.protocol.baseline_strategy,typed_or_parser_default_not_serialized,0,[],"""tactile_only"""
doi:10.1111/ejn.13872,composite_profile_not_experiment_scoped,pfeiffer_2018_lateral_perihead_left_to_right,study_templates/pfeiffer_2018_lateral_perihead_left_to_right.json,design.protocol.baseline_trials_exact,typed_or_parser_default_not_serialized,0,[],null
doi:10.1111/ejn.13872,composite_profile_not_experiment_scoped,pfeiffer_2018_lateral_perihead_left_to_right,study_templates/pfeiffer_2018_lateral_perihead_left_to_right.json,design.protocol.baseline_trial_percentage,typed_or_parser_default_not_serialized,0,[],0.0
doi:10.1111/ejn.13872,composite_profile_not_experiment_scoped,pfeiffer_2018_lateral_perihead_left_to_right,study_templates/pfeiffer_2018_lateral_perihead_left_to_right.json,design.protocol.baseline_soa_values_ms,serialized_explicit,1,[[]],[]
doi:10.1111/ejn.13872,composite_profile_not_experiment_scoped,pfeiffer_2018_lateral_perihead_left_to_right,study_templates/pfeiffer_2018_lateral_perihead_left_to_right.json,design.protocol.baseline_custom_trial_mode,typed_or_parser_default_not_serialized,0,[],"""tactile_only"""
doi:10.1111/ejn.13872,composite_profile_not_experiment_scoped,pfeiffer_2018_lateral_perihead_left_to_right,study_templates/pfeiffer_2018_lateral_perihead_left_to_right.json,design.protocol.baseline_crosses_sequence_variants,typed_or_parser_default_not_serialized,0,[],true
doi:10.1111/ejn.13872,composite_profile_not_experiment_scoped,pfeiffer_2018_lateral_perihead_left_to_right,study_templates/pfeiffer_2018_lateral_perihead_left_to_right.json,design.protocol.respiratory_phases,serialized_explicit,1,"[[""Any""]]","[""Inhale"",""Exhale""]"
doi:10.1111/ejn.13872,composite_profile_not_experiment_scoped,pfeiffer_2018_lateral_perihead_left_to_right,study_templates/pfeiffer_2018_lateral_perihead_left_to_right.json,design.protocol.blocks,serialized_explicit,1,[3],6
doi:10.1111/ejn.13872,composite_profile_not_experiment_scoped,pfeiffer_2018_lateral_perihead_left_to_right,study_templates/pfeiffer_2018_lateral_perihead_left_to_right.json,design.protocol.block_specs[].label,serialized_explicit,3,"[""Congruent vestibular rotation block"",""Incongruent vestibular rotation block"",""No rotation baseline block""]",
doi:10.1111/ejn.13872,composite_profile_not_experiment_scoped,pfeiffer_2018_lateral_perihead_left_to_right,study_templates/pfeiffer_2018_lateral_perihead_left_to_right.json,design.protocol.block_specs[].stimulus_types,typed_or_parser_default_not_serialized,0,[],"[""Audio-Tactile"",""Baseline"",""Catch""]"
doi:10.1111/ejn.13872,composite_profile_not_experiment_scoped,pfeiffer_2018_lateral_perihead_left_to_right,study_templates/pfeiffer_2018_lateral_perihead_left_to_right.json,design.protocol.repeat_trial_pool_per_block,serialized_explicit,1,[true],false
doi:10.1111/ejn.13872,composite_profile_not_experiment_scoped,pfeiffer_2018_lateral_perihead_left_to_right,study_templates/pfeiffer_2018_lateral_perihead_left_to_right.json,design.protocol.distribute_trial_pool_across_blocks,typed_or_parser_default_not_serialized,0,[],false
doi:10.1111/ejn.13872,composite_profile_not_experiment_scoped,pfeiffer_2018_lateral_perihead_left_to_right,study_templates/pfeiffer_2018_lateral_perihead_left_to_right.json,design.protocol.trial_strips[].strip_id,serialized_explicit,1,"[""pfeiffer-lateral-motion-row""]",""""""
doi:10.1111/ejn.13872,composite_profile_not_experiment_scoped,pfeiffer_2018_lateral_perihead_left_to_right,study_templates/pfeiffer_2018_lateral_perihead_left_to_right.json,design.protocol.trial_strips[].label,serialized_explicit,1,"[""Lateral motion PPS trial""]",""""""
doi:10.1111/ejn.13872,composite_profile_not_experiment_scoped,pfeiffer_2018_lateral_perihead_left_to_right,study_templates/pfeiffer_2018_lateral_perihead_left_to_right.json,design.protocol.trial_strips[].audio_tactile_percentage,serialized_explicit,1,[100.0],null
doi:10.1111/ejn.13872,composite_profile_not_experiment_scoped,pfeiffer_2018_lateral_perihead_left_to_right,study_templates/pfeiffer_2018_lateral_perihead_left_to_right.json,design.protocol.trial_strips[].catch_percentage,serialized_explicit,1,[0.0],null
doi:10.1111/ejn.13872,composite_profile_not_experiment_scoped,pfeiffer_2018_lateral_perihead_left_to_right,study_templates/pfeiffer_2018_lateral_perihead_left_to_right.json,design.protocol.trial_strips[].baseline_percentage,serialized_explicit,1,[0.0],null
doi:10.1111/ejn.13872,composite_profile_not_experiment_scoped,pfeiffer_2018_lateral_perihead_left_to_right,study_templates/pfeiffer_2018_lateral_perihead_left_to_right.json,design.protocol.trial_strips[].soa_values_ms,typed_or_parser_default_not_serialized,0,[],[]
doi:10.1111/ejn.13872,composite_profile_not_experiment_scoped,pfeiffer_2018_lateral_perihead_left_to_right,study_templates/pfeiffer_2018_lateral_perihead_left_to_right.json,design.protocol.trial_strips[].spatial_values_cm,typed_or_parser_default_not_serialized,0,[],[]
doi:10.1111/ejn.13872,composite_profile_not_experiment_scoped,pfeiffer_2018_lateral_perihead_left_to_right,study_templates/pfeiffer_2018_lateral_perihead_left_to_right.json,design.protocol.trial_strips[].metadata,typed_or_parser_default_not_serialized,0,[],{}
doi:10.1111/ejn.13872,composite_profile_not_experiment_scoped,pfeiffer_2018_lateral_perihead_left_to_right,study_templates/pfeiffer_2018_lateral_perihead_left_to_right.json,design.protocol.trial_strips[].elements[].element_id,serialized_explicit,1,"[""pfeiffer-lateral-looming-source""]",""""""
doi:10.1111/ejn.13872,composite_profile_not_experiment_scoped,pfeiffer_2018_lateral_perihead_left_to_right,study_templates/pfeiffer_2018_lateral_perihead_left_to_right.json,design.protocol.trial_strips[].elements[].kind,serialized_explicit,1,"[""looming_stimulus""]","""looming_stimulus"""
doi:10.1111/ejn.13872,composite_profile_not_experiment_scoped,pfeiffer_2018_lateral_perihead_left_to_right,study_templates/pfeiffer_2018_lateral_perihead_left_to_right.json,design.protocol.trial_strips[].elements[].label,serialized_explicit,1,"[""Pink lateral source""]",""""""
doi:10.1111/ejn.13872,composite_profile_not_experiment_scoped,pfeiffer_2018_lateral_perihead_left_to_right,study_templates/pfeiffer_2018_lateral_perihead_left_to_right.json,design.protocol.trial_strips[].elements[].source_label,serialized_explicit,1,"[""""]",""""""
doi:10.1111/ejn.13872,composite_profile_not_experiment_scoped,pfeiffer_2018_lateral_perihead_left_to_right,study_templates/pfeiffer_2018_lateral_perihead_left_to_right.json,design.protocol.trial_strips[].elements[].source_labels,serialized_explicit,1,[[]],[]
doi:10.1111/ejn.13872,composite_profile_not_experiment_scoped,pfeiffer_2018_lateral_perihead_left_to_right,study_templates/pfeiffer_2018_lateral_perihead_left_to_right.json,design.protocol.trial_strips[].elements[].jitter_values_ms,typed_or_parser_default_not_serialized,0,[],[]
doi:10.1111/ejn.13872,composite_profile_not_experiment_scoped,pfeiffer_2018_lateral_perihead_left_to_right,study_templates/pfeiffer_2018_lateral_perihead_left_to_right.json,design.protocol.trial_strips[].elements[].randomized,serialized_explicit,1,[true],false
doi:10.1111/ejn.13872,composite_profile_not_experiment_scoped,pfeiffer_2018_lateral_perihead_left_to_right,study_templates/pfeiffer_2018_lateral_perihead_left_to_right.json,design.protocol.trial_randomization_strategy,serialized_explicit,1,"[""no_immediate_repeats""]","""no_immediate_repeats"""
doi:10.1111/ejn.13872,composite_profile_not_experiment_scoped,pfeiffer_2018_lateral_perihead_left_to_right,study_templates/pfeiffer_2018_lateral_perihead_left_to_right.json,design.protocol.block_order_randomization,serialized_explicit,1,"[""fixed""]","""counterbalanced_rotation"""
doi:10.1111/ejn.13872,composite_profile_not_experiment_scoped,pfeiffer_2018_lateral_perihead_left_to_right,study_templates/pfeiffer_2018_lateral_perihead_left_to_right.json,design.protocol.max_consecutive_same_trial_type,serialized_explicit,1,[2],2
doi:10.1111/ejn.13872,composite_profile_not_experiment_scoped,pfeiffer_2018_lateral_perihead_left_to_right,study_templates/pfeiffer_2018_lateral_perihead_left_to_right.json,design.protocol.participants,serialized_explicit,1,[1],50
doi:10.1111/ejn.13872,composite_profile_not_experiment_scoped,pfeiffer_2018_lateral_perihead_left_to_right,study_templates/pfeiffer_2018_lateral_perihead_left_to_right.json,design.protocol.random_seed,serialized_explicit,1,[20180301],20250604
doi:10.1111/ejn.13872,composite_profile_not_experiment_scoped,pfeiffer_2018_lateral_perihead_left_to_right,study_templates/pfeiffer_2018_lateral_perihead_left_to_right.json,design.protocol.participant_order_policy,typed_or_parser_default_not_serialized,0,[],{}
doi:10.1016/j.neuropsychologia.2017.07.018,publication_and_single_review_unit_profile,biggio_2017_common_racket,study_templates/biggio_2017_common_racket.json,design.name,serialized_explicit,1,"[""Biggio 2017 racket tool-use PPS - common racket session""]","""Study 5 PPS white/pink design"""
doi:10.1016/j.neuropsychologia.2017.07.018,publication_and_single_review_unit_profile,biggio_2017_no_racket,study_templates/biggio_2017_no_racket.json,design.name,serialized_explicit,1,"[""Biggio 2017 racket tool-use PPS - no racket session""]","""Study 5 PPS white/pink design"""
doi:10.1016/j.neuropsychologia.2017.07.018,publication_and_single_review_unit_profile,biggio_2017_personal_racket,study_templates/biggio_2017_personal_racket.json,design.name,serialized_explicit,1,"[""Biggio 2017 racket tool-use PPS - personal racket session""]","""Study 5 PPS white/pink design"""
doi:10.1016/j.neuropsychologia.2017.07.018,publication_and_single_review_unit_profile,biggio_2017_common_racket,study_templates/biggio_2017_common_racket.json,design.study_profile_id,serialized_explicit,1,"[""biggio_2017_common_racket""]",""""""
doi:10.1016/j.neuropsychologia.2017.07.018,publication_and_single_review_unit_profile,biggio_2017_no_racket,study_templates/biggio_2017_no_racket.json,design.study_profile_id,serialized_explicit,1,"[""biggio_2017_no_racket""]",""""""
doi:10.1016/j.neuropsychologia.2017.07.018,publication_and_single_review_unit_profile,biggio_2017_personal_racket,study_templates/biggio_2017_personal_racket.json,design.study_profile_id,serialized_explicit,1,"[""biggio_2017_personal_racket""]",""""""
doi:10.1016/j.neuropsychologia.2017.07.018,publication_and_single_review_unit_profile,biggio_2017_common_racket,study_templates/biggio_2017_common_racket.json,design.study_profile_title,serialized_explicit,1,"[""Biggio 2017 racket tool-use PPS - common racket session""]",""""""
doi:10.1016/j.neuropsychologia.2017.07.018,publication_and_single_review_unit_profile,biggio_2017_no_racket,study_templates/biggio_2017_no_racket.json,design.study_profile_title,serialized_explicit,1,"[""Biggio 2017 racket tool-use PPS - no racket session""]",""""""
doi:10.1016/j.neuropsychologia.2017.07.018,publication_and_single_review_unit_profile,biggio_2017_personal_racket,study_templates/biggio_2017_personal_racket.json,design.study_profile_title,serialized_explicit,1,"[""Biggio 2017 racket tool-use PPS - personal racket session""]",""""""
doi:10.1016/j.neuropsychologia.2017.07.018,publication_and_single_review_unit_profile,biggio_2017_common_racket,study_templates/biggio_2017_common_racket.json,design.study_profile_notes,serialized_explicit,1,"[""Common-racket session of the reported static near/far audio-tactile PPS task. It preserves the 90-trial session unit and keeps the racket context as row metadata rather than changing the generated WAV structure.""]",""""""
doi:10.1016/j.neuropsychologia.2017.07.018,publication_and_single_review_unit_profile,biggio_2017_no_racket,study_templates/biggio_2017_no_racket.json,design.study_profile_notes,serialized_explicit,1,"[""No-racket session of the reported static near/far audio-tactile PPS task. It preserves the 90-trial session unit: 30 near audio-tactile targets, 30 far audio-tactile targets, and 30 sound-only catches split equally across near/far locations. Exact pink-noise file, far lead, ITI, response timeout, and electrical tactile pulse/current were not reported, so those are labelled as toolkit defaults or derived approximations.""]",""""""
doi:10.1016/j.neuropsychologia.2017.07.018,publication_and_single_review_unit_profile,biggio_2017_personal_racket,study_templates/biggio_2017_personal_racket.json,design.study_profile_notes,serialized_explicit,1,"[""Personal-racket session reported for tennis players. It preserves the same 90-trial static near/far target/catch session unit and carries the personal-racket tool context as profile and row metadata.""]",""""""
doi:10.1016/j.neuropsychologia.2017.07.018,publication_and_single_review_unit_profile,biggio_2017_common_racket,study_templates/biggio_2017_common_racket.json,design.study_profile_reference_parameters,serialized_explicit,1,"[{""derived_far_sound_to_tactile_soa_ms"":2,""loudness_policy"":{""calibration_mode"":""estimate_allowed"",""calibration_status"":""estimated_not_measured"",""distance_gain_policy"":""disable_direct_path_gain_for_calibrated_loudness"",""end_spl_db"":70.0,""instruction_offset_db"":0.0,""mode"":""estimated_spl"",""start_spl_db"":70.0},""manual_review_file"":""For-AI/audiotactile-paper-metadata-audit/manual_reviews/biggio_2017_racket_tool_use.json"",""minimum_runnable_profile_scope"":""Common-racket session only; no-racket and personal-racket sessions are companion templates."",""nonblocking_caveats"":[""exact pink-noise source file, seed, and spectrum recipe not supplied"",""exact far-sound lead not reported; stored as a derived 2 ms approximation"",""exact electrical tactile pulse duration/current/calibration not reported"",""ITI/jitter policy and numeric response deadline not reported"",""voice-key threshold and latency correction not reported""],""profile_check_complete"":true,""profile_type"":""static_near_far_electrical_voice_response_tool_context"",""publication_status"":""published"",""record_id"":""biggio_2017_racket_tool_use"",""reported_near_sound_to_tactile_soa_ms"":0,""reported_session_context"":""common racket"",""reported_sound_duration_ms"":150,""reported_sound_level_db_spl"":70,""reported_sound_type"":""pink-noise burst"",""reported_trial_formula"":""Per session: 30 near audio-tactile target + 30 far audio-tactile target + 15 near sound-only catch + 15 far sound-only catch = 90 trials.""}]",{}
doi:10.1016/j.neuropsychologia.2017.07.018,publication_and_single_review_unit_profile,biggio_2017_no_racket,study_templates/biggio_2017_no_racket.json,design.study_profile_reference_parameters,serialized_explicit,1,"[{""derived_far_sound_lead_basis"":""Paper reports a qualitative far-sound lead for propagation compensation; 2 ms is a speed-of-sound approximation for 68.5 cm and is not an author-reported value."",""derived_far_sound_to_tactile_soa_ms"":2,""loudness_policy"":{""calibration_mode"":""estimate_allowed"",""calibration_status"":""estimated_not_measured"",""distance_gain_policy"":""disable_direct_path_gain_for_calibrated_loudness"",""end_spl_db"":70.0,""instruction_offset_db"":0.0,""mode"":""estimated_spl"",""start_spl_db"":70.0},""manual_review_file"":""For-AI/audiotactile-paper-metadata-audit/manual_reviews/biggio_2017_racket_tool_use.json"",""minimum_runnable_profile_scope"":""No-racket session only; common-racket and personal-racket sessions are companion templates."",""nonblocking_caveats"":[""exact pink-noise source file, seed, and spectrum recipe not supplied"",""exact far-sound lead not reported; stored as a derived 2 ms approximation"",""exact electrical tactile pulse duration/current/calibration not reported"",""ITI/jitter policy and numeric response deadline not reported"",""voice-key threshold and latency correction not reported""],""profile_check_complete"":true,""profile_type"":""static_near_far_electrical_voice_response_tool_context"",""publication_status"":""published"",""record_id"":""biggio_2017_racket_tool_use"",""reported_geometry"":""Near loudspeaker close to the right hand; hand about 30 cm from body; far loudspeaker about 68.5 cm beyond the near loudspeaker at the racket-tip location in racket sessions."",""reported_near_sound_to_tactile_soa_ms"":0,""reported_response_rule"":""Verbal response as fast as possible to tactile targets; ignore sounds and withhold responses on sound-only catches."",""reported_session_context"":""no racket"",""reported_sound_duration_ms"":150,""reported_sound_level_db_spl"":70,""reported_sound_type"":""pink-noise burst"",""reported_tactile_stimulus"":""DS7AH HV Digitimer electrical stimulation at the right wrist through a surface bipolar electrode; exact pulse duration/current not reported."",""reported_trial_formula"":""Per session: 30 near audio-tactile target + 30 far audio-tactile target + 15 near sound-only catch + 15 far sound-only catch = 90 trials.""}]",{}
doi:10.1016/j.neuropsychologia.2017.07.018,publication_and_single_review_unit_profile,biggio_2017_personal_racket,study_templates/biggio_2017_personal_racket.json,design.study_profile_reference_parameters,serialized_explicit,1,"[{""derived_far_sound_to_tactile_soa_ms"":2,""loudness_policy"":{""calibration_mode"":""estimate_allowed"",""calibration_status"":""estimated_not_measured"",""distance_gain_policy"":""disable_direct_path_gain_for_calibrated_loudness"",""end_spl_db"":70.0,""instruction_offset_db"":0.0,""mode"":""estimated_spl"",""start_spl_db"":70.0},""manual_review_file"":""For-AI/audiotactile-paper-metadata-audit/manual_reviews/biggio_2017_racket_tool_use.json"",""minimum_runnable_profile_scope"":""Personal-racket tennis-player session only; no-racket and common-racket sessions are companion templates."",""nonblocking_caveats"":[""exact pink-noise source file, seed, and spectrum recipe not supplied"",""exact far-sound lead not reported; stored as a derived 2 ms approximation"",""exact electrical tactile pulse duration/current/calibration not reported"",""ITI/jitter policy and numeric response deadline not reported"",""voice-key threshold and latency correction not reported""],""profile_check_complete"":true,""profile_type"":""static_near_far_electrical_voice_response_tool_context"",""publication_status"":""published"",""record_id"":""biggio_2017_racket_tool_use"",""reported_near_sound_to_tactile_soa_ms"":0,""reported_population_scope"":""personal-racket session was reported for tennis players"",""reported_session_context"":""personal racket"",""reported_sound_duration_ms"":150,""reported_sound_level_db_spl"":70,""reported_sound_type"":""pink-noise burst"",""reported_trial_formula"":""Per session: 30 near audio-tactile target + 30 far audio-tactile target + 15 near sound-only catch + 15 far sound-only catch = 90 trials.""}]",{}
doi:10.1016/j.neuropsychologia.2017.07.018,publication_and_single_review_unit_profile,biggio_2017_common_racket,study_templates/biggio_2017_common_racket.json,design.sofa_file,serialized_explicit,1,"[""""]","""assets/0. Head-Related Impulse Response (HRIR) model/FABIAN_HRIR_measured_HATO_0.sofa"""
doi:10.1016/j.neuropsychologia.2017.07.018,publication_and_single_review_unit_profile,biggio_2017_no_racket,study_templates/biggio_2017_no_racket.json,design.sofa_file,serialized_explicit,1,"[""""]","""assets/0. Head-Related Impulse Response (HRIR) model/FABIAN_HRIR_measured_HATO_0.sofa"""
doi:10.1016/j.neuropsychologia.2017.07.018,publication_and_single_review_unit_profile,biggio_2017_personal_racket,study_templates/biggio_2017_personal_racket.json,design.sofa_file,serialized_explicit,1,"[""""]","""assets/0. Head-Related Impulse Response (HRIR) model/FABIAN_HRIR_measured_HATO_0.sofa"""
doi:10.1016/j.neuropsychologia.2017.07.018,publication_and_single_review_unit_profile,biggio_2017_common_racket,study_templates/biggio_2017_common_racket.json,design.noises[].label,serialized_explicit,2,"[""Near hand pink-noise burst"",""Far racket-tip pink-noise burst""]",
doi:10.1016/j.neuropsychologia.2017.07.018,publication_and_single_review_unit_profile,biggio_2017_no_racket,study_templates/biggio_2017_no_racket.json,design.noises[].label,serialized_explicit,2,"[""Near hand pink-noise burst"",""Far racket-tip pink-noise burst""]",
doi:10.1016/j.neuropsychologia.2017.07.018,publication_and_single_review_unit_profile,biggio_2017_personal_racket,study_templates/biggio_2017_personal_racket.json,design.noises[].label,serialized_explicit,2,"[""Near hand pink-noise burst"",""Far racket-tip pink-noise burst""]",
doi:10.1016/j.neuropsychologia.2017.07.018,publication_and_single_review_unit_profile,biggio_2017_common_racket,study_templates/biggio_2017_common_racket.json,design.noises[].noise_type,serialized_explicit,2,"[""pink"",""pink""]",
doi:10.1016/j.neuropsychologia.2017.07.018,publication_and_single_review_unit_profile,biggio_2017_no_racket,study_templates/biggio_2017_no_racket.json,design.noises[].noise_type,serialized_explicit,2,"[""pink"",""pink""]",
doi:10.1016/j.neuropsychologia.2017.07.018,publication_and_single_review_unit_profile,biggio_2017_personal_racket,study_templates/biggio_2017_personal_racket.json,design.noises[].noise_type,serialized_explicit,2,"[""pink"",""pink""]",
doi:10.1016/j.neuropsychologia.2017.07.018,publication_and_single_review_unit_profile,biggio_2017_common_racket,study_templates/biggio_2017_common_racket.json,design.noises[].azimuth_deg,serialized_explicit,2,"[90.0,90.0]",0.0
doi:10.1016/j.neuropsychologia.2017.07.018,publication_and_single_review_unit_profile,biggio_2017_no_racket,study_templates/biggio_2017_no_racket.json,design.noises[].azimuth_deg,serialized_explicit,2,"[90.0,90.0]",0.0
doi:10.1016/j.neuropsychologia.2017.07.018,publication_and_single_review_unit_profile,biggio_2017_personal_racket,study_templates/biggio_2017_personal_racket.json,design.noises[].azimuth_deg,serialized_explicit,2,"[90.0,90.0]",0.0
doi:10.1016/j.neuropsychologia.2017.07.018,publication_and_single_review_unit_profile,biggio_2017_common_racket,study_templates/biggio_2017_common_racket.json,design.noises[].elevation_deg,serialized_explicit,2,"[0.0,0.0]",0.0
doi:10.1016/j.neuropsychologia.2017.07.018,publication_and_single_review_unit_profile,biggio_2017_no_racket,study_templates/biggio_2017_no_racket.json,design.noises[].elevation_deg,serialized_explicit,2,"[0.0,0.0]",0.0
doi:10.1016/j.neuropsychologia.2017.07.018,publication_and_single_review_unit_profile,biggio_2017_personal_racket,study_templates/biggio_2017_personal_racket.json,design.noises[].elevation_deg,serialized_explicit,2,"[0.0,0.0]",0.0
doi:10.1016/j.neuropsychologia.2017.07.018,publication_and_single_review_unit_profile,biggio_2017_common_racket,study_templates/biggio_2017_common_racket.json,design.noises[].gain,serialized_explicit,2,"[1.0,1.0]",1.0
doi:10.1016/j.neuropsychologia.2017.07.018,publication_and_single_review_unit_profile,biggio_2017_no_racket,study_templates/biggio_2017_no_racket.json,design.noises[].gain,serialized_explicit,2,"[1.0,1.0]",1.0
doi:10.1016/j.neuropsychologia.2017.07.018,publication_and_single_review_unit_profile,biggio_2017_personal_racket,study_templates/biggio_2017_personal_racket.json,design.noises[].gain,serialized_explicit,2,"[1.0,1.0]",1.0
doi:10.1016/j.neuropsychologia.2017.07.018,publication_and_single_review_unit_profile,biggio_2017_common_racket,study_templates/biggio_2017_common_racket.json,design.noises[].source_profile,serialized_explicit,2,"[""continuous_noise"",""continuous_noise""]",""""""
doi:10.1016/j.neuropsychologia.2017.07.018,publication_and_single_review_unit_profile,biggio_2017_no_racket,study_templates/biggio_2017_no_racket.json,design.noises[].source_profile,serialized_explicit,2,"[""continuous_noise"",""continuous_noise""]",""""""
doi:10.1016/j.neuropsychologia.2017.07.018,publication_and_single_review_unit_profile,biggio_2017_personal_racket,study_templates/biggio_2017_personal_racket.json,design.noises[].source_profile,serialized_explicit,2,"[""continuous_noise"",""continuous_noise""]",""""""
doi:10.1016/j.neuropsychologia.2017.07.018,publication_and_single_review_unit_profile,biggio_2017_common_racket,study_templates/biggio_2017_common_racket.json,design.noises[].source_profile_parameters,typed_or_parser_default_not_serialized,0,[],{}
doi:10.1016/j.neuropsychologia.2017.07.018,publication_and_single_review_unit_profile,biggio_2017_no_racket,study_templates/biggio_2017_no_racket.json,design.noises[].source_profile_parameters,typed_or_parser_default_not_serialized,0,[],{}
doi:10.1016/j.neuropsychologia.2017.07.018,publication_and_single_review_unit_profile,biggio_2017_personal_racket,study_templates/biggio_2017_personal_racket.json,design.noises[].source_profile_parameters,typed_or_parser_default_not_serialized,0,[],{}
doi:10.1016/j.neuropsychologia.2017.07.018,publication_and_single_review_unit_profile,biggio_2017_common_racket,study_templates/biggio_2017_common_racket.json,design.noises[].prebaked_path,typed_or_parser_default_not_serialized,0,[],""""""
doi:10.1016/j.neuropsychologia.2017.07.018,publication_and_single_review_unit_profile,biggio_2017_no_racket,study_templates/biggio_2017_no_racket.json,design.noises[].prebaked_path,typed_or_parser_default_not_serialized,0,[],""""""
doi:10.1016/j.neuropsychologia.2017.07.018,publication_and_single_review_unit_profile,biggio_2017_personal_racket,study_templates/biggio_2017_personal_racket.json,design.noises[].prebaked_path,typed_or_parser_default_not_serialized,0,[],""""""
doi:10.1016/j.neuropsychologia.2017.07.018,publication_and_single_review_unit_profile,biggio_2017_common_racket,study_templates/biggio_2017_common_racket.json,design.noises[].sequence_order,typed_or_parser_default_not_serialized,0,[],0
doi:10.1016/j.neuropsychologia.2017.07.018,publication_and_single_review_unit_profile,biggio_2017_no_racket,study_templates/biggio_2017_no_racket.json,design.noises[].sequence_order,typed_or_parser_default_not_serialized,0,[],0
doi:10.1016/j.neuropsychologia.2017.07.018,publication_and_single_review_unit_profile,biggio_2017_personal_racket,study_templates/biggio_2017_personal_racket.json,design.noises[].sequence_order,typed_or_parser_default_not_serialized,0,[],0
doi:10.1016/j.neuropsychologia.2017.07.018,publication_and_single_review_unit_profile,biggio_2017_common_racket,study_templates/biggio_2017_common_racket.json,design.noises[].motion_mode,serialized_explicit,2,"[""stationary"",""stationary""]","""looming"""
doi:10.1016/j.neuropsychologia.2017.07.018,publication_and_single_review_unit_profile,biggio_2017_no_racket,study_templates/biggio_2017_no_racket.json,design.noises[].motion_mode,serialized_explicit,2,"[""stationary"",""stationary""]","""looming"""
doi:10.1016/j.neuropsychologia.2017.07.018,publication_and_single_review_unit_profile,biggio_2017_personal_racket,study_templates/biggio_2017_personal_racket.json,design.noises[].motion_mode,serialized_explicit,2,"[""stationary"",""stationary""]","""looming"""
doi:10.1016/j.neuropsychologia.2017.07.018,publication_and_single_review_unit_profile,biggio_2017_common_racket,study_templates/biggio_2017_common_racket.json,design.noises[].trajectory_snapshot,serialized_explicit,2,"[{""coordinate_mode"":""cartesian"",""end"":{""x_m"":0.3,""y_m"":0.0,""z_m"":0.0},""end_distance_cm"":30.0,""end_hold_s"":0.0,""end_rotation_deg"":90.0,""movement_duration_s"":0.15,""path_direction"":""stationary"",""path_length_m"":0.0,""start"":{""x_m"":0.3,""y_m"":0.0,""z_m"":0.0},""start_distance_cm"":30.0,""start_hold_s"":0.0,""start_rotation_deg"":90.0},{""coordinate_mode"":""cartesian"",""end"":{""x_m"":0.985,""y_m"":0.0,""z_m"":0.0},""end_distance_cm"":98.5,""end_hold_s"":0.0,""end_rotation_deg"":90.0,""movement_duration_s"":0.15,""path_direction"":""stationary"",""path_length_m"":0.0,""start"":{""x_m"":0.985,""y_m"":0.0,""z_m"":0.0},""start_distance_cm"":98.5,""start_hold_s"":0.0,""start_rotation_deg"":90.0}]",{}
doi:10.1016/j.neuropsychologia.2017.07.018,publication_and_single_review_unit_profile,biggio_2017_no_racket,study_templates/biggio_2017_no_racket.json,design.noises[].trajectory_snapshot,serialized_explicit,2,"[{""coordinate_mode"":""cartesian"",""end"":{""x_m"":0.3,""y_m"":0.0,""z_m"":0.0},""end_distance_cm"":30.0,""end_hold_s"":0.0,""end_rotation_deg"":90.0,""movement_duration_s"":0.15,""path_direction"":""stationary"",""path_length_m"":0.0,""start"":{""x_m"":0.3,""y_m"":0.0,""z_m"":0.0},""start_distance_cm"":30.0,""start_hold_s"":0.0,""start_rotation_deg"":90.0},{""coordinate_mode"":""cartesian"",""end"":{""x_m"":0.985,""y_m"":0.0,""z_m"":0.0},""end_distance_cm"":98.5,""end_hold_s"":0.0,""end_rotation_deg"":90.0,""movement_duration_s"":0.15,""path_direction"":""stationary"",""path_length_m"":0.0,""start"":{""x_m"":0.985,""y_m"":0.0,""z_m"":0.0},""start_distance_cm"":98.5,""start_hold_s"":0.0,""start_rotation_deg"":90.0}]",{}
doi:10.1016/j.neuropsychologia.2017.07.018,publication_and_single_review_unit_profile,biggio_2017_personal_racket,study_templates/biggio_2017_personal_racket.json,design.noises[].trajectory_snapshot,serialized_explicit,2,"[{""coordinate_mode"":""cartesian"",""end"":{""x_m"":0.3,""y_m"":0.0,""z_m"":0.0},""end_distance_cm"":30.0,""end_hold_s"":0.0,""end_rotation_deg"":90.0,""movement_duration_s"":0.15,""path_direction"":""stationary"",""path_length_m"":0.0,""start"":{""x_m"":0.3,""y_m"":0.0,""z_m"":0.0},""start_distance_cm"":30.0,""start_hold_s"":0.0,""start_rotation_deg"":90.0},{""coordinate_mode"":""cartesian"",""end"":{""x_m"":0.985,""y_m"":0.0,""z_m"":0.0},""end_distance_cm"":98.5,""end_hold_s"":0.0,""end_rotation_deg"":90.0,""movement_duration_s"":0.15,""path_direction"":""stationary"",""path_length_m"":0.0,""start"":{""x_m"":0.985,""y_m"":0.0,""z_m"":0.0},""start_distance_cm"":98.5,""start_hold_s"":0.0,""start_rotation_deg"":90.0}]",{}
doi:10.1016/j.neuropsychologia.2017.07.018,publication_and_single_review_unit_profile,biggio_2017_common_racket,study_templates/biggio_2017_common_racket.json,design.custom_looming_files[].label,repeatable_entity_absent,0,[],
doi:10.1016/j.neuropsychologia.2017.07.018,publication_and_single_review_unit_profile,biggio_2017_no_racket,study_templates/biggio_2017_no_racket.json,design.custom_looming_files[].label,repeatable_entity_absent,0,[],
doi:10.1016/j.neuropsychologia.2017.07.018,publication_and_single_review_unit_profile,biggio_2017_personal_racket,study_templates/biggio_2017_personal_racket.json,design.custom_looming_files[].label,repeatable_entity_absent,0,[],
doi:10.1016/j.neuropsychologia.2017.07.018,publication_and_single_review_unit_profile,biggio_2017_common_racket,study_templates/biggio_2017_common_racket.json,design.custom_looming_files[].path,repeatable_entity_absent,0,[],
doi:10.1016/j.neuropsychologia.2017.07.018,publication_and_single_review_unit_profile,biggio_2017_no_racket,study_templates/biggio_2017_no_racket.json,design.custom_looming_files[].path,repeatable_entity_absent,0,[],
doi:10.1016/j.neuropsychologia.2017.07.018,publication_and_single_review_unit_profile,biggio_2017_personal_racket,study_templates/biggio_2017_personal_racket.json,design.custom_looming_files[].path,repeatable_entity_absent,0,[],
doi:10.1016/j.neuropsychologia.2017.07.018,publication_and_single_review_unit_profile,biggio_2017_common_racket,study_templates/biggio_2017_common_racket.json,design.custom_looming_files[].target_duration_s,repeatable_entity_absent,0,[],4.0
doi:10.1016/j.neuropsychologia.2017.07.018,publication_and_single_review_unit_profile,biggio_2017_no_racket,study_templates/biggio_2017_no_racket.json,design.custom_looming_files[].target_duration_s,repeatable_entity_absent,0,[],4.0
doi:10.1016/j.neuropsychologia.2017.07.018,publication_and_single_review_unit_profile,biggio_2017_personal_racket,study_templates/biggio_2017_personal_racket.json,design.custom_looming_files[].target_duration_s,repeatable_entity_absent,0,[],4.0
doi:10.1016/j.neuropsychologia.2017.07.018,publication_and_single_review_unit_profile,biggio_2017_common_racket,study_templates/biggio_2017_common_racket.json,design.custom_looming_files[].render_mode,repeatable_entity_absent,0,[],"""preserve"""
doi:10.1016/j.neuropsychologia.2017.07.018,publication_and_single_review_unit_profile,biggio_2017_no_racket,study_templates/biggio_2017_no_racket.json,design.custom_looming_files[].render_mode,repeatable_entity_absent,0,[],"""preserve"""
doi:10.1016/j.neuropsychologia.2017.07.018,publication_and_single_review_unit_profile,biggio_2017_personal_racket,study_templates/biggio_2017_personal_racket.json,design.custom_looming_files[].render_mode,repeatable_entity_absent,0,[],"""preserve"""
doi:10.1016/j.neuropsychologia.2017.07.018,publication_and_single_review_unit_profile,biggio_2017_common_racket,study_templates/biggio_2017_common_racket.json,design.custom_looming_files[].tone_type,repeatable_entity_absent,0,[],""""""
doi:10.1016/j.neuropsychologia.2017.07.018,publication_and_single_review_unit_profile,biggio_2017_no_racket,study_templates/biggio_2017_no_racket.json,design.custom_looming_files[].tone_type,repeatable_entity_absent,0,[],""""""
doi:10.1016/j.neuropsychologia.2017.07.018,publication_and_single_review_unit_profile,biggio_2017_personal_racket,study_templates/biggio_2017_personal_racket.json,design.custom_looming_files[].tone_type,repeatable_entity_absent,0,[],""""""
doi:10.1016/j.neuropsychologia.2017.07.018,publication_and_single_review_unit_profile,biggio_2017_common_racket,study_templates/biggio_2017_common_racket.json,design.custom_looming_files[].gain,repeatable_entity_absent,0,[],1.0
doi:10.1016/j.neuropsychologia.2017.07.018,publication_and_single_review_unit_profile,biggio_2017_no_racket,study_templates/biggio_2017_no_racket.json,design.custom_looming_files[].gain,repeatable_entity_absent,0,[],1.0
doi:10.1016/j.neuropsychologia.2017.07.018,publication_and_single_review_unit_profile,biggio_2017_personal_racket,study_templates/biggio_2017_personal_racket.json,design.custom_looming_files[].gain,repeatable_entity_absent,0,[],1.0
doi:10.1016/j.neuropsychologia.2017.07.018,publication_and_single_review_unit_profile,biggio_2017_common_racket,study_templates/biggio_2017_common_racket.json,design.custom_looming_files[].placement,repeatable_entity_absent,0,[],"""before"""
doi:10.1016/j.neuropsychologia.2017.07.018,publication_and_single_review_unit_profile,biggio_2017_no_racket,study_templates/biggio_2017_no_racket.json,design.custom_looming_files[].placement,repeatable_entity_absent,0,[],"""before"""
doi:10.1016/j.neuropsychologia.2017.07.018,publication_and_single_review_unit_profile,biggio_2017_personal_racket,study_templates/biggio_2017_personal_racket.json,design.custom_looming_files[].placement,repeatable_entity_absent,0,[],"""before"""
doi:10.1016/j.neuropsychologia.2017.07.018,publication_and_single_review_unit_profile,biggio_2017_common_racket,study_templates/biggio_2017_common_racket.json,design.custom_looming_files[].target_source_label,repeatable_entity_absent,0,[],""""""
doi:10.1016/j.neuropsychologia.2017.07.018,publication_and_single_review_unit_profile,biggio_2017_no_racket,study_templates/biggio_2017_no_racket.json,design.custom_looming_files[].target_source_label,repeatable_entity_absent,0,[],""""""
doi:10.1016/j.neuropsychologia.2017.07.018,publication_and_single_review_unit_profile,biggio_2017_personal_racket,study_templates/biggio_2017_personal_racket.json,design.custom_looming_files[].target_source_label,repeatable_entity_absent,0,[],""""""
doi:10.1016/j.neuropsychologia.2017.07.018,publication_and_single_review_unit_profile,biggio_2017_common_racket,study_templates/biggio_2017_common_racket.json,design.custom_looming_files[].phase,repeatable_entity_absent,0,[],""""""
doi:10.1016/j.neuropsychologia.2017.07.018,publication_and_single_review_unit_profile,biggio_2017_no_racket,study_templates/biggio_2017_no_racket.json,design.custom_looming_files[].phase,repeatable_entity_absent,0,[],""""""
doi:10.1016/j.neuropsychologia.2017.07.018,publication_and_single_review_unit_profile,biggio_2017_personal_racket,study_templates/biggio_2017_personal_racket.json,design.custom_looming_files[].phase,repeatable_entity_absent,0,[],""""""
doi:10.1016/j.neuropsychologia.2017.07.018,publication_and_single_review_unit_profile,biggio_2017_common_racket,study_templates/biggio_2017_common_racket.json,design.custom_looming_files[].gap_s,repeatable_entity_absent,0,[],0.0
doi:10.1016/j.neuropsychologia.2017.07.018,publication_and_single_review_unit_profile,biggio_2017_no_racket,study_templates/biggio_2017_no_racket.json,design.custom_looming_files[].gap_s,repeatable_entity_absent,0,[],0.0
doi:10.1016/j.neuropsychologia.2017.07.018,publication_and_single_review_unit_profile,biggio_2017_personal_racket,study_templates/biggio_2017_personal_racket.json,design.custom_looming_files[].gap_s,repeatable_entity_absent,0,[],0.0
doi:10.1016/j.neuropsychologia.2017.07.018,publication_and_single_review_unit_profile,biggio_2017_common_racket,study_templates/biggio_2017_common_racket.json,design.custom_looming_files[].sequence_order,repeatable_entity_absent,0,[],0
doi:10.1016/j.neuropsychologia.2017.07.018,publication_and_single_review_unit_profile,biggio_2017_no_racket,study_templates/biggio_2017_no_racket.json,design.custom_looming_files[].sequence_order,repeatable_entity_absent,0,[],0
doi:10.1016/j.neuropsychologia.2017.07.018,publication_and_single_review_unit_profile,biggio_2017_personal_racket,study_templates/biggio_2017_personal_racket.json,design.custom_looming_files[].sequence_order,repeatable_entity_absent,0,[],0
doi:10.1016/j.neuropsychologia.2017.07.018,publication_and_single_review_unit_profile,biggio_2017_common_racket,study_templates/biggio_2017_common_racket.json,design.custom_looming_files[].motion_mode,repeatable_entity_absent,0,[],"""looming"""
doi:10.1016/j.neuropsychologia.2017.07.018,publication_and_single_review_unit_profile,biggio_2017_no_racket,study_templates/biggio_2017_no_racket.json,design.custom_looming_files[].motion_mode,repeatable_entity_absent,0,[],"""looming"""
doi:10.1016/j.neuropsychologia.2017.07.018,publication_and_single_review_unit_profile,biggio_2017_personal_racket,study_templates/biggio_2017_personal_racket.json,design.custom_looming_files[].motion_mode,repeatable_entity_absent,0,[],"""looming"""
doi:10.1016/j.neuropsychologia.2017.07.018,publication_and_single_review_unit_profile,biggio_2017_common_racket,study_templates/biggio_2017_common_racket.json,design.custom_looming_files[].trajectory_snapshot,repeatable_entity_absent,0,[],{}
doi:10.1016/j.neuropsychologia.2017.07.018,publication_and_single_review_unit_profile,biggio_2017_no_racket,study_templates/biggio_2017_no_racket.json,design.custom_looming_files[].trajectory_snapshot,repeatable_entity_absent,0,[],{}
doi:10.1016/j.neuropsychologia.2017.07.018,publication_and_single_review_unit_profile,biggio_2017_personal_racket,study_templates/biggio_2017_personal_racket.json,design.custom_looming_files[].trajectory_snapshot,repeatable_entity_absent,0,[],{}
doi:10.1016/j.neuropsychologia.2017.07.018,publication_and_single_review_unit_profile,biggio_2017_common_racket,study_templates/biggio_2017_common_racket.json,design.custom_looming_files[].display_color_hex,repeatable_entity_absent,0,[],""""""
doi:10.1016/j.neuropsychologia.2017.07.018,publication_and_single_review_unit_profile,biggio_2017_no_racket,study_templates/biggio_2017_no_racket.json,design.custom_looming_files[].display_color_hex,repeatable_entity_absent,0,[],""""""
doi:10.1016/j.neuropsychologia.2017.07.018,publication_and_single_review_unit_profile,biggio_2017_personal_racket,study_templates/biggio_2017_personal_racket.json,design.custom_looming_files[].display_color_hex,repeatable_entity_absent,0,[],""""""
doi:10.1016/j.neuropsychologia.2017.07.018,publication_and_single_review_unit_profile,biggio_2017_common_racket,study_templates/biggio_2017_common_racket.json,design.custom_looming_files[].source_input_path,repeatable_entity_absent,0,[],""""""
doi:10.1016/j.neuropsychologia.2017.07.018,publication_and_single_review_unit_profile,biggio_2017_no_racket,study_templates/biggio_2017_no_racket.json,design.custom_looming_files[].source_input_path,repeatable_entity_absent,0,[],""""""
doi:10.1016/j.neuropsychologia.2017.07.018,publication_and_single_review_unit_profile,biggio_2017_personal_racket,study_templates/biggio_2017_personal_racket.json,design.custom_looming_files[].source_input_path,repeatable_entity_absent,0,[],""""""
doi:10.1016/j.neuropsychologia.2017.07.018,publication_and_single_review_unit_profile,biggio_2017_common_racket,study_templates/biggio_2017_common_racket.json,design.prestimulus_files[].label,repeatable_entity_absent,0,[],
doi:10.1016/j.neuropsychologia.2017.07.018,publication_and_single_review_unit_profile,biggio_2017_no_racket,study_templates/biggio_2017_no_racket.json,design.prestimulus_files[].label,repeatable_entity_absent,0,[],
doi:10.1016/j.neuropsychologia.2017.07.018,publication_and_single_review_unit_profile,biggio_2017_personal_racket,study_templates/biggio_2017_personal_racket.json,design.prestimulus_files[].label,repeatable_entity_absent,0,[],
doi:10.1016/j.neuropsychologia.2017.07.018,publication_and_single_review_unit_profile,biggio_2017_common_racket,study_templates/biggio_2017_common_racket.json,design.prestimulus_files[].path,repeatable_entity_absent,0,[],
doi:10.1016/j.neuropsychologia.2017.07.018,publication_and_single_review_unit_profile,biggio_2017_no_racket,study_templates/biggio_2017_no_racket.json,design.prestimulus_files[].path,repeatable_entity_absent,0,[],
doi:10.1016/j.neuropsychologia.2017.07.018,publication_and_single_review_unit_profile,biggio_2017_personal_racket,study_templates/biggio_2017_personal_racket.json,design.prestimulus_files[].path,repeatable_entity_absent,0,[],
doi:10.1016/j.neuropsychologia.2017.07.018,publication_and_single_review_unit_profile,biggio_2017_common_racket,study_templates/biggio_2017_common_racket.json,design.prestimulus_files[].target_duration_s,repeatable_entity_absent,0,[],4.0
doi:10.1016/j.neuropsychologia.2017.07.018,publication_and_single_review_unit_profile,biggio_2017_no_racket,study_templates/biggio_2017_no_racket.json,design.prestimulus_files[].target_duration_s,repeatable_entity_absent,0,[],4.0
doi:10.1016/j.neuropsychologia.2017.07.018,publication_and_single_review_unit_profile,biggio_2017_personal_racket,study_templates/biggio_2017_personal_racket.json,design.prestimulus_files[].target_duration_s,repeatable_entity_absent,0,[],4.0
doi:10.1016/j.neuropsychologia.2017.07.018,publication_and_single_review_unit_profile,biggio_2017_common_racket,study_templates/biggio_2017_common_racket.json,design.prestimulus_files[].render_mode,repeatable_entity_absent,0,[],"""preserve"""
doi:10.1016/j.neuropsychologia.2017.07.018,publication_and_single_review_unit_profile,biggio_2017_no_racket,study_templates/biggio_2017_no_racket.json,design.prestimulus_files[].render_mode,repeatable_entity_absent,0,[],"""preserve"""
doi:10.1016/j.neuropsychologia.2017.07.018,publication_and_single_review_unit_profile,biggio_2017_personal_racket,study_templates/biggio_2017_personal_racket.json,design.prestimulus_files[].render_mode,repeatable_entity_absent,0,[],"""preserve"""
doi:10.1016/j.neuropsychologia.2017.07.018,publication_and_single_review_unit_profile,biggio_2017_common_racket,study_templates/biggio_2017_common_racket.json,design.prestimulus_files[].tone_type,repeatable_entity_absent,0,[],""""""
doi:10.1016/j.neuropsychologia.2017.07.018,publication_and_single_review_unit_profile,biggio_2017_no_racket,study_templates/biggio_2017_no_racket.json,design.prestimulus_files[].tone_type,repeatable_entity_absent,0,[],""""""
doi:10.1016/j.neuropsychologia.2017.07.018,publication_and_single_review_unit_profile,biggio_2017_personal_racket,study_templates/biggio_2017_personal_racket.json,design.prestimulus_files[].tone_type,repeatable_entity_absent,0,[],""""""
doi:10.1016/j.neuropsychologia.2017.07.018,publication_and_single_review_unit_profile,biggio_2017_common_racket,study_templates/biggio_2017_common_racket.json,design.prestimulus_files[].gain,repeatable_entity_absent,0,[],1.0
doi:10.1016/j.neuropsychologia.2017.07.018,publication_and_single_review_unit_profile,biggio_2017_no_racket,study_templates/biggio_2017_no_racket.json,design.prestimulus_files[].gain,repeatable_entity_absent,0,[],1.0
doi:10.1016/j.neuropsychologia.2017.07.018,publication_and_single_review_unit_profile,biggio_2017_personal_racket,study_templates/biggio_2017_personal_racket.json,design.prestimulus_files[].gain,repeatable_entity_absent,0,[],1.0
doi:10.1016/j.neuropsychologia.2017.07.018,publication_and_single_review_unit_profile,biggio_2017_common_racket,study_templates/biggio_2017_common_racket.json,design.prestimulus_files[].placement,repeatable_entity_absent,0,[],"""before"""
doi:10.1016/j.neuropsychologia.2017.07.018,publication_and_single_review_unit_profile,biggio_2017_no_racket,study_templates/biggio_2017_no_racket.json,design.prestimulus_files[].placement,repeatable_entity_absent,0,[],"""before"""
doi:10.1016/j.neuropsychologia.2017.07.018,publication_and_single_review_unit_profile,biggio_2017_personal_racket,study_templates/biggio_2017_personal_racket.json,design.prestimulus_files[].placement,repeatable_entity_absent,0,[],"""before"""
doi:10.1016/j.neuropsychologia.2017.07.018,publication_and_single_review_unit_profile,biggio_2017_common_racket,study_templates/biggio_2017_common_racket.json,design.prestimulus_files[].target_source_label,repeatable_entity_absent,0,[],""""""
doi:10.1016/j.neuropsychologia.2017.07.018,publication_and_single_review_unit_profile,biggio_2017_no_racket,study_templates/biggio_2017_no_racket.json,design.prestimulus_files[].target_source_label,repeatable_entity_absent,0,[],""""""
doi:10.1016/j.neuropsychologia.2017.07.018,publication_and_single_review_unit_profile,biggio_2017_personal_racket,study_templates/biggio_2017_personal_racket.json,design.prestimulus_files[].target_source_label,repeatable_entity_absent,0,[],""""""
doi:10.1016/j.neuropsychologia.2017.07.018,publication_and_single_review_unit_profile,biggio_2017_common_racket,study_templates/biggio_2017_common_racket.json,design.prestimulus_files[].phase,repeatable_entity_absent,0,[],""""""
doi:10.1016/j.neuropsychologia.2017.07.018,publication_and_single_review_unit_profile,biggio_2017_no_racket,study_templates/biggio_2017_no_racket.json,design.prestimulus_files[].phase,repeatable_entity_absent,0,[],""""""
doi:10.1016/j.neuropsychologia.2017.07.018,publication_and_single_review_unit_profile,biggio_2017_personal_racket,study_templates/biggio_2017_personal_racket.json,design.prestimulus_files[].phase,repeatable_entity_absent,0,[],""""""
doi:10.1016/j.neuropsychologia.2017.07.018,publication_and_single_review_unit_profile,biggio_2017_common_racket,study_templates/biggio_2017_common_racket.json,design.prestimulus_files[].gap_s,repeatable_entity_absent,0,[],0.0
doi:10.1016/j.neuropsychologia.2017.07.018,publication_and_single_review_unit_profile,biggio_2017_no_racket,study_templates/biggio_2017_no_racket.json,design.prestimulus_files[].gap_s,repeatable_entity_absent,0,[],0.0
doi:10.1016/j.neuropsychologia.2017.07.018,publication_and_single_review_unit_profile,biggio_2017_personal_racket,study_templates/biggio_2017_personal_racket.json,design.prestimulus_files[].gap_s,repeatable_entity_absent,0,[],0.0
doi:10.1016/j.neuropsychologia.2017.07.018,publication_and_single_review_unit_profile,biggio_2017_common_racket,study_templates/biggio_2017_common_racket.json,design.prestimulus_files[].sequence_order,repeatable_entity_absent,0,[],0
doi:10.1016/j.neuropsychologia.2017.07.018,publication_and_single_review_unit_profile,biggio_2017_no_racket,study_templates/biggio_2017_no_racket.json,design.prestimulus_files[].sequence_order,repeatable_entity_absent,0,[],0
doi:10.1016/j.neuropsychologia.2017.07.018,publication_and_single_review_unit_profile,biggio_2017_personal_racket,study_templates/biggio_2017_personal_racket.json,design.prestimulus_files[].sequence_order,repeatable_entity_absent,0,[],0
doi:10.1016/j.neuropsychologia.2017.07.018,publication_and_single_review_unit_profile,biggio_2017_common_racket,study_templates/biggio_2017_common_racket.json,design.prestimulus_files[].motion_mode,repeatable_entity_absent,0,[],"""looming"""
doi:10.1016/j.neuropsychologia.2017.07.018,publication_and_single_review_unit_profile,biggio_2017_no_racket,study_templates/biggio_2017_no_racket.json,design.prestimulus_files[].motion_mode,repeatable_entity_absent,0,[],"""looming"""
doi:10.1016/j.neuropsychologia.2017.07.018,publication_and_single_review_unit_profile,biggio_2017_personal_racket,study_templates/biggio_2017_personal_racket.json,design.prestimulus_files[].motion_mode,repeatable_entity_absent,0,[],"""looming"""
doi:10.1016/j.neuropsychologia.2017.07.018,publication_and_single_review_unit_profile,biggio_2017_common_racket,study_templates/biggio_2017_common_racket.json,design.prestimulus_files[].trajectory_snapshot,repeatable_entity_absent,0,[],{}
doi:10.1016/j.neuropsychologia.2017.07.018,publication_and_single_review_unit_profile,biggio_2017_no_racket,study_templates/biggio_2017_no_racket.json,design.prestimulus_files[].trajectory_snapshot,repeatable_entity_absent,0,[],{}
doi:10.1016/j.neuropsychologia.2017.07.018,publication_and_single_review_unit_profile,biggio_2017_personal_racket,study_templates/biggio_2017_personal_racket.json,design.prestimulus_files[].trajectory_snapshot,repeatable_entity_absent,0,[],{}
doi:10.1016/j.neuropsychologia.2017.07.018,publication_and_single_review_unit_profile,biggio_2017_common_racket,study_templates/biggio_2017_common_racket.json,design.prestimulus_files[].display_color_hex,repeatable_entity_absent,0,[],""""""
doi:10.1016/j.neuropsychologia.2017.07.018,publication_and_single_review_unit_profile,biggio_2017_no_racket,study_templates/biggio_2017_no_racket.json,design.prestimulus_files[].display_color_hex,repeatable_entity_absent,0,[],""""""
doi:10.1016/j.neuropsychologia.2017.07.018,publication_and_single_review_unit_profile,biggio_2017_personal_racket,study_templates/biggio_2017_personal_racket.json,design.prestimulus_files[].display_color_hex,repeatable_entity_absent,0,[],""""""
doi:10.1016/j.neuropsychologia.2017.07.018,publication_and_single_review_unit_profile,biggio_2017_common_racket,study_templates/biggio_2017_common_racket.json,design.prestimulus_files[].source_input_path,repeatable_entity_absent,0,[],""""""
doi:10.1016/j.neuropsychologia.2017.07.018,publication_and_single_review_unit_profile,biggio_2017_no_racket,study_templates/biggio_2017_no_racket.json,design.prestimulus_files[].source_input_path,repeatable_entity_absent,0,[],""""""
doi:10.1016/j.neuropsychologia.2017.07.018,publication_and_single_review_unit_profile,biggio_2017_personal_racket,study_templates/biggio_2017_personal_racket.json,design.prestimulus_files[].source_input_path,repeatable_entity_absent,0,[],""""""
doi:10.1016/j.neuropsychologia.2017.07.018,publication_and_single_review_unit_profile,biggio_2017_common_racket,study_templates/biggio_2017_common_racket.json,design.trajectory.start_radius_m,serialized_explicit,1,[0.3],1.1
doi:10.1016/j.neuropsychologia.2017.07.018,publication_and_single_review_unit_profile,biggio_2017_no_racket,study_templates/biggio_2017_no_racket.json,design.trajectory.start_radius_m,serialized_explicit,1,[0.3],1.1
doi:10.1016/j.neuropsychologia.2017.07.018,publication_and_single_review_unit_profile,biggio_2017_personal_racket,study_templates/biggio_2017_personal_racket.json,design.trajectory.start_radius_m,serialized_explicit,1,[0.3],1.1
doi:10.1016/j.neuropsychologia.2017.07.018,publication_and_single_review_unit_profile,biggio_2017_common_racket,study_templates/biggio_2017_common_racket.json,design.trajectory.end_radius_m,serialized_explicit,1,[0.301],0.1
doi:10.1016/j.neuropsychologia.2017.07.018,publication_and_single_review_unit_profile,biggio_2017_no_racket,study_templates/biggio_2017_no_racket.json,design.trajectory.end_radius_m,serialized_explicit,1,[0.301],0.1
doi:10.1016/j.neuropsychologia.2017.07.018,publication_and_single_review_unit_profile,biggio_2017_personal_racket,study_templates/biggio_2017_personal_racket.json,design.trajectory.end_radius_m,serialized_explicit,1,[0.301],0.1
doi:10.1016/j.neuropsychologia.2017.07.018,publication_and_single_review_unit_profile,biggio_2017_common_racket,study_templates/biggio_2017_common_racket.json,design.trajectory.path_direction,serialized_explicit,1,"[""custom""]","""approach"""
doi:10.1016/j.neuropsychologia.2017.07.018,publication_and_single_review_unit_profile,biggio_2017_no_racket,study_templates/biggio_2017_no_racket.json,design.trajectory.path_direction,serialized_explicit,1,"[""custom""]","""approach"""
doi:10.1016/j.neuropsychologia.2017.07.018,publication_and_single_review_unit_profile,biggio_2017_personal_racket,study_templates/biggio_2017_personal_racket.json,design.trajectory.path_direction,serialized_explicit,1,"[""custom""]","""approach"""
doi:10.1016/j.neuropsychologia.2017.07.018,publication_and_single_review_unit_profile,biggio_2017_common_racket,study_templates/biggio_2017_common_racket.json,design.trajectory.coordinate_mode,serialized_explicit,1,"[""cartesian""]","""polar"""
doi:10.1016/j.neuropsychologia.2017.07.018,publication_and_single_review_unit_profile,biggio_2017_no_racket,study_templates/biggio_2017_no_racket.json,design.trajectory.coordinate_mode,serialized_explicit,1,"[""cartesian""]","""polar"""
doi:10.1016/j.neuropsychologia.2017.07.018,publication_and_single_review_unit_profile,biggio_2017_personal_racket,study_templates/biggio_2017_personal_racket.json,design.trajectory.coordinate_mode,serialized_explicit,1,"[""cartesian""]","""polar"""
doi:10.1016/j.neuropsychologia.2017.07.018,publication_and_single_review_unit_profile,biggio_2017_common_racket,study_templates/biggio_2017_common_racket.json,design.trajectory.start_x_m,serialized_explicit,1,[0.3],null
doi:10.1016/j.neuropsychologia.2017.07.018,publication_and_single_review_unit_profile,biggio_2017_no_racket,study_templates/biggio_2017_no_racket.json,design.trajectory.start_x_m,serialized_explicit,1,[0.3],null
doi:10.1016/j.neuropsychologia.2017.07.018,publication_and_single_review_unit_profile,biggio_2017_personal_racket,study_templates/biggio_2017_personal_racket.json,design.trajectory.start_x_m,serialized_explicit,1,[0.3],null
doi:10.1016/j.neuropsychologia.2017.07.018,publication_and_single_review_unit_profile,biggio_2017_common_racket,study_templates/biggio_2017_common_racket.json,design.trajectory.start_y_m,serialized_explicit,1,[0.0],null
doi:10.1016/j.neuropsychologia.2017.07.018,publication_and_single_review_unit_profile,biggio_2017_no_racket,study_templates/biggio_2017_no_racket.json,design.trajectory.start_y_m,serialized_explicit,1,[0.0],null
doi:10.1016/j.neuropsychologia.2017.07.018,publication_and_single_review_unit_profile,biggio_2017_personal_racket,study_templates/biggio_2017_personal_racket.json,design.trajectory.start_y_m,serialized_explicit,1,[0.0],null
doi:10.1016/j.neuropsychologia.2017.07.018,publication_and_single_review_unit_profile,biggio_2017_common_racket,study_templates/biggio_2017_common_racket.json,design.trajectory.start_z_m,serialized_explicit,1,[0.0],null
doi:10.1016/j.neuropsychologia.2017.07.018,publication_and_single_review_unit_profile,biggio_2017_no_racket,study_templates/biggio_2017_no_racket.json,design.trajectory.start_z_m,serialized_explicit,1,[0.0],null
doi:10.1016/j.neuropsychologia.2017.07.018,publication_and_single_review_unit_profile,biggio_2017_personal_racket,study_templates/biggio_2017_personal_racket.json,design.trajectory.start_z_m,serialized_explicit,1,[0.0],null
doi:10.1016/j.neuropsychologia.2017.07.018,publication_and_single_review_unit_profile,biggio_2017_common_racket,study_templates/biggio_2017_common_racket.json,design.trajectory.end_x_m,serialized_explicit,1,[0.301],null
doi:10.1016/j.neuropsychologia.2017.07.018,publication_and_single_review_unit_profile,biggio_2017_no_racket,study_templates/biggio_2017_no_racket.json,design.trajectory.end_x_m,serialized_explicit,1,[0.301],null
doi:10.1016/j.neuropsychologia.2017.07.018,publication_and_single_review_unit_profile,biggio_2017_personal_racket,study_templates/biggio_2017_personal_racket.json,design.trajectory.end_x_m,serialized_explicit,1,[0.301],null
doi:10.1016/j.neuropsychologia.2017.07.018,publication_and_single_review_unit_profile,biggio_2017_common_racket,study_templates/biggio_2017_common_racket.json,design.trajectory.end_y_m,serialized_explicit,1,[0.0],null
doi:10.1016/j.neuropsychologia.2017.07.018,publication_and_single_review_unit_profile,biggio_2017_no_racket,study_templates/biggio_2017_no_racket.json,design.trajectory.end_y_m,serialized_explicit,1,[0.0],null
doi:10.1016/j.neuropsychologia.2017.07.018,publication_and_single_review_unit_profile,biggio_2017_personal_racket,study_templates/biggio_2017_personal_racket.json,design.trajectory.end_y_m,serialized_explicit,1,[0.0],null
doi:10.1016/j.neuropsychologia.2017.07.018,publication_and_single_review_unit_profile,biggio_2017_common_racket,study_templates/biggio_2017_common_racket.json,design.trajectory.end_z_m,serialized_explicit,1,[0.0],null
doi:10.1016/j.neuropsychologia.2017.07.018,publication_and_single_review_unit_profile,biggio_2017_no_racket,study_templates/biggio_2017_no_racket.json,design.trajectory.end_z_m,serialized_explicit,1,[0.0],null
doi:10.1016/j.neuropsychologia.2017.07.018,publication_and_single_review_unit_profile,biggio_2017_personal_racket,study_templates/biggio_2017_personal_racket.json,design.trajectory.end_z_m,serialized_explicit,1,[0.0],null
doi:10.1016/j.neuropsychologia.2017.07.018,publication_and_single_review_unit_profile,biggio_2017_common_racket,study_templates/biggio_2017_common_racket.json,design.trajectory.path_length_m,serialized_explicit,1,[0.001],1.0
doi:10.1016/j.neuropsychologia.2017.07.018,publication_and_single_review_unit_profile,biggio_2017_no_racket,study_templates/biggio_2017_no_racket.json,design.trajectory.path_length_m,serialized_explicit,1,[0.001],1.0
doi:10.1016/j.neuropsychologia.2017.07.018,publication_and_single_review_unit_profile,biggio_2017_personal_racket,study_templates/biggio_2017_personal_racket.json,design.trajectory.path_length_m,serialized_explicit,1,[0.001],1.0
doi:10.1016/j.neuropsychologia.2017.07.018,publication_and_single_review_unit_profile,biggio_2017_common_racket,study_templates/biggio_2017_common_racket.json,design.trajectory.propagation_speed_mps,serialized_explicit,1,[0.006666667],0.3333333333333333
doi:10.1016/j.neuropsychologia.2017.07.018,publication_and_single_review_unit_profile,biggio_2017_no_racket,study_templates/biggio_2017_no_racket.json,design.trajectory.propagation_speed_mps,serialized_explicit,1,[0.006666667],0.3333333333333333
doi:10.1016/j.neuropsychologia.2017.07.018,publication_and_single_review_unit_profile,biggio_2017_personal_racket,study_templates/biggio_2017_personal_racket.json,design.trajectory.propagation_speed_mps,serialized_explicit,1,[0.006666667],0.3333333333333333
doi:10.1016/j.neuropsychologia.2017.07.018,publication_and_single_review_unit_profile,biggio_2017_common_racket,study_templates/biggio_2017_common_racket.json,design.trajectory.azimuth_start_deg,serialized_explicit,1,[90.0],0.0
doi:10.1016/j.neuropsychologia.2017.07.018,publication_and_single_review_unit_profile,biggio_2017_no_racket,study_templates/biggio_2017_no_racket.json,design.trajectory.azimuth_start_deg,serialized_explicit,1,[90.0],0.0
doi:10.1016/j.neuropsychologia.2017.07.018,publication_and_single_review_unit_profile,biggio_2017_personal_racket,study_templates/biggio_2017_personal_racket.json,design.trajectory.azimuth_start_deg,serialized_explicit,1,[90.0],0.0
doi:10.1016/j.neuropsychologia.2017.07.018,publication_and_single_review_unit_profile,biggio_2017_common_racket,study_templates/biggio_2017_common_racket.json,design.trajectory.azimuth_end_deg,serialized_explicit,1,[90.0],0.0
doi:10.1016/j.neuropsychologia.2017.07.018,publication_and_single_review_unit_profile,biggio_2017_no_racket,study_templates/biggio_2017_no_racket.json,design.trajectory.azimuth_end_deg,serialized_explicit,1,[90.0],0.0
doi:10.1016/j.neuropsychologia.2017.07.018,publication_and_single_review_unit_profile,biggio_2017_personal_racket,study_templates/biggio_2017_personal_racket.json,design.trajectory.azimuth_end_deg,serialized_explicit,1,[90.0],0.0
doi:10.1016/j.neuropsychologia.2017.07.018,publication_and_single_review_unit_profile,biggio_2017_common_racket,study_templates/biggio_2017_common_racket.json,design.trajectory.elevation_deg,serialized_explicit,1,[0.0],0.0
doi:10.1016/j.neuropsychologia.2017.07.018,publication_and_single_review_unit_profile,biggio_2017_no_racket,study_templates/biggio_2017_no_racket.json,design.trajectory.elevation_deg,serialized_explicit,1,[0.0],0.0
doi:10.1016/j.neuropsychologia.2017.07.018,publication_and_single_review_unit_profile,biggio_2017_personal_racket,study_templates/biggio_2017_personal_racket.json,design.trajectory.elevation_deg,serialized_explicit,1,[0.0],0.0
doi:10.1016/j.neuropsychologia.2017.07.018,publication_and_single_review_unit_profile,biggio_2017_common_racket,study_templates/biggio_2017_common_racket.json,design.trajectory.padding_pre_s,serialized_explicit,1,[0.0],0.5
doi:10.1016/j.neuropsychologia.2017.07.018,publication_and_single_review_unit_profile,biggio_2017_no_racket,study_templates/biggio_2017_no_racket.json,design.trajectory.padding_pre_s,serialized_explicit,1,[0.0],0.5
doi:10.1016/j.neuropsychologia.2017.07.018,publication_and_single_review_unit_profile,biggio_2017_personal_racket,study_templates/biggio_2017_personal_racket.json,design.trajectory.padding_pre_s,serialized_explicit,1,[0.0],0.5
doi:10.1016/j.neuropsychologia.2017.07.018,publication_and_single_review_unit_profile,biggio_2017_common_racket,study_templates/biggio_2017_common_racket.json,design.trajectory.padding_post_s,serialized_explicit,1,[0.0],0.5
doi:10.1016/j.neuropsychologia.2017.07.018,publication_and_single_review_unit_profile,biggio_2017_no_racket,study_templates/biggio_2017_no_racket.json,design.trajectory.padding_post_s,serialized_explicit,1,[0.0],0.5
doi:10.1016/j.neuropsychologia.2017.07.018,publication_and_single_review_unit_profile,biggio_2017_personal_racket,study_templates/biggio_2017_personal_racket.json,design.trajectory.padding_post_s,serialized_explicit,1,[0.0],0.5
doi:10.1016/j.neuropsychologia.2017.07.018,publication_and_single_review_unit_profile,biggio_2017_common_racket,study_templates/biggio_2017_common_racket.json,design.trajectory.sample_rate,serialized_explicit,1,[44100],44100
doi:10.1016/j.neuropsychologia.2017.07.018,publication_and_single_review_unit_profile,biggio_2017_no_racket,study_templates/biggio_2017_no_racket.json,design.trajectory.sample_rate,serialized_explicit,1,[44100],44100
doi:10.1016/j.neuropsychologia.2017.07.018,publication_and_single_review_unit_profile,biggio_2017_personal_racket,study_templates/biggio_2017_personal_racket.json,design.trajectory.sample_rate,serialized_explicit,1,[44100],44100
doi:10.1016/j.neuropsychologia.2017.07.018,publication_and_single_review_unit_profile,biggio_2017_common_racket,study_templates/biggio_2017_common_racket.json,design.trajectory.use_inverse_square,serialized_explicit,1,[false],true
doi:10.1016/j.neuropsychologia.2017.07.018,publication_and_single_review_unit_profile,biggio_2017_no_racket,study_templates/biggio_2017_no_racket.json,design.trajectory.use_inverse_square,serialized_explicit,1,[false],true
doi:10.1016/j.neuropsychologia.2017.07.018,publication_and_single_review_unit_profile,biggio_2017_personal_racket,study_templates/biggio_2017_personal_racket.json,design.trajectory.use_inverse_square,serialized_explicit,1,[false],true
doi:10.1016/j.neuropsychologia.2017.07.018,publication_and_single_review_unit_profile,biggio_2017_common_racket,study_templates/biggio_2017_common_racket.json,design.protocol.repetitions_per_condition,serialized_explicit,1,[30],1
doi:10.1016/j.neuropsychologia.2017.07.018,publication_and_single_review_unit_profile,biggio_2017_no_racket,study_templates/biggio_2017_no_racket.json,design.protocol.repetitions_per_condition,serialized_explicit,1,[30],1
doi:10.1016/j.neuropsychologia.2017.07.018,publication_and_single_review_unit_profile,biggio_2017_personal_racket,study_templates/biggio_2017_personal_racket.json,design.protocol.repetitions_per_condition,serialized_explicit,1,[30],1
doi:10.1016/j.neuropsychologia.2017.07.018,publication_and_single_review_unit_profile,biggio_2017_common_racket,study_templates/biggio_2017_common_racket.json,design.protocol.trial_pool_repetition_defaults,serialized_explicit,1,"[{""audio_tactile"":30,""catch"":15,""default"":30}]",{}
doi:10.1016/j.neuropsychologia.2017.07.018,publication_and_single_review_unit_profile,biggio_2017_no_racket,study_templates/biggio_2017_no_racket.json,design.protocol.trial_pool_repetition_defaults,serialized_explicit,1,"[{""audio_tactile"":30,""catch"":15,""default"":30}]",{}
doi:10.1016/j.neuropsychologia.2017.07.018,publication_and_single_review_unit_profile,biggio_2017_personal_racket,study_templates/biggio_2017_personal_racket.json,design.protocol.trial_pool_repetition_defaults,serialized_explicit,1,"[{""audio_tactile"":30,""catch"":15,""default"":30}]",{}
doi:10.1016/j.neuropsychologia.2017.07.018,publication_and_single_review_unit_profile,biggio_2017_common_racket,study_templates/biggio_2017_common_racket.json,design.protocol.soa_values_ms,serialized_explicit,1,"[[0,2]]","[300,800,1500,2200,2700]"
doi:10.1016/j.neuropsychologia.2017.07.018,publication_and_single_review_unit_profile,biggio_2017_no_racket,study_templates/biggio_2017_no_racket.json,design.protocol.soa_values_ms,serialized_explicit,1,"[[0,2]]","[300,800,1500,2200,2700]"
doi:10.1016/j.neuropsychologia.2017.07.018,publication_and_single_review_unit_profile,biggio_2017_personal_racket,study_templates/biggio_2017_personal_racket.json,design.protocol.soa_values_ms,serialized_explicit,1,"[[0,2]]","[300,800,1500,2200,2700]"
doi:10.1016/j.neuropsychologia.2017.07.018,publication_and_single_review_unit_profile,biggio_2017_common_racket,study_templates/biggio_2017_common_racket.json,design.protocol.spatial_values_cm,serialized_explicit,1,"[[30.0,98.5]]","[100.0,83.3,60.0,36.7,20.0]"
doi:10.1016/j.neuropsychologia.2017.07.018,publication_and_single_review_unit_profile,biggio_2017_no_racket,study_templates/biggio_2017_no_racket.json,design.protocol.spatial_values_cm,serialized_explicit,1,"[[30.0,98.5]]","[100.0,83.3,60.0,36.7,20.0]"
doi:10.1016/j.neuropsychologia.2017.07.018,publication_and_single_review_unit_profile,biggio_2017_personal_racket,study_templates/biggio_2017_personal_racket.json,design.protocol.spatial_values_cm,serialized_explicit,1,"[[30.0,98.5]]","[100.0,83.3,60.0,36.7,20.0]"
doi:10.1016/j.neuropsychologia.2017.07.018,publication_and_single_review_unit_profile,biggio_2017_common_racket,study_templates/biggio_2017_common_racket.json,design.protocol.pair_spatial_values_with_soas,serialized_explicit,1,[true],true
doi:10.1016/j.neuropsychologia.2017.07.018,publication_and_single_review_unit_profile,biggio_2017_no_racket,study_templates/biggio_2017_no_racket.json,design.protocol.pair_spatial_values_with_soas,serialized_explicit,1,[true],true
doi:10.1016/j.neuropsychologia.2017.07.018,publication_and_single_review_unit_profile,biggio_2017_personal_racket,study_templates/biggio_2017_personal_racket.json,design.protocol.pair_spatial_values_with_soas,serialized_explicit,1,[true],true
doi:10.1016/j.neuropsychologia.2017.07.018,publication_and_single_review_unit_profile,biggio_2017_common_racket,study_templates/biggio_2017_common_racket.json,design.protocol.auditory_motion_directions,serialized_explicit,1,"[[""stationary_near"",""stationary_far""]]","[""looming""]"
doi:10.1016/j.neuropsychologia.2017.07.018,publication_and_single_review_unit_profile,biggio_2017_no_racket,study_templates/biggio_2017_no_racket.json,design.protocol.auditory_motion_directions,serialized_explicit,1,"[[""stationary_near"",""stationary_far""]]","[""looming""]"
doi:10.1016/j.neuropsychologia.2017.07.018,publication_and_single_review_unit_profile,biggio_2017_personal_racket,study_templates/biggio_2017_personal_racket.json,design.protocol.auditory_motion_directions,serialized_explicit,1,"[[""stationary_near"",""stationary_far""]]","[""looming""]"
doi:10.1016/j.neuropsychologia.2017.07.018,publication_and_single_review_unit_profile,biggio_2017_common_racket,study_templates/biggio_2017_common_racket.json,design.protocol.tactile_sites,serialized_explicit,1,"[[""right wrist""]]","[""hand""]"
doi:10.1016/j.neuropsychologia.2017.07.018,publication_and_single_review_unit_profile,biggio_2017_no_racket,study_templates/biggio_2017_no_racket.json,design.protocol.tactile_sites,serialized_explicit,1,"[[""right wrist""]]","[""hand""]"
doi:10.1016/j.neuropsychologia.2017.07.018,publication_and_single_review_unit_profile,biggio_2017_personal_racket,study_templates/biggio_2017_personal_racket.json,design.protocol.tactile_sites,serialized_explicit,1,"[[""right wrist""]]","[""hand""]"
doi:10.1016/j.neuropsychologia.2017.07.018,publication_and_single_review_unit_profile,biggio_2017_common_racket,study_templates/biggio_2017_common_racket.json,design.protocol.include_catch_trials,serialized_explicit,1,[true],true
doi:10.1016/j.neuropsychologia.2017.07.018,publication_and_single_review_unit_profile,biggio_2017_no_racket,study_templates/biggio_2017_no_racket.json,design.protocol.include_catch_trials,serialized_explicit,1,[true],true
doi:10.1016/j.neuropsychologia.2017.07.018,publication_and_single_review_unit_profile,biggio_2017_personal_racket,study_templates/biggio_2017_personal_racket.json,design.protocol.include_catch_trials,serialized_explicit,1,[true],true
doi:10.1016/j.neuropsychologia.2017.07.018,publication_and_single_review_unit_profile,biggio_2017_common_racket,study_templates/biggio_2017_common_racket.json,design.protocol.catch_trial_percentage,serialized_explicit,1,[33.3333],10.0
doi:10.1016/j.neuropsychologia.2017.07.018,publication_and_single_review_unit_profile,biggio_2017_no_racket,study_templates/biggio_2017_no_racket.json,design.protocol.catch_trial_percentage,serialized_explicit,1,[33.3333],10.0
doi:10.1016/j.neuropsychologia.2017.07.018,publication_and_single_review_unit_profile,biggio_2017_personal_racket,study_templates/biggio_2017_personal_racket.json,design.protocol.catch_trial_percentage,serialized_explicit,1,[33.3333],10.0
doi:10.1016/j.neuropsychologia.2017.07.018,publication_and_single_review_unit_profile,biggio_2017_common_racket,study_templates/biggio_2017_common_racket.json,design.protocol.catch_trials_exact,serialized_explicit,1,[30],null
doi:10.1016/j.neuropsychologia.2017.07.018,publication_and_single_review_unit_profile,biggio_2017_no_racket,study_templates/biggio_2017_no_racket.json,design.protocol.catch_trials_exact,serialized_explicit,1,[30],null
doi:10.1016/j.neuropsychologia.2017.07.018,publication_and_single_review_unit_profile,biggio_2017_personal_racket,study_templates/biggio_2017_personal_racket.json,design.protocol.catch_trials_exact,serialized_explicit,1,[30],null
doi:10.1016/j.neuropsychologia.2017.07.018,publication_and_single_review_unit_profile,biggio_2017_common_racket,study_templates/biggio_2017_common_racket.json,design.protocol.catch_crosses_sequence_variants,serialized_explicit,1,[true],true
doi:10.1016/j.neuropsychologia.2017.07.018,publication_and_single_review_unit_profile,biggio_2017_no_racket,study_templates/biggio_2017_no_racket.json,design.protocol.catch_crosses_sequence_variants,serialized_explicit,1,[true],true
doi:10.1016/j.neuropsychologia.2017.07.018,publication_and_single_review_unit_profile,biggio_2017_personal_racket,study_templates/biggio_2017_personal_racket.json,design.protocol.catch_crosses_sequence_variants,serialized_explicit,1,[true],true
doi:10.1016/j.neuropsychologia.2017.07.018,publication_and_single_review_unit_profile,biggio_2017_common_racket,study_templates/biggio_2017_common_racket.json,design.protocol.include_auditory_only_trials,typed_or_parser_default_not_serialized,0,[],false
doi:10.1016/j.neuropsychologia.2017.07.018,publication_and_single_review_unit_profile,biggio_2017_no_racket,study_templates/biggio_2017_no_racket.json,design.protocol.include_auditory_only_trials,typed_or_parser_default_not_serialized,0,[],false
doi:10.1016/j.neuropsychologia.2017.07.018,publication_and_single_review_unit_profile,biggio_2017_personal_racket,study_templates/biggio_2017_personal_racket.json,design.protocol.include_auditory_only_trials,typed_or_parser_default_not_serialized,0,[],false
doi:10.1016/j.neuropsychologia.2017.07.018,publication_and_single_review_unit_profile,biggio_2017_common_racket,study_templates/biggio_2017_common_racket.json,design.protocol.auditory_only_trial_percentage,typed_or_parser_default_not_serialized,0,[],0.0
doi:10.1016/j.neuropsychologia.2017.07.018,publication_and_single_review_unit_profile,biggio_2017_no_racket,study_templates/biggio_2017_no_racket.json,design.protocol.auditory_only_trial_percentage,typed_or_parser_default_not_serialized,0,[],0.0
doi:10.1016/j.neuropsychologia.2017.07.018,publication_and_single_review_unit_profile,biggio_2017_personal_racket,study_templates/biggio_2017_personal_racket.json,design.protocol.auditory_only_trial_percentage,typed_or_parser_default_not_serialized,0,[],0.0
doi:10.1016/j.neuropsychologia.2017.07.018,publication_and_single_review_unit_profile,biggio_2017_common_racket,study_templates/biggio_2017_common_racket.json,design.protocol.auditory_only_trials_exact,typed_or_parser_default_not_serialized,0,[],null
doi:10.1016/j.neuropsychologia.2017.07.018,publication_and_single_review_unit_profile,biggio_2017_no_racket,study_templates/biggio_2017_no_racket.json,design.protocol.auditory_only_trials_exact,typed_or_parser_default_not_serialized,0,[],null
doi:10.1016/j.neuropsychologia.2017.07.018,publication_and_single_review_unit_profile,biggio_2017_personal_racket,study_templates/biggio_2017_personal_racket.json,design.protocol.auditory_only_trials_exact,typed_or_parser_default_not_serialized,0,[],null
doi:10.1016/j.neuropsychologia.2017.07.018,publication_and_single_review_unit_profile,biggio_2017_common_racket,study_templates/biggio_2017_common_racket.json,design.protocol.auditory_only_crosses_sequence_variants,typed_or_parser_default_not_serialized,0,[],true
doi:10.1016/j.neuropsychologia.2017.07.018,publication_and_single_review_unit_profile,biggio_2017_no_racket,study_templates/biggio_2017_no_racket.json,design.protocol.auditory_only_crosses_sequence_variants,typed_or_parser_default_not_serialized,0,[],true
doi:10.1016/j.neuropsychologia.2017.07.018,publication_and_single_review_unit_profile,biggio_2017_personal_racket,study_templates/biggio_2017_personal_racket.json,design.protocol.auditory_only_crosses_sequence_variants,typed_or_parser_default_not_serialized,0,[],true
doi:10.1016/j.neuropsychologia.2017.07.018,publication_and_single_review_unit_profile,biggio_2017_common_racket,study_templates/biggio_2017_common_racket.json,design.protocol.include_baseline_trials,serialized_explicit,1,[false],true
doi:10.1016/j.neuropsychologia.2017.07.018,publication_and_single_review_unit_profile,biggio_2017_no_racket,study_templates/biggio_2017_no_racket.json,design.protocol.include_baseline_trials,serialized_explicit,1,[false],true
doi:10.1016/j.neuropsychologia.2017.07.018,publication_and_single_review_unit_profile,biggio_2017_personal_racket,study_templates/biggio_2017_personal_racket.json,design.protocol.include_baseline_trials,serialized_explicit,1,[false],true
doi:10.1016/j.neuropsychologia.2017.07.018,publication_and_single_review_unit_profile,biggio_2017_common_racket,study_templates/biggio_2017_common_racket.json,design.protocol.baseline_strategy,typed_or_parser_default_not_serialized,0,[],"""tactile_only"""
doi:10.1016/j.neuropsychologia.2017.07.018,publication_and_single_review_unit_profile,biggio_2017_no_racket,study_templates/biggio_2017_no_racket.json,design.protocol.baseline_strategy,typed_or_parser_default_not_serialized,0,[],"""tactile_only"""
doi:10.1016/j.neuropsychologia.2017.07.018,publication_and_single_review_unit_profile,biggio_2017_personal_racket,study_templates/biggio_2017_personal_racket.json,design.protocol.baseline_strategy,typed_or_parser_default_not_serialized,0,[],"""tactile_only"""
doi:10.1016/j.neuropsychologia.2017.07.018,publication_and_single_review_unit_profile,biggio_2017_common_racket,study_templates/biggio_2017_common_racket.json,design.protocol.baseline_trials_exact,typed_or_parser_default_not_serialized,0,[],null
doi:10.1016/j.neuropsychologia.2017.07.018,publication_and_single_review_unit_profile,biggio_2017_no_racket,study_templates/biggio_2017_no_racket.json,design.protocol.baseline_trials_exact,typed_or_parser_default_not_serialized,0,[],null
doi:10.1016/j.neuropsychologia.2017.07.018,publication_and_single_review_unit_profile,biggio_2017_personal_racket,study_templates/biggio_2017_personal_racket.json,design.protocol.baseline_trials_exact,typed_or_parser_default_not_serialized,0,[],null
doi:10.1016/j.neuropsychologia.2017.07.018,publication_and_single_review_unit_profile,biggio_2017_common_racket,study_templates/biggio_2017_common_racket.json,design.protocol.baseline_trial_percentage,typed_or_parser_default_not_serialized,0,[],0.0
doi:10.1016/j.neuropsychologia.2017.07.018,publication_and_single_review_unit_profile,biggio_2017_no_racket,study_templates/biggio_2017_no_racket.json,design.protocol.baseline_trial_percentage,typed_or_parser_default_not_serialized,0,[],0.0
doi:10.1016/j.neuropsychologia.2017.07.018,publication_and_single_review_unit_profile,biggio_2017_personal_racket,study_templates/biggio_2017_personal_racket.json,design.protocol.baseline_trial_percentage,typed_or_parser_default_not_serialized,0,[],0.0
doi:10.1016/j.neuropsychologia.2017.07.018,publication_and_single_review_unit_profile,biggio_2017_common_racket,study_templates/biggio_2017_common_racket.json,design.protocol.baseline_soa_values_ms,serialized_explicit,1,[[]],[]
doi:10.1016/j.neuropsychologia.2017.07.018,publication_and_single_review_unit_profile,biggio_2017_no_racket,study_templates/biggio_2017_no_racket.json,design.protocol.baseline_soa_values_ms,serialized_explicit,1,[[]],[]
doi:10.1016/j.neuropsychologia.2017.07.018,publication_and_single_review_unit_profile,biggio_2017_personal_racket,study_templates/biggio_2017_personal_racket.json,design.protocol.baseline_soa_values_ms,serialized_explicit,1,[[]],[]
doi:10.1016/j.neuropsychologia.2017.07.018,publication_and_single_review_unit_profile,biggio_2017_common_racket,study_templates/biggio_2017_common_racket.json,design.protocol.baseline_custom_trial_mode,typed_or_parser_default_not_serialized,0,[],"""tactile_only"""
doi:10.1016/j.neuropsychologia.2017.07.018,publication_and_single_review_unit_profile,biggio_2017_no_racket,study_templates/biggio_2017_no_racket.json,design.protocol.baseline_custom_trial_mode,typed_or_parser_default_not_serialized,0,[],"""tactile_only"""
doi:10.1016/j.neuropsychologia.2017.07.018,publication_and_single_review_unit_profile,biggio_2017_personal_racket,study_templates/biggio_2017_personal_racket.json,design.protocol.baseline_custom_trial_mode,typed_or_parser_default_not_serialized,0,[],"""tactile_only"""
doi:10.1016/j.neuropsychologia.2017.07.018,publication_and_single_review_unit_profile,biggio_2017_common_racket,study_templates/biggio_2017_common_racket.json,design.protocol.baseline_crosses_sequence_variants,typed_or_parser_default_not_serialized,0,[],true
doi:10.1016/j.neuropsychologia.2017.07.018,publication_and_single_review_unit_profile,biggio_2017_no_racket,study_templates/biggio_2017_no_racket.json,design.protocol.baseline_crosses_sequence_variants,typed_or_parser_default_not_serialized,0,[],true
doi:10.1016/j.neuropsychologia.2017.07.018,publication_and_single_review_unit_profile,biggio_2017_personal_racket,study_templates/biggio_2017_personal_racket.json,design.protocol.baseline_crosses_sequence_variants,typed_or_parser_default_not_serialized,0,[],true
doi:10.1016/j.neuropsychologia.2017.07.018,publication_and_single_review_unit_profile,biggio_2017_common_racket,study_templates/biggio_2017_common_racket.json,design.protocol.respiratory_phases,serialized_explicit,1,"[[""Common racket session""]]","[""Inhale"",""Exhale""]"
doi:10.1016/j.neuropsychologia.2017.07.018,publication_and_single_review_unit_profile,biggio_2017_no_racket,study_templates/biggio_2017_no_racket.json,design.protocol.respiratory_phases,serialized_explicit,1,"[[""No racket session""]]","[""Inhale"",""Exhale""]"
doi:10.1016/j.neuropsychologia.2017.07.018,publication_and_single_review_unit_profile,biggio_2017_personal_racket,study_templates/biggio_2017_personal_racket.json,design.protocol.respiratory_phases,serialized_explicit,1,"[[""Personal racket session""]]","[""Inhale"",""Exhale""]"
doi:10.1016/j.neuropsychologia.2017.07.018,publication_and_single_review_unit_profile,biggio_2017_common_racket,study_templates/biggio_2017_common_racket.json,design.protocol.blocks,serialized_explicit,1,[1],6
doi:10.1016/j.neuropsychologia.2017.07.018,publication_and_single_review_unit_profile,biggio_2017_no_racket,study_templates/biggio_2017_no_racket.json,design.protocol.blocks,serialized_explicit,1,[1],6
doi:10.1016/j.neuropsychologia.2017.07.018,publication_and_single_review_unit_profile,biggio_2017_personal_racket,study_templates/biggio_2017_personal_racket.json,design.protocol.blocks,serialized_explicit,1,[1],6
doi:10.1016/j.neuropsychologia.2017.07.018,publication_and_single_review_unit_profile,biggio_2017_common_racket,study_templates/biggio_2017_common_racket.json,design.protocol.block_specs[].label,serialized_explicit,1,"[""Common racket session""]",
doi:10.1016/j.neuropsychologia.2017.07.018,publication_and_single_review_unit_profile,biggio_2017_no_racket,study_templates/biggio_2017_no_racket.json,design.protocol.block_specs[].label,serialized_explicit,1,"[""No racket session""]",
doi:10.1016/j.neuropsychologia.2017.07.018,publication_and_single_review_unit_profile,biggio_2017_personal_racket,study_templates/biggio_2017_personal_racket.json,design.protocol.block_specs[].label,serialized_explicit,1,"[""Personal racket session""]",
doi:10.1016/j.neuropsychologia.2017.07.018,publication_and_single_review_unit_profile,biggio_2017_common_racket,study_templates/biggio_2017_common_racket.json,design.protocol.block_specs[].stimulus_types,serialized_explicit,1,"[[""Audio-Tactile"",""Catch""]]","[""Audio-Tactile"",""Baseline"",""Catch""]"
doi:10.1016/j.neuropsychologia.2017.07.018,publication_and_single_review_unit_profile,biggio_2017_no_racket,study_templates/biggio_2017_no_racket.json,design.protocol.block_specs[].stimulus_types,serialized_explicit,1,"[[""Audio-Tactile"",""Catch""]]","[""Audio-Tactile"",""Baseline"",""Catch""]"
doi:10.1016/j.neuropsychologia.2017.07.018,publication_and_single_review_unit_profile,biggio_2017_personal_racket,study_templates/biggio_2017_personal_racket.json,design.protocol.block_specs[].stimulus_types,serialized_explicit,1,"[[""Audio-Tactile"",""Catch""]]","[""Audio-Tactile"",""Baseline"",""Catch""]"
doi:10.1016/j.neuropsychologia.2017.07.018,publication_and_single_review_unit_profile,biggio_2017_common_racket,study_templates/biggio_2017_common_racket.json,design.protocol.repeat_trial_pool_per_block,typed_or_parser_default_not_serialized,0,[],false
doi:10.1016/j.neuropsychologia.2017.07.018,publication_and_single_review_unit_profile,biggio_2017_no_racket,study_templates/biggio_2017_no_racket.json,design.protocol.repeat_trial_pool_per_block,typed_or_parser_default_not_serialized,0,[],false
doi:10.1016/j.neuropsychologia.2017.07.018,publication_and_single_review_unit_profile,biggio_2017_personal_racket,study_templates/biggio_2017_personal_racket.json,design.protocol.repeat_trial_pool_per_block,typed_or_parser_default_not_serialized,0,[],false
doi:10.1016/j.neuropsychologia.2017.07.018,publication_and_single_review_unit_profile,biggio_2017_common_racket,study_templates/biggio_2017_common_racket.json,design.protocol.distribute_trial_pool_across_blocks,serialized_explicit,1,[true],false
doi:10.1016/j.neuropsychologia.2017.07.018,publication_and_single_review_unit_profile,biggio_2017_no_racket,study_templates/biggio_2017_no_racket.json,design.protocol.distribute_trial_pool_across_blocks,serialized_explicit,1,[true],false
doi:10.1016/j.neuropsychologia.2017.07.018,publication_and_single_review_unit_profile,biggio_2017_personal_racket,study_templates/biggio_2017_personal_racket.json,design.protocol.distribute_trial_pool_across_blocks,serialized_explicit,1,[true],false
doi:10.1016/j.neuropsychologia.2017.07.018,publication_and_single_review_unit_profile,biggio_2017_common_racket,study_templates/biggio_2017_common_racket.json,design.protocol.trial_strips[].strip_id,serialized_explicit,2,"[""biggio-2017-common-racket-near"",""biggio-2017-common-racket-far""]",""""""
doi:10.1016/j.neuropsychologia.2017.07.018,publication_and_single_review_unit_profile,biggio_2017_no_racket,study_templates/biggio_2017_no_racket.json,design.protocol.trial_strips[].strip_id,serialized_explicit,2,"[""biggio-2017-no-racket-near"",""biggio-2017-no-racket-far""]",""""""
doi:10.1016/j.neuropsychologia.2017.07.018,publication_and_single_review_unit_profile,biggio_2017_personal_racket,study_templates/biggio_2017_personal_racket.json,design.protocol.trial_strips[].strip_id,serialized_explicit,2,"[""biggio-2017-personal-racket-near"",""biggio-2017-personal-racket-far""]",""""""
doi:10.1016/j.neuropsychologia.2017.07.018,publication_and_single_review_unit_profile,biggio_2017_common_racket,study_templates/biggio_2017_common_racket.json,design.protocol.trial_strips[].label,serialized_explicit,2,"[""Common racket near target"",""Common racket far target""]",""""""
doi:10.1016/j.neuropsychologia.2017.07.018,publication_and_single_review_unit_profile,biggio_2017_no_racket,study_templates/biggio_2017_no_racket.json,design.protocol.trial_strips[].label,serialized_explicit,2,"[""No racket near target"",""No racket far target""]",""""""
doi:10.1016/j.neuropsychologia.2017.07.018,publication_and_single_review_unit_profile,biggio_2017_personal_racket,study_templates/biggio_2017_personal_racket.json,design.protocol.trial_strips[].label,serialized_explicit,2,"[""Personal racket near target"",""Personal racket far target""]",""""""
doi:10.1016/j.neuropsychologia.2017.07.018,publication_and_single_review_unit_profile,biggio_2017_common_racket,study_templates/biggio_2017_common_racket.json,design.protocol.trial_strips[].audio_tactile_percentage,typed_or_parser_default_not_serialized,0,[],null
doi:10.1016/j.neuropsychologia.2017.07.018,publication_and_single_review_unit_profile,biggio_2017_no_racket,study_templates/biggio_2017_no_racket.json,design.protocol.trial_strips[].audio_tactile_percentage,typed_or_parser_default_not_serialized,0,[],null
doi:10.1016/j.neuropsychologia.2017.07.018,publication_and_single_review_unit_profile,biggio_2017_personal_racket,study_templates/biggio_2017_personal_racket.json,design.protocol.trial_strips[].audio_tactile_percentage,typed_or_parser_default_not_serialized,0,[],null
doi:10.1016/j.neuropsychologia.2017.07.018,publication_and_single_review_unit_profile,biggio_2017_common_racket,study_templates/biggio_2017_common_racket.json,design.protocol.trial_strips[].catch_percentage,typed_or_parser_default_not_serialized,0,[],null
doi:10.1016/j.neuropsychologia.2017.07.018,publication_and_single_review_unit_profile,biggio_2017_no_racket,study_templates/biggio_2017_no_racket.json,design.protocol.trial_strips[].catch_percentage,typed_or_parser_default_not_serialized,0,[],null
doi:10.1016/j.neuropsychologia.2017.07.018,publication_and_single_review_unit_profile,biggio_2017_personal_racket,study_templates/biggio_2017_personal_racket.json,design.protocol.trial_strips[].catch_percentage,typed_or_parser_default_not_serialized,0,[],null
doi:10.1016/j.neuropsychologia.2017.07.018,publication_and_single_review_unit_profile,biggio_2017_common_racket,study_templates/biggio_2017_common_racket.json,design.protocol.trial_strips[].baseline_percentage,typed_or_parser_default_not_serialized,0,[],null
doi:10.1016/j.neuropsychologia.2017.07.018,publication_and_single_review_unit_profile,biggio_2017_no_racket,study_templates/biggio_2017_no_racket.json,design.protocol.trial_strips[].baseline_percentage,typed_or_parser_default_not_serialized,0,[],null
doi:10.1016/j.neuropsychologia.2017.07.018,publication_and_single_review_unit_profile,biggio_2017_personal_racket,study_templates/biggio_2017_personal_racket.json,design.protocol.trial_strips[].baseline_percentage,typed_or_parser_default_not_serialized,0,[],null
doi:10.1016/j.neuropsychologia.2017.07.018,publication_and_single_review_unit_profile,biggio_2017_common_racket,study_templates/biggio_2017_common_racket.json,design.protocol.trial_strips[].soa_values_ms,serialized_explicit,2,"[[0],[2]]",[]
doi:10.1016/j.neuropsychologia.2017.07.018,publication_and_single_review_unit_profile,biggio_2017_no_racket,study_templates/biggio_2017_no_racket.json,design.protocol.trial_strips[].soa_values_ms,serialized_explicit,2,"[[0],[2]]",[]
doi:10.1016/j.neuropsychologia.2017.07.018,publication_and_single_review_unit_profile,biggio_2017_personal_racket,study_templates/biggio_2017_personal_racket.json,design.protocol.trial_strips[].soa_values_ms,serialized_explicit,2,"[[0],[2]]",[]
doi:10.1016/j.neuropsychologia.2017.07.018,publication_and_single_review_unit_profile,biggio_2017_common_racket,study_templates/biggio_2017_common_racket.json,design.protocol.trial_strips[].spatial_values_cm,serialized_explicit,2,"[[30.0],[98.5]]",[]
doi:10.1016/j.neuropsychologia.2017.07.018,publication_and_single_review_unit_profile,biggio_2017_no_racket,study_templates/biggio_2017_no_racket.json,design.protocol.trial_strips[].spatial_values_cm,serialized_explicit,2,"[[30.0],[98.5]]",[]
doi:10.1016/j.neuropsychologia.2017.07.018,publication_and_single_review_unit_profile,biggio_2017_personal_racket,study_templates/biggio_2017_personal_racket.json,design.protocol.trial_strips[].spatial_values_cm,serialized_explicit,2,"[[30.0],[98.5]]",[]
doi:10.1016/j.neuropsychologia.2017.07.018,publication_and_single_review_unit_profile,biggio_2017_common_racket,study_templates/biggio_2017_common_racket.json,design.protocol.trial_strips[].metadata,serialized_explicit,2,"[{""auditory_trajectory_direction"":""stationary_near"",""auditory_trajectory_family"":""static_near_far"",""electrical_electrode_site"":""right wrist surface bipolar electrode"",""electrical_stimulator_model"":""Digitimer DS7AH HV"",""expected_response"":""respond"",""iti_ms"":""300"",""iti_policy"":""toolkit_default_unreported_in_source"",""renderer_equivalence_boundary"":""binaural stationary proxy for physical near loudspeaker"",""response_capture_device"":""microphone"",""response_mode"":""voice_key_mouse_click_proxy"",""response_rule"":""verbal_response_to_tactile_target_ignore_sound"",""source_asset_equivalence"":""procedural pink-noise proxy for unreported source"",""tactile_stimulation_modality"":""electrical"",""target_role"":""tactile_target"",""tool_condition"":""common_racket"",""trajectory_end_distance_cm"":30.0,""trajectory_start_distance_cm"":30.0,""voice_key_enabled"":""true""},{""auditory_trajectory_direction"":""stationary_far"",""auditory_trajectory_family"":""static_near_far"",""electrical_electrode_site"":""right wrist surface bipolar electrode"",""electrical_stimulator_model"":""Digitimer DS7AH HV"",""expected_response"":""respond"",""far_sound_lead_ms"":""2"",""iti_ms"":""300"",""iti_policy"":""derived_far_sound_lead_plus_toolkit_default_unreported_iti"",""renderer_equivalence_boundary"":""binaural stationary proxy for physical far loudspeaker"",""response_capture_device"":""microphone"",""response_mode"":""voice_key_mouse_click_proxy"",""response_rule"":""verbal_response_to_tactile_target_ignore_sound"",""source_asset_equivalence"":""procedural pink-noise proxy for unreported source"",""tactile_stimulation_modality"":""electrical"",""target_role"":""tactile_target"",""tool_condition"":""common_racket"",""trajectory_end_distance_cm"":98.5,""trajectory_start_distance_cm"":98.5,""voice_key_enabled"":""true""}]",{}
doi:10.1016/j.neuropsychologia.2017.07.018,publication_and_single_review_unit_profile,biggio_2017_no_racket,study_templates/biggio_2017_no_racket.json,design.protocol.trial_strips[].metadata,serialized_explicit,2,"[{""auditory_trajectory_direction"":""stationary_near"",""auditory_trajectory_family"":""static_near_far"",""electrical_electrode_site"":""right wrist surface bipolar electrode"",""electrical_stimulator_model"":""Digitimer DS7AH HV"",""expected_response"":""respond"",""iti_ms"":""300"",""iti_policy"":""toolkit_default_unreported_in_source"",""renderer_equivalence_boundary"":""binaural stationary proxy for physical near loudspeaker"",""response_capture_device"":""microphone"",""response_mode"":""voice_key_mouse_click_proxy"",""response_rule"":""verbal_response_to_tactile_target_ignore_sound"",""source_asset_equivalence"":""procedural pink-noise proxy for unreported source"",""tactile_stimulation_modality"":""electrical"",""target_role"":""tactile_target"",""tool_condition"":""no_racket"",""trajectory_end_distance_cm"":30.0,""trajectory_start_distance_cm"":30.0,""voice_key_enabled"":""true""},{""auditory_trajectory_direction"":""stationary_far"",""auditory_trajectory_family"":""static_near_far"",""electrical_electrode_site"":""right wrist surface bipolar electrode"",""electrical_stimulator_model"":""Digitimer DS7AH HV"",""expected_response"":""respond"",""far_sound_lead_ms"":""2"",""iti_ms"":""300"",""iti_policy"":""derived_far_sound_lead_plus_toolkit_default_unreported_iti"",""renderer_equivalence_boundary"":""binaural stationary proxy for physical far loudspeaker"",""response_capture_device"":""microphone"",""response_mode"":""voice_key_mouse_click_proxy"",""response_rule"":""verbal_response_to_tactile_target_ignore_sound"",""source_asset_equivalence"":""procedural pink-noise proxy for unreported source"",""tactile_stimulation_modality"":""electrical"",""target_role"":""tactile_target"",""tool_condition"":""no_racket"",""trajectory_end_distance_cm"":98.5,""trajectory_start_distance_cm"":98.5,""voice_key_enabled"":""true""}]",{}
doi:10.1016/j.neuropsychologia.2017.07.018,publication_and_single_review_unit_profile,biggio_2017_personal_racket,study_templates/biggio_2017_personal_racket.json,design.protocol.trial_strips[].metadata,serialized_explicit,2,"[{""auditory_trajectory_direction"":""stationary_near"",""auditory_trajectory_family"":""static_near_far"",""electrical_electrode_site"":""right wrist surface bipolar electrode"",""electrical_stimulator_model"":""Digitimer DS7AH HV"",""expected_response"":""respond"",""iti_ms"":""300"",""iti_policy"":""toolkit_default_unreported_in_source"",""renderer_equivalence_boundary"":""binaural stationary proxy for physical near loudspeaker"",""response_capture_device"":""microphone"",""response_mode"":""voice_key_mouse_click_proxy"",""response_rule"":""verbal_response_to_tactile_target_ignore_sound"",""source_asset_equivalence"":""procedural pink-noise proxy for unreported source"",""tactile_stimulation_modality"":""electrical"",""target_role"":""tactile_target"",""tool_condition"":""personal_racket"",""trajectory_end_distance_cm"":30.0,""trajectory_start_distance_cm"":30.0,""voice_key_enabled"":""true""},{""auditory_trajectory_direction"":""stationary_far"",""auditory_trajectory_family"":""static_near_far"",""electrical_electrode_site"":""right wrist surface bipolar electrode"",""electrical_stimulator_model"":""Digitimer DS7AH HV"",""expected_response"":""respond"",""far_sound_lead_ms"":""2"",""iti_ms"":""300"",""iti_policy"":""derived_far_sound_lead_plus_toolkit_default_unreported_iti"",""renderer_equivalence_boundary"":""binaural stationary proxy for physical far loudspeaker"",""response_capture_device"":""microphone"",""response_mode"":""voice_key_mouse_click_proxy"",""response_rule"":""verbal_response_to_tactile_target_ignore_sound"",""source_asset_equivalence"":""procedural pink-noise proxy for unreported source"",""tactile_stimulation_modality"":""electrical"",""target_role"":""tactile_target"",""tool_condition"":""personal_racket"",""trajectory_end_distance_cm"":98.5,""trajectory_start_distance_cm"":98.5,""voice_key_enabled"":""true""}]",{}
doi:10.1016/j.neuropsychologia.2017.07.018,publication_and_single_review_unit_profile,biggio_2017_common_racket,study_templates/biggio_2017_common_racket.json,design.protocol.trial_strips[].elements[].element_id,serialized_explicit,2,"[""biggio-2017-common-near-source"",""biggio-2017-common-far-source""]",""""""
doi:10.1016/j.neuropsychologia.2017.07.018,publication_and_single_review_unit_profile,biggio_2017_no_racket,study_templates/biggio_2017_no_racket.json,design.protocol.trial_strips[].elements[].element_id,serialized_explicit,2,"[""biggio-2017-near-source"",""biggio-2017-far-source""]",""""""
doi:10.1016/j.neuropsychologia.2017.07.018,publication_and_single_review_unit_profile,biggio_2017_personal_racket,study_templates/biggio_2017_personal_racket.json,design.protocol.trial_strips[].elements[].element_id,serialized_explicit,2,"[""biggio-2017-personal-near-source"",""biggio-2017-personal-far-source""]",""""""
doi:10.1016/j.neuropsychologia.2017.07.018,publication_and_single_review_unit_profile,biggio_2017_common_racket,study_templates/biggio_2017_common_racket.json,design.protocol.trial_strips[].elements[].kind,serialized_explicit,2,"[""looming_stimulus"",""looming_stimulus""]","""looming_stimulus"""
doi:10.1016/j.neuropsychologia.2017.07.018,publication_and_single_review_unit_profile,biggio_2017_no_racket,study_templates/biggio_2017_no_racket.json,design.protocol.trial_strips[].elements[].kind,serialized_explicit,2,"[""looming_stimulus"",""looming_stimulus""]","""looming_stimulus"""
doi:10.1016/j.neuropsychologia.2017.07.018,publication_and_single_review_unit_profile,biggio_2017_personal_racket,study_templates/biggio_2017_personal_racket.json,design.protocol.trial_strips[].elements[].kind,serialized_explicit,2,"[""looming_stimulus"",""looming_stimulus""]","""looming_stimulus"""
doi:10.1016/j.neuropsychologia.2017.07.018,publication_and_single_review_unit_profile,biggio_2017_common_racket,study_templates/biggio_2017_common_racket.json,design.protocol.trial_strips[].elements[].label,serialized_explicit,2,"[""Near sound"",""Far sound""]",""""""
doi:10.1016/j.neuropsychologia.2017.07.018,publication_and_single_review_unit_profile,biggio_2017_no_racket,study_templates/biggio_2017_no_racket.json,design.protocol.trial_strips[].elements[].label,serialized_explicit,2,"[""Near sound"",""Far sound""]",""""""
doi:10.1016/j.neuropsychologia.2017.07.018,publication_and_single_review_unit_profile,biggio_2017_personal_racket,study_templates/biggio_2017_personal_racket.json,design.protocol.trial_strips[].elements[].label,serialized_explicit,2,"[""Near sound"",""Far sound""]",""""""
doi:10.1016/j.neuropsychologia.2017.07.018,publication_and_single_review_unit_profile,biggio_2017_common_racket,study_templates/biggio_2017_common_racket.json,design.protocol.trial_strips[].elements[].source_label,serialized_explicit,2,"[""Near hand pink-noise burst"",""Far racket-tip pink-noise burst""]",""""""
doi:10.1016/j.neuropsychologia.2017.07.018,publication_and_single_review_unit_profile,biggio_2017_no_racket,study_templates/biggio_2017_no_racket.json,design.protocol.trial_strips[].elements[].source_label,serialized_explicit,2,"[""Near hand pink-noise burst"",""Far racket-tip pink-noise burst""]",""""""
doi:10.1016/j.neuropsychologia.2017.07.018,publication_and_single_review_unit_profile,biggio_2017_personal_racket,study_templates/biggio_2017_personal_racket.json,design.protocol.trial_strips[].elements[].source_label,serialized_explicit,2,"[""Near hand pink-noise burst"",""Far racket-tip pink-noise burst""]",""""""
doi:10.1016/j.neuropsychologia.2017.07.018,publication_and_single_review_unit_profile,biggio_2017_common_racket,study_templates/biggio_2017_common_racket.json,design.protocol.trial_strips[].elements[].source_labels,serialized_explicit,2,"[[""Near hand pink-noise burst""],[""Far racket-tip pink-noise burst""]]",[]
doi:10.1016/j.neuropsychologia.2017.07.018,publication_and_single_review_unit_profile,biggio_2017_no_racket,study_templates/biggio_2017_no_racket.json,design.protocol.trial_strips[].elements[].source_labels,serialized_explicit,2,"[[""Near hand pink-noise burst""],[""Far racket-tip pink-noise burst""]]",[]
doi:10.1016/j.neuropsychologia.2017.07.018,publication_and_single_review_unit_profile,biggio_2017_personal_racket,study_templates/biggio_2017_personal_racket.json,design.protocol.trial_strips[].elements[].source_labels,serialized_explicit,2,"[[""Near hand pink-noise burst""],[""Far racket-tip pink-noise burst""]]",[]
doi:10.1016/j.neuropsychologia.2017.07.018,publication_and_single_review_unit_profile,biggio_2017_common_racket,study_templates/biggio_2017_common_racket.json,design.protocol.trial_strips[].elements[].jitter_values_ms,typed_or_parser_default_not_serialized,0,[],[]
doi:10.1016/j.neuropsychologia.2017.07.018,publication_and_single_review_unit_profile,biggio_2017_no_racket,study_templates/biggio_2017_no_racket.json,design.protocol.trial_strips[].elements[].jitter_values_ms,typed_or_parser_default_not_serialized,0,[],[]
doi:10.1016/j.neuropsychologia.2017.07.018,publication_and_single_review_unit_profile,biggio_2017_personal_racket,study_templates/biggio_2017_personal_racket.json,design.protocol.trial_strips[].elements[].jitter_values_ms,typed_or_parser_default_not_serialized,0,[],[]
doi:10.1016/j.neuropsychologia.2017.07.018,publication_and_single_review_unit_profile,biggio_2017_common_racket,study_templates/biggio_2017_common_racket.json,design.protocol.trial_strips[].elements[].randomized,serialized_explicit,2,"[true,true]",false
doi:10.1016/j.neuropsychologia.2017.07.018,publication_and_single_review_unit_profile,biggio_2017_no_racket,study_templates/biggio_2017_no_racket.json,design.protocol.trial_strips[].elements[].randomized,serialized_explicit,2,"[true,true]",false
doi:10.1016/j.neuropsychologia.2017.07.018,publication_and_single_review_unit_profile,biggio_2017_personal_racket,study_templates/biggio_2017_personal_racket.json,design.protocol.trial_strips[].elements[].randomized,serialized_explicit,2,"[true,true]",false
doi:10.1016/j.neuropsychologia.2017.07.018,publication_and_single_review_unit_profile,biggio_2017_common_racket,study_templates/biggio_2017_common_racket.json,design.protocol.trial_randomization_strategy,serialized_explicit,1,"[""no_immediate_repeats""]","""no_immediate_repeats"""
doi:10.1016/j.neuropsychologia.2017.07.018,publication_and_single_review_unit_profile,biggio_2017_no_racket,study_templates/biggio_2017_no_racket.json,design.protocol.trial_randomization_strategy,serialized_explicit,1,"[""no_immediate_repeats""]","""no_immediate_repeats"""
doi:10.1016/j.neuropsychologia.2017.07.018,publication_and_single_review_unit_profile,biggio_2017_personal_racket,study_templates/biggio_2017_personal_racket.json,design.protocol.trial_randomization_strategy,serialized_explicit,1,"[""no_immediate_repeats""]","""no_immediate_repeats"""
doi:10.1016/j.neuropsychologia.2017.07.018,publication_and_single_review_unit_profile,biggio_2017_common_racket,study_templates/biggio_2017_common_racket.json,design.protocol.block_order_randomization,serialized_explicit,1,"[""fixed""]","""counterbalanced_rotation"""
doi:10.1016/j.neuropsychologia.2017.07.018,publication_and_single_review_unit_profile,biggio_2017_no_racket,study_templates/biggio_2017_no_racket.json,design.protocol.block_order_randomization,serialized_explicit,1,"[""fixed""]","""counterbalanced_rotation"""
doi:10.1016/j.neuropsychologia.2017.07.018,publication_and_single_review_unit_profile,biggio_2017_personal_racket,study_templates/biggio_2017_personal_racket.json,design.protocol.block_order_randomization,serialized_explicit,1,"[""fixed""]","""counterbalanced_rotation"""
doi:10.1016/j.neuropsychologia.2017.07.018,publication_and_single_review_unit_profile,biggio_2017_common_racket,study_templates/biggio_2017_common_racket.json,design.protocol.max_consecutive_same_trial_type,serialized_explicit,1,[2],2
doi:10.1016/j.neuropsychologia.2017.07.018,publication_and_single_review_unit_profile,biggio_2017_no_racket,study_templates/biggio_2017_no_racket.json,design.protocol.max_consecutive_same_trial_type,serialized_explicit,1,[2],2
doi:10.1016/j.neuropsychologia.2017.07.018,publication_and_single_review_unit_profile,biggio_2017_personal_racket,study_templates/biggio_2017_personal_racket.json,design.protocol.max_consecutive_same_trial_type,serialized_explicit,1,[2],2
doi:10.1016/j.neuropsychologia.2017.07.018,publication_and_single_review_unit_profile,biggio_2017_common_racket,study_templates/biggio_2017_common_racket.json,design.protocol.participants,serialized_explicit,1,[1],50
doi:10.1016/j.neuropsychologia.2017.07.018,publication_and_single_review_unit_profile,biggio_2017_no_racket,study_templates/biggio_2017_no_racket.json,design.protocol.participants,serialized_explicit,1,[1],50
doi:10.1016/j.neuropsychologia.2017.07.018,publication_and_single_review_unit_profile,biggio_2017_personal_racket,study_templates/biggio_2017_personal_racket.json,design.protocol.participants,serialized_explicit,1,[1],50
doi:10.1016/j.neuropsychologia.2017.07.018,publication_and_single_review_unit_profile,biggio_2017_common_racket,study_templates/biggio_2017_common_racket.json,design.protocol.random_seed,serialized_explicit,1,[201707019],20250604
doi:10.1016/j.neuropsychologia.2017.07.018,publication_and_single_review_unit_profile,biggio_2017_no_racket,study_templates/biggio_2017_no_racket.json,design.protocol.random_seed,serialized_explicit,1,[201707018],20250604
doi:10.1016/j.neuropsychologia.2017.07.018,publication_and_single_review_unit_profile,biggio_2017_personal_racket,study_templates/biggio_2017_personal_racket.json,design.protocol.random_seed,serialized_explicit,1,[201707020],20250604
doi:10.1016/j.neuropsychologia.2017.07.018,publication_and_single_review_unit_profile,biggio_2017_common_racket,study_templates/biggio_2017_common_racket.json,design.protocol.participant_order_policy,typed_or_parser_default_not_serialized,0,[],{}
doi:10.1016/j.neuropsychologia.2017.07.018,publication_and_single_review_unit_profile,biggio_2017_no_racket,study_templates/biggio_2017_no_racket.json,design.protocol.participant_order_policy,typed_or_parser_default_not_serialized,0,[],{}
doi:10.1016/j.neuropsychologia.2017.07.018,publication_and_single_review_unit_profile,biggio_2017_personal_racket,study_templates/biggio_2017_personal_racket.json,design.protocol.participant_order_policy,typed_or_parser_default_not_serialized,0,[],{}
doi:10.1038/s41598-021-90784-5,publication_and_single_review_unit_profile,matsuda_2021_four_directions,study_templates/matsuda_2021_four_directions.json,design.name,serialized_explicit,1,"[""Matsuda 2021 four-direction PPS block""]","""Study 5 PPS white/pink design"""
doi:10.1038/s41598-021-90784-5,publication_and_single_review_unit_profile,matsuda_2021_four_directions,study_templates/matsuda_2021_four_directions.json,design.study_profile_id,serialized_explicit,1,"[""matsuda_2021_four_directions""]",""""""
doi:10.1038/s41598-021-90784-5,publication_and_single_review_unit_profile,matsuda_2021_four_directions,study_templates/matsuda_2021_four_directions.json,design.study_profile_title,serialized_explicit,1,"[""Front, rear, left, and right audio-tactile PPS""]",""""""
doi:10.1038/s41598-021-90784-5,publication_and_single_review_unit_profile,matsuda_2021_four_directions,study_templates/matsuda_2021_four_directions.json,design.study_profile_notes,serialized_explicit,1,"[""Four body-relative direction blocks. The template represents one direction block; duplicate with azimuth/body orientation changes for front, rear, left, and right. Speaker apparatus references are treated as original analog setup provenance while the profile recreates reported motion with the binaural renderer.""]",""""""
doi:10.1038/s41598-021-90784-5,publication_and_single_review_unit_profile,matsuda_2021_four_directions,study_templates/matsuda_2021_four_directions.json,design.study_profile_reference_parameters,typed_or_parser_default_not_serialized,0,[],{}
doi:10.1038/s41598-021-90784-5,publication_and_single_review_unit_profile,matsuda_2021_four_directions,study_templates/matsuda_2021_four_directions.json,design.sofa_file,serialized_explicit,1,"[""""]","""assets/0. Head-Related Impulse Response (HRIR) model/FABIAN_HRIR_measured_HATO_0.sofa"""
doi:10.1038/s41598-021-90784-5,publication_and_single_review_unit_profile,matsuda_2021_four_directions,study_templates/matsuda_2021_four_directions.json,design.noises[].label,serialized_explicit,1,"[""Pink moving sound""]",
doi:10.1038/s41598-021-90784-5,publication_and_single_review_unit_profile,matsuda_2021_four_directions,study_templates/matsuda_2021_four_directions.json,design.noises[].noise_type,serialized_explicit,1,"[""pink""]",
doi:10.1038/s41598-021-90784-5,publication_and_single_review_unit_profile,matsuda_2021_four_directions,study_templates/matsuda_2021_four_directions.json,design.noises[].azimuth_deg,serialized_explicit,1,[0.0],0.0
doi:10.1038/s41598-021-90784-5,publication_and_single_review_unit_profile,matsuda_2021_four_directions,study_templates/matsuda_2021_four_directions.json,design.noises[].elevation_deg,serialized_explicit,1,[0.0],0.0
doi:10.1038/s41598-021-90784-5,publication_and_single_review_unit_profile,matsuda_2021_four_directions,study_templates/matsuda_2021_four_directions.json,design.noises[].gain,serialized_explicit,1,[1.0],1.0
doi:10.1038/s41598-021-90784-5,publication_and_single_review_unit_profile,matsuda_2021_four_directions,study_templates/matsuda_2021_four_directions.json,design.noises[].source_profile,typed_or_parser_default_not_serialized,0,[],""""""
doi:10.1038/s41598-021-90784-5,publication_and_single_review_unit_profile,matsuda_2021_four_directions,study_templates/matsuda_2021_four_directions.json,design.noises[].source_profile_parameters,typed_or_parser_default_not_serialized,0,[],{}
doi:10.1038/s41598-021-90784-5,publication_and_single_review_unit_profile,matsuda_2021_four_directions,study_templates/matsuda_2021_four_directions.json,design.noises[].prebaked_path,typed_or_parser_default_not_serialized,0,[],""""""
doi:10.1038/s41598-021-90784-5,publication_and_single_review_unit_profile,matsuda_2021_four_directions,study_templates/matsuda_2021_four_directions.json,design.noises[].sequence_order,typed_or_parser_default_not_serialized,0,[],0
doi:10.1038/s41598-021-90784-5,publication_and_single_review_unit_profile,matsuda_2021_four_directions,study_templates/matsuda_2021_four_directions.json,design.noises[].motion_mode,typed_or_parser_default_not_serialized,0,[],"""looming"""
doi:10.1038/s41598-021-90784-5,publication_and_single_review_unit_profile,matsuda_2021_four_directions,study_templates/matsuda_2021_four_directions.json,design.noises[].trajectory_snapshot,typed_or_parser_default_not_serialized,0,[],{}
doi:10.1038/s41598-021-90784-5,publication_and_single_review_unit_profile,matsuda_2021_four_directions,study_templates/matsuda_2021_four_directions.json,design.custom_looming_files[].label,repeatable_entity_absent,0,[],
doi:10.1038/s41598-021-90784-5,publication_and_single_review_unit_profile,matsuda_2021_four_directions,study_templates/matsuda_2021_four_directions.json,design.custom_looming_files[].path,repeatable_entity_absent,0,[],
doi:10.1038/s41598-021-90784-5,publication_and_single_review_unit_profile,matsuda_2021_four_directions,study_templates/matsuda_2021_four_directions.json,design.custom_looming_files[].target_duration_s,repeatable_entity_absent,0,[],4.0
doi:10.1038/s41598-021-90784-5,publication_and_single_review_unit_profile,matsuda_2021_four_directions,study_templates/matsuda_2021_four_directions.json,design.custom_looming_files[].render_mode,repeatable_entity_absent,0,[],"""preserve"""
doi:10.1038/s41598-021-90784-5,publication_and_single_review_unit_profile,matsuda_2021_four_directions,study_templates/matsuda_2021_four_directions.json,design.custom_looming_files[].tone_type,repeatable_entity_absent,0,[],""""""
doi:10.1038/s41598-021-90784-5,publication_and_single_review_unit_profile,matsuda_2021_four_directions,study_templates/matsuda_2021_four_directions.json,design.custom_looming_files[].gain,repeatable_entity_absent,0,[],1.0
doi:10.1038/s41598-021-90784-5,publication_and_single_review_unit_profile,matsuda_2021_four_directions,study_templates/matsuda_2021_four_directions.json,design.custom_looming_files[].placement,repeatable_entity_absent,0,[],"""before"""
doi:10.1038/s41598-021-90784-5,publication_and_single_review_unit_profile,matsuda_2021_four_directions,study_templates/matsuda_2021_four_directions.json,design.custom_looming_files[].target_source_label,repeatable_entity_absent,0,[],""""""
doi:10.1038/s41598-021-90784-5,publication_and_single_review_unit_profile,matsuda_2021_four_directions,study_templates/matsuda_2021_four_directions.json,design.custom_looming_files[].phase,repeatable_entity_absent,0,[],""""""
doi:10.1038/s41598-021-90784-5,publication_and_single_review_unit_profile,matsuda_2021_four_directions,study_templates/matsuda_2021_four_directions.json,design.custom_looming_files[].gap_s,repeatable_entity_absent,0,[],0.0
doi:10.1038/s41598-021-90784-5,publication_and_single_review_unit_profile,matsuda_2021_four_directions,study_templates/matsuda_2021_four_directions.json,design.custom_looming_files[].sequence_order,repeatable_entity_absent,0,[],0
doi:10.1038/s41598-021-90784-5,publication_and_single_review_unit_profile,matsuda_2021_four_directions,study_templates/matsuda_2021_four_directions.json,design.custom_looming_files[].motion_mode,repeatable_entity_absent,0,[],"""looming"""
doi:10.1038/s41598-021-90784-5,publication_and_single_review_unit_profile,matsuda_2021_four_directions,study_templates/matsuda_2021_four_directions.json,design.custom_looming_files[].trajectory_snapshot,repeatable_entity_absent,0,[],{}
doi:10.1038/s41598-021-90784-5,publication_and_single_review_unit_profile,matsuda_2021_four_directions,study_templates/matsuda_2021_four_directions.json,design.custom_looming_files[].display_color_hex,repeatable_entity_absent,0,[],""""""
doi:10.1038/s41598-021-90784-5,publication_and_single_review_unit_profile,matsuda_2021_four_directions,study_templates/matsuda_2021_four_directions.json,design.custom_looming_files[].source_input_path,repeatable_entity_absent,0,[],""""""
doi:10.1038/s41598-021-90784-5,publication_and_single_review_unit_profile,matsuda_2021_four_directions,study_templates/matsuda_2021_four_directions.json,design.prestimulus_files[].label,repeatable_entity_absent,0,[],
doi:10.1038/s41598-021-90784-5,publication_and_single_review_unit_profile,matsuda_2021_four_directions,study_templates/matsuda_2021_four_directions.json,design.prestimulus_files[].path,repeatable_entity_absent,0,[],
doi:10.1038/s41598-021-90784-5,publication_and_single_review_unit_profile,matsuda_2021_four_directions,study_templates/matsuda_2021_four_directions.json,design.prestimulus_files[].target_duration_s,repeatable_entity_absent,0,[],4.0
doi:10.1038/s41598-021-90784-5,publication_and_single_review_unit_profile,matsuda_2021_four_directions,study_templates/matsuda_2021_four_directions.json,design.prestimulus_files[].render_mode,repeatable_entity_absent,0,[],"""preserve"""
doi:10.1038/s41598-021-90784-5,publication_and_single_review_unit_profile,matsuda_2021_four_directions,study_templates/matsuda_2021_four_directions.json,design.prestimulus_files[].tone_type,repeatable_entity_absent,0,[],""""""
doi:10.1038/s41598-021-90784-5,publication_and_single_review_unit_profile,matsuda_2021_four_directions,study_templates/matsuda_2021_four_directions.json,design.prestimulus_files[].gain,repeatable_entity_absent,0,[],1.0
doi:10.1038/s41598-021-90784-5,publication_and_single_review_unit_profile,matsuda_2021_four_directions,study_templates/matsuda_2021_four_directions.json,design.prestimulus_files[].placement,repeatable_entity_absent,0,[],"""before"""
doi:10.1038/s41598-021-90784-5,publication_and_single_review_unit_profile,matsuda_2021_four_directions,study_templates/matsuda_2021_four_directions.json,design.prestimulus_files[].target_source_label,repeatable_entity_absent,0,[],""""""
doi:10.1038/s41598-021-90784-5,publication_and_single_review_unit_profile,matsuda_2021_four_directions,study_templates/matsuda_2021_four_directions.json,design.prestimulus_files[].phase,repeatable_entity_absent,0,[],""""""
doi:10.1038/s41598-021-90784-5,publication_and_single_review_unit_profile,matsuda_2021_four_directions,study_templates/matsuda_2021_four_directions.json,design.prestimulus_files[].gap_s,repeatable_entity_absent,0,[],0.0
doi:10.1038/s41598-021-90784-5,publication_and_single_review_unit_profile,matsuda_2021_four_directions,study_templates/matsuda_2021_four_directions.json,design.prestimulus_files[].sequence_order,repeatable_entity_absent,0,[],0
doi:10.1038/s41598-021-90784-5,publication_and_single_review_unit_profile,matsuda_2021_four_directions,study_templates/matsuda_2021_four_directions.json,design.prestimulus_files[].motion_mode,repeatable_entity_absent,0,[],"""looming"""
doi:10.1038/s41598-021-90784-5,publication_and_single_review_unit_profile,matsuda_2021_four_directions,study_templates/matsuda_2021_four_directions.json,design.prestimulus_files[].trajectory_snapshot,repeatable_entity_absent,0,[],{}
doi:10.1038/s41598-021-90784-5,publication_and_single_review_unit_profile,matsuda_2021_four_directions,study_templates/matsuda_2021_four_directions.json,design.prestimulus_files[].display_color_hex,repeatable_entity_absent,0,[],""""""
doi:10.1038/s41598-021-90784-5,publication_and_single_review_unit_profile,matsuda_2021_four_directions,study_templates/matsuda_2021_four_directions.json,design.prestimulus_files[].source_input_path,repeatable_entity_absent,0,[],""""""
doi:10.1038/s41598-021-90784-5,publication_and_single_review_unit_profile,matsuda_2021_four_directions,study_templates/matsuda_2021_four_directions.json,design.trajectory.start_radius_m,serialized_explicit,1,[1.1],1.1
doi:10.1038/s41598-021-90784-5,publication_and_single_review_unit_profile,matsuda_2021_four_directions,study_templates/matsuda_2021_four_directions.json,design.trajectory.end_radius_m,serialized_explicit,1,[0.1],0.1
doi:10.1038/s41598-021-90784-5,publication_and_single_review_unit_profile,matsuda_2021_four_directions,study_templates/matsuda_2021_four_directions.json,design.trajectory.path_direction,serialized_explicit,1,"[""approach""]","""approach"""
doi:10.1038/s41598-021-90784-5,publication_and_single_review_unit_profile,matsuda_2021_four_directions,study_templates/matsuda_2021_four_directions.json,design.trajectory.coordinate_mode,typed_or_parser_default_not_serialized,0,[],"""polar"""
doi:10.1038/s41598-021-90784-5,publication_and_single_review_unit_profile,matsuda_2021_four_directions,study_templates/matsuda_2021_four_directions.json,design.trajectory.start_x_m,typed_or_parser_default_not_serialized,0,[],null
doi:10.1038/s41598-021-90784-5,publication_and_single_review_unit_profile,matsuda_2021_four_directions,study_templates/matsuda_2021_four_directions.json,design.trajectory.start_y_m,typed_or_parser_default_not_serialized,0,[],null
doi:10.1038/s41598-021-90784-5,publication_and_single_review_unit_profile,matsuda_2021_four_directions,study_templates/matsuda_2021_four_directions.json,design.trajectory.start_z_m,typed_or_parser_default_not_serialized,0,[],null
doi:10.1038/s41598-021-90784-5,publication_and_single_review_unit_profile,matsuda_2021_four_directions,study_templates/matsuda_2021_four_directions.json,design.trajectory.end_x_m,typed_or_parser_default_not_serialized,0,[],null
doi:10.1038/s41598-021-90784-5,publication_and_single_review_unit_profile,matsuda_2021_four_directions,study_templates/matsuda_2021_four_directions.json,design.trajectory.end_y_m,typed_or_parser_default_not_serialized,0,[],null
doi:10.1038/s41598-021-90784-5,publication_and_single_review_unit_profile,matsuda_2021_four_directions,study_templates/matsuda_2021_four_directions.json,design.trajectory.end_z_m,typed_or_parser_default_not_serialized,0,[],null
doi:10.1038/s41598-021-90784-5,publication_and_single_review_unit_profile,matsuda_2021_four_directions,study_templates/matsuda_2021_four_directions.json,design.trajectory.path_length_m,serialized_explicit,1,[1.0],1.0
doi:10.1038/s41598-021-90784-5,publication_and_single_review_unit_profile,matsuda_2021_four_directions,study_templates/matsuda_2021_four_directions.json,design.trajectory.propagation_speed_mps,serialized_explicit,1,[0.3333333333333333],0.3333333333333333
doi:10.1038/s41598-021-90784-5,publication_and_single_review_unit_profile,matsuda_2021_four_directions,study_templates/matsuda_2021_four_directions.json,design.trajectory.azimuth_start_deg,serialized_explicit,1,[0.0],0.0
doi:10.1038/s41598-021-90784-5,publication_and_single_review_unit_profile,matsuda_2021_four_directions,study_templates/matsuda_2021_four_directions.json,design.trajectory.azimuth_end_deg,serialized_explicit,1,[0.0],0.0
doi:10.1038/s41598-021-90784-5,publication_and_single_review_unit_profile,matsuda_2021_four_directions,study_templates/matsuda_2021_four_directions.json,design.trajectory.elevation_deg,serialized_explicit,1,[0.0],0.0
doi:10.1038/s41598-021-90784-5,publication_and_single_review_unit_profile,matsuda_2021_four_directions,study_templates/matsuda_2021_four_directions.json,design.trajectory.padding_pre_s,serialized_explicit,1,[0.0],0.5
doi:10.1038/s41598-021-90784-5,publication_and_single_review_unit_profile,matsuda_2021_four_directions,study_templates/matsuda_2021_four_directions.json,design.trajectory.padding_post_s,serialized_explicit,1,[0.0],0.5
doi:10.1038/s41598-021-90784-5,publication_and_single_review_unit_profile,matsuda_2021_four_directions,study_templates/matsuda_2021_four_directions.json,design.trajectory.sample_rate,serialized_explicit,1,[44100],44100
doi:10.1038/s41598-021-90784-5,publication_and_single_review_unit_profile,matsuda_2021_four_directions,study_templates/matsuda_2021_four_directions.json,design.trajectory.use_inverse_square,serialized_explicit,1,[true],true
doi:10.1038/s41598-021-90784-5,publication_and_single_review_unit_profile,matsuda_2021_four_directions,study_templates/matsuda_2021_four_directions.json,design.protocol.repetitions_per_condition,serialized_explicit,1,[10],1
doi:10.1038/s41598-021-90784-5,publication_and_single_review_unit_profile,matsuda_2021_four_directions,study_templates/matsuda_2021_four_directions.json,design.protocol.trial_pool_repetition_defaults,typed_or_parser_default_not_serialized,0,[],{}
doi:10.1038/s41598-021-90784-5,publication_and_single_review_unit_profile,matsuda_2021_four_directions,study_templates/matsuda_2021_four_directions.json,design.protocol.soa_values_ms,serialized_explicit,1,"[[300,800,1500,2200,2700]]","[300,800,1500,2200,2700]"
doi:10.1038/s41598-021-90784-5,publication_and_single_review_unit_profile,matsuda_2021_four_directions,study_templates/matsuda_2021_four_directions.json,design.protocol.spatial_values_cm,serialized_explicit,1,"[[100.0,83.3,60.0,36.7,20.0]]","[100.0,83.3,60.0,36.7,20.0]"
doi:10.1038/s41598-021-90784-5,publication_and_single_review_unit_profile,matsuda_2021_four_directions,study_templates/matsuda_2021_four_directions.json,design.protocol.pair_spatial_values_with_soas,serialized_explicit,1,[true],true
doi:10.1038/s41598-021-90784-5,publication_and_single_review_unit_profile,matsuda_2021_four_directions,study_templates/matsuda_2021_four_directions.json,design.protocol.auditory_motion_directions,serialized_explicit,1,"[[""approaching"",""receding""]]","[""looming""]"
doi:10.1038/s41598-021-90784-5,publication_and_single_review_unit_profile,matsuda_2021_four_directions,study_templates/matsuda_2021_four_directions.json,design.protocol.tactile_sites,serialized_explicit,1,"[[""chest""]]","[""hand""]"
doi:10.1038/s41598-021-90784-5,publication_and_single_review_unit_profile,matsuda_2021_four_directions,study_templates/matsuda_2021_four_directions.json,design.protocol.include_catch_trials,typed_or_parser_default_not_serialized,0,[],true
doi:10.1038/s41598-021-90784-5,publication_and_single_review_unit_profile,matsuda_2021_four_directions,study_templates/matsuda_2021_four_directions.json,design.protocol.catch_trial_percentage,serialized_explicit,1,[30.0],10.0
doi:10.1038/s41598-021-90784-5,publication_and_single_review_unit_profile,matsuda_2021_four_directions,study_templates/matsuda_2021_four_directions.json,design.protocol.catch_trials_exact,serialized_explicit,1,[60],null
doi:10.1038/s41598-021-90784-5,publication_and_single_review_unit_profile,matsuda_2021_four_directions,study_templates/matsuda_2021_four_directions.json,design.protocol.catch_crosses_sequence_variants,typed_or_parser_default_not_serialized,0,[],true
doi:10.1038/s41598-021-90784-5,publication_and_single_review_unit_profile,matsuda_2021_four_directions,study_templates/matsuda_2021_four_directions.json,design.protocol.include_auditory_only_trials,typed_or_parser_default_not_serialized,0,[],false
doi:10.1038/s41598-021-90784-5,publication_and_single_review_unit_profile,matsuda_2021_four_directions,study_templates/matsuda_2021_four_directions.json,design.protocol.auditory_only_trial_percentage,typed_or_parser_default_not_serialized,0,[],0.0
doi:10.1038/s41598-021-90784-5,publication_and_single_review_unit_profile,matsuda_2021_four_directions,study_templates/matsuda_2021_four_directions.json,design.protocol.auditory_only_trials_exact,typed_or_parser_default_not_serialized,0,[],null
doi:10.1038/s41598-021-90784-5,publication_and_single_review_unit_profile,matsuda_2021_four_directions,study_templates/matsuda_2021_four_directions.json,design.protocol.auditory_only_crosses_sequence_variants,typed_or_parser_default_not_serialized,0,[],true
doi:10.1038/s41598-021-90784-5,publication_and_single_review_unit_profile,matsuda_2021_four_directions,study_templates/matsuda_2021_four_directions.json,design.protocol.include_baseline_trials,serialized_explicit,1,[true],true
doi:10.1038/s41598-021-90784-5,publication_and_single_review_unit_profile,matsuda_2021_four_directions,study_templates/matsuda_2021_four_directions.json,design.protocol.baseline_strategy,typed_or_parser_default_not_serialized,0,[],"""tactile_only"""
doi:10.1038/s41598-021-90784-5,publication_and_single_review_unit_profile,matsuda_2021_four_directions,study_templates/matsuda_2021_four_directions.json,design.protocol.baseline_trials_exact,typed_or_parser_default_not_serialized,0,[],null
doi:10.1038/s41598-021-90784-5,publication_and_single_review_unit_profile,matsuda_2021_four_directions,study_templates/matsuda_2021_four_directions.json,design.protocol.baseline_trial_percentage,typed_or_parser_default_not_serialized,0,[],0.0
doi:10.1038/s41598-021-90784-5,publication_and_single_review_unit_profile,matsuda_2021_four_directions,study_templates/matsuda_2021_four_directions.json,design.protocol.baseline_soa_values_ms,serialized_explicit,1,"[[-700,3700]]",[]
doi:10.1038/s41598-021-90784-5,publication_and_single_review_unit_profile,matsuda_2021_four_directions,study_templates/matsuda_2021_four_directions.json,design.protocol.baseline_custom_trial_mode,typed_or_parser_default_not_serialized,0,[],"""tactile_only"""
doi:10.1038/s41598-021-90784-5,publication_and_single_review_unit_profile,matsuda_2021_four_directions,study_templates/matsuda_2021_four_directions.json,design.protocol.baseline_crosses_sequence_variants,typed_or_parser_default_not_serialized,0,[],true
doi:10.1038/s41598-021-90784-5,publication_and_single_review_unit_profile,matsuda_2021_four_directions,study_templates/matsuda_2021_four_directions.json,design.protocol.respiratory_phases,serialized_explicit,1,"[[""Any""]]","[""Inhale"",""Exhale""]"
doi:10.1038/s41598-021-90784-5,publication_and_single_review_unit_profile,matsuda_2021_four_directions,study_templates/matsuda_2021_four_directions.json,design.protocol.blocks,serialized_explicit,1,[4],6
doi:10.1038/s41598-021-90784-5,publication_and_single_review_unit_profile,matsuda_2021_four_directions,study_templates/matsuda_2021_four_directions.json,design.protocol.block_specs[].label,serialized_explicit,4,"[""Front direction"",""Rear direction"",""Left direction"",""Right direction""]",
doi:10.1038/s41598-021-90784-5,publication_and_single_review_unit_profile,matsuda_2021_four_directions,study_templates/matsuda_2021_four_directions.json,design.protocol.block_specs[].stimulus_types,serialized_explicit,4,"[[""Audio-Tactile"",""Baseline"",""Catch""],[""Audio-Tactile"",""Baseline"",""Catch""],[""Audio-Tactile"",""Baseline"",""Catch""],[""Audio-Tactile"",""Baseline"",""Catch""]]","[""Audio-Tactile"",""Baseline"",""Catch""]"
doi:10.1038/s41598-021-90784-5,publication_and_single_review_unit_profile,matsuda_2021_four_directions,study_templates/matsuda_2021_four_directions.json,design.protocol.repeat_trial_pool_per_block,typed_or_parser_default_not_serialized,0,[],false
doi:10.1038/s41598-021-90784-5,publication_and_single_review_unit_profile,matsuda_2021_four_directions,study_templates/matsuda_2021_four_directions.json,design.protocol.distribute_trial_pool_across_blocks,typed_or_parser_default_not_serialized,0,[],false
doi:10.1038/s41598-021-90784-5,publication_and_single_review_unit_profile,matsuda_2021_four_directions,study_templates/matsuda_2021_four_directions.json,design.protocol.trial_strips[].strip_id,serialized_explicit,1,"[""matsuda-sound-motion-row""]",""""""
doi:10.1038/s41598-021-90784-5,publication_and_single_review_unit_profile,matsuda_2021_four_directions,study_templates/matsuda_2021_four_directions.json,design.protocol.trial_strips[].label,serialized_explicit,1,"[""Sound-motion PPS trial""]",""""""
doi:10.1038/s41598-021-90784-5,publication_and_single_review_unit_profile,matsuda_2021_four_directions,study_templates/matsuda_2021_four_directions.json,design.protocol.trial_strips[].audio_tactile_percentage,serialized_explicit,1,[100.0],null
doi:10.1038/s41598-021-90784-5,publication_and_single_review_unit_profile,matsuda_2021_four_directions,study_templates/matsuda_2021_four_directions.json,design.protocol.trial_strips[].catch_percentage,serialized_explicit,1,[0.0],null
doi:10.1038/s41598-021-90784-5,publication_and_single_review_unit_profile,matsuda_2021_four_directions,study_templates/matsuda_2021_four_directions.json,design.protocol.trial_strips[].baseline_percentage,serialized_explicit,1,[0.0],null
doi:10.1038/s41598-021-90784-5,publication_and_single_review_unit_profile,matsuda_2021_four_directions,study_templates/matsuda_2021_four_directions.json,design.protocol.trial_strips[].soa_values_ms,typed_or_parser_default_not_serialized,0,[],[]
doi:10.1038/s41598-021-90784-5,publication_and_single_review_unit_profile,matsuda_2021_four_directions,study_templates/matsuda_2021_four_directions.json,design.protocol.trial_strips[].spatial_values_cm,typed_or_parser_default_not_serialized,0,[],[]
doi:10.1038/s41598-021-90784-5,publication_and_single_review_unit_profile,matsuda_2021_four_directions,study_templates/matsuda_2021_four_directions.json,design.protocol.trial_strips[].metadata,typed_or_parser_default_not_serialized,0,[],{}
doi:10.1038/s41598-021-90784-5,publication_and_single_review_unit_profile,matsuda_2021_four_directions,study_templates/matsuda_2021_four_directions.json,design.protocol.trial_strips[].elements[].element_id,serialized_explicit,1,"[""matsuda-looming-source""]",""""""
doi:10.1038/s41598-021-90784-5,publication_and_single_review_unit_profile,matsuda_2021_four_directions,study_templates/matsuda_2021_four_directions.json,design.protocol.trial_strips[].elements[].kind,serialized_explicit,1,"[""looming_stimulus""]","""looming_stimulus"""
doi:10.1038/s41598-021-90784-5,publication_and_single_review_unit_profile,matsuda_2021_four_directions,study_templates/matsuda_2021_four_directions.json,design.protocol.trial_strips[].elements[].label,serialized_explicit,1,"[""Pink moving sound""]",""""""
doi:10.1038/s41598-021-90784-5,publication_and_single_review_unit_profile,matsuda_2021_four_directions,study_templates/matsuda_2021_four_directions.json,design.protocol.trial_strips[].elements[].source_label,serialized_explicit,1,"[""Pink moving sound""]",""""""
doi:10.1038/s41598-021-90784-5,publication_and_single_review_unit_profile,matsuda_2021_four_directions,study_templates/matsuda_2021_four_directions.json,design.protocol.trial_strips[].elements[].source_labels,serialized_explicit,1,"[[""Pink moving sound""]]",[]
doi:10.1038/s41598-021-90784-5,publication_and_single_review_unit_profile,matsuda_2021_four_directions,study_templates/matsuda_2021_four_directions.json,design.protocol.trial_strips[].elements[].jitter_values_ms,typed_or_parser_default_not_serialized,0,[],[]
doi:10.1038/s41598-021-90784-5,publication_and_single_review_unit_profile,matsuda_2021_four_directions,study_templates/matsuda_2021_four_directions.json,design.protocol.trial_strips[].elements[].randomized,serialized_explicit,1,[true],false
doi:10.1038/s41598-021-90784-5,publication_and_single_review_unit_profile,matsuda_2021_four_directions,study_templates/matsuda_2021_four_directions.json,design.protocol.trial_randomization_strategy,typed_or_parser_default_not_serialized,0,[],"""no_immediate_repeats"""
doi:10.1038/s41598-021-90784-5,publication_and_single_review_unit_profile,matsuda_2021_four_directions,study_templates/matsuda_2021_four_directions.json,design.protocol.block_order_randomization,typed_or_parser_default_not_serialized,0,[],"""counterbalanced_rotation"""
doi:10.1038/s41598-021-90784-5,publication_and_single_review_unit_profile,matsuda_2021_four_directions,study_templates/matsuda_2021_four_directions.json,design.protocol.max_consecutive_same_trial_type,typed_or_parser_default_not_serialized,0,[],2
doi:10.1038/s41598-021-90784-5,publication_and_single_review_unit_profile,matsuda_2021_four_directions,study_templates/matsuda_2021_four_directions.json,design.protocol.participants,serialized_explicit,1,[20],50
doi:10.1038/s41598-021-90784-5,publication_and_single_review_unit_profile,matsuda_2021_four_directions,study_templates/matsuda_2021_four_directions.json,design.protocol.random_seed,serialized_explicit,1,[20210501],20250604
doi:10.1038/s41598-021-90784-5,publication_and_single_review_unit_profile,matsuda_2021_four_directions,study_templates/matsuda_2021_four_directions.json,design.protocol.participant_order_policy,typed_or_parser_default_not_serialized,0,[],{}
doi:10.1007/s00221-019-05469-3,publication_and_single_review_unit_profile,tonelli_2019_echolocation,study_templates/tonelli_2019_echolocation.json,design.name,serialized_explicit,1,"[""Tonelli 2019 echolocation PPS""]","""Study 5 PPS white/pink design"""
doi:10.1007/s00221-019-05469-3,publication_and_single_review_unit_profile,tonelli_2019_echolocation,study_templates/tonelli_2019_echolocation.json,design.study_profile_id,serialized_explicit,1,"[""tonelli_2019_echolocation""]",""""""
doi:10.1007/s00221-019-05469-3,publication_and_single_review_unit_profile,tonelli_2019_echolocation,study_templates/tonelli_2019_echolocation.json,design.study_profile_title,serialized_explicit,1,"[""Enhanced audio-tactile PPS after echolocation training""]",""""""
doi:10.1007/s00221-019-05469-3,publication_and_single_review_unit_profile,tonelli_2019_echolocation,study_templates/tonelli_2019_echolocation.json,design.study_profile_notes,serialized_explicit,1,"[""Seven-speaker looming apparatus on the participant's left side. The preload recreates the reported seven-distance lateral audio-tactile PPS task as a virtual moving white-noise trajectory with paired distance/timing rows, 28 tactile-only baselines, and 28 auditory-only catches. Exact original loudspeaker-switch code, gain transfer, response timeout, and unfixed experimenter-started ITI remain provenance caveats rather than blockers for a runnable toolkit profile.""]",""""""
doi:10.1007/s00221-019-05469-3,publication_and_single_review_unit_profile,tonelli_2019_echolocation,study_templates/tonelli_2019_echolocation.json,design.study_profile_reference_parameters,serialized_explicit,1,"[{""apparatus_recreation_policy"":""The physical seven-loudspeaker array is represented with the toolkit's lateral binaural moving-source renderer using the reported 119-to-17 cm path and paired seven distance/timing samples."",""profile_check_complete"":true,""remaining_caveats"":[""exact original white-noise asset"",""exact loudspeaker-switch/gain transfer law"",""numeric response timeout"",""unfixed experimenter-started ITI distribution""],""reported_trial_formula"":""84 audio-tactile trials (7 distances/timings x 12 repetitions), 28 tactile-only baseline trials, and 28 auditory-only catch trials = 140 trials per pre/post PPS session.""}]",{}
doi:10.1007/s00221-019-05469-3,publication_and_single_review_unit_profile,tonelli_2019_echolocation,study_templates/tonelli_2019_echolocation.json,design.sofa_file,serialized_explicit,1,"[""""]","""assets/0. Head-Related Impulse Response (HRIR) model/FABIAN_HRIR_measured_HATO_0.sofa"""
doi:10.1007/s00221-019-05469-3,publication_and_single_review_unit_profile,tonelli_2019_echolocation,study_templates/tonelli_2019_echolocation.json,design.noises[].label,serialized_explicit,1,"[""Moving sound array""]",
doi:10.1007/s00221-019-05469-3,publication_and_single_review_unit_profile,tonelli_2019_echolocation,study_templates/tonelli_2019_echolocation.json,design.noises[].noise_type,serialized_explicit,1,"[""white""]",
doi:10.1007/s00221-019-05469-3,publication_and_single_review_unit_profile,tonelli_2019_echolocation,study_templates/tonelli_2019_echolocation.json,design.noises[].azimuth_deg,serialized_explicit,1,[-90.0],0.0
doi:10.1007/s00221-019-05469-3,publication_and_single_review_unit_profile,tonelli_2019_echolocation,study_templates/tonelli_2019_echolocation.json,design.noises[].elevation_deg,serialized_explicit,1,[0.0],0.0
doi:10.1007/s00221-019-05469-3,publication_and_single_review_unit_profile,tonelli_2019_echolocation,study_templates/tonelli_2019_echolocation.json,design.noises[].gain,serialized_explicit,1,[1.0],1.0
doi:10.1007/s00221-019-05469-3,publication_and_single_review_unit_profile,tonelli_2019_echolocation,study_templates/tonelli_2019_echolocation.json,design.noises[].source_profile,typed_or_parser_default_not_serialized,0,[],""""""
doi:10.1007/s00221-019-05469-3,publication_and_single_review_unit_profile,tonelli_2019_echolocation,study_templates/tonelli_2019_echolocation.json,design.noises[].source_profile_parameters,typed_or_parser_default_not_serialized,0,[],{}
doi:10.1007/s00221-019-05469-3,publication_and_single_review_unit_profile,tonelli_2019_echolocation,study_templates/tonelli_2019_echolocation.json,design.noises[].prebaked_path,typed_or_parser_default_not_serialized,0,[],""""""
doi:10.1007/s00221-019-05469-3,publication_and_single_review_unit_profile,tonelli_2019_echolocation,study_templates/tonelli_2019_echolocation.json,design.noises[].sequence_order,typed_or_parser_default_not_serialized,0,[],0
doi:10.1007/s00221-019-05469-3,publication_and_single_review_unit_profile,tonelli_2019_echolocation,study_templates/tonelli_2019_echolocation.json,design.noises[].motion_mode,typed_or_parser_default_not_serialized,0,[],"""looming"""
doi:10.1007/s00221-019-05469-3,publication_and_single_review_unit_profile,tonelli_2019_echolocation,study_templates/tonelli_2019_echolocation.json,design.noises[].trajectory_snapshot,typed_or_parser_default_not_serialized,0,[],{}
doi:10.1007/s00221-019-05469-3,publication_and_single_review_unit_profile,tonelli_2019_echolocation,study_templates/tonelli_2019_echolocation.json,design.custom_looming_files[].label,repeatable_entity_absent,0,[],
doi:10.1007/s00221-019-05469-3,publication_and_single_review_unit_profile,tonelli_2019_echolocation,study_templates/tonelli_2019_echolocation.json,design.custom_looming_files[].path,repeatable_entity_absent,0,[],
doi:10.1007/s00221-019-05469-3,publication_and_single_review_unit_profile,tonelli_2019_echolocation,study_templates/tonelli_2019_echolocation.json,design.custom_looming_files[].target_duration_s,repeatable_entity_absent,0,[],4.0
doi:10.1007/s00221-019-05469-3,publication_and_single_review_unit_profile,tonelli_2019_echolocation,study_templates/tonelli_2019_echolocation.json,design.custom_looming_files[].render_mode,repeatable_entity_absent,0,[],"""preserve"""
doi:10.1007/s00221-019-05469-3,publication_and_single_review_unit_profile,tonelli_2019_echolocation,study_templates/tonelli_2019_echolocation.json,design.custom_looming_files[].tone_type,repeatable_entity_absent,0,[],""""""
doi:10.1007/s00221-019-05469-3,publication_and_single_review_unit_profile,tonelli_2019_echolocation,study_templates/tonelli_2019_echolocation.json,design.custom_looming_files[].gain,repeatable_entity_absent,0,[],1.0
doi:10.1007/s00221-019-05469-3,publication_and_single_review_unit_profile,tonelli_2019_echolocation,study_templates/tonelli_2019_echolocation.json,design.custom_looming_files[].placement,repeatable_entity_absent,0,[],"""before"""
doi:10.1007/s00221-019-05469-3,publication_and_single_review_unit_profile,tonelli_2019_echolocation,study_templates/tonelli_2019_echolocation.json,design.custom_looming_files[].target_source_label,repeatable_entity_absent,0,[],""""""
doi:10.1007/s00221-019-05469-3,publication_and_single_review_unit_profile,tonelli_2019_echolocation,study_templates/tonelli_2019_echolocation.json,design.custom_looming_files[].phase,repeatable_entity_absent,0,[],""""""
doi:10.1007/s00221-019-05469-3,publication_and_single_review_unit_profile,tonelli_2019_echolocation,study_templates/tonelli_2019_echolocation.json,design.custom_looming_files[].gap_s,repeatable_entity_absent,0,[],0.0
doi:10.1007/s00221-019-05469-3,publication_and_single_review_unit_profile,tonelli_2019_echolocation,study_templates/tonelli_2019_echolocation.json,design.custom_looming_files[].sequence_order,repeatable_entity_absent,0,[],0
doi:10.1007/s00221-019-05469-3,publication_and_single_review_unit_profile,tonelli_2019_echolocation,study_templates/tonelli_2019_echolocation.json,design.custom_looming_files[].motion_mode,repeatable_entity_absent,0,[],"""looming"""
doi:10.1007/s00221-019-05469-3,publication_and_single_review_unit_profile,tonelli_2019_echolocation,study_templates/tonelli_2019_echolocation.json,design.custom_looming_files[].trajectory_snapshot,repeatable_entity_absent,0,[],{}
doi:10.1007/s00221-019-05469-3,publication_and_single_review_unit_profile,tonelli_2019_echolocation,study_templates/tonelli_2019_echolocation.json,design.custom_looming_files[].display_color_hex,repeatable_entity_absent,0,[],""""""
doi:10.1007/s00221-019-05469-3,publication_and_single_review_unit_profile,tonelli_2019_echolocation,study_templates/tonelli_2019_echolocation.json,design.custom_looming_files[].source_input_path,repeatable_entity_absent,0,[],""""""
doi:10.1007/s00221-019-05469-3,publication_and_single_review_unit_profile,tonelli_2019_echolocation,study_templates/tonelli_2019_echolocation.json,design.prestimulus_files[].label,repeatable_entity_absent,0,[],
doi:10.1007/s00221-019-05469-3,publication_and_single_review_unit_profile,tonelli_2019_echolocation,study_templates/tonelli_2019_echolocation.json,design.prestimulus_files[].path,repeatable_entity_absent,0,[],
doi:10.1007/s00221-019-05469-3,publication_and_single_review_unit_profile,tonelli_2019_echolocation,study_templates/tonelli_2019_echolocation.json,design.prestimulus_files[].target_duration_s,repeatable_entity_absent,0,[],4.0
doi:10.1007/s00221-019-05469-3,publication_and_single_review_unit_profile,tonelli_2019_echolocation,study_templates/tonelli_2019_echolocation.json,design.prestimulus_files[].render_mode,repeatable_entity_absent,0,[],"""preserve"""
doi:10.1007/s00221-019-05469-3,publication_and_single_review_unit_profile,tonelli_2019_echolocation,study_templates/tonelli_2019_echolocation.json,design.prestimulus_files[].tone_type,repeatable_entity_absent,0,[],""""""
doi:10.1007/s00221-019-05469-3,publication_and_single_review_unit_profile,tonelli_2019_echolocation,study_templates/tonelli_2019_echolocation.json,design.prestimulus_files[].gain,repeatable_entity_absent,0,[],1.0
doi:10.1007/s00221-019-05469-3,publication_and_single_review_unit_profile,tonelli_2019_echolocation,study_templates/tonelli_2019_echolocation.json,design.prestimulus_files[].placement,repeatable_entity_absent,0,[],"""before"""
doi:10.1007/s00221-019-05469-3,publication_and_single_review_unit_profile,tonelli_2019_echolocation,study_templates/tonelli_2019_echolocation.json,design.prestimulus_files[].target_source_label,repeatable_entity_absent,0,[],""""""
doi:10.1007/s00221-019-05469-3,publication_and_single_review_unit_profile,tonelli_2019_echolocation,study_templates/tonelli_2019_echolocation.json,design.prestimulus_files[].phase,repeatable_entity_absent,0,[],""""""
doi:10.1007/s00221-019-05469-3,publication_and_single_review_unit_profile,tonelli_2019_echolocation,study_templates/tonelli_2019_echolocation.json,design.prestimulus_files[].gap_s,repeatable_entity_absent,0,[],0.0
doi:10.1007/s00221-019-05469-3,publication_and_single_review_unit_profile,tonelli_2019_echolocation,study_templates/tonelli_2019_echolocation.json,design.prestimulus_files[].sequence_order,repeatable_entity_absent,0,[],0
doi:10.1007/s00221-019-05469-3,publication_and_single_review_unit_profile,tonelli_2019_echolocation,study_templates/tonelli_2019_echolocation.json,design.prestimulus_files[].motion_mode,repeatable_entity_absent,0,[],"""looming"""
doi:10.1007/s00221-019-05469-3,publication_and_single_review_unit_profile,tonelli_2019_echolocation,study_templates/tonelli_2019_echolocation.json,design.prestimulus_files[].trajectory_snapshot,repeatable_entity_absent,0,[],{}
doi:10.1007/s00221-019-05469-3,publication_and_single_review_unit_profile,tonelli_2019_echolocation,study_templates/tonelli_2019_echolocation.json,design.prestimulus_files[].display_color_hex,repeatable_entity_absent,0,[],""""""
doi:10.1007/s00221-019-05469-3,publication_and_single_review_unit_profile,tonelli_2019_echolocation,study_templates/tonelli_2019_echolocation.json,design.prestimulus_files[].source_input_path,repeatable_entity_absent,0,[],""""""
doi:10.1007/s00221-019-05469-3,publication_and_single_review_unit_profile,tonelli_2019_echolocation,study_templates/tonelli_2019_echolocation.json,design.trajectory.start_radius_m,serialized_explicit,1,[1.19],1.1
doi:10.1007/s00221-019-05469-3,publication_and_single_review_unit_profile,tonelli_2019_echolocation,study_templates/tonelli_2019_echolocation.json,design.trajectory.end_radius_m,serialized_explicit,1,[0.17],0.1
doi:10.1007/s00221-019-05469-3,publication_and_single_review_unit_profile,tonelli_2019_echolocation,study_templates/tonelli_2019_echolocation.json,design.trajectory.path_direction,serialized_explicit,1,"[""approach""]","""approach"""
doi:10.1007/s00221-019-05469-3,publication_and_single_review_unit_profile,tonelli_2019_echolocation,study_templates/tonelli_2019_echolocation.json,design.trajectory.coordinate_mode,typed_or_parser_default_not_serialized,0,[],"""polar"""
doi:10.1007/s00221-019-05469-3,publication_and_single_review_unit_profile,tonelli_2019_echolocation,study_templates/tonelli_2019_echolocation.json,design.trajectory.start_x_m,typed_or_parser_default_not_serialized,0,[],null
doi:10.1007/s00221-019-05469-3,publication_and_single_review_unit_profile,tonelli_2019_echolocation,study_templates/tonelli_2019_echolocation.json,design.trajectory.start_y_m,typed_or_parser_default_not_serialized,0,[],null
doi:10.1007/s00221-019-05469-3,publication_and_single_review_unit_profile,tonelli_2019_echolocation,study_templates/tonelli_2019_echolocation.json,design.trajectory.start_z_m,typed_or_parser_default_not_serialized,0,[],null
doi:10.1007/s00221-019-05469-3,publication_and_single_review_unit_profile,tonelli_2019_echolocation,study_templates/tonelli_2019_echolocation.json,design.trajectory.end_x_m,typed_or_parser_default_not_serialized,0,[],null
doi:10.1007/s00221-019-05469-3,publication_and_single_review_unit_profile,tonelli_2019_echolocation,study_templates/tonelli_2019_echolocation.json,design.trajectory.end_y_m,typed_or_parser_default_not_serialized,0,[],null
doi:10.1007/s00221-019-05469-3,publication_and_single_review_unit_profile,tonelli_2019_echolocation,study_templates/tonelli_2019_echolocation.json,design.trajectory.end_z_m,typed_or_parser_default_not_serialized,0,[],null
doi:10.1007/s00221-019-05469-3,publication_and_single_review_unit_profile,tonelli_2019_echolocation,study_templates/tonelli_2019_echolocation.json,design.trajectory.path_length_m,serialized_explicit,1,[1.02],1.0
doi:10.1007/s00221-019-05469-3,publication_and_single_review_unit_profile,tonelli_2019_echolocation,study_templates/tonelli_2019_echolocation.json,design.trajectory.propagation_speed_mps,serialized_explicit,1,[0.34],0.3333333333333333
doi:10.1007/s00221-019-05469-3,publication_and_single_review_unit_profile,tonelli_2019_echolocation,study_templates/tonelli_2019_echolocation.json,design.trajectory.azimuth_start_deg,serialized_explicit,1,[-90.0],0.0
doi:10.1007/s00221-019-05469-3,publication_and_single_review_unit_profile,tonelli_2019_echolocation,study_templates/tonelli_2019_echolocation.json,design.trajectory.azimuth_end_deg,serialized_explicit,1,[-90.0],0.0
doi:10.1007/s00221-019-05469-3,publication_and_single_review_unit_profile,tonelli_2019_echolocation,study_templates/tonelli_2019_echolocation.json,design.trajectory.elevation_deg,serialized_explicit,1,[0.0],0.0
doi:10.1007/s00221-019-05469-3,publication_and_single_review_unit_profile,tonelli_2019_echolocation,study_templates/tonelli_2019_echolocation.json,design.trajectory.padding_pre_s,serialized_explicit,1,[0.0],0.5
doi:10.1007/s00221-019-05469-3,publication_and_single_review_unit_profile,tonelli_2019_echolocation,study_templates/tonelli_2019_echolocation.json,design.trajectory.padding_post_s,serialized_explicit,1,[0.0],0.5
doi:10.1007/s00221-019-05469-3,publication_and_single_review_unit_profile,tonelli_2019_echolocation,study_templates/tonelli_2019_echolocation.json,design.trajectory.sample_rate,serialized_explicit,1,[44100],44100
doi:10.1007/s00221-019-05469-3,publication_and_single_review_unit_profile,tonelli_2019_echolocation,study_templates/tonelli_2019_echolocation.json,design.trajectory.use_inverse_square,serialized_explicit,1,[true],true
doi:10.1007/s00221-019-05469-3,publication_and_single_review_unit_profile,tonelli_2019_echolocation,study_templates/tonelli_2019_echolocation.json,design.protocol.repetitions_per_condition,serialized_explicit,1,[12],1
doi:10.1007/s00221-019-05469-3,publication_and_single_review_unit_profile,tonelli_2019_echolocation,study_templates/tonelli_2019_echolocation.json,design.protocol.trial_pool_repetition_defaults,typed_or_parser_default_not_serialized,0,[],{}
doi:10.1007/s00221-019-05469-3,publication_and_single_review_unit_profile,tonelli_2019_echolocation,study_templates/tonelli_2019_echolocation.json,design.protocol.soa_values_ms,serialized_explicit,1,"[[0,500,1000,1500,2000,2500,3000]]","[300,800,1500,2200,2700]"
doi:10.1007/s00221-019-05469-3,publication_and_single_review_unit_profile,tonelli_2019_echolocation,study_templates/tonelli_2019_echolocation.json,design.protocol.spatial_values_cm,serialized_explicit,1,"[[119.0,102.0,85.0,68.0,51.0,34.0,17.0]]","[100.0,83.3,60.0,36.7,20.0]"
doi:10.1007/s00221-019-05469-3,publication_and_single_review_unit_profile,tonelli_2019_echolocation,study_templates/tonelli_2019_echolocation.json,design.protocol.pair_spatial_values_with_soas,serialized_explicit,1,[true],true
doi:10.1007/s00221-019-05469-3,publication_and_single_review_unit_profile,tonelli_2019_echolocation,study_templates/tonelli_2019_echolocation.json,design.protocol.auditory_motion_directions,serialized_explicit,1,"[[""looming""]]","[""looming""]"
doi:10.1007/s00221-019-05469-3,publication_and_single_review_unit_profile,tonelli_2019_echolocation,study_templates/tonelli_2019_echolocation.json,design.protocol.tactile_sites,serialized_explicit,1,"[[""neck""]]","[""hand""]"
doi:10.1007/s00221-019-05469-3,publication_and_single_review_unit_profile,tonelli_2019_echolocation,study_templates/tonelli_2019_echolocation.json,design.protocol.include_catch_trials,typed_or_parser_default_not_serialized,0,[],true
doi:10.1007/s00221-019-05469-3,publication_and_single_review_unit_profile,tonelli_2019_echolocation,study_templates/tonelli_2019_echolocation.json,design.protocol.catch_trial_percentage,serialized_explicit,1,[20.0],10.0
doi:10.1007/s00221-019-05469-3,publication_and_single_review_unit_profile,tonelli_2019_echolocation,study_templates/tonelli_2019_echolocation.json,design.protocol.catch_trials_exact,serialized_explicit,1,[28],null
doi:10.1007/s00221-019-05469-3,publication_and_single_review_unit_profile,tonelli_2019_echolocation,study_templates/tonelli_2019_echolocation.json,design.protocol.catch_crosses_sequence_variants,typed_or_parser_default_not_serialized,0,[],true
doi:10.1007/s00221-019-05469-3,publication_and_single_review_unit_profile,tonelli_2019_echolocation,study_templates/tonelli_2019_echolocation.json,design.protocol.include_auditory_only_trials,typed_or_parser_default_not_serialized,0,[],false
doi:10.1007/s00221-019-05469-3,publication_and_single_review_unit_profile,tonelli_2019_echolocation,study_templates/tonelli_2019_echolocation.json,design.protocol.auditory_only_trial_percentage,typed_or_parser_default_not_serialized,0,[],0.0
doi:10.1007/s00221-019-05469-3,publication_and_single_review_unit_profile,tonelli_2019_echolocation,study_templates/tonelli_2019_echolocation.json,design.protocol.auditory_only_trials_exact,typed_or_parser_default_not_serialized,0,[],null
doi:10.1007/s00221-019-05469-3,publication_and_single_review_unit_profile,tonelli_2019_echolocation,study_templates/tonelli_2019_echolocation.json,design.protocol.auditory_only_crosses_sequence_variants,typed_or_parser_default_not_serialized,0,[],true
doi:10.1007/s00221-019-05469-3,publication_and_single_review_unit_profile,tonelli_2019_echolocation,study_templates/tonelli_2019_echolocation.json,design.protocol.include_baseline_trials,serialized_explicit,1,[true],true
doi:10.1007/s00221-019-05469-3,publication_and_single_review_unit_profile,tonelli_2019_echolocation,study_templates/tonelli_2019_echolocation.json,design.protocol.baseline_strategy,typed_or_parser_default_not_serialized,0,[],"""tactile_only"""
doi:10.1007/s00221-019-05469-3,publication_and_single_review_unit_profile,tonelli_2019_echolocation,study_templates/tonelli_2019_echolocation.json,design.protocol.baseline_trials_exact,serialized_explicit,1,[28],null
doi:10.1007/s00221-019-05469-3,publication_and_single_review_unit_profile,tonelli_2019_echolocation,study_templates/tonelli_2019_echolocation.json,design.protocol.baseline_trial_percentage,typed_or_parser_default_not_serialized,0,[],0.0
doi:10.1007/s00221-019-05469-3,publication_and_single_review_unit_profile,tonelli_2019_echolocation,study_templates/tonelli_2019_echolocation.json,design.protocol.baseline_soa_values_ms,serialized_explicit,1,"[[-500,3500]]",[]
doi:10.1007/s00221-019-05469-3,publication_and_single_review_unit_profile,tonelli_2019_echolocation,study_templates/tonelli_2019_echolocation.json,design.protocol.baseline_custom_trial_mode,typed_or_parser_default_not_serialized,0,[],"""tactile_only"""
doi:10.1007/s00221-019-05469-3,publication_and_single_review_unit_profile,tonelli_2019_echolocation,study_templates/tonelli_2019_echolocation.json,design.protocol.baseline_crosses_sequence_variants,typed_or_parser_default_not_serialized,0,[],true
doi:10.1007/s00221-019-05469-3,publication_and_single_review_unit_profile,tonelli_2019_echolocation,study_templates/tonelli_2019_echolocation.json,design.protocol.respiratory_phases,serialized_explicit,1,"[[""Any""]]","[""Inhale"",""Exhale""]"
doi:10.1007/s00221-019-05469-3,publication_and_single_review_unit_profile,tonelli_2019_echolocation,study_templates/tonelli_2019_echolocation.json,design.protocol.blocks,serialized_explicit,1,[1],6
doi:10.1007/s00221-019-05469-3,publication_and_single_review_unit_profile,tonelli_2019_echolocation,study_templates/tonelli_2019_echolocation.json,design.protocol.block_specs[].label,repeatable_entity_absent,0,[],
doi:10.1007/s00221-019-05469-3,publication_and_single_review_unit_profile,tonelli_2019_echolocation,study_templates/tonelli_2019_echolocation.json,design.protocol.block_specs[].stimulus_types,repeatable_entity_absent,0,[],"[""Audio-Tactile"",""Baseline"",""Catch""]"
doi:10.1007/s00221-019-05469-3,publication_and_single_review_unit_profile,tonelli_2019_echolocation,study_templates/tonelli_2019_echolocation.json,design.protocol.repeat_trial_pool_per_block,typed_or_parser_default_not_serialized,0,[],false
doi:10.1007/s00221-019-05469-3,publication_and_single_review_unit_profile,tonelli_2019_echolocation,study_templates/tonelli_2019_echolocation.json,design.protocol.distribute_trial_pool_across_blocks,typed_or_parser_default_not_serialized,0,[],false
doi:10.1007/s00221-019-05469-3,publication_and_single_review_unit_profile,tonelli_2019_echolocation,study_templates/tonelli_2019_echolocation.json,design.protocol.trial_strips[].strip_id,serialized_explicit,1,"[""tonelli-echolocation-array-row""]",""""""
doi:10.1007/s00221-019-05469-3,publication_and_single_review_unit_profile,tonelli_2019_echolocation,study_templates/tonelli_2019_echolocation.json,design.protocol.trial_strips[].label,serialized_explicit,1,"[""Echolocation array PPS trial""]",""""""
doi:10.1007/s00221-019-05469-3,publication_and_single_review_unit_profile,tonelli_2019_echolocation,study_templates/tonelli_2019_echolocation.json,design.protocol.trial_strips[].audio_tactile_percentage,typed_or_parser_default_not_serialized,0,[],null
doi:10.1007/s00221-019-05469-3,publication_and_single_review_unit_profile,tonelli_2019_echolocation,study_templates/tonelli_2019_echolocation.json,design.protocol.trial_strips[].catch_percentage,typed_or_parser_default_not_serialized,0,[],null
doi:10.1007/s00221-019-05469-3,publication_and_single_review_unit_profile,tonelli_2019_echolocation,study_templates/tonelli_2019_echolocation.json,design.protocol.trial_strips[].baseline_percentage,typed_or_parser_default_not_serialized,0,[],null
doi:10.1007/s00221-019-05469-3,publication_and_single_review_unit_profile,tonelli_2019_echolocation,study_templates/tonelli_2019_echolocation.json,design.protocol.trial_strips[].soa_values_ms,typed_or_parser_default_not_serialized,0,[],[]
doi:10.1007/s00221-019-05469-3,publication_and_single_review_unit_profile,tonelli_2019_echolocation,study_templates/tonelli_2019_echolocation.json,design.protocol.trial_strips[].spatial_values_cm,typed_or_parser_default_not_serialized,0,[],[]
doi:10.1007/s00221-019-05469-3,publication_and_single_review_unit_profile,tonelli_2019_echolocation,study_templates/tonelli_2019_echolocation.json,design.protocol.trial_strips[].metadata,typed_or_parser_default_not_serialized,0,[],{}
doi:10.1007/s00221-019-05469-3,publication_and_single_review_unit_profile,tonelli_2019_echolocation,study_templates/tonelli_2019_echolocation.json,design.protocol.trial_strips[].elements[].element_id,serialized_explicit,1,"[""tonelli-array-looming-source""]",""""""
doi:10.1007/s00221-019-05469-3,publication_and_single_review_unit_profile,tonelli_2019_echolocation,study_templates/tonelli_2019_echolocation.json,design.protocol.trial_strips[].elements[].kind,serialized_explicit,1,"[""looming_stimulus""]","""looming_stimulus"""
doi:10.1007/s00221-019-05469-3,publication_and_single_review_unit_profile,tonelli_2019_echolocation,study_templates/tonelli_2019_echolocation.json,design.protocol.trial_strips[].elements[].label,serialized_explicit,1,"[""Moving sound array""]",""""""
doi:10.1007/s00221-019-05469-3,publication_and_single_review_unit_profile,tonelli_2019_echolocation,study_templates/tonelli_2019_echolocation.json,design.protocol.trial_strips[].elements[].source_label,serialized_explicit,1,"[""""]",""""""
doi:10.1007/s00221-019-05469-3,publication_and_single_review_unit_profile,tonelli_2019_echolocation,study_templates/tonelli_2019_echolocation.json,design.protocol.trial_strips[].elements[].source_labels,serialized_explicit,1,[[]],[]
doi:10.1007/s00221-019-05469-3,publication_and_single_review_unit_profile,tonelli_2019_echolocation,study_templates/tonelli_2019_echolocation.json,design.protocol.trial_strips[].elements[].jitter_values_ms,typed_or_parser_default_not_serialized,0,[],[]
doi:10.1007/s00221-019-05469-3,publication_and_single_review_unit_profile,tonelli_2019_echolocation,study_templates/tonelli_2019_echolocation.json,design.protocol.trial_strips[].elements[].randomized,serialized_explicit,1,[true],false
doi:10.1007/s00221-019-05469-3,publication_and_single_review_unit_profile,tonelli_2019_echolocation,study_templates/tonelli_2019_echolocation.json,design.protocol.trial_randomization_strategy,typed_or_parser_default_not_serialized,0,[],"""no_immediate_repeats"""
doi:10.1007/s00221-019-05469-3,publication_and_single_review_unit_profile,tonelli_2019_echolocation,study_templates/tonelli_2019_echolocation.json,design.protocol.block_order_randomization,typed_or_parser_default_not_serialized,0,[],"""counterbalanced_rotation"""
doi:10.1007/s00221-019-05469-3,publication_and_single_review_unit_profile,tonelli_2019_echolocation,study_templates/tonelli_2019_echolocation.json,design.protocol.max_consecutive_same_trial_type,typed_or_parser_default_not_serialized,0,[],2
doi:10.1007/s00221-019-05469-3,publication_and_single_review_unit_profile,tonelli_2019_echolocation,study_templates/tonelli_2019_echolocation.json,design.protocol.participants,serialized_explicit,1,[44],50
doi:10.1007/s00221-019-05469-3,publication_and_single_review_unit_profile,tonelli_2019_echolocation,study_templates/tonelli_2019_echolocation.json,design.protocol.random_seed,serialized_explicit,1,[20190101],20250604
doi:10.1007/s00221-019-05469-3,publication_and_single_review_unit_profile,tonelli_2019_echolocation,study_templates/tonelli_2019_echolocation.json,design.protocol.participant_order_policy,typed_or_parser_default_not_serialized,0,[],{}
doi:10.3389/frvir.2021.644214,publication_and_single_review_unit_profile,lerner_2021_3d_audio_tactile_boundary,study_templates/lerner_2021_3d_audio_tactile_boundary.json,design.name,serialized_explicit,1,"[""Lerner 2021 3D audio-tactile PPS boundary""]","""Study 5 PPS white/pink design"""
doi:10.3389/frvir.2021.644214,publication_and_single_review_unit_profile,lerner_2021_3d_audio_tactile_boundary,study_templates/lerner_2021_3d_audio_tactile_boundary.json,design.study_profile_id,serialized_explicit,1,"[""lerner_2021_3d_audio_tactile_boundary""]",""""""
doi:10.3389/frvir.2021.644214,publication_and_single_review_unit_profile,lerner_2021_3d_audio_tactile_boundary,study_templates/lerner_2021_3d_audio_tactile_boundary.json,design.study_profile_title,serialized_explicit,1,"[""Lerner 2021 3D audio-tactile PPS boundary""]",""""""
doi:10.3389/frvir.2021.644214,publication_and_single_review_unit_profile,lerner_2021_3d_audio_tactile_boundary,study_templates/lerner_2021_3d_audio_tactile_boundary.json,design.study_profile_notes,serialized_explicit,1,"[""3D Tune-In/Unity PPS mapping study. The preload catalog expands the paper's twelve virtual source directions into local auditory-only trajectory assets for the dynamic and flat pink-noise source types. The runnable profile captures the reported 144 audio-tactile condition rows; subject-specific body/head scaling and exact Unity/3D Tune-In rendering remain provenance caveats.""]",""""""
doi:10.3389/frvir.2021.644214,publication_and_single_review_unit_profile,lerner_2021_3d_audio_tactile_boundary,study_templates/lerner_2021_3d_audio_tactile_boundary.json,design.study_profile_reference_parameters,serialized_explicit,1,"[{""apparatus_recreation_policy"":""The original Unity 2017.4.40 plus 3D Tune-In Toolkit binaural/ambisonic scene is represented by the toolkit's Python SOFA reference renderer using the published 12 spherical source coordinates, 1.2 m start radius, 5.5 s duration, and 22 cm/s speed."",""audio_engine"":""3D Tune-In Toolkit in Unity"",""directions_reported"":12,""distance_scale"":""Stimulus timepoints are reported as 0.7-1.7 arm lengths from the chest; profile uses a 70 cm reference arm length, yielding 119, 105, 91, 77, 63, and 49 cm paired with the 5.5 s movement window."",""preload_end_radius_m"":0.01,""profile_check_complete"":true,""reference_arm_length_cm"":70.0,""remaining_caveats"":[""subject-specific head circumference and ITD customization are represented by the toolkit's fixed reference listener rather than per-subject 3D Tune-In personalization"",""subject-specific arm length scaling is represented by a 70 cm reference-arm conversion instead of live participant scaling"",""the exact original Unity scene, 3D Tune-In runtime behavior, and MATLAB stimulus-generation scripts are not redistributed"",""the article's 24-trials-per-block wording conflicts with the reported total trial count""],""reported_trial_formula"":""144 audio-tactile trials: 12 virtual directions x 2 sound conditions (dynamic looming pink noise and flat stationary pink noise) x 6 arm-length-scaled tactile timepoints x 1 repetition. The profile distributes the pool across four reported experiment blocks."",""sound_velocity_mps"":0.22,""source_count_caveat"":""The paper text states four blocks and total 144 trials, but also says 24 trials per block. The runnable profile prioritizes the explicit 144-trial condition matrix and four-block workflow, producing 36 trials per block."",""stimulus_distance_scale_arm_lengths"":[1.7,1.5,1.3,1.1,0.9,0.7],""tactile_signal"":{""attack_amplitude_db"":4,""attack_frequency_hz"":200,""decay_amplitude_db"":-22,""decay_frequency_hz"":50,""duration_ms"":100,""site"":""sternum xiphoid process""},""virtual_sound_source_positions"":[{""end_radius_m"":0.01,""label"":""direction_01"",""movement_duration_s"":5.5,""x_left_right_m"":0.0,""y_down_top_m"":0.6,""z_behind_front_m"":1.0392304845},{""end_radius_m"":0.01,""label"":""direction_02"",""movement_duration_s"":5.5,""x_left_right_m"":0.6,""y_down_top_m"":1.0392304845,""z_behind_front_m"":0.0},{""end_radius_m"":0.01,""label"":""direction_03"",""movement_duration_s"":5.5,""x_left_right_m"":1.0392304845,""y_down_top_m"":0.0,""z_behind_front_m"":0.6},{""end_radius_m"":0.01,""label"":""direction_04"",""movement_duration_s"":5.5,""x_left_right_m"":0.0,""y_down_top_m"":-0.6,""z_behind_front_m"":1.0392304845},{""end_radius_m"":0.01,""label"":""direction_05"",""movement_duration_s"":5.5,""x_left_right_m"":-0.6,""y_down_top_m"":1.0392304845,""z_behind_front_m"":0.0},{""end_radius_m"":0.01,""label"":""direction_06"",""movement_duration_s"":5.5,""x_left_right_m"":1.0392304845,""y_down_top_m"":0.0,""z_behind_front_m"":-0.6},{""end_radius_m"":0.01,""label"":""direction_07"",""movement_duration_s"":5.5,""x_left_right_m"":0.0,""y_down_top_m"":-0.6,""z_behind_front_m"":-1.0392304845},{""end_radius_m"":0.01,""label"":""direction_08"",""movement_duration_s"":5.5,""x_left_right_m"":-0.6,""y_down_top_m"":-1.0392304845,""z_behind_front_m"":0.0},{""end_radius_m"":0.01,""label"":""direction_09"",""movement_duration_s"":5.5,""x_left_right_m"":-1.0392304845,""y_down_top_m"":0.0,""z_behind_front_m"":-0.6},{""end_radius_m"":0.01,""label"":""direction_10"",""movement_duration_s"":5.5,""x_left_right_m"":0.0,""y_down_top_m"":0.6,""z_behind_front_m"":-1.0392304845},{""end_radius_m"":0.01,""label"":""direction_11"",""movement_duration_s"":5.5,""x_left_right_m"":0.6,""y_down_top_m"":-1.0392304845,""z_behind_front_m"":0.0},{""end_radius_m"":0.01,""label"":""direction_12"",""movement_duration_s"":5.5,""x_left_right_m"":-1.0392304845,""y_down_top_m"":0.0,""z_behind_front_m"":0.6}],""virtual_sound_source_radius_m"":1.2}]",{}
doi:10.3389/frvir.2021.644214,publication_and_single_review_unit_profile,lerner_2021_3d_audio_tactile_boundary,study_templates/lerner_2021_3d_audio_tactile_boundary.json,design.sofa_file,serialized_explicit,1,"[""""]","""assets/0. Head-Related Impulse Response (HRIR) model/FABIAN_HRIR_measured_HATO_0.sofa"""
doi:10.3389/frvir.2021.644214,publication_and_single_review_unit_profile,lerner_2021_3d_audio_tactile_boundary,study_templates/lerner_2021_3d_audio_tactile_boundary.json,design.noises[].label,serialized_explicit,2,"[""Dynamic pink 3D sound"",""Flat pink 3D sound""]",
doi:10.3389/frvir.2021.644214,publication_and_single_review_unit_profile,lerner_2021_3d_audio_tactile_boundary,study_templates/lerner_2021_3d_audio_tactile_boundary.json,design.noises[].noise_type,serialized_explicit,2,"[""pink"",""pink""]",
doi:10.3389/frvir.2021.644214,publication_and_single_review_unit_profile,lerner_2021_3d_audio_tactile_boundary,study_templates/lerner_2021_3d_audio_tactile_boundary.json,design.noises[].azimuth_deg,serialized_explicit,2,"[0.0,0.0]",0.0
doi:10.3389/frvir.2021.644214,publication_and_single_review_unit_profile,lerner_2021_3d_audio_tactile_boundary,study_templates/lerner_2021_3d_audio_tactile_boundary.json,design.noises[].elevation_deg,serialized_explicit,2,"[0.0,0.0]",0.0
doi:10.3389/frvir.2021.644214,publication_and_single_review_unit_profile,lerner_2021_3d_audio_tactile_boundary,study_templates/lerner_2021_3d_audio_tactile_boundary.json,design.noises[].gain,serialized_explicit,2,"[1.0,1.0]",1.0
doi:10.3389/frvir.2021.644214,publication_and_single_review_unit_profile,lerner_2021_3d_audio_tactile_boundary,study_templates/lerner_2021_3d_audio_tactile_boundary.json,design.noises[].source_profile,serialized_explicit,2,"[""continuous_noise"",""continuous_noise""]",""""""
doi:10.3389/frvir.2021.644214,publication_and_single_review_unit_profile,lerner_2021_3d_audio_tactile_boundary,study_templates/lerner_2021_3d_audio_tactile_boundary.json,design.noises[].source_profile_parameters,typed_or_parser_default_not_serialized,0,[],{}
doi:10.3389/frvir.2021.644214,publication_and_single_review_unit_profile,lerner_2021_3d_audio_tactile_boundary,study_templates/lerner_2021_3d_audio_tactile_boundary.json,design.noises[].prebaked_path,typed_or_parser_default_not_serialized,0,[],""""""
doi:10.3389/frvir.2021.644214,publication_and_single_review_unit_profile,lerner_2021_3d_audio_tactile_boundary,study_templates/lerner_2021_3d_audio_tactile_boundary.json,design.noises[].sequence_order,typed_or_parser_default_not_serialized,0,[],0
doi:10.3389/frvir.2021.644214,publication_and_single_review_unit_profile,lerner_2021_3d_audio_tactile_boundary,study_templates/lerner_2021_3d_audio_tactile_boundary.json,design.noises[].motion_mode,serialized_explicit,2,"[""looming"",""stationary""]","""looming"""
doi:10.3389/frvir.2021.644214,publication_and_single_review_unit_profile,lerner_2021_3d_audio_tactile_boundary,study_templates/lerner_2021_3d_audio_tactile_boundary.json,design.noises[].trajectory_snapshot,typed_or_parser_default_not_serialized,0,[],{}
doi:10.3389/frvir.2021.644214,publication_and_single_review_unit_profile,lerner_2021_3d_audio_tactile_boundary,study_templates/lerner_2021_3d_audio_tactile_boundary.json,design.custom_looming_files[].label,repeatable_entity_absent,0,[],
doi:10.3389/frvir.2021.644214,publication_and_single_review_unit_profile,lerner_2021_3d_audio_tactile_boundary,study_templates/lerner_2021_3d_audio_tactile_boundary.json,design.custom_looming_files[].path,repeatable_entity_absent,0,[],
doi:10.3389/frvir.2021.644214,publication_and_single_review_unit_profile,lerner_2021_3d_audio_tactile_boundary,study_templates/lerner_2021_3d_audio_tactile_boundary.json,design.custom_looming_files[].target_duration_s,repeatable_entity_absent,0,[],4.0
doi:10.3389/frvir.2021.644214,publication_and_single_review_unit_profile,lerner_2021_3d_audio_tactile_boundary,study_templates/lerner_2021_3d_audio_tactile_boundary.json,design.custom_looming_files[].render_mode,repeatable_entity_absent,0,[],"""preserve"""
doi:10.3389/frvir.2021.644214,publication_and_single_review_unit_profile,lerner_2021_3d_audio_tactile_boundary,study_templates/lerner_2021_3d_audio_tactile_boundary.json,design.custom_looming_files[].tone_type,repeatable_entity_absent,0,[],""""""
doi:10.3389/frvir.2021.644214,publication_and_single_review_unit_profile,lerner_2021_3d_audio_tactile_boundary,study_templates/lerner_2021_3d_audio_tactile_boundary.json,design.custom_looming_files[].gain,repeatable_entity_absent,0,[],1.0
doi:10.3389/frvir.2021.644214,publication_and_single_review_unit_profile,lerner_2021_3d_audio_tactile_boundary,study_templates/lerner_2021_3d_audio_tactile_boundary.json,design.custom_looming_files[].placement,repeatable_entity_absent,0,[],"""before"""
doi:10.3389/frvir.2021.644214,publication_and_single_review_unit_profile,lerner_2021_3d_audio_tactile_boundary,study_templates/lerner_2021_3d_audio_tactile_boundary.json,design.custom_looming_files[].target_source_label,repeatable_entity_absent,0,[],""""""
doi:10.3389/frvir.2021.644214,publication_and_single_review_unit_profile,lerner_2021_3d_audio_tactile_boundary,study_templates/lerner_2021_3d_audio_tactile_boundary.json,design.custom_looming_files[].phase,repeatable_entity_absent,0,[],""""""
doi:10.3389/frvir.2021.644214,publication_and_single_review_unit_profile,lerner_2021_3d_audio_tactile_boundary,study_templates/lerner_2021_3d_audio_tactile_boundary.json,design.custom_looming_files[].gap_s,repeatable_entity_absent,0,[],0.0
doi:10.3389/frvir.2021.644214,publication_and_single_review_unit_profile,lerner_2021_3d_audio_tactile_boundary,study_templates/lerner_2021_3d_audio_tactile_boundary.json,design.custom_looming_files[].sequence_order,repeatable_entity_absent,0,[],0
doi:10.3389/frvir.2021.644214,publication_and_single_review_unit_profile,lerner_2021_3d_audio_tactile_boundary,study_templates/lerner_2021_3d_audio_tactile_boundary.json,design.custom_looming_files[].motion_mode,repeatable_entity_absent,0,[],"""looming"""
doi:10.3389/frvir.2021.644214,publication_and_single_review_unit_profile,lerner_2021_3d_audio_tactile_boundary,study_templates/lerner_2021_3d_audio_tactile_boundary.json,design.custom_looming_files[].trajectory_snapshot,repeatable_entity_absent,0,[],{}
doi:10.3389/frvir.2021.644214,publication_and_single_review_unit_profile,lerner_2021_3d_audio_tactile_boundary,study_templates/lerner_2021_3d_audio_tactile_boundary.json,design.custom_looming_files[].display_color_hex,repeatable_entity_absent,0,[],""""""
doi:10.3389/frvir.2021.644214,publication_and_single_review_unit_profile,lerner_2021_3d_audio_tactile_boundary,study_templates/lerner_2021_3d_audio_tactile_boundary.json,design.custom_looming_files[].source_input_path,repeatable_entity_absent,0,[],""""""
doi:10.3389/frvir.2021.644214,publication_and_single_review_unit_profile,lerner_2021_3d_audio_tactile_boundary,study_templates/lerner_2021_3d_audio_tactile_boundary.json,design.prestimulus_files[].label,repeatable_entity_absent,0,[],
doi:10.3389/frvir.2021.644214,publication_and_single_review_unit_profile,lerner_2021_3d_audio_tactile_boundary,study_templates/lerner_2021_3d_audio_tactile_boundary.json,design.prestimulus_files[].path,repeatable_entity_absent,0,[],
doi:10.3389/frvir.2021.644214,publication_and_single_review_unit_profile,lerner_2021_3d_audio_tactile_boundary,study_templates/lerner_2021_3d_audio_tactile_boundary.json,design.prestimulus_files[].target_duration_s,repeatable_entity_absent,0,[],4.0
doi:10.3389/frvir.2021.644214,publication_and_single_review_unit_profile,lerner_2021_3d_audio_tactile_boundary,study_templates/lerner_2021_3d_audio_tactile_boundary.json,design.prestimulus_files[].render_mode,repeatable_entity_absent,0,[],"""preserve"""
doi:10.3389/frvir.2021.644214,publication_and_single_review_unit_profile,lerner_2021_3d_audio_tactile_boundary,study_templates/lerner_2021_3d_audio_tactile_boundary.json,design.prestimulus_files[].tone_type,repeatable_entity_absent,0,[],""""""
doi:10.3389/frvir.2021.644214,publication_and_single_review_unit_profile,lerner_2021_3d_audio_tactile_boundary,study_templates/lerner_2021_3d_audio_tactile_boundary.json,design.prestimulus_files[].gain,repeatable_entity_absent,0,[],1.0
doi:10.3389/frvir.2021.644214,publication_and_single_review_unit_profile,lerner_2021_3d_audio_tactile_boundary,study_templates/lerner_2021_3d_audio_tactile_boundary.json,design.prestimulus_files[].placement,repeatable_entity_absent,0,[],"""before"""
doi:10.3389/frvir.2021.644214,publication_and_single_review_unit_profile,lerner_2021_3d_audio_tactile_boundary,study_templates/lerner_2021_3d_audio_tactile_boundary.json,design.prestimulus_files[].target_source_label,repeatable_entity_absent,0,[],""""""
doi:10.3389/frvir.2021.644214,publication_and_single_review_unit_profile,lerner_2021_3d_audio_tactile_boundary,study_templates/lerner_2021_3d_audio_tactile_boundary.json,design.prestimulus_files[].phase,repeatable_entity_absent,0,[],""""""
doi:10.3389/frvir.2021.644214,publication_and_single_review_unit_profile,lerner_2021_3d_audio_tactile_boundary,study_templates/lerner_2021_3d_audio_tactile_boundary.json,design.prestimulus_files[].gap_s,repeatable_entity_absent,0,[],0.0
doi:10.3389/frvir.2021.644214,publication_and_single_review_unit_profile,lerner_2021_3d_audio_tactile_boundary,study_templates/lerner_2021_3d_audio_tactile_boundary.json,design.prestimulus_files[].sequence_order,repeatable_entity_absent,0,[],0
doi:10.3389/frvir.2021.644214,publication_and_single_review_unit_profile,lerner_2021_3d_audio_tactile_boundary,study_templates/lerner_2021_3d_audio_tactile_boundary.json,design.prestimulus_files[].motion_mode,repeatable_entity_absent,0,[],"""looming"""
doi:10.3389/frvir.2021.644214,publication_and_single_review_unit_profile,lerner_2021_3d_audio_tactile_boundary,study_templates/lerner_2021_3d_audio_tactile_boundary.json,design.prestimulus_files[].trajectory_snapshot,repeatable_entity_absent,0,[],{}
doi:10.3389/frvir.2021.644214,publication_and_single_review_unit_profile,lerner_2021_3d_audio_tactile_boundary,study_templates/lerner_2021_3d_audio_tactile_boundary.json,design.prestimulus_files[].display_color_hex,repeatable_entity_absent,0,[],""""""
doi:10.3389/frvir.2021.644214,publication_and_single_review_unit_profile,lerner_2021_3d_audio_tactile_boundary,study_templates/lerner_2021_3d_audio_tactile_boundary.json,design.prestimulus_files[].source_input_path,repeatable_entity_absent,0,[],""""""
doi:10.3389/frvir.2021.644214,publication_and_single_review_unit_profile,lerner_2021_3d_audio_tactile_boundary,study_templates/lerner_2021_3d_audio_tactile_boundary.json,design.trajectory.start_radius_m,serialized_explicit,1,[1.2],1.1
doi:10.3389/frvir.2021.644214,publication_and_single_review_unit_profile,lerner_2021_3d_audio_tactile_boundary,study_templates/lerner_2021_3d_audio_tactile_boundary.json,design.trajectory.end_radius_m,serialized_explicit,1,[0.01],0.1
doi:10.3389/frvir.2021.644214,publication_and_single_review_unit_profile,lerner_2021_3d_audio_tactile_boundary,study_templates/lerner_2021_3d_audio_tactile_boundary.json,design.trajectory.path_direction,serialized_explicit,1,"[""custom""]","""approach"""
doi:10.3389/frvir.2021.644214,publication_and_single_review_unit_profile,lerner_2021_3d_audio_tactile_boundary,study_templates/lerner_2021_3d_audio_tactile_boundary.json,design.trajectory.coordinate_mode,serialized_explicit,1,"[""cartesian""]","""polar"""
doi:10.3389/frvir.2021.644214,publication_and_single_review_unit_profile,lerner_2021_3d_audio_tactile_boundary,study_templates/lerner_2021_3d_audio_tactile_boundary.json,design.trajectory.start_x_m,serialized_explicit,1,[0.0],null
doi:10.3389/frvir.2021.644214,publication_and_single_review_unit_profile,lerner_2021_3d_audio_tactile_boundary,study_templates/lerner_2021_3d_audio_tactile_boundary.json,design.trajectory.start_y_m,serialized_explicit,1,[1.0392304845],null
doi:10.3389/frvir.2021.644214,publication_and_single_review_unit_profile,lerner_2021_3d_audio_tactile_boundary,study_templates/lerner_2021_3d_audio_tactile_boundary.json,design.trajectory.start_z_m,serialized_explicit,1,[0.6],null
doi:10.3389/frvir.2021.644214,publication_and_single_review_unit_profile,lerner_2021_3d_audio_tactile_boundary,study_templates/lerner_2021_3d_audio_tactile_boundary.json,design.trajectory.end_x_m,serialized_explicit,1,[0.0],null
doi:10.3389/frvir.2021.644214,publication_and_single_review_unit_profile,lerner_2021_3d_audio_tactile_boundary,study_templates/lerner_2021_3d_audio_tactile_boundary.json,design.trajectory.end_y_m,serialized_explicit,1,[0.008660254],null
doi:10.3389/frvir.2021.644214,publication_and_single_review_unit_profile,lerner_2021_3d_audio_tactile_boundary,study_templates/lerner_2021_3d_audio_tactile_boundary.json,design.trajectory.end_z_m,serialized_explicit,1,[0.005],null
doi:10.3389/frvir.2021.644214,publication_and_single_review_unit_profile,lerner_2021_3d_audio_tactile_boundary,study_templates/lerner_2021_3d_audio_tactile_boundary.json,design.trajectory.path_length_m,serialized_explicit,1,[1.19],1.0
doi:10.3389/frvir.2021.644214,publication_and_single_review_unit_profile,lerner_2021_3d_audio_tactile_boundary,study_templates/lerner_2021_3d_audio_tactile_boundary.json,design.trajectory.propagation_speed_mps,serialized_explicit,1,[0.2163636364],0.3333333333333333
doi:10.3389/frvir.2021.644214,publication_and_single_review_unit_profile,lerner_2021_3d_audio_tactile_boundary,study_templates/lerner_2021_3d_audio_tactile_boundary.json,design.trajectory.azimuth_start_deg,serialized_explicit,1,[0.0],0.0
doi:10.3389/frvir.2021.644214,publication_and_single_review_unit_profile,lerner_2021_3d_audio_tactile_boundary,study_templates/lerner_2021_3d_audio_tactile_boundary.json,design.trajectory.azimuth_end_deg,serialized_explicit,1,[0.0],0.0
doi:10.3389/frvir.2021.644214,publication_and_single_review_unit_profile,lerner_2021_3d_audio_tactile_boundary,study_templates/lerner_2021_3d_audio_tactile_boundary.json,design.trajectory.elevation_deg,serialized_explicit,1,[12.387570284],0.0
doi:10.3389/frvir.2021.644214,publication_and_single_review_unit_profile,lerner_2021_3d_audio_tactile_boundary,study_templates/lerner_2021_3d_audio_tactile_boundary.json,design.trajectory.padding_pre_s,serialized_explicit,1,[0.0],0.5
doi:10.3389/frvir.2021.644214,publication_and_single_review_unit_profile,lerner_2021_3d_audio_tactile_boundary,study_templates/lerner_2021_3d_audio_tactile_boundary.json,design.trajectory.padding_post_s,serialized_explicit,1,[0.0],0.5
doi:10.3389/frvir.2021.644214,publication_and_single_review_unit_profile,lerner_2021_3d_audio_tactile_boundary,study_templates/lerner_2021_3d_audio_tactile_boundary.json,design.trajectory.sample_rate,serialized_explicit,1,[44100],44100
doi:10.3389/frvir.2021.644214,publication_and_single_review_unit_profile,lerner_2021_3d_audio_tactile_boundary,study_templates/lerner_2021_3d_audio_tactile_boundary.json,design.trajectory.use_inverse_square,serialized_explicit,1,[true],true
doi:10.3389/frvir.2021.644214,publication_and_single_review_unit_profile,lerner_2021_3d_audio_tactile_boundary,study_templates/lerner_2021_3d_audio_tactile_boundary.json,design.protocol.repetitions_per_condition,serialized_explicit,1,[1],1
doi:10.3389/frvir.2021.644214,publication_and_single_review_unit_profile,lerner_2021_3d_audio_tactile_boundary,study_templates/lerner_2021_3d_audio_tactile_boundary.json,design.protocol.trial_pool_repetition_defaults,typed_or_parser_default_not_serialized,0,[],{}
doi:10.3389/frvir.2021.644214,publication_and_single_review_unit_profile,lerner_2021_3d_audio_tactile_boundary,study_templates/lerner_2021_3d_audio_tactile_boundary.json,design.protocol.soa_values_ms,serialized_explicit,1,"[[0,1100,2200,3300,4400,5500]]","[300,800,1500,2200,2700]"
doi:10.3389/frvir.2021.644214,publication_and_single_review_unit_profile,lerner_2021_3d_audio_tactile_boundary,study_templates/lerner_2021_3d_audio_tactile_boundary.json,design.protocol.spatial_values_cm,serialized_explicit,1,"[[119,105,91,77,63,49]]","[100.0,83.3,60.0,36.7,20.0]"
doi:10.3389/frvir.2021.644214,publication_and_single_review_unit_profile,lerner_2021_3d_audio_tactile_boundary,study_templates/lerner_2021_3d_audio_tactile_boundary.json,design.protocol.pair_spatial_values_with_soas,serialized_explicit,1,[true],true
doi:10.3389/frvir.2021.644214,publication_and_single_review_unit_profile,lerner_2021_3d_audio_tactile_boundary,study_templates/lerner_2021_3d_audio_tactile_boundary.json,design.protocol.auditory_motion_directions,serialized_explicit,1,"[[""direction_01"",""direction_02"",""direction_03"",""direction_04"",""direction_05"",""direction_06"",""direction_07"",""direction_08"",""direction_09"",""direction_10"",""direction_11"",""direction_12""]]","[""looming""]"
doi:10.3389/frvir.2021.644214,publication_and_single_review_unit_profile,lerner_2021_3d_audio_tactile_boundary,study_templates/lerner_2021_3d_audio_tactile_boundary.json,design.protocol.tactile_sites,serialized_explicit,1,"[[""sternum/chest""]]","[""hand""]"
doi:10.3389/frvir.2021.644214,publication_and_single_review_unit_profile,lerner_2021_3d_audio_tactile_boundary,study_templates/lerner_2021_3d_audio_tactile_boundary.json,design.protocol.include_catch_trials,serialized_explicit,1,[false],true
doi:10.3389/frvir.2021.644214,publication_and_single_review_unit_profile,lerner_2021_3d_audio_tactile_boundary,study_templates/lerner_2021_3d_audio_tactile_boundary.json,design.protocol.catch_trial_percentage,serialized_explicit,1,[0.0],10.0
doi:10.3389/frvir.2021.644214,publication_and_single_review_unit_profile,lerner_2021_3d_audio_tactile_boundary,study_templates/lerner_2021_3d_audio_tactile_boundary.json,design.protocol.catch_trials_exact,serialized_explicit,1,[0],null
doi:10.3389/frvir.2021.644214,publication_and_single_review_unit_profile,lerner_2021_3d_audio_tactile_boundary,study_templates/lerner_2021_3d_audio_tactile_boundary.json,design.protocol.catch_crosses_sequence_variants,typed_or_parser_default_not_serialized,0,[],true
doi:10.3389/frvir.2021.644214,publication_and_single_review_unit_profile,lerner_2021_3d_audio_tactile_boundary,study_templates/lerner_2021_3d_audio_tactile_boundary.json,design.protocol.include_auditory_only_trials,typed_or_parser_default_not_serialized,0,[],false
doi:10.3389/frvir.2021.644214,publication_and_single_review_unit_profile,lerner_2021_3d_audio_tactile_boundary,study_templates/lerner_2021_3d_audio_tactile_boundary.json,design.protocol.auditory_only_trial_percentage,typed_or_parser_default_not_serialized,0,[],0.0
doi:10.3389/frvir.2021.644214,publication_and_single_review_unit_profile,lerner_2021_3d_audio_tactile_boundary,study_templates/lerner_2021_3d_audio_tactile_boundary.json,design.protocol.auditory_only_trials_exact,typed_or_parser_default_not_serialized,0,[],null
doi:10.3389/frvir.2021.644214,publication_and_single_review_unit_profile,lerner_2021_3d_audio_tactile_boundary,study_templates/lerner_2021_3d_audio_tactile_boundary.json,design.protocol.auditory_only_crosses_sequence_variants,typed_or_parser_default_not_serialized,0,[],true
doi:10.3389/frvir.2021.644214,publication_and_single_review_unit_profile,lerner_2021_3d_audio_tactile_boundary,study_templates/lerner_2021_3d_audio_tactile_boundary.json,design.protocol.include_baseline_trials,serialized_explicit,1,[false],true
doi:10.3389/frvir.2021.644214,publication_and_single_review_unit_profile,lerner_2021_3d_audio_tactile_boundary,study_templates/lerner_2021_3d_audio_tactile_boundary.json,design.protocol.baseline_strategy,serialized_explicit,1,"[""none""]","""tactile_only"""
doi:10.3389/frvir.2021.644214,publication_and_single_review_unit_profile,lerner_2021_3d_audio_tactile_boundary,study_templates/lerner_2021_3d_audio_tactile_boundary.json,design.protocol.baseline_trials_exact,typed_or_parser_default_not_serialized,0,[],null
doi:10.3389/frvir.2021.644214,publication_and_single_review_unit_profile,lerner_2021_3d_audio_tactile_boundary,study_templates/lerner_2021_3d_audio_tactile_boundary.json,design.protocol.baseline_trial_percentage,typed_or_parser_default_not_serialized,0,[],0.0
doi:10.3389/frvir.2021.644214,publication_and_single_review_unit_profile,lerner_2021_3d_audio_tactile_boundary,study_templates/lerner_2021_3d_audio_tactile_boundary.json,design.protocol.baseline_soa_values_ms,serialized_explicit,1,[[]],[]
doi:10.3389/frvir.2021.644214,publication_and_single_review_unit_profile,lerner_2021_3d_audio_tactile_boundary,study_templates/lerner_2021_3d_audio_tactile_boundary.json,design.protocol.baseline_custom_trial_mode,typed_or_parser_default_not_serialized,0,[],"""tactile_only"""
doi:10.3389/frvir.2021.644214,publication_and_single_review_unit_profile,lerner_2021_3d_audio_tactile_boundary,study_templates/lerner_2021_3d_audio_tactile_boundary.json,design.protocol.baseline_crosses_sequence_variants,typed_or_parser_default_not_serialized,0,[],true
doi:10.3389/frvir.2021.644214,publication_and_single_review_unit_profile,lerner_2021_3d_audio_tactile_boundary,study_templates/lerner_2021_3d_audio_tactile_boundary.json,design.protocol.respiratory_phases,serialized_explicit,1,"[[""Any""]]","[""Inhale"",""Exhale""]"
doi:10.3389/frvir.2021.644214,publication_and_single_review_unit_profile,lerner_2021_3d_audio_tactile_boundary,study_templates/lerner_2021_3d_audio_tactile_boundary.json,design.protocol.blocks,serialized_explicit,1,[4],6
doi:10.3389/frvir.2021.644214,publication_and_single_review_unit_profile,lerner_2021_3d_audio_tactile_boundary,study_templates/lerner_2021_3d_audio_tactile_boundary.json,design.protocol.block_specs[].label,repeatable_entity_absent,0,[],
doi:10.3389/frvir.2021.644214,publication_and_single_review_unit_profile,lerner_2021_3d_audio_tactile_boundary,study_templates/lerner_2021_3d_audio_tactile_boundary.json,design.protocol.block_specs[].stimulus_types,repeatable_entity_absent,0,[],"[""Audio-Tactile"",""Baseline"",""Catch""]"
doi:10.3389/frvir.2021.644214,publication_and_single_review_unit_profile,lerner_2021_3d_audio_tactile_boundary,study_templates/lerner_2021_3d_audio_tactile_boundary.json,design.protocol.repeat_trial_pool_per_block,typed_or_parser_default_not_serialized,0,[],false
doi:10.3389/frvir.2021.644214,publication_and_single_review_unit_profile,lerner_2021_3d_audio_tactile_boundary,study_templates/lerner_2021_3d_audio_tactile_boundary.json,design.protocol.distribute_trial_pool_across_blocks,serialized_explicit,1,[true],false
doi:10.3389/frvir.2021.644214,publication_and_single_review_unit_profile,lerner_2021_3d_audio_tactile_boundary,study_templates/lerner_2021_3d_audio_tactile_boundary.json,design.protocol.trial_strips[].strip_id,serialized_explicit,1,"[""lerner-3d-boundary-source-row""]",""""""
doi:10.3389/frvir.2021.644214,publication_and_single_review_unit_profile,lerner_2021_3d_audio_tactile_boundary,study_templates/lerner_2021_3d_audio_tactile_boundary.json,design.protocol.trial_strips[].label,serialized_explicit,1,"[""3D boundary source trial""]",""""""
doi:10.3389/frvir.2021.644214,publication_and_single_review_unit_profile,lerner_2021_3d_audio_tactile_boundary,study_templates/lerner_2021_3d_audio_tactile_boundary.json,design.protocol.trial_strips[].audio_tactile_percentage,serialized_explicit,1,[100.0],null
doi:10.3389/frvir.2021.644214,publication_and_single_review_unit_profile,lerner_2021_3d_audio_tactile_boundary,study_templates/lerner_2021_3d_audio_tactile_boundary.json,design.protocol.trial_strips[].catch_percentage,serialized_explicit,1,[0.0],null
doi:10.3389/frvir.2021.644214,publication_and_single_review_unit_profile,lerner_2021_3d_audio_tactile_boundary,study_templates/lerner_2021_3d_audio_tactile_boundary.json,design.protocol.trial_strips[].baseline_percentage,serialized_explicit,1,[0.0],null
doi:10.3389/frvir.2021.644214,publication_and_single_review_unit_profile,lerner_2021_3d_audio_tactile_boundary,study_templates/lerner_2021_3d_audio_tactile_boundary.json,design.protocol.trial_strips[].soa_values_ms,typed_or_parser_default_not_serialized,0,[],[]
doi:10.3389/frvir.2021.644214,publication_and_single_review_unit_profile,lerner_2021_3d_audio_tactile_boundary,study_templates/lerner_2021_3d_audio_tactile_boundary.json,design.protocol.trial_strips[].spatial_values_cm,typed_or_parser_default_not_serialized,0,[],[]
doi:10.3389/frvir.2021.644214,publication_and_single_review_unit_profile,lerner_2021_3d_audio_tactile_boundary,study_templates/lerner_2021_3d_audio_tactile_boundary.json,design.protocol.trial_strips[].metadata,typed_or_parser_default_not_serialized,0,[],{}
doi:10.3389/frvir.2021.644214,publication_and_single_review_unit_profile,lerner_2021_3d_audio_tactile_boundary,study_templates/lerner_2021_3d_audio_tactile_boundary.json,design.protocol.trial_strips[].elements[].element_id,serialized_explicit,1,"[""lerner-3d-boundary-source""]",""""""
doi:10.3389/frvir.2021.644214,publication_and_single_review_unit_profile,lerner_2021_3d_audio_tactile_boundary,study_templates/lerner_2021_3d_audio_tactile_boundary.json,design.protocol.trial_strips[].elements[].kind,serialized_explicit,1,"[""looming_stimulus""]","""looming_stimulus"""
doi:10.3389/frvir.2021.644214,publication_and_single_review_unit_profile,lerner_2021_3d_audio_tactile_boundary,study_templates/lerner_2021_3d_audio_tactile_boundary.json,design.protocol.trial_strips[].elements[].label,serialized_explicit,1,"[""3D audio-tactile source""]",""""""
doi:10.3389/frvir.2021.644214,publication_and_single_review_unit_profile,lerner_2021_3d_audio_tactile_boundary,study_templates/lerner_2021_3d_audio_tactile_boundary.json,design.protocol.trial_strips[].elements[].source_label,serialized_explicit,1,"[""Dynamic pink 3D sound""]",""""""
doi:10.3389/frvir.2021.644214,publication_and_single_review_unit_profile,lerner_2021_3d_audio_tactile_boundary,study_templates/lerner_2021_3d_audio_tactile_boundary.json,design.protocol.trial_strips[].elements[].source_labels,serialized_explicit,1,"[[""Dynamic pink 3D sound"",""Flat pink 3D sound""]]",[]
doi:10.3389/frvir.2021.644214,publication_and_single_review_unit_profile,lerner_2021_3d_audio_tactile_boundary,study_templates/lerner_2021_3d_audio_tactile_boundary.json,design.protocol.trial_strips[].elements[].jitter_values_ms,typed_or_parser_default_not_serialized,0,[],[]
doi:10.3389/frvir.2021.644214,publication_and_single_review_unit_profile,lerner_2021_3d_audio_tactile_boundary,study_templates/lerner_2021_3d_audio_tactile_boundary.json,design.protocol.trial_strips[].elements[].randomized,serialized_explicit,1,[true],false
doi:10.3389/frvir.2021.644214,publication_and_single_review_unit_profile,lerner_2021_3d_audio_tactile_boundary,study_templates/lerner_2021_3d_audio_tactile_boundary.json,design.protocol.trial_randomization_strategy,serialized_explicit,1,"[""no_immediate_repeats""]","""no_immediate_repeats"""
doi:10.3389/frvir.2021.644214,publication_and_single_review_unit_profile,lerner_2021_3d_audio_tactile_boundary,study_templates/lerner_2021_3d_audio_tactile_boundary.json,design.protocol.block_order_randomization,serialized_explicit,1,"[""counterbalanced_rotation""]","""counterbalanced_rotation"""
doi:10.3389/frvir.2021.644214,publication_and_single_review_unit_profile,lerner_2021_3d_audio_tactile_boundary,study_templates/lerner_2021_3d_audio_tactile_boundary.json,design.protocol.max_consecutive_same_trial_type,serialized_explicit,1,[2],2
doi:10.3389/frvir.2021.644214,publication_and_single_review_unit_profile,lerner_2021_3d_audio_tactile_boundary,study_templates/lerner_2021_3d_audio_tactile_boundary.json,design.protocol.participants,serialized_explicit,1,[8],50
doi:10.3389/frvir.2021.644214,publication_and_single_review_unit_profile,lerner_2021_3d_audio_tactile_boundary,study_templates/lerner_2021_3d_audio_tactile_boundary.json,design.protocol.random_seed,serialized_explicit,1,[20210513],20250604
doi:10.3389/frvir.2021.644214,publication_and_single_review_unit_profile,lerner_2021_3d_audio_tactile_boundary,study_templates/lerner_2021_3d_audio_tactile_boundary.json,design.protocol.participant_order_policy,typed_or_parser_default_not_serialized,0,[],{}
doi:10.1016/j.neuropsychologia.2009.07.025,publication_and_single_review_unit_profile,tajadura_jimenez_2009_crossed_visual_deprivation,study_templates/tajadura_jimenez_2009_crossed_visual_deprivation.json,design.name,serialized_explicit,1,"[""Collignon 2009 visual-deprivation lateralization - crossed posture""]","""Study 5 PPS white/pink design"""
doi:10.1016/j.neuropsychologia.2009.07.025,publication_and_single_review_unit_profile,tajadura_jimenez_2009_uncrossed_visual_deprivation,study_templates/tajadura_jimenez_2009_uncrossed_visual_deprivation.json,design.name,serialized_explicit,1,"[""Collignon 2009 visual-deprivation lateralization - uncrossed posture""]","""Study 5 PPS white/pink design"""
doi:10.1016/j.neuropsychologia.2009.07.025,publication_and_single_review_unit_profile,tajadura_jimenez_2009_crossed_visual_deprivation,study_templates/tajadura_jimenez_2009_crossed_visual_deprivation.json,design.study_profile_id,serialized_explicit,1,"[""tajadura_jimenez_2009_crossed_visual_deprivation""]",""""""
doi:10.1016/j.neuropsychologia.2009.07.025,publication_and_single_review_unit_profile,tajadura_jimenez_2009_uncrossed_visual_deprivation,study_templates/tajadura_jimenez_2009_uncrossed_visual_deprivation.json,design.study_profile_id,serialized_explicit,1,"[""tajadura_jimenez_2009_uncrossed_visual_deprivation""]",""""""
doi:10.1016/j.neuropsychologia.2009.07.025,publication_and_single_review_unit_profile,tajadura_jimenez_2009_crossed_visual_deprivation,study_templates/tajadura_jimenez_2009_crossed_visual_deprivation.json,design.study_profile_title,serialized_explicit,1,"[""Collignon 2009 visual-deprivation lateralization - crossed posture""]",""""""
doi:10.1016/j.neuropsychologia.2009.07.025,publication_and_single_review_unit_profile,tajadura_jimenez_2009_uncrossed_visual_deprivation,study_templates/tajadura_jimenez_2009_uncrossed_visual_deprivation.json,design.study_profile_title,serialized_explicit,1,"[""Collignon 2009 visual-deprivation lateralization - uncrossed posture""]",""""""
doi:10.1016/j.neuropsychologia.2009.07.025,publication_and_single_review_unit_profile,tajadura_jimenez_2009_crossed_visual_deprivation,study_templates/tajadura_jimenez_2009_crossed_visual_deprivation.json,design.study_profile_notes,serialized_explicit,1,"[""Legacy local record ID is Tajadura-Jimenez 2009, but the DOI/PDF are Collignon et al. (2009). This profile recreates the crossed-posture static external left/right lateralization block: auditory-only, tactile-only, and congruent audio-tactile trials, 50 repetitions per side and modality. The anatomical stimulated hand is swapped relative to external hemispace, while responses remain coded by external left/right side. It uses procedural pink-noise bursts and mouse-click left/right choices as runnable proxies for the unshared Adobe Audition audio file and physical response keys.""]",""""""
doi:10.1016/j.neuropsychologia.2009.07.025,publication_and_single_review_unit_profile,tajadura_jimenez_2009_uncrossed_visual_deprivation,study_templates/tajadura_jimenez_2009_uncrossed_visual_deprivation.json,design.study_profile_notes,serialized_explicit,1,"[""Legacy local record ID is Tajadura-Jimenez 2009, but the DOI/PDF are Collignon et al. (2009). This profile recreates the uncrossed-posture static external left/right lateralization block: auditory-only, tactile-only, and congruent audio-tactile trials, 50 repetitions per side and modality. It uses procedural pink-noise bursts and mouse-click left/right choices as runnable proxies for the unshared Adobe Audition audio file and physical response keys.""]",""""""
doi:10.1016/j.neuropsychologia.2009.07.025,publication_and_single_review_unit_profile,tajadura_jimenez_2009_crossed_visual_deprivation,study_templates/tajadura_jimenez_2009_crossed_visual_deprivation.json,design.study_profile_reference_parameters,serialized_explicit,1,"[{""loudness_policy"":{""calibration_mode"":""estimate_allowed"",""calibration_status"":""estimated_not_measured"",""distance_gain_policy"":""disable_direct_path_gain_for_calibrated_loudness"",""end_spl_db"":75.0,""instruction_offset_db"":0.0,""mode"":""estimated_spl"",""start_spl_db"":75.0},""manual_review_file"":""For-AI/audiotactile-paper-metadata-audit/manual_reviews/tajadura_jimenez_2009_visual_deprivation.json"",""minimum_runnable_profile_scope"":""Crossed posture block only; use the uncrossed companion template for the first posture block."",""nonblocking_caveats"":[""exact pink-noise WAV or seed not supplied"",""ISI distribution shape not reported beyond mean and range"",""online response timeout not reported; the analysis window is preserved in row metadata""],""profile_check_complete"":true,""profile_type"":""static_left_right_audiotactile_lateralization_crossed_posture"",""publication_status"":""published"",""record_id"":""tajadura_jimenez_2009_visual_deprivation"",""reported_geometry"":""hands palm-down 30 cm in front of the body and 25 cm left/right of body midline; speakers immediately beside the hands"",""reported_iti_ms"":{""distribution"":""not reported"",""mean"":1950,""range"":[1200,2700]},""reported_modalities"":[""auditory_only"",""tactile_only"",""congruent_audio_tactile""],""reported_posture"":""crossed hands"",""reported_response_window_ms"":{""analysis_max"":1000,""analysis_min"":150,""online_timeout"":""not reported""},""reported_sides"":[""external_left"",""external_right""],""reported_soa_ms"":0,""reported_sound_duration_ms"":100,""reported_sound_level_db_spl"":75,""reported_sound_plateau_ms"":90,""reported_sound_rise_fall_ms"":5,""reported_sound_type"":""pink noise burst"",""reported_source_software"":""Adobe Audition 2.0"",""reported_speaker_model"":""Gigaworks T20"",""reported_tactile_stimulus"":""five 1 ms biphasic square pulses every 25 ms, 40 Hz for 100 ms, ring electrodes on middle fingers"",""reported_trial_formula"":""Per posture block: 2 external sides x 3 modalities x 50 repetitions = 300 test stimuli.""}]",{}
doi:10.1016/j.neuropsychologia.2009.07.025,publication_and_single_review_unit_profile,tajadura_jimenez_2009_uncrossed_visual_deprivation,study_templates/tajadura_jimenez_2009_uncrossed_visual_deprivation.json,design.study_profile_reference_parameters,serialized_explicit,1,"[{""loudness_policy"":{""calibration_mode"":""estimate_allowed"",""calibration_status"":""estimated_not_measured"",""distance_gain_policy"":""disable_direct_path_gain_for_calibrated_loudness"",""end_spl_db"":75.0,""instruction_offset_db"":0.0,""mode"":""estimated_spl"",""start_spl_db"":75.0},""manual_review_file"":""For-AI/audiotactile-paper-metadata-audit/manual_reviews/tajadura_jimenez_2009_visual_deprivation.json"",""minimum_runnable_profile_scope"":""Uncrossed posture block only; use the crossed companion template for the second posture block."",""nonblocking_caveats"":[""exact pink-noise WAV or seed not supplied"",""ISI distribution shape not reported beyond mean and range"",""online response timeout not reported; the analysis window is preserved in row metadata""],""profile_check_complete"":true,""profile_type"":""static_left_right_audiotactile_lateralization_uncrossed_posture"",""publication_status"":""published"",""record_id"":""tajadura_jimenez_2009_visual_deprivation"",""reported_geometry"":""hands palm-down 30 cm in front of the body and 25 cm left/right of body midline; speakers immediately beside the hands"",""reported_iti_ms"":{""distribution"":""not reported"",""mean"":1950,""range"":[1200,2700]},""reported_modalities"":[""auditory_only"",""tactile_only"",""congruent_audio_tactile""],""reported_posture"":""uncrossed hands"",""reported_response_window_ms"":{""analysis_max"":1000,""analysis_min"":150,""online_timeout"":""not reported""},""reported_sides"":[""external_left"",""external_right""],""reported_soa_ms"":0,""reported_sound_duration_ms"":100,""reported_sound_level_db_spl"":75,""reported_sound_plateau_ms"":90,""reported_sound_rise_fall_ms"":5,""reported_sound_type"":""pink noise burst"",""reported_source_software"":""Adobe Audition 2.0"",""reported_speaker_model"":""Gigaworks T20"",""reported_tactile_stimulus"":""five 1 ms biphasic square pulses every 25 ms, 40 Hz for 100 ms, ring electrodes on middle fingers"",""reported_trial_formula"":""Per posture block: 2 external sides x 3 modalities x 50 repetitions = 300 test stimuli.""}]",{}
doi:10.1016/j.neuropsychologia.2009.07.025,publication_and_single_review_unit_profile,tajadura_jimenez_2009_crossed_visual_deprivation,study_templates/tajadura_jimenez_2009_crossed_visual_deprivation.json,design.sofa_file,serialized_explicit,1,"[""""]","""assets/0. Head-Related Impulse Response (HRIR) model/FABIAN_HRIR_measured_HATO_0.sofa"""
doi:10.1016/j.neuropsychologia.2009.07.025,publication_and_single_review_unit_profile,tajadura_jimenez_2009_uncrossed_visual_deprivation,study_templates/tajadura_jimenez_2009_uncrossed_visual_deprivation.json,design.sofa_file,serialized_explicit,1,"[""""]","""assets/0. Head-Related Impulse Response (HRIR) model/FABIAN_HRIR_measured_HATO_0.sofa"""
doi:10.1016/j.neuropsychologia.2009.07.025,publication_and_single_review_unit_profile,tajadura_jimenez_2009_crossed_visual_deprivation,study_templates/tajadura_jimenez_2009_crossed_visual_deprivation.json,design.noises[].label,serialized_explicit,2,"[""Left speaker pink-noise burst"",""Right speaker pink-noise burst""]",
doi:10.1016/j.neuropsychologia.2009.07.025,publication_and_single_review_unit_profile,tajadura_jimenez_2009_uncrossed_visual_deprivation,study_templates/tajadura_jimenez_2009_uncrossed_visual_deprivation.json,design.noises[].label,serialized_explicit,2,"[""Left speaker pink-noise burst"",""Right speaker pink-noise burst""]",
doi:10.1016/j.neuropsychologia.2009.07.025,publication_and_single_review_unit_profile,tajadura_jimenez_2009_crossed_visual_deprivation,study_templates/tajadura_jimenez_2009_crossed_visual_deprivation.json,design.noises[].noise_type,serialized_explicit,2,"[""pink"",""pink""]",
doi:10.1016/j.neuropsychologia.2009.07.025,publication_and_single_review_unit_profile,tajadura_jimenez_2009_uncrossed_visual_deprivation,study_templates/tajadura_jimenez_2009_uncrossed_visual_deprivation.json,design.noises[].noise_type,serialized_explicit,2,"[""pink"",""pink""]",
doi:10.1016/j.neuropsychologia.2009.07.025,publication_and_single_review_unit_profile,tajadura_jimenez_2009_crossed_visual_deprivation,study_templates/tajadura_jimenez_2009_crossed_visual_deprivation.json,design.noises[].azimuth_deg,serialized_explicit,2,"[-40.0,40.0]",0.0
doi:10.1016/j.neuropsychologia.2009.07.025,publication_and_single_review_unit_profile,tajadura_jimenez_2009_uncrossed_visual_deprivation,study_templates/tajadura_jimenez_2009_uncrossed_visual_deprivation.json,design.noises[].azimuth_deg,serialized_explicit,2,"[-40.0,40.0]",0.0
doi:10.1016/j.neuropsychologia.2009.07.025,publication_and_single_review_unit_profile,tajadura_jimenez_2009_crossed_visual_deprivation,study_templates/tajadura_jimenez_2009_crossed_visual_deprivation.json,design.noises[].elevation_deg,serialized_explicit,2,"[0.0,0.0]",0.0
doi:10.1016/j.neuropsychologia.2009.07.025,publication_and_single_review_unit_profile,tajadura_jimenez_2009_uncrossed_visual_deprivation,study_templates/tajadura_jimenez_2009_uncrossed_visual_deprivation.json,design.noises[].elevation_deg,serialized_explicit,2,"[0.0,0.0]",0.0
doi:10.1016/j.neuropsychologia.2009.07.025,publication_and_single_review_unit_profile,tajadura_jimenez_2009_crossed_visual_deprivation,study_templates/tajadura_jimenez_2009_crossed_visual_deprivation.json,design.noises[].gain,serialized_explicit,2,"[1.0,1.0]",1.0
doi:10.1016/j.neuropsychologia.2009.07.025,publication_and_single_review_unit_profile,tajadura_jimenez_2009_uncrossed_visual_deprivation,study_templates/tajadura_jimenez_2009_uncrossed_visual_deprivation.json,design.noises[].gain,serialized_explicit,2,"[1.0,1.0]",1.0
doi:10.1016/j.neuropsychologia.2009.07.025,publication_and_single_review_unit_profile,tajadura_jimenez_2009_crossed_visual_deprivation,study_templates/tajadura_jimenez_2009_crossed_visual_deprivation.json,design.noises[].source_profile,serialized_explicit,2,"[""continuous_noise"",""continuous_noise""]",""""""
doi:10.1016/j.neuropsychologia.2009.07.025,publication_and_single_review_unit_profile,tajadura_jimenez_2009_uncrossed_visual_deprivation,study_templates/tajadura_jimenez_2009_uncrossed_visual_deprivation.json,design.noises[].source_profile,serialized_explicit,2,"[""continuous_noise"",""continuous_noise""]",""""""
doi:10.1016/j.neuropsychologia.2009.07.025,publication_and_single_review_unit_profile,tajadura_jimenez_2009_crossed_visual_deprivation,study_templates/tajadura_jimenez_2009_crossed_visual_deprivation.json,design.noises[].source_profile_parameters,typed_or_parser_default_not_serialized,0,[],{}
doi:10.1016/j.neuropsychologia.2009.07.025,publication_and_single_review_unit_profile,tajadura_jimenez_2009_uncrossed_visual_deprivation,study_templates/tajadura_jimenez_2009_uncrossed_visual_deprivation.json,design.noises[].source_profile_parameters,typed_or_parser_default_not_serialized,0,[],{}
doi:10.1016/j.neuropsychologia.2009.07.025,publication_and_single_review_unit_profile,tajadura_jimenez_2009_crossed_visual_deprivation,study_templates/tajadura_jimenez_2009_crossed_visual_deprivation.json,design.noises[].prebaked_path,typed_or_parser_default_not_serialized,0,[],""""""
doi:10.1016/j.neuropsychologia.2009.07.025,publication_and_single_review_unit_profile,tajadura_jimenez_2009_uncrossed_visual_deprivation,study_templates/tajadura_jimenez_2009_uncrossed_visual_deprivation.json,design.noises[].prebaked_path,typed_or_parser_default_not_serialized,0,[],""""""
doi:10.1016/j.neuropsychologia.2009.07.025,publication_and_single_review_unit_profile,tajadura_jimenez_2009_crossed_visual_deprivation,study_templates/tajadura_jimenez_2009_crossed_visual_deprivation.json,design.noises[].sequence_order,typed_or_parser_default_not_serialized,0,[],0
doi:10.1016/j.neuropsychologia.2009.07.025,publication_and_single_review_unit_profile,tajadura_jimenez_2009_uncrossed_visual_deprivation,study_templates/tajadura_jimenez_2009_uncrossed_visual_deprivation.json,design.noises[].sequence_order,typed_or_parser_default_not_serialized,0,[],0
doi:10.1016/j.neuropsychologia.2009.07.025,publication_and_single_review_unit_profile,tajadura_jimenez_2009_crossed_visual_deprivation,study_templates/tajadura_jimenez_2009_crossed_visual_deprivation.json,design.noises[].motion_mode,serialized_explicit,2,"[""stationary"",""stationary""]","""looming"""
doi:10.1016/j.neuropsychologia.2009.07.025,publication_and_single_review_unit_profile,tajadura_jimenez_2009_uncrossed_visual_deprivation,study_templates/tajadura_jimenez_2009_uncrossed_visual_deprivation.json,design.noises[].motion_mode,serialized_explicit,2,"[""stationary"",""stationary""]","""looming"""
doi:10.1016/j.neuropsychologia.2009.07.025,publication_and_single_review_unit_profile,tajadura_jimenez_2009_crossed_visual_deprivation,study_templates/tajadura_jimenez_2009_crossed_visual_deprivation.json,design.noises[].trajectory_snapshot,serialized_explicit,2,"[{""coordinate_mode"":""cartesian"",""end"":{""x_m"":-0.25,""y_m"":0.3,""z_m"":0.0},""end_distance_cm"":39.1,""end_hold_s"":0.0,""end_rotation_deg"":320.0,""movement_duration_s"":0.1,""path_direction"":""stationary"",""path_length_m"":0.0,""start"":{""x_m"":-0.25,""y_m"":0.3,""z_m"":0.0},""start_distance_cm"":39.1,""start_hold_s"":0.0,""start_rotation_deg"":320.0},{""coordinate_mode"":""cartesian"",""end"":{""x_m"":0.25,""y_m"":0.3,""z_m"":0.0},""end_distance_cm"":39.1,""end_hold_s"":0.0,""end_rotation_deg"":40.0,""movement_duration_s"":0.1,""path_direction"":""stationary"",""path_length_m"":0.0,""start"":{""x_m"":0.25,""y_m"":0.3,""z_m"":0.0},""start_distance_cm"":39.1,""start_hold_s"":0.0,""start_rotation_deg"":40.0}]",{}
doi:10.1016/j.neuropsychologia.2009.07.025,publication_and_single_review_unit_profile,tajadura_jimenez_2009_uncrossed_visual_deprivation,study_templates/tajadura_jimenez_2009_uncrossed_visual_deprivation.json,design.noises[].trajectory_snapshot,serialized_explicit,2,"[{""coordinate_mode"":""cartesian"",""end"":{""x_m"":-0.25,""y_m"":0.3,""z_m"":0.0},""end_distance_cm"":39.1,""end_hold_s"":0.0,""end_rotation_deg"":320.0,""movement_duration_s"":0.1,""path_direction"":""stationary"",""path_length_m"":0.0,""start"":{""x_m"":-0.25,""y_m"":0.3,""z_m"":0.0},""start_distance_cm"":39.1,""start_hold_s"":0.0,""start_rotation_deg"":320.0},{""coordinate_mode"":""cartesian"",""end"":{""x_m"":0.25,""y_m"":0.3,""z_m"":0.0},""end_distance_cm"":39.1,""end_hold_s"":0.0,""end_rotation_deg"":40.0,""movement_duration_s"":0.1,""path_direction"":""stationary"",""path_length_m"":0.0,""start"":{""x_m"":0.25,""y_m"":0.3,""z_m"":0.0},""start_distance_cm"":39.1,""start_hold_s"":0.0,""start_rotation_deg"":40.0}]",{}
doi:10.1016/j.neuropsychologia.2009.07.025,publication_and_single_review_unit_profile,tajadura_jimenez_2009_crossed_visual_deprivation,study_templates/tajadura_jimenez_2009_crossed_visual_deprivation.json,design.custom_looming_files[].label,repeatable_entity_absent,0,[],
doi:10.1016/j.neuropsychologia.2009.07.025,publication_and_single_review_unit_profile,tajadura_jimenez_2009_uncrossed_visual_deprivation,study_templates/tajadura_jimenez_2009_uncrossed_visual_deprivation.json,design.custom_looming_files[].label,repeatable_entity_absent,0,[],
doi:10.1016/j.neuropsychologia.2009.07.025,publication_and_single_review_unit_profile,tajadura_jimenez_2009_crossed_visual_deprivation,study_templates/tajadura_jimenez_2009_crossed_visual_deprivation.json,design.custom_looming_files[].path,repeatable_entity_absent,0,[],
doi:10.1016/j.neuropsychologia.2009.07.025,publication_and_single_review_unit_profile,tajadura_jimenez_2009_uncrossed_visual_deprivation,study_templates/tajadura_jimenez_2009_uncrossed_visual_deprivation.json,design.custom_looming_files[].path,repeatable_entity_absent,0,[],
doi:10.1016/j.neuropsychologia.2009.07.025,publication_and_single_review_unit_profile,tajadura_jimenez_2009_crossed_visual_deprivation,study_templates/tajadura_jimenez_2009_crossed_visual_deprivation.json,design.custom_looming_files[].target_duration_s,repeatable_entity_absent,0,[],4.0
doi:10.1016/j.neuropsychologia.2009.07.025,publication_and_single_review_unit_profile,tajadura_jimenez_2009_uncrossed_visual_deprivation,study_templates/tajadura_jimenez_2009_uncrossed_visual_deprivation.json,design.custom_looming_files[].target_duration_s,repeatable_entity_absent,0,[],4.0
doi:10.1016/j.neuropsychologia.2009.07.025,publication_and_single_review_unit_profile,tajadura_jimenez_2009_crossed_visual_deprivation,study_templates/tajadura_jimenez_2009_crossed_visual_deprivation.json,design.custom_looming_files[].render_mode,repeatable_entity_absent,0,[],"""preserve"""
doi:10.1016/j.neuropsychologia.2009.07.025,publication_and_single_review_unit_profile,tajadura_jimenez_2009_uncrossed_visual_deprivation,study_templates/tajadura_jimenez_2009_uncrossed_visual_deprivation.json,design.custom_looming_files[].render_mode,repeatable_entity_absent,0,[],"""preserve"""
doi:10.1016/j.neuropsychologia.2009.07.025,publication_and_single_review_unit_profile,tajadura_jimenez_2009_crossed_visual_deprivation,study_templates/tajadura_jimenez_2009_crossed_visual_deprivation.json,design.custom_looming_files[].tone_type,repeatable_entity_absent,0,[],""""""
doi:10.1016/j.neuropsychologia.2009.07.025,publication_and_single_review_unit_profile,tajadura_jimenez_2009_uncrossed_visual_deprivation,study_templates/tajadura_jimenez_2009_uncrossed_visual_deprivation.json,design.custom_looming_files[].tone_type,repeatable_entity_absent,0,[],""""""
doi:10.1016/j.neuropsychologia.2009.07.025,publication_and_single_review_unit_profile,tajadura_jimenez_2009_crossed_visual_deprivation,study_templates/tajadura_jimenez_2009_crossed_visual_deprivation.json,design.custom_looming_files[].gain,repeatable_entity_absent,0,[],1.0
doi:10.1016/j.neuropsychologia.2009.07.025,publication_and_single_review_unit_profile,tajadura_jimenez_2009_uncrossed_visual_deprivation,study_templates/tajadura_jimenez_2009_uncrossed_visual_deprivation.json,design.custom_looming_files[].gain,repeatable_entity_absent,0,[],1.0
doi:10.1016/j.neuropsychologia.2009.07.025,publication_and_single_review_unit_profile,tajadura_jimenez_2009_crossed_visual_deprivation,study_templates/tajadura_jimenez_2009_crossed_visual_deprivation.json,design.custom_looming_files[].placement,repeatable_entity_absent,0,[],"""before"""
doi:10.1016/j.neuropsychologia.2009.07.025,publication_and_single_review_unit_profile,tajadura_jimenez_2009_uncrossed_visual_deprivation,study_templates/tajadura_jimenez_2009_uncrossed_visual_deprivation.json,design.custom_looming_files[].placement,repeatable_entity_absent,0,[],"""before"""
doi:10.1016/j.neuropsychologia.2009.07.025,publication_and_single_review_unit_profile,tajadura_jimenez_2009_crossed_visual_deprivation,study_templates/tajadura_jimenez_2009_crossed_visual_deprivation.json,design.custom_looming_files[].target_source_label,repeatable_entity_absent,0,[],""""""
doi:10.1016/j.neuropsychologia.2009.07.025,publication_and_single_review_unit_profile,tajadura_jimenez_2009_uncrossed_visual_deprivation,study_templates/tajadura_jimenez_2009_uncrossed_visual_deprivation.json,design.custom_looming_files[].target_source_label,repeatable_entity_absent,0,[],""""""
doi:10.1016/j.neuropsychologia.2009.07.025,publication_and_single_review_unit_profile,tajadura_jimenez_2009_crossed_visual_deprivation,study_templates/tajadura_jimenez_2009_crossed_visual_deprivation.json,design.custom_looming_files[].phase,repeatable_entity_absent,0,[],""""""
doi:10.1016/j.neuropsychologia.2009.07.025,publication_and_single_review_unit_profile,tajadura_jimenez_2009_uncrossed_visual_deprivation,study_templates/tajadura_jimenez_2009_uncrossed_visual_deprivation.json,design.custom_looming_files[].phase,repeatable_entity_absent,0,[],""""""
doi:10.1016/j.neuropsychologia.2009.07.025,publication_and_single_review_unit_profile,tajadura_jimenez_2009_crossed_visual_deprivation,study_templates/tajadura_jimenez_2009_crossed_visual_deprivation.json,design.custom_looming_files[].gap_s,repeatable_entity_absent,0,[],0.0
doi:10.1016/j.neuropsychologia.2009.07.025,publication_and_single_review_unit_profile,tajadura_jimenez_2009_uncrossed_visual_deprivation,study_templates/tajadura_jimenez_2009_uncrossed_visual_deprivation.json,design.custom_looming_files[].gap_s,repeatable_entity_absent,0,[],0.0
doi:10.1016/j.neuropsychologia.2009.07.025,publication_and_single_review_unit_profile,tajadura_jimenez_2009_crossed_visual_deprivation,study_templates/tajadura_jimenez_2009_crossed_visual_deprivation.json,design.custom_looming_files[].sequence_order,repeatable_entity_absent,0,[],0
doi:10.1016/j.neuropsychologia.2009.07.025,publication_and_single_review_unit_profile,tajadura_jimenez_2009_uncrossed_visual_deprivation,study_templates/tajadura_jimenez_2009_uncrossed_visual_deprivation.json,design.custom_looming_files[].sequence_order,repeatable_entity_absent,0,[],0
doi:10.1016/j.neuropsychologia.2009.07.025,publication_and_single_review_unit_profile,tajadura_jimenez_2009_crossed_visual_deprivation,study_templates/tajadura_jimenez_2009_crossed_visual_deprivation.json,design.custom_looming_files[].motion_mode,repeatable_entity_absent,0,[],"""looming"""
doi:10.1016/j.neuropsychologia.2009.07.025,publication_and_single_review_unit_profile,tajadura_jimenez_2009_uncrossed_visual_deprivation,study_templates/tajadura_jimenez_2009_uncrossed_visual_deprivation.json,design.custom_looming_files[].motion_mode,repeatable_entity_absent,0,[],"""looming"""
doi:10.1016/j.neuropsychologia.2009.07.025,publication_and_single_review_unit_profile,tajadura_jimenez_2009_crossed_visual_deprivation,study_templates/tajadura_jimenez_2009_crossed_visual_deprivation.json,design.custom_looming_files[].trajectory_snapshot,repeatable_entity_absent,0,[],{}
doi:10.1016/j.neuropsychologia.2009.07.025,publication_and_single_review_unit_profile,tajadura_jimenez_2009_uncrossed_visual_deprivation,study_templates/tajadura_jimenez_2009_uncrossed_visual_deprivation.json,design.custom_looming_files[].trajectory_snapshot,repeatable_entity_absent,0,[],{}
doi:10.1016/j.neuropsychologia.2009.07.025,publication_and_single_review_unit_profile,tajadura_jimenez_2009_crossed_visual_deprivation,study_templates/tajadura_jimenez_2009_crossed_visual_deprivation.json,design.custom_looming_files[].display_color_hex,repeatable_entity_absent,0,[],""""""
doi:10.1016/j.neuropsychologia.2009.07.025,publication_and_single_review_unit_profile,tajadura_jimenez_2009_uncrossed_visual_deprivation,study_templates/tajadura_jimenez_2009_uncrossed_visual_deprivation.json,design.custom_looming_files[].display_color_hex,repeatable_entity_absent,0,[],""""""
doi:10.1016/j.neuropsychologia.2009.07.025,publication_and_single_review_unit_profile,tajadura_jimenez_2009_crossed_visual_deprivation,study_templates/tajadura_jimenez_2009_crossed_visual_deprivation.json,design.custom_looming_files[].source_input_path,repeatable_entity_absent,0,[],""""""
doi:10.1016/j.neuropsychologia.2009.07.025,publication_and_single_review_unit_profile,tajadura_jimenez_2009_uncrossed_visual_deprivation,study_templates/tajadura_jimenez_2009_uncrossed_visual_deprivation.json,design.custom_looming_files[].source_input_path,repeatable_entity_absent,0,[],""""""
doi:10.1016/j.neuropsychologia.2009.07.025,publication_and_single_review_unit_profile,tajadura_jimenez_2009_crossed_visual_deprivation,study_templates/tajadura_jimenez_2009_crossed_visual_deprivation.json,design.prestimulus_files[].label,repeatable_entity_absent,0,[],
doi:10.1016/j.neuropsychologia.2009.07.025,publication_and_single_review_unit_profile,tajadura_jimenez_2009_uncrossed_visual_deprivation,study_templates/tajadura_jimenez_2009_uncrossed_visual_deprivation.json,design.prestimulus_files[].label,repeatable_entity_absent,0,[],
doi:10.1016/j.neuropsychologia.2009.07.025,publication_and_single_review_unit_profile,tajadura_jimenez_2009_crossed_visual_deprivation,study_templates/tajadura_jimenez_2009_crossed_visual_deprivation.json,design.prestimulus_files[].path,repeatable_entity_absent,0,[],
doi:10.1016/j.neuropsychologia.2009.07.025,publication_and_single_review_unit_profile,tajadura_jimenez_2009_uncrossed_visual_deprivation,study_templates/tajadura_jimenez_2009_uncrossed_visual_deprivation.json,design.prestimulus_files[].path,repeatable_entity_absent,0,[],
doi:10.1016/j.neuropsychologia.2009.07.025,publication_and_single_review_unit_profile,tajadura_jimenez_2009_crossed_visual_deprivation,study_templates/tajadura_jimenez_2009_crossed_visual_deprivation.json,design.prestimulus_files[].target_duration_s,repeatable_entity_absent,0,[],4.0
doi:10.1016/j.neuropsychologia.2009.07.025,publication_and_single_review_unit_profile,tajadura_jimenez_2009_uncrossed_visual_deprivation,study_templates/tajadura_jimenez_2009_uncrossed_visual_deprivation.json,design.prestimulus_files[].target_duration_s,repeatable_entity_absent,0,[],4.0
doi:10.1016/j.neuropsychologia.2009.07.025,publication_and_single_review_unit_profile,tajadura_jimenez_2009_crossed_visual_deprivation,study_templates/tajadura_jimenez_2009_crossed_visual_deprivation.json,design.prestimulus_files[].render_mode,repeatable_entity_absent,0,[],"""preserve"""
doi:10.1016/j.neuropsychologia.2009.07.025,publication_and_single_review_unit_profile,tajadura_jimenez_2009_uncrossed_visual_deprivation,study_templates/tajadura_jimenez_2009_uncrossed_visual_deprivation.json,design.prestimulus_files[].render_mode,repeatable_entity_absent,0,[],"""preserve"""
doi:10.1016/j.neuropsychologia.2009.07.025,publication_and_single_review_unit_profile,tajadura_jimenez_2009_crossed_visual_deprivation,study_templates/tajadura_jimenez_2009_crossed_visual_deprivation.json,design.prestimulus_files[].tone_type,repeatable_entity_absent,0,[],""""""
doi:10.1016/j.neuropsychologia.2009.07.025,publication_and_single_review_unit_profile,tajadura_jimenez_2009_uncrossed_visual_deprivation,study_templates/tajadura_jimenez_2009_uncrossed_visual_deprivation.json,design.prestimulus_files[].tone_type,repeatable_entity_absent,0,[],""""""
doi:10.1016/j.neuropsychologia.2009.07.025,publication_and_single_review_unit_profile,tajadura_jimenez_2009_crossed_visual_deprivation,study_templates/tajadura_jimenez_2009_crossed_visual_deprivation.json,design.prestimulus_files[].gain,repeatable_entity_absent,0,[],1.0
doi:10.1016/j.neuropsychologia.2009.07.025,publication_and_single_review_unit_profile,tajadura_jimenez_2009_uncrossed_visual_deprivation,study_templates/tajadura_jimenez_2009_uncrossed_visual_deprivation.json,design.prestimulus_files[].gain,repeatable_entity_absent,0,[],1.0
doi:10.1016/j.neuropsychologia.2009.07.025,publication_and_single_review_unit_profile,tajadura_jimenez_2009_crossed_visual_deprivation,study_templates/tajadura_jimenez_2009_crossed_visual_deprivation.json,design.prestimulus_files[].placement,repeatable_entity_absent,0,[],"""before"""
doi:10.1016/j.neuropsychologia.2009.07.025,publication_and_single_review_unit_profile,tajadura_jimenez_2009_uncrossed_visual_deprivation,study_templates/tajadura_jimenez_2009_uncrossed_visual_deprivation.json,design.prestimulus_files[].placement,repeatable_entity_absent,0,[],"""before"""
doi:10.1016/j.neuropsychologia.2009.07.025,publication_and_single_review_unit_profile,tajadura_jimenez_2009_crossed_visual_deprivation,study_templates/tajadura_jimenez_2009_crossed_visual_deprivation.json,design.prestimulus_files[].target_source_label,repeatable_entity_absent,0,[],""""""
doi:10.1016/j.neuropsychologia.2009.07.025,publication_and_single_review_unit_profile,tajadura_jimenez_2009_uncrossed_visual_deprivation,study_templates/tajadura_jimenez_2009_uncrossed_visual_deprivation.json,design.prestimulus_files[].target_source_label,repeatable_entity_absent,0,[],""""""
doi:10.1016/j.neuropsychologia.2009.07.025,publication_and_single_review_unit_profile,tajadura_jimenez_2009_crossed_visual_deprivation,study_templates/tajadura_jimenez_2009_crossed_visual_deprivation.json,design.prestimulus_files[].phase,repeatable_entity_absent,0,[],""""""
doi:10.1016/j.neuropsychologia.2009.07.025,publication_and_single_review_unit_profile,tajadura_jimenez_2009_uncrossed_visual_deprivation,study_templates/tajadura_jimenez_2009_uncrossed_visual_deprivation.json,design.prestimulus_files[].phase,repeatable_entity_absent,0,[],""""""
doi:10.1016/j.neuropsychologia.2009.07.025,publication_and_single_review_unit_profile,tajadura_jimenez_2009_crossed_visual_deprivation,study_templates/tajadura_jimenez_2009_crossed_visual_deprivation.json,design.prestimulus_files[].gap_s,repeatable_entity_absent,0,[],0.0
doi:10.1016/j.neuropsychologia.2009.07.025,publication_and_single_review_unit_profile,tajadura_jimenez_2009_uncrossed_visual_deprivation,study_templates/tajadura_jimenez_2009_uncrossed_visual_deprivation.json,design.prestimulus_files[].gap_s,repeatable_entity_absent,0,[],0.0
doi:10.1016/j.neuropsychologia.2009.07.025,publication_and_single_review_unit_profile,tajadura_jimenez_2009_crossed_visual_deprivation,study_templates/tajadura_jimenez_2009_crossed_visual_deprivation.json,design.prestimulus_files[].sequence_order,repeatable_entity_absent,0,[],0
doi:10.1016/j.neuropsychologia.2009.07.025,publication_and_single_review_unit_profile,tajadura_jimenez_2009_uncrossed_visual_deprivation,study_templates/tajadura_jimenez_2009_uncrossed_visual_deprivation.json,design.prestimulus_files[].sequence_order,repeatable_entity_absent,0,[],0
doi:10.1016/j.neuropsychologia.2009.07.025,publication_and_single_review_unit_profile,tajadura_jimenez_2009_crossed_visual_deprivation,study_templates/tajadura_jimenez_2009_crossed_visual_deprivation.json,design.prestimulus_files[].motion_mode,repeatable_entity_absent,0,[],"""looming"""
doi:10.1016/j.neuropsychologia.2009.07.025,publication_and_single_review_unit_profile,tajadura_jimenez_2009_uncrossed_visual_deprivation,study_templates/tajadura_jimenez_2009_uncrossed_visual_deprivation.json,design.prestimulus_files[].motion_mode,repeatable_entity_absent,0,[],"""looming"""
doi:10.1016/j.neuropsychologia.2009.07.025,publication_and_single_review_unit_profile,tajadura_jimenez_2009_crossed_visual_deprivation,study_templates/tajadura_jimenez_2009_crossed_visual_deprivation.json,design.prestimulus_files[].trajectory_snapshot,repeatable_entity_absent,0,[],{}
doi:10.1016/j.neuropsychologia.2009.07.025,publication_and_single_review_unit_profile,tajadura_jimenez_2009_uncrossed_visual_deprivation,study_templates/tajadura_jimenez_2009_uncrossed_visual_deprivation.json,design.prestimulus_files[].trajectory_snapshot,repeatable_entity_absent,0,[],{}
doi:10.1016/j.neuropsychologia.2009.07.025,publication_and_single_review_unit_profile,tajadura_jimenez_2009_crossed_visual_deprivation,study_templates/tajadura_jimenez_2009_crossed_visual_deprivation.json,design.prestimulus_files[].display_color_hex,repeatable_entity_absent,0,[],""""""
doi:10.1016/j.neuropsychologia.2009.07.025,publication_and_single_review_unit_profile,tajadura_jimenez_2009_uncrossed_visual_deprivation,study_templates/tajadura_jimenez_2009_uncrossed_visual_deprivation.json,design.prestimulus_files[].display_color_hex,repeatable_entity_absent,0,[],""""""
doi:10.1016/j.neuropsychologia.2009.07.025,publication_and_single_review_unit_profile,tajadura_jimenez_2009_crossed_visual_deprivation,study_templates/tajadura_jimenez_2009_crossed_visual_deprivation.json,design.prestimulus_files[].source_input_path,repeatable_entity_absent,0,[],""""""
doi:10.1016/j.neuropsychologia.2009.07.025,publication_and_single_review_unit_profile,tajadura_jimenez_2009_uncrossed_visual_deprivation,study_templates/tajadura_jimenez_2009_uncrossed_visual_deprivation.json,design.prestimulus_files[].source_input_path,repeatable_entity_absent,0,[],""""""
doi:10.1016/j.neuropsychologia.2009.07.025,publication_and_single_review_unit_profile,tajadura_jimenez_2009_crossed_visual_deprivation,study_templates/tajadura_jimenez_2009_crossed_visual_deprivation.json,design.trajectory.start_radius_m,serialized_explicit,1,[0.391],1.1
doi:10.1016/j.neuropsychologia.2009.07.025,publication_and_single_review_unit_profile,tajadura_jimenez_2009_uncrossed_visual_deprivation,study_templates/tajadura_jimenez_2009_uncrossed_visual_deprivation.json,design.trajectory.start_radius_m,serialized_explicit,1,[0.391],1.1
doi:10.1016/j.neuropsychologia.2009.07.025,publication_and_single_review_unit_profile,tajadura_jimenez_2009_crossed_visual_deprivation,study_templates/tajadura_jimenez_2009_crossed_visual_deprivation.json,design.trajectory.end_radius_m,serialized_explicit,1,[0.391],0.1
doi:10.1016/j.neuropsychologia.2009.07.025,publication_and_single_review_unit_profile,tajadura_jimenez_2009_uncrossed_visual_deprivation,study_templates/tajadura_jimenez_2009_uncrossed_visual_deprivation.json,design.trajectory.end_radius_m,serialized_explicit,1,[0.391],0.1
doi:10.1016/j.neuropsychologia.2009.07.025,publication_and_single_review_unit_profile,tajadura_jimenez_2009_crossed_visual_deprivation,study_templates/tajadura_jimenez_2009_crossed_visual_deprivation.json,design.trajectory.path_direction,serialized_explicit,1,"[""custom""]","""approach"""
doi:10.1016/j.neuropsychologia.2009.07.025,publication_and_single_review_unit_profile,tajadura_jimenez_2009_uncrossed_visual_deprivation,study_templates/tajadura_jimenez_2009_uncrossed_visual_deprivation.json,design.trajectory.path_direction,serialized_explicit,1,"[""custom""]","""approach"""
doi:10.1016/j.neuropsychologia.2009.07.025,publication_and_single_review_unit_profile,tajadura_jimenez_2009_crossed_visual_deprivation,study_templates/tajadura_jimenez_2009_crossed_visual_deprivation.json,design.trajectory.coordinate_mode,serialized_explicit,1,"[""cartesian""]","""polar"""
doi:10.1016/j.neuropsychologia.2009.07.025,publication_and_single_review_unit_profile,tajadura_jimenez_2009_uncrossed_visual_deprivation,study_templates/tajadura_jimenez_2009_uncrossed_visual_deprivation.json,design.trajectory.coordinate_mode,serialized_explicit,1,"[""cartesian""]","""polar"""
doi:10.1016/j.neuropsychologia.2009.07.025,publication_and_single_review_unit_profile,tajadura_jimenez_2009_crossed_visual_deprivation,study_templates/tajadura_jimenez_2009_crossed_visual_deprivation.json,design.trajectory.start_x_m,serialized_explicit,1,[-0.25],null
doi:10.1016/j.neuropsychologia.2009.07.025,publication_and_single_review_unit_profile,tajadura_jimenez_2009_uncrossed_visual_deprivation,study_templates/tajadura_jimenez_2009_uncrossed_visual_deprivation.json,design.trajectory.start_x_m,serialized_explicit,1,[-0.25],null
doi:10.1016/j.neuropsychologia.2009.07.025,publication_and_single_review_unit_profile,tajadura_jimenez_2009_crossed_visual_deprivation,study_templates/tajadura_jimenez_2009_crossed_visual_deprivation.json,design.trajectory.start_y_m,serialized_explicit,1,[0.3],null
doi:10.1016/j.neuropsychologia.2009.07.025,publication_and_single_review_unit_profile,tajadura_jimenez_2009_uncrossed_visual_deprivation,study_templates/tajadura_jimenez_2009_uncrossed_visual_deprivation.json,design.trajectory.start_y_m,serialized_explicit,1,[0.3],null
doi:10.1016/j.neuropsychologia.2009.07.025,publication_and_single_review_unit_profile,tajadura_jimenez_2009_crossed_visual_deprivation,study_templates/tajadura_jimenez_2009_crossed_visual_deprivation.json,design.trajectory.start_z_m,serialized_explicit,1,[0.0],null
doi:10.1016/j.neuropsychologia.2009.07.025,publication_and_single_review_unit_profile,tajadura_jimenez_2009_uncrossed_visual_deprivation,study_templates/tajadura_jimenez_2009_uncrossed_visual_deprivation.json,design.trajectory.start_z_m,serialized_explicit,1,[0.0],null
doi:10.1016/j.neuropsychologia.2009.07.025,publication_and_single_review_unit_profile,tajadura_jimenez_2009_crossed_visual_deprivation,study_templates/tajadura_jimenez_2009_crossed_visual_deprivation.json,design.trajectory.end_x_m,serialized_explicit,1,[-0.249],null
doi:10.1016/j.neuropsychologia.2009.07.025,publication_and_single_review_unit_profile,tajadura_jimenez_2009_uncrossed_visual_deprivation,study_templates/tajadura_jimenez_2009_uncrossed_visual_deprivation.json,design.trajectory.end_x_m,serialized_explicit,1,[-0.249],null
doi:10.1016/j.neuropsychologia.2009.07.025,publication_and_single_review_unit_profile,tajadura_jimenez_2009_crossed_visual_deprivation,study_templates/tajadura_jimenez_2009_crossed_visual_deprivation.json,design.trajectory.end_y_m,serialized_explicit,1,[0.3],null
doi:10.1016/j.neuropsychologia.2009.07.025,publication_and_single_review_unit_profile,tajadura_jimenez_2009_uncrossed_visual_deprivation,study_templates/tajadura_jimenez_2009_uncrossed_visual_deprivation.json,design.trajectory.end_y_m,serialized_explicit,1,[0.3],null
doi:10.1016/j.neuropsychologia.2009.07.025,publication_and_single_review_unit_profile,tajadura_jimenez_2009_crossed_visual_deprivation,study_templates/tajadura_jimenez_2009_crossed_visual_deprivation.json,design.trajectory.end_z_m,serialized_explicit,1,[0.0],null
doi:10.1016/j.neuropsychologia.2009.07.025,publication_and_single_review_unit_profile,tajadura_jimenez_2009_uncrossed_visual_deprivation,study_templates/tajadura_jimenez_2009_uncrossed_visual_deprivation.json,design.trajectory.end_z_m,serialized_explicit,1,[0.0],null
doi:10.1016/j.neuropsychologia.2009.07.025,publication_and_single_review_unit_profile,tajadura_jimenez_2009_crossed_visual_deprivation,study_templates/tajadura_jimenez_2009_crossed_visual_deprivation.json,design.trajectory.path_length_m,serialized_explicit,1,[0.001],1.0
doi:10.1016/j.neuropsychologia.2009.07.025,publication_and_single_review_unit_profile,tajadura_jimenez_2009_uncrossed_visual_deprivation,study_templates/tajadura_jimenez_2009_uncrossed_visual_deprivation.json,design.trajectory.path_length_m,serialized_explicit,1,[0.001],1.0
doi:10.1016/j.neuropsychologia.2009.07.025,publication_and_single_review_unit_profile,tajadura_jimenez_2009_crossed_visual_deprivation,study_templates/tajadura_jimenez_2009_crossed_visual_deprivation.json,design.trajectory.propagation_speed_mps,serialized_explicit,1,[0.01],0.3333333333333333
doi:10.1016/j.neuropsychologia.2009.07.025,publication_and_single_review_unit_profile,tajadura_jimenez_2009_uncrossed_visual_deprivation,study_templates/tajadura_jimenez_2009_uncrossed_visual_deprivation.json,design.trajectory.propagation_speed_mps,serialized_explicit,1,[0.01],0.3333333333333333
doi:10.1016/j.neuropsychologia.2009.07.025,publication_and_single_review_unit_profile,tajadura_jimenez_2009_crossed_visual_deprivation,study_templates/tajadura_jimenez_2009_crossed_visual_deprivation.json,design.trajectory.azimuth_start_deg,serialized_explicit,1,[-40.0],0.0
doi:10.1016/j.neuropsychologia.2009.07.025,publication_and_single_review_unit_profile,tajadura_jimenez_2009_uncrossed_visual_deprivation,study_templates/tajadura_jimenez_2009_uncrossed_visual_deprivation.json,design.trajectory.azimuth_start_deg,serialized_explicit,1,[-40.0],0.0
doi:10.1016/j.neuropsychologia.2009.07.025,publication_and_single_review_unit_profile,tajadura_jimenez_2009_crossed_visual_deprivation,study_templates/tajadura_jimenez_2009_crossed_visual_deprivation.json,design.trajectory.azimuth_end_deg,serialized_explicit,1,[-40.0],0.0
doi:10.1016/j.neuropsychologia.2009.07.025,publication_and_single_review_unit_profile,tajadura_jimenez_2009_uncrossed_visual_deprivation,study_templates/tajadura_jimenez_2009_uncrossed_visual_deprivation.json,design.trajectory.azimuth_end_deg,serialized_explicit,1,[-40.0],0.0
doi:10.1016/j.neuropsychologia.2009.07.025,publication_and_single_review_unit_profile,tajadura_jimenez_2009_crossed_visual_deprivation,study_templates/tajadura_jimenez_2009_crossed_visual_deprivation.json,design.trajectory.elevation_deg,serialized_explicit,1,[0.0],0.0
doi:10.1016/j.neuropsychologia.2009.07.025,publication_and_single_review_unit_profile,tajadura_jimenez_2009_uncrossed_visual_deprivation,study_templates/tajadura_jimenez_2009_uncrossed_visual_deprivation.json,design.trajectory.elevation_deg,serialized_explicit,1,[0.0],0.0
doi:10.1016/j.neuropsychologia.2009.07.025,publication_and_single_review_unit_profile,tajadura_jimenez_2009_crossed_visual_deprivation,study_templates/tajadura_jimenez_2009_crossed_visual_deprivation.json,design.trajectory.padding_pre_s,serialized_explicit,1,[0.0],0.5
doi:10.1016/j.neuropsychologia.2009.07.025,publication_and_single_review_unit_profile,tajadura_jimenez_2009_uncrossed_visual_deprivation,study_templates/tajadura_jimenez_2009_uncrossed_visual_deprivation.json,design.trajectory.padding_pre_s,serialized_explicit,1,[0.0],0.5
doi:10.1016/j.neuropsychologia.2009.07.025,publication_and_single_review_unit_profile,tajadura_jimenez_2009_crossed_visual_deprivation,study_templates/tajadura_jimenez_2009_crossed_visual_deprivation.json,design.trajectory.padding_post_s,serialized_explicit,1,[0.0],0.5
doi:10.1016/j.neuropsychologia.2009.07.025,publication_and_single_review_unit_profile,tajadura_jimenez_2009_uncrossed_visual_deprivation,study_templates/tajadura_jimenez_2009_uncrossed_visual_deprivation.json,design.trajectory.padding_post_s,serialized_explicit,1,[0.0],0.5
doi:10.1016/j.neuropsychologia.2009.07.025,publication_and_single_review_unit_profile,tajadura_jimenez_2009_crossed_visual_deprivation,study_templates/tajadura_jimenez_2009_crossed_visual_deprivation.json,design.trajectory.sample_rate,serialized_explicit,1,[44100],44100
doi:10.1016/j.neuropsychologia.2009.07.025,publication_and_single_review_unit_profile,tajadura_jimenez_2009_uncrossed_visual_deprivation,study_templates/tajadura_jimenez_2009_uncrossed_visual_deprivation.json,design.trajectory.sample_rate,serialized_explicit,1,[44100],44100
doi:10.1016/j.neuropsychologia.2009.07.025,publication_and_single_review_unit_profile,tajadura_jimenez_2009_crossed_visual_deprivation,study_templates/tajadura_jimenez_2009_crossed_visual_deprivation.json,design.trajectory.use_inverse_square,serialized_explicit,1,[false],true
doi:10.1016/j.neuropsychologia.2009.07.025,publication_and_single_review_unit_profile,tajadura_jimenez_2009_uncrossed_visual_deprivation,study_templates/tajadura_jimenez_2009_uncrossed_visual_deprivation.json,design.trajectory.use_inverse_square,serialized_explicit,1,[false],true
doi:10.1016/j.neuropsychologia.2009.07.025,publication_and_single_review_unit_profile,tajadura_jimenez_2009_crossed_visual_deprivation,study_templates/tajadura_jimenez_2009_crossed_visual_deprivation.json,design.protocol.repetitions_per_condition,serialized_explicit,1,[50],1
doi:10.1016/j.neuropsychologia.2009.07.025,publication_and_single_review_unit_profile,tajadura_jimenez_2009_uncrossed_visual_deprivation,study_templates/tajadura_jimenez_2009_uncrossed_visual_deprivation.json,design.protocol.repetitions_per_condition,serialized_explicit,1,[50],1
doi:10.1016/j.neuropsychologia.2009.07.025,publication_and_single_review_unit_profile,tajadura_jimenez_2009_crossed_visual_deprivation,study_templates/tajadura_jimenez_2009_crossed_visual_deprivation.json,design.protocol.trial_pool_repetition_defaults,serialized_explicit,1,"[{""audio_tactile"":50,""auditory_only"":50,""baseline"":50,""default"":50}]",{}
doi:10.1016/j.neuropsychologia.2009.07.025,publication_and_single_review_unit_profile,tajadura_jimenez_2009_uncrossed_visual_deprivation,study_templates/tajadura_jimenez_2009_uncrossed_visual_deprivation.json,design.protocol.trial_pool_repetition_defaults,serialized_explicit,1,"[{""audio_tactile"":50,""auditory_only"":50,""baseline"":50,""default"":50}]",{}
doi:10.1016/j.neuropsychologia.2009.07.025,publication_and_single_review_unit_profile,tajadura_jimenez_2009_crossed_visual_deprivation,study_templates/tajadura_jimenez_2009_crossed_visual_deprivation.json,design.protocol.soa_values_ms,serialized_explicit,1,[[0]],"[300,800,1500,2200,2700]"
doi:10.1016/j.neuropsychologia.2009.07.025,publication_and_single_review_unit_profile,tajadura_jimenez_2009_uncrossed_visual_deprivation,study_templates/tajadura_jimenez_2009_uncrossed_visual_deprivation.json,design.protocol.soa_values_ms,serialized_explicit,1,[[0]],"[300,800,1500,2200,2700]"
doi:10.1016/j.neuropsychologia.2009.07.025,publication_and_single_review_unit_profile,tajadura_jimenez_2009_crossed_visual_deprivation,study_templates/tajadura_jimenez_2009_crossed_visual_deprivation.json,design.protocol.spatial_values_cm,serialized_explicit,1,[[39.1]],"[100.0,83.3,60.0,36.7,20.0]"
doi:10.1016/j.neuropsychologia.2009.07.025,publication_and_single_review_unit_profile,tajadura_jimenez_2009_uncrossed_visual_deprivation,study_templates/tajadura_jimenez_2009_uncrossed_visual_deprivation.json,design.protocol.spatial_values_cm,serialized_explicit,1,[[39.1]],"[100.0,83.3,60.0,36.7,20.0]"
doi:10.1016/j.neuropsychologia.2009.07.025,publication_and_single_review_unit_profile,tajadura_jimenez_2009_crossed_visual_deprivation,study_templates/tajadura_jimenez_2009_crossed_visual_deprivation.json,design.protocol.pair_spatial_values_with_soas,serialized_explicit,1,[true],true
doi:10.1016/j.neuropsychologia.2009.07.025,publication_and_single_review_unit_profile,tajadura_jimenez_2009_uncrossed_visual_deprivation,study_templates/tajadura_jimenez_2009_uncrossed_visual_deprivation.json,design.protocol.pair_spatial_values_with_soas,serialized_explicit,1,[true],true
doi:10.1016/j.neuropsychologia.2009.07.025,publication_and_single_review_unit_profile,tajadura_jimenez_2009_crossed_visual_deprivation,study_templates/tajadura_jimenez_2009_crossed_visual_deprivation.json,design.protocol.auditory_motion_directions,serialized_explicit,1,"[[""stationary""]]","[""looming""]"
doi:10.1016/j.neuropsychologia.2009.07.025,publication_and_single_review_unit_profile,tajadura_jimenez_2009_uncrossed_visual_deprivation,study_templates/tajadura_jimenez_2009_uncrossed_visual_deprivation.json,design.protocol.auditory_motion_directions,serialized_explicit,1,"[[""stationary""]]","[""looming""]"
doi:10.1016/j.neuropsychologia.2009.07.025,publication_and_single_review_unit_profile,tajadura_jimenez_2009_crossed_visual_deprivation,study_templates/tajadura_jimenez_2009_crossed_visual_deprivation.json,design.protocol.tactile_sites,serialized_explicit,1,"[[""middle finger""]]","[""hand""]"
doi:10.1016/j.neuropsychologia.2009.07.025,publication_and_single_review_unit_profile,tajadura_jimenez_2009_uncrossed_visual_deprivation,study_templates/tajadura_jimenez_2009_uncrossed_visual_deprivation.json,design.protocol.tactile_sites,serialized_explicit,1,"[[""middle finger""]]","[""hand""]"
doi:10.1016/j.neuropsychologia.2009.07.025,publication_and_single_review_unit_profile,tajadura_jimenez_2009_crossed_visual_deprivation,study_templates/tajadura_jimenez_2009_crossed_visual_deprivation.json,design.protocol.include_catch_trials,serialized_explicit,1,[false],true
doi:10.1016/j.neuropsychologia.2009.07.025,publication_and_single_review_unit_profile,tajadura_jimenez_2009_uncrossed_visual_deprivation,study_templates/tajadura_jimenez_2009_uncrossed_visual_deprivation.json,design.protocol.include_catch_trials,serialized_explicit,1,[false],true
doi:10.1016/j.neuropsychologia.2009.07.025,publication_and_single_review_unit_profile,tajadura_jimenez_2009_crossed_visual_deprivation,study_templates/tajadura_jimenez_2009_crossed_visual_deprivation.json,design.protocol.catch_trial_percentage,serialized_explicit,1,[0.0],10.0
doi:10.1016/j.neuropsychologia.2009.07.025,publication_and_single_review_unit_profile,tajadura_jimenez_2009_uncrossed_visual_deprivation,study_templates/tajadura_jimenez_2009_uncrossed_visual_deprivation.json,design.protocol.catch_trial_percentage,serialized_explicit,1,[0.0],10.0
doi:10.1016/j.neuropsychologia.2009.07.025,publication_and_single_review_unit_profile,tajadura_jimenez_2009_crossed_visual_deprivation,study_templates/tajadura_jimenez_2009_crossed_visual_deprivation.json,design.protocol.catch_trials_exact,typed_or_parser_default_not_serialized,0,[],null
doi:10.1016/j.neuropsychologia.2009.07.025,publication_and_single_review_unit_profile,tajadura_jimenez_2009_uncrossed_visual_deprivation,study_templates/tajadura_jimenez_2009_uncrossed_visual_deprivation.json,design.protocol.catch_trials_exact,typed_or_parser_default_not_serialized,0,[],null
doi:10.1016/j.neuropsychologia.2009.07.025,publication_and_single_review_unit_profile,tajadura_jimenez_2009_crossed_visual_deprivation,study_templates/tajadura_jimenez_2009_crossed_visual_deprivation.json,design.protocol.catch_crosses_sequence_variants,typed_or_parser_default_not_serialized,0,[],true
doi:10.1016/j.neuropsychologia.2009.07.025,publication_and_single_review_unit_profile,tajadura_jimenez_2009_uncrossed_visual_deprivation,study_templates/tajadura_jimenez_2009_uncrossed_visual_deprivation.json,design.protocol.catch_crosses_sequence_variants,typed_or_parser_default_not_serialized,0,[],true
doi:10.1016/j.neuropsychologia.2009.07.025,publication_and_single_review_unit_profile,tajadura_jimenez_2009_crossed_visual_deprivation,study_templates/tajadura_jimenez_2009_crossed_visual_deprivation.json,design.protocol.include_auditory_only_trials,serialized_explicit,1,[true],false
doi:10.1016/j.neuropsychologia.2009.07.025,publication_and_single_review_unit_profile,tajadura_jimenez_2009_uncrossed_visual_deprivation,study_templates/tajadura_jimenez_2009_uncrossed_visual_deprivation.json,design.protocol.include_auditory_only_trials,serialized_explicit,1,[true],false
doi:10.1016/j.neuropsychologia.2009.07.025,publication_and_single_review_unit_profile,tajadura_jimenez_2009_crossed_visual_deprivation,study_templates/tajadura_jimenez_2009_crossed_visual_deprivation.json,design.protocol.auditory_only_trial_percentage,typed_or_parser_default_not_serialized,0,[],0.0
doi:10.1016/j.neuropsychologia.2009.07.025,publication_and_single_review_unit_profile,tajadura_jimenez_2009_uncrossed_visual_deprivation,study_templates/tajadura_jimenez_2009_uncrossed_visual_deprivation.json,design.protocol.auditory_only_trial_percentage,typed_or_parser_default_not_serialized,0,[],0.0
doi:10.1016/j.neuropsychologia.2009.07.025,publication_and_single_review_unit_profile,tajadura_jimenez_2009_crossed_visual_deprivation,study_templates/tajadura_jimenez_2009_crossed_visual_deprivation.json,design.protocol.auditory_only_trials_exact,serialized_explicit,1,[100],null
doi:10.1016/j.neuropsychologia.2009.07.025,publication_and_single_review_unit_profile,tajadura_jimenez_2009_uncrossed_visual_deprivation,study_templates/tajadura_jimenez_2009_uncrossed_visual_deprivation.json,design.protocol.auditory_only_trials_exact,serialized_explicit,1,[100],null
doi:10.1016/j.neuropsychologia.2009.07.025,publication_and_single_review_unit_profile,tajadura_jimenez_2009_crossed_visual_deprivation,study_templates/tajadura_jimenez_2009_crossed_visual_deprivation.json,design.protocol.auditory_only_crosses_sequence_variants,serialized_explicit,1,[true],true
doi:10.1016/j.neuropsychologia.2009.07.025,publication_and_single_review_unit_profile,tajadura_jimenez_2009_uncrossed_visual_deprivation,study_templates/tajadura_jimenez_2009_uncrossed_visual_deprivation.json,design.protocol.auditory_only_crosses_sequence_variants,serialized_explicit,1,[true],true
doi:10.1016/j.neuropsychologia.2009.07.025,publication_and_single_review_unit_profile,tajadura_jimenez_2009_crossed_visual_deprivation,study_templates/tajadura_jimenez_2009_crossed_visual_deprivation.json,design.protocol.include_baseline_trials,serialized_explicit,1,[true],true
doi:10.1016/j.neuropsychologia.2009.07.025,publication_and_single_review_unit_profile,tajadura_jimenez_2009_uncrossed_visual_deprivation,study_templates/tajadura_jimenez_2009_uncrossed_visual_deprivation.json,design.protocol.include_baseline_trials,serialized_explicit,1,[true],true
doi:10.1016/j.neuropsychologia.2009.07.025,publication_and_single_review_unit_profile,tajadura_jimenez_2009_crossed_visual_deprivation,study_templates/tajadura_jimenez_2009_crossed_visual_deprivation.json,design.protocol.baseline_strategy,serialized_explicit,1,"[""tactile_only""]","""tactile_only"""
doi:10.1016/j.neuropsychologia.2009.07.025,publication_and_single_review_unit_profile,tajadura_jimenez_2009_uncrossed_visual_deprivation,study_templates/tajadura_jimenez_2009_uncrossed_visual_deprivation.json,design.protocol.baseline_strategy,serialized_explicit,1,"[""tactile_only""]","""tactile_only"""
doi:10.1016/j.neuropsychologia.2009.07.025,publication_and_single_review_unit_profile,tajadura_jimenez_2009_crossed_visual_deprivation,study_templates/tajadura_jimenez_2009_crossed_visual_deprivation.json,design.protocol.baseline_trials_exact,serialized_explicit,1,[100],null
doi:10.1016/j.neuropsychologia.2009.07.025,publication_and_single_review_unit_profile,tajadura_jimenez_2009_uncrossed_visual_deprivation,study_templates/tajadura_jimenez_2009_uncrossed_visual_deprivation.json,design.protocol.baseline_trials_exact,serialized_explicit,1,[100],null
doi:10.1016/j.neuropsychologia.2009.07.025,publication_and_single_review_unit_profile,tajadura_jimenez_2009_crossed_visual_deprivation,study_templates/tajadura_jimenez_2009_crossed_visual_deprivation.json,design.protocol.baseline_trial_percentage,serialized_explicit,1,[0.0],0.0
doi:10.1016/j.neuropsychologia.2009.07.025,publication_and_single_review_unit_profile,tajadura_jimenez_2009_uncrossed_visual_deprivation,study_templates/tajadura_jimenez_2009_uncrossed_visual_deprivation.json,design.protocol.baseline_trial_percentage,serialized_explicit,1,[0.0],0.0
doi:10.1016/j.neuropsychologia.2009.07.025,publication_and_single_review_unit_profile,tajadura_jimenez_2009_crossed_visual_deprivation,study_templates/tajadura_jimenez_2009_crossed_visual_deprivation.json,design.protocol.baseline_soa_values_ms,serialized_explicit,1,[[0]],[]
doi:10.1016/j.neuropsychologia.2009.07.025,publication_and_single_review_unit_profile,tajadura_jimenez_2009_uncrossed_visual_deprivation,study_templates/tajadura_jimenez_2009_uncrossed_visual_deprivation.json,design.protocol.baseline_soa_values_ms,serialized_explicit,1,[[0]],[]
doi:10.1016/j.neuropsychologia.2009.07.025,publication_and_single_review_unit_profile,tajadura_jimenez_2009_crossed_visual_deprivation,study_templates/tajadura_jimenez_2009_crossed_visual_deprivation.json,design.protocol.baseline_custom_trial_mode,serialized_explicit,1,"[""tactile_only""]","""tactile_only"""
doi:10.1016/j.neuropsychologia.2009.07.025,publication_and_single_review_unit_profile,tajadura_jimenez_2009_uncrossed_visual_deprivation,study_templates/tajadura_jimenez_2009_uncrossed_visual_deprivation.json,design.protocol.baseline_custom_trial_mode,serialized_explicit,1,"[""tactile_only""]","""tactile_only"""
doi:10.1016/j.neuropsychologia.2009.07.025,publication_and_single_review_unit_profile,tajadura_jimenez_2009_crossed_visual_deprivation,study_templates/tajadura_jimenez_2009_crossed_visual_deprivation.json,design.protocol.baseline_crosses_sequence_variants,serialized_explicit,1,[true],true
doi:10.1016/j.neuropsychologia.2009.07.025,publication_and_single_review_unit_profile,tajadura_jimenez_2009_uncrossed_visual_deprivation,study_templates/tajadura_jimenez_2009_uncrossed_visual_deprivation.json,design.protocol.baseline_crosses_sequence_variants,serialized_explicit,1,[true],true
doi:10.1016/j.neuropsychologia.2009.07.025,publication_and_single_review_unit_profile,tajadura_jimenez_2009_crossed_visual_deprivation,study_templates/tajadura_jimenez_2009_crossed_visual_deprivation.json,design.protocol.respiratory_phases,serialized_explicit,1,"[[""Crossed posture""]]","[""Inhale"",""Exhale""]"
doi:10.1016/j.neuropsychologia.2009.07.025,publication_and_single_review_unit_profile,tajadura_jimenez_2009_uncrossed_visual_deprivation,study_templates/tajadura_jimenez_2009_uncrossed_visual_deprivation.json,design.protocol.respiratory_phases,serialized_explicit,1,"[[""Uncrossed posture""]]","[""Inhale"",""Exhale""]"
doi:10.1016/j.neuropsychologia.2009.07.025,publication_and_single_review_unit_profile,tajadura_jimenez_2009_crossed_visual_deprivation,study_templates/tajadura_jimenez_2009_crossed_visual_deprivation.json,design.protocol.blocks,serialized_explicit,1,[1],6
doi:10.1016/j.neuropsychologia.2009.07.025,publication_and_single_review_unit_profile,tajadura_jimenez_2009_uncrossed_visual_deprivation,study_templates/tajadura_jimenez_2009_uncrossed_visual_deprivation.json,design.protocol.blocks,serialized_explicit,1,[1],6
doi:10.1016/j.neuropsychologia.2009.07.025,publication_and_single_review_unit_profile,tajadura_jimenez_2009_crossed_visual_deprivation,study_templates/tajadura_jimenez_2009_crossed_visual_deprivation.json,design.protocol.block_specs[].label,serialized_explicit,1,"[""Crossed posture""]",
doi:10.1016/j.neuropsychologia.2009.07.025,publication_and_single_review_unit_profile,tajadura_jimenez_2009_uncrossed_visual_deprivation,study_templates/tajadura_jimenez_2009_uncrossed_visual_deprivation.json,design.protocol.block_specs[].label,serialized_explicit,1,"[""Uncrossed posture""]",
doi:10.1016/j.neuropsychologia.2009.07.025,publication_and_single_review_unit_profile,tajadura_jimenez_2009_crossed_visual_deprivation,study_templates/tajadura_jimenez_2009_crossed_visual_deprivation.json,design.protocol.block_specs[].stimulus_types,serialized_explicit,1,"[[""Audio-Tactile"",""Baseline"",""Auditory-Only""]]","[""Audio-Tactile"",""Baseline"",""Catch""]"
doi:10.1016/j.neuropsychologia.2009.07.025,publication_and_single_review_unit_profile,tajadura_jimenez_2009_uncrossed_visual_deprivation,study_templates/tajadura_jimenez_2009_uncrossed_visual_deprivation.json,design.protocol.block_specs[].stimulus_types,serialized_explicit,1,"[[""Audio-Tactile"",""Baseline"",""Auditory-Only""]]","[""Audio-Tactile"",""Baseline"",""Catch""]"
doi:10.1016/j.neuropsychologia.2009.07.025,publication_and_single_review_unit_profile,tajadura_jimenez_2009_crossed_visual_deprivation,study_templates/tajadura_jimenez_2009_crossed_visual_deprivation.json,design.protocol.repeat_trial_pool_per_block,typed_or_parser_default_not_serialized,0,[],false
doi:10.1016/j.neuropsychologia.2009.07.025,publication_and_single_review_unit_profile,tajadura_jimenez_2009_uncrossed_visual_deprivation,study_templates/tajadura_jimenez_2009_uncrossed_visual_deprivation.json,design.protocol.repeat_trial_pool_per_block,typed_or_parser_default_not_serialized,0,[],false
doi:10.1016/j.neuropsychologia.2009.07.025,publication_and_single_review_unit_profile,tajadura_jimenez_2009_crossed_visual_deprivation,study_templates/tajadura_jimenez_2009_crossed_visual_deprivation.json,design.protocol.distribute_trial_pool_across_blocks,serialized_explicit,1,[true],false
doi:10.1016/j.neuropsychologia.2009.07.025,publication_and_single_review_unit_profile,tajadura_jimenez_2009_uncrossed_visual_deprivation,study_templates/tajadura_jimenez_2009_uncrossed_visual_deprivation.json,design.protocol.distribute_trial_pool_across_blocks,serialized_explicit,1,[true],false
doi:10.1016/j.neuropsychologia.2009.07.025,publication_and_single_review_unit_profile,tajadura_jimenez_2009_crossed_visual_deprivation,study_templates/tajadura_jimenez_2009_crossed_visual_deprivation.json,design.protocol.trial_strips[].strip_id,serialized_explicit,2,"[""collignon-2009-crossed-left"",""collignon-2009-crossed-right""]",""""""
doi:10.1016/j.neuropsychologia.2009.07.025,publication_and_single_review_unit_profile,tajadura_jimenez_2009_uncrossed_visual_deprivation,study_templates/tajadura_jimenez_2009_uncrossed_visual_deprivation.json,design.protocol.trial_strips[].strip_id,serialized_explicit,2,"[""collignon-2009-uncrossed-left"",""collignon-2009-uncrossed-right""]",""""""
doi:10.1016/j.neuropsychologia.2009.07.025,publication_and_single_review_unit_profile,tajadura_jimenez_2009_crossed_visual_deprivation,study_templates/tajadura_jimenez_2009_crossed_visual_deprivation.json,design.protocol.trial_strips[].label,serialized_explicit,2,"[""Crossed external left"",""Crossed external right""]",""""""
doi:10.1016/j.neuropsychologia.2009.07.025,publication_and_single_review_unit_profile,tajadura_jimenez_2009_uncrossed_visual_deprivation,study_templates/tajadura_jimenez_2009_uncrossed_visual_deprivation.json,design.protocol.trial_strips[].label,serialized_explicit,2,"[""Uncrossed external left"",""Uncrossed external right""]",""""""
doi:10.1016/j.neuropsychologia.2009.07.025,publication_and_single_review_unit_profile,tajadura_jimenez_2009_crossed_visual_deprivation,study_templates/tajadura_jimenez_2009_crossed_visual_deprivation.json,design.protocol.trial_strips[].audio_tactile_percentage,typed_or_parser_default_not_serialized,0,[],null
doi:10.1016/j.neuropsychologia.2009.07.025,publication_and_single_review_unit_profile,tajadura_jimenez_2009_uncrossed_visual_deprivation,study_templates/tajadura_jimenez_2009_uncrossed_visual_deprivation.json,design.protocol.trial_strips[].audio_tactile_percentage,typed_or_parser_default_not_serialized,0,[],null
doi:10.1016/j.neuropsychologia.2009.07.025,publication_and_single_review_unit_profile,tajadura_jimenez_2009_crossed_visual_deprivation,study_templates/tajadura_jimenez_2009_crossed_visual_deprivation.json,design.protocol.trial_strips[].catch_percentage,typed_or_parser_default_not_serialized,0,[],null
doi:10.1016/j.neuropsychologia.2009.07.025,publication_and_single_review_unit_profile,tajadura_jimenez_2009_uncrossed_visual_deprivation,study_templates/tajadura_jimenez_2009_uncrossed_visual_deprivation.json,design.protocol.trial_strips[].catch_percentage,typed_or_parser_default_not_serialized,0,[],null
doi:10.1016/j.neuropsychologia.2009.07.025,publication_and_single_review_unit_profile,tajadura_jimenez_2009_crossed_visual_deprivation,study_templates/tajadura_jimenez_2009_crossed_visual_deprivation.json,design.protocol.trial_strips[].baseline_percentage,typed_or_parser_default_not_serialized,0,[],null
doi:10.1016/j.neuropsychologia.2009.07.025,publication_and_single_review_unit_profile,tajadura_jimenez_2009_uncrossed_visual_deprivation,study_templates/tajadura_jimenez_2009_uncrossed_visual_deprivation.json,design.protocol.trial_strips[].baseline_percentage,typed_or_parser_default_not_serialized,0,[],null
doi:10.1016/j.neuropsychologia.2009.07.025,publication_and_single_review_unit_profile,tajadura_jimenez_2009_crossed_visual_deprivation,study_templates/tajadura_jimenez_2009_crossed_visual_deprivation.json,design.protocol.trial_strips[].soa_values_ms,serialized_explicit,2,"[[0],[0]]",[]
doi:10.1016/j.neuropsychologia.2009.07.025,publication_and_single_review_unit_profile,tajadura_jimenez_2009_uncrossed_visual_deprivation,study_templates/tajadura_jimenez_2009_uncrossed_visual_deprivation.json,design.protocol.trial_strips[].soa_values_ms,serialized_explicit,2,"[[0],[0]]",[]
doi:10.1016/j.neuropsychologia.2009.07.025,publication_and_single_review_unit_profile,tajadura_jimenez_2009_crossed_visual_deprivation,study_templates/tajadura_jimenez_2009_crossed_visual_deprivation.json,design.protocol.trial_strips[].spatial_values_cm,serialized_explicit,2,"[[39.1],[39.1]]",[]
doi:10.1016/j.neuropsychologia.2009.07.025,publication_and_single_review_unit_profile,tajadura_jimenez_2009_uncrossed_visual_deprivation,study_templates/tajadura_jimenez_2009_uncrossed_visual_deprivation.json,design.protocol.trial_strips[].spatial_values_cm,serialized_explicit,2,"[[39.1],[39.1]]",[]
doi:10.1016/j.neuropsychologia.2009.07.025,publication_and_single_review_unit_profile,tajadura_jimenez_2009_crossed_visual_deprivation,study_templates/tajadura_jimenez_2009_crossed_visual_deprivation.json,design.protocol.trial_strips[].metadata,serialized_explicit,2,"[{""auditory_trajectory_direction"":""stationary_left"",""auditory_trajectory_family"":""static_left_right"",""body_anchor"":""hands"",""body_part"":""right middle finger crossed into left hemispace"",""body_relative_axis"":""left_right"",""body_side"":""right"",""correct_response"":""left"",""electrical_electrode_site"":""right middle finger ring electrodes crossed into left hemispace"",""expected_response"":""respond"",""iti_ms"":""1950"",""iti_policy"":""reported_mean_1950ms_range_1200_to_2700ms_distribution_unreported"",""posture"":""crossed hands"",""renderer_equivalence_boundary"":""binaural static speaker proxy for Gigaworks T20 beside left hand position"",""response_capture_device"":""keyboard"",""response_choice_set"":""left,right"",""response_input_modality"":""left_right_keypress_mouse_click_proxy"",""response_mode"":""mouse_click_choice_proxy_for_left_right_keypress"",""response_rule"":""choose_external_stimulus_side"",""response_scoring_policy"":""external_side_choice_150_to_1000_ms_analysis_window"",""source_asset_equivalence"":""procedural pink-noise proxy for unshared Adobe Audition 2.0 burst"",""spatial_coordinate_frame"":""external_room_midline"",""spatial_hemifield"":""external_left"",""speaker_array_layout"":""two speakers beside left/right hand positions"",""speaker_source_channel"":""left"",""tactile_duration_ms"":""100"",""tactile_frequency_hz"":""40"",""tactile_pulse_duration_ms"":""1"",""tactile_stimulation_modality"":""electrical"",""tactile_waveform_shape"":""biphasic_square_pulse_train"",""target_role"":""left_lateralization_target"",""trajectory_end_azimuth_deg"":-40.0,""trajectory_end_distance_cm"":39.1,""trajectory_start_azimuth_deg"":-40.0,""trajectory_start_distance_cm"":39.1},{""auditory_trajectory_direction"":""stationary_right"",""auditory_trajectory_family"":""static_left_right"",""body_anchor"":""hands"",""body_part"":""left middle finger crossed into right hemispace"",""body_relative_axis"":""left_right"",""body_side"":""left"",""correct_response"":""right"",""electrical_electrode_site"":""left middle finger ring electrodes crossed into right hemispace"",""expected_response"":""respond"",""iti_ms"":""1950"",""iti_policy"":""reported_mean_1950ms_range_1200_to_2700ms_distribution_unreported"",""posture"":""crossed hands"",""renderer_equivalence_boundary"":""binaural static speaker proxy for Gigaworks T20 beside right hand position"",""response_capture_device"":""keyboard"",""response_choice_set"":""left,right"",""response_input_modality"":""left_right_keypress_mouse_click_proxy"",""response_mode"":""mouse_click_choice_proxy_for_left_right_keypress"",""response_rule"":""choose_external_stimulus_side"",""response_scoring_policy"":""external_side_choice_150_to_1000_ms_analysis_window"",""source_asset_equivalence"":""procedural pink-noise proxy for unshared Adobe Audition 2.0 burst"",""spatial_coordinate_frame"":""external_room_midline"",""spatial_hemifield"":""external_right"",""speaker_array_layout"":""two speakers beside left/right hand positions"",""speaker_source_channel"":""right"",""tactile_duration_ms"":""100"",""tactile_frequency_hz"":""40"",""tactile_pulse_duration_ms"":""1"",""tactile_stimulation_modality"":""electrical"",""tactile_waveform_shape"":""biphasic_square_pulse_train"",""target_role"":""right_lateralization_target"",""trajectory_end_azimuth_deg"":40.0,""trajectory_end_distance_cm"":39.1,""trajectory_start_azimuth_deg"":40.0,""trajectory_start_distance_cm"":39.1}]",{}
doi:10.1016/j.neuropsychologia.2009.07.025,publication_and_single_review_unit_profile,tajadura_jimenez_2009_uncrossed_visual_deprivation,study_templates/tajadura_jimenez_2009_uncrossed_visual_deprivation.json,design.protocol.trial_strips[].metadata,serialized_explicit,2,"[{""auditory_trajectory_direction"":""stationary_left"",""auditory_trajectory_family"":""static_left_right"",""body_anchor"":""hands"",""body_part"":""left middle finger"",""body_relative_axis"":""left_right"",""body_side"":""left"",""correct_response"":""left"",""electrical_electrode_site"":""left middle finger ring electrodes"",""expected_response"":""respond"",""iti_ms"":""1950"",""iti_policy"":""reported_mean_1950ms_range_1200_to_2700ms_distribution_unreported"",""renderer_equivalence_boundary"":""binaural static speaker proxy for Gigaworks T20 beside left hand"",""response_capture_device"":""keyboard"",""response_choice_set"":""left,right"",""response_input_modality"":""left_right_keypress_mouse_click_proxy"",""response_mode"":""mouse_click_choice_proxy_for_left_right_keypress"",""response_rule"":""choose_external_stimulus_side"",""response_scoring_policy"":""external_side_choice_150_to_1000_ms_analysis_window"",""source_asset_equivalence"":""procedural pink-noise proxy for unshared Adobe Audition 2.0 burst"",""spatial_coordinate_frame"":""external_room_midline"",""spatial_hemifield"":""external_left"",""speaker_array_layout"":""two speakers beside left/right hands"",""speaker_source_channel"":""left"",""tactile_duration_ms"":""100"",""tactile_frequency_hz"":""40"",""tactile_pulse_duration_ms"":""1"",""tactile_stimulation_modality"":""electrical"",""tactile_waveform_shape"":""biphasic_square_pulse_train"",""target_role"":""left_lateralization_target"",""trajectory_end_azimuth_deg"":-40.0,""trajectory_end_distance_cm"":39.1,""trajectory_start_azimuth_deg"":-40.0,""trajectory_start_distance_cm"":39.1},{""auditory_trajectory_direction"":""stationary_right"",""auditory_trajectory_family"":""static_left_right"",""body_anchor"":""hands"",""body_part"":""right middle finger"",""body_relative_axis"":""left_right"",""body_side"":""right"",""correct_response"":""right"",""electrical_electrode_site"":""right middle finger ring electrodes"",""expected_response"":""respond"",""iti_ms"":""1950"",""iti_policy"":""reported_mean_1950ms_range_1200_to_2700ms_distribution_unreported"",""renderer_equivalence_boundary"":""binaural static speaker proxy for Gigaworks T20 beside right hand"",""response_capture_device"":""keyboard"",""response_choice_set"":""left,right"",""response_input_modality"":""left_right_keypress_mouse_click_proxy"",""response_mode"":""mouse_click_choice_proxy_for_left_right_keypress"",""response_rule"":""choose_external_stimulus_side"",""response_scoring_policy"":""external_side_choice_150_to_1000_ms_analysis_window"",""source_asset_equivalence"":""procedural pink-noise proxy for unshared Adobe Audition 2.0 burst"",""spatial_coordinate_frame"":""external_room_midline"",""spatial_hemifield"":""external_right"",""speaker_array_layout"":""two speakers beside left/right hands"",""speaker_source_channel"":""right"",""tactile_duration_ms"":""100"",""tactile_frequency_hz"":""40"",""tactile_pulse_duration_ms"":""1"",""tactile_stimulation_modality"":""electrical"",""tactile_waveform_shape"":""biphasic_square_pulse_train"",""target_role"":""right_lateralization_target"",""trajectory_end_azimuth_deg"":40.0,""trajectory_end_distance_cm"":39.1,""trajectory_start_azimuth_deg"":40.0,""trajectory_start_distance_cm"":39.1}]",{}
doi:10.1016/j.neuropsychologia.2009.07.025,publication_and_single_review_unit_profile,tajadura_jimenez_2009_crossed_visual_deprivation,study_templates/tajadura_jimenez_2009_crossed_visual_deprivation.json,design.protocol.trial_strips[].elements[].element_id,serialized_explicit,2,"[""collignon-2009-crossed-left-speaker"",""collignon-2009-crossed-right-speaker""]",""""""
doi:10.1016/j.neuropsychologia.2009.07.025,publication_and_single_review_unit_profile,tajadura_jimenez_2009_uncrossed_visual_deprivation,study_templates/tajadura_jimenez_2009_uncrossed_visual_deprivation.json,design.protocol.trial_strips[].elements[].element_id,serialized_explicit,2,"[""collignon-2009-left-speaker"",""collignon-2009-right-speaker""]",""""""
doi:10.1016/j.neuropsychologia.2009.07.025,publication_and_single_review_unit_profile,tajadura_jimenez_2009_crossed_visual_deprivation,study_templates/tajadura_jimenez_2009_crossed_visual_deprivation.json,design.protocol.trial_strips[].elements[].kind,serialized_explicit,2,"[""looming_stimulus"",""looming_stimulus""]","""looming_stimulus"""
doi:10.1016/j.neuropsychologia.2009.07.025,publication_and_single_review_unit_profile,tajadura_jimenez_2009_uncrossed_visual_deprivation,study_templates/tajadura_jimenez_2009_uncrossed_visual_deprivation.json,design.protocol.trial_strips[].elements[].kind,serialized_explicit,2,"[""looming_stimulus"",""looming_stimulus""]","""looming_stimulus"""
doi:10.1016/j.neuropsychologia.2009.07.025,publication_and_single_review_unit_profile,tajadura_jimenez_2009_crossed_visual_deprivation,study_templates/tajadura_jimenez_2009_crossed_visual_deprivation.json,design.protocol.trial_strips[].elements[].label,serialized_explicit,2,"[""Left speaker sound"",""Right speaker sound""]",""""""
doi:10.1016/j.neuropsychologia.2009.07.025,publication_and_single_review_unit_profile,tajadura_jimenez_2009_uncrossed_visual_deprivation,study_templates/tajadura_jimenez_2009_uncrossed_visual_deprivation.json,design.protocol.trial_strips[].elements[].label,serialized_explicit,2,"[""Left speaker sound"",""Right speaker sound""]",""""""
doi:10.1016/j.neuropsychologia.2009.07.025,publication_and_single_review_unit_profile,tajadura_jimenez_2009_crossed_visual_deprivation,study_templates/tajadura_jimenez_2009_crossed_visual_deprivation.json,design.protocol.trial_strips[].elements[].source_label,serialized_explicit,2,"[""Left speaker pink-noise burst"",""Right speaker pink-noise burst""]",""""""
doi:10.1016/j.neuropsychologia.2009.07.025,publication_and_single_review_unit_profile,tajadura_jimenez_2009_uncrossed_visual_deprivation,study_templates/tajadura_jimenez_2009_uncrossed_visual_deprivation.json,design.protocol.trial_strips[].elements[].source_label,serialized_explicit,2,"[""Left speaker pink-noise burst"",""Right speaker pink-noise burst""]",""""""
doi:10.1016/j.neuropsychologia.2009.07.025,publication_and_single_review_unit_profile,tajadura_jimenez_2009_crossed_visual_deprivation,study_templates/tajadura_jimenez_2009_crossed_visual_deprivation.json,design.protocol.trial_strips[].elements[].source_labels,serialized_explicit,2,"[[""Left speaker pink-noise burst""],[""Right speaker pink-noise burst""]]",[]
doi:10.1016/j.neuropsychologia.2009.07.025,publication_and_single_review_unit_profile,tajadura_jimenez_2009_uncrossed_visual_deprivation,study_templates/tajadura_jimenez_2009_uncrossed_visual_deprivation.json,design.protocol.trial_strips[].elements[].source_labels,serialized_explicit,2,"[[""Left speaker pink-noise burst""],[""Right speaker pink-noise burst""]]",[]
doi:10.1016/j.neuropsychologia.2009.07.025,publication_and_single_review_unit_profile,tajadura_jimenez_2009_crossed_visual_deprivation,study_templates/tajadura_jimenez_2009_crossed_visual_deprivation.json,design.protocol.trial_strips[].elements[].jitter_values_ms,typed_or_parser_default_not_serialized,0,[],[]
doi:10.1016/j.neuropsychologia.2009.07.025,publication_and_single_review_unit_profile,tajadura_jimenez_2009_uncrossed_visual_deprivation,study_templates/tajadura_jimenez_2009_uncrossed_visual_deprivation.json,design.protocol.trial_strips[].elements[].jitter_values_ms,typed_or_parser_default_not_serialized,0,[],[]
doi:10.1016/j.neuropsychologia.2009.07.025,publication_and_single_review_unit_profile,tajadura_jimenez_2009_crossed_visual_deprivation,study_templates/tajadura_jimenez_2009_crossed_visual_deprivation.json,design.protocol.trial_strips[].elements[].randomized,serialized_explicit,2,"[true,true]",false
doi:10.1016/j.neuropsychologia.2009.07.025,publication_and_single_review_unit_profile,tajadura_jimenez_2009_uncrossed_visual_deprivation,study_templates/tajadura_jimenez_2009_uncrossed_visual_deprivation.json,design.protocol.trial_strips[].elements[].randomized,serialized_explicit,2,"[true,true]",false
doi:10.1016/j.neuropsychologia.2009.07.025,publication_and_single_review_unit_profile,tajadura_jimenez_2009_crossed_visual_deprivation,study_templates/tajadura_jimenez_2009_crossed_visual_deprivation.json,design.protocol.trial_randomization_strategy,serialized_explicit,1,"[""no_immediate_repeats""]","""no_immediate_repeats"""
doi:10.1016/j.neuropsychologia.2009.07.025,publication_and_single_review_unit_profile,tajadura_jimenez_2009_uncrossed_visual_deprivation,study_templates/tajadura_jimenez_2009_uncrossed_visual_deprivation.json,design.protocol.trial_randomization_strategy,serialized_explicit,1,"[""no_immediate_repeats""]","""no_immediate_repeats"""
doi:10.1016/j.neuropsychologia.2009.07.025,publication_and_single_review_unit_profile,tajadura_jimenez_2009_crossed_visual_deprivation,study_templates/tajadura_jimenez_2009_crossed_visual_deprivation.json,design.protocol.block_order_randomization,serialized_explicit,1,"[""fixed""]","""counterbalanced_rotation"""
doi:10.1016/j.neuropsychologia.2009.07.025,publication_and_single_review_unit_profile,tajadura_jimenez_2009_uncrossed_visual_deprivation,study_templates/tajadura_jimenez_2009_uncrossed_visual_deprivation.json,design.protocol.block_order_randomization,serialized_explicit,1,"[""fixed""]","""counterbalanced_rotation"""
doi:10.1016/j.neuropsychologia.2009.07.025,publication_and_single_review_unit_profile,tajadura_jimenez_2009_crossed_visual_deprivation,study_templates/tajadura_jimenez_2009_crossed_visual_deprivation.json,design.protocol.max_consecutive_same_trial_type,serialized_explicit,1,[2],2
doi:10.1016/j.neuropsychologia.2009.07.025,publication_and_single_review_unit_profile,tajadura_jimenez_2009_uncrossed_visual_deprivation,study_templates/tajadura_jimenez_2009_uncrossed_visual_deprivation.json,design.protocol.max_consecutive_same_trial_type,serialized_explicit,1,[2],2
doi:10.1016/j.neuropsychologia.2009.07.025,publication_and_single_review_unit_profile,tajadura_jimenez_2009_crossed_visual_deprivation,study_templates/tajadura_jimenez_2009_crossed_visual_deprivation.json,design.protocol.participants,serialized_explicit,1,[1],50
doi:10.1016/j.neuropsychologia.2009.07.025,publication_and_single_review_unit_profile,tajadura_jimenez_2009_uncrossed_visual_deprivation,study_templates/tajadura_jimenez_2009_uncrossed_visual_deprivation.json,design.protocol.participants,serialized_explicit,1,[1],50
doi:10.1016/j.neuropsychologia.2009.07.025,publication_and_single_review_unit_profile,tajadura_jimenez_2009_crossed_visual_deprivation,study_templates/tajadura_jimenez_2009_crossed_visual_deprivation.json,design.protocol.random_seed,serialized_explicit,1,[200907026],20250604
doi:10.1016/j.neuropsychologia.2009.07.025,publication_and_single_review_unit_profile,tajadura_jimenez_2009_uncrossed_visual_deprivation,study_templates/tajadura_jimenez_2009_uncrossed_visual_deprivation.json,design.protocol.random_seed,serialized_explicit,1,[200907025],20250604
doi:10.1016/j.neuropsychologia.2009.07.025,publication_and_single_review_unit_profile,tajadura_jimenez_2009_crossed_visual_deprivation,study_templates/tajadura_jimenez_2009_crossed_visual_deprivation.json,design.protocol.participant_order_policy,typed_or_parser_default_not_serialized,0,[],{}
doi:10.1016/j.neuropsychologia.2009.07.025,publication_and_single_review_unit_profile,tajadura_jimenez_2009_uncrossed_visual_deprivation,study_templates/tajadura_jimenez_2009_uncrossed_visual_deprivation.json,design.protocol.participant_order_policy,typed_or_parser_default_not_serialized,0,[],{}
doi:10.1038/s41598-026-36796-5,experiment_or_variant_scoped_profiles,barumerli_2026_arm_movement_exp1,study_templates/barumerli_2026_arm_movement_exp1.json,design.name,serialized_explicit,1,"[""Lamia 2026 Experiment 1 arm movement PPS""]","""Study 5 PPS white/pink design"""
doi:10.1038/s41598-026-36796-5,experiment_or_variant_scoped_profiles,barumerli_2026_arm_movement_exp2,study_templates/barumerli_2026_arm_movement_exp2.json,design.name,serialized_explicit,1,"[""Lamia 2026 Experiment 2 arm movement PPS""]","""Study 5 PPS white/pink design"""
doi:10.1038/s41598-026-36796-5,experiment_or_variant_scoped_profiles,barumerli_2026_arm_movement_exp1,study_templates/barumerli_2026_arm_movement_exp1.json,design.study_profile_id,serialized_explicit,1,"[""barumerli_2026_arm_movement_exp1""]",""""""
doi:10.1038/s41598-026-36796-5,experiment_or_variant_scoped_profiles,barumerli_2026_arm_movement_exp2,study_templates/barumerli_2026_arm_movement_exp2.json,design.study_profile_id,serialized_explicit,1,"[""barumerli_2026_arm_movement_exp2""]",""""""
doi:10.1038/s41598-026-36796-5,experiment_or_variant_scoped_profiles,barumerli_2026_arm_movement_exp1,study_templates/barumerli_2026_arm_movement_exp1.json,design.study_profile_title,serialized_explicit,1,"[""Looming/receding PPS during arm movement, Experiment 1""]",""""""
doi:10.1038/s41598-026-36796-5,experiment_or_variant_scoped_profiles,barumerli_2026_arm_movement_exp2,study_templates/barumerli_2026_arm_movement_exp2.json,design.study_profile_title,serialized_explicit,1,"[""Looming/receding PPS during arm movement, Experiment 2""]",""""""
doi:10.1038/s41598-026-36796-5,experiment_or_variant_scoped_profiles,barumerli_2026_arm_movement_exp1,study_templates/barumerli_2026_arm_movement_exp1.json,design.study_profile_notes,serialized_explicit,1,"[""Template captures Experiment 1 audio-tactile block structure. The original two-speaker apparatus is treated as analog provenance; this profile recreates the reported near-far motion as a binaural spatialized trajectory. Motor/static and hand/trunk body-part factors are encoded as block labels for reconstruction and expected-outcome contrast audits.""]",""""""
doi:10.1038/s41598-026-36796-5,experiment_or_variant_scoped_profiles,barumerli_2026_arm_movement_exp2,study_templates/barumerli_2026_arm_movement_exp2.json,design.study_profile_notes,serialized_explicit,1,"[""Experiment 2 extends auditory duration to 4000 ms and includes all five tactile delays in unisensory baseline blocks. The original two-speaker apparatus is treated as analog provenance; this profile recreates the reported near-far motion as a binaural spatialized trajectory. Motor/static and hand/trunk body-part factors are encoded as block labels for reconstruction and expected-outcome contrast audits.""]",""""""
doi:10.1038/s41598-026-36796-5,experiment_or_variant_scoped_profiles,barumerli_2026_arm_movement_exp1,study_templates/barumerli_2026_arm_movement_exp1.json,design.study_profile_reference_parameters,typed_or_parser_default_not_serialized,0,[],{}
doi:10.1038/s41598-026-36796-5,experiment_or_variant_scoped_profiles,barumerli_2026_arm_movement_exp2,study_templates/barumerli_2026_arm_movement_exp2.json,design.study_profile_reference_parameters,typed_or_parser_default_not_serialized,0,[],{}
doi:10.1038/s41598-026-36796-5,experiment_or_variant_scoped_profiles,barumerli_2026_arm_movement_exp1,study_templates/barumerli_2026_arm_movement_exp1.json,design.sofa_file,serialized_explicit,1,"[""""]","""assets/0. Head-Related Impulse Response (HRIR) model/FABIAN_HRIR_measured_HATO_0.sofa"""
doi:10.1038/s41598-026-36796-5,experiment_or_variant_scoped_profiles,barumerli_2026_arm_movement_exp2,study_templates/barumerli_2026_arm_movement_exp2.json,design.sofa_file,serialized_explicit,1,"[""""]","""assets/0. Head-Related Impulse Response (HRIR) model/FABIAN_HRIR_measured_HATO_0.sofa"""
doi:10.1038/s41598-026-36796-5,experiment_or_variant_scoped_profiles,barumerli_2026_arm_movement_exp1,study_templates/barumerli_2026_arm_movement_exp1.json,design.noises[].label,serialized_explicit,1,"[""Pink moving sound""]",
doi:10.1038/s41598-026-36796-5,experiment_or_variant_scoped_profiles,barumerli_2026_arm_movement_exp2,study_templates/barumerli_2026_arm_movement_exp2.json,design.noises[].label,serialized_explicit,1,"[""Pink moving sound""]",
doi:10.1038/s41598-026-36796-5,experiment_or_variant_scoped_profiles,barumerli_2026_arm_movement_exp1,study_templates/barumerli_2026_arm_movement_exp1.json,design.noises[].noise_type,serialized_explicit,1,"[""pink""]",
doi:10.1038/s41598-026-36796-5,experiment_or_variant_scoped_profiles,barumerli_2026_arm_movement_exp2,study_templates/barumerli_2026_arm_movement_exp2.json,design.noises[].noise_type,serialized_explicit,1,"[""pink""]",
doi:10.1038/s41598-026-36796-5,experiment_or_variant_scoped_profiles,barumerli_2026_arm_movement_exp1,study_templates/barumerli_2026_arm_movement_exp1.json,design.noises[].azimuth_deg,serialized_explicit,1,[0.0],0.0
doi:10.1038/s41598-026-36796-5,experiment_or_variant_scoped_profiles,barumerli_2026_arm_movement_exp2,study_templates/barumerli_2026_arm_movement_exp2.json,design.noises[].azimuth_deg,serialized_explicit,1,[0.0],0.0
doi:10.1038/s41598-026-36796-5,experiment_or_variant_scoped_profiles,barumerli_2026_arm_movement_exp1,study_templates/barumerli_2026_arm_movement_exp1.json,design.noises[].elevation_deg,serialized_explicit,1,[0.0],0.0
doi:10.1038/s41598-026-36796-5,experiment_or_variant_scoped_profiles,barumerli_2026_arm_movement_exp2,study_templates/barumerli_2026_arm_movement_exp2.json,design.noises[].elevation_deg,serialized_explicit,1,[0.0],0.0
doi:10.1038/s41598-026-36796-5,experiment_or_variant_scoped_profiles,barumerli_2026_arm_movement_exp1,study_templates/barumerli_2026_arm_movement_exp1.json,design.noises[].gain,serialized_explicit,1,[1.0],1.0
doi:10.1038/s41598-026-36796-5,experiment_or_variant_scoped_profiles,barumerli_2026_arm_movement_exp2,study_templates/barumerli_2026_arm_movement_exp2.json,design.noises[].gain,serialized_explicit,1,[1.0],1.0
doi:10.1038/s41598-026-36796-5,experiment_or_variant_scoped_profiles,barumerli_2026_arm_movement_exp1,study_templates/barumerli_2026_arm_movement_exp1.json,design.noises[].source_profile,typed_or_parser_default_not_serialized,0,[],""""""
doi:10.1038/s41598-026-36796-5,experiment_or_variant_scoped_profiles,barumerli_2026_arm_movement_exp2,study_templates/barumerli_2026_arm_movement_exp2.json,design.noises[].source_profile,typed_or_parser_default_not_serialized,0,[],""""""
doi:10.1038/s41598-026-36796-5,experiment_or_variant_scoped_profiles,barumerli_2026_arm_movement_exp1,study_templates/barumerli_2026_arm_movement_exp1.json,design.noises[].source_profile_parameters,typed_or_parser_default_not_serialized,0,[],{}
doi:10.1038/s41598-026-36796-5,experiment_or_variant_scoped_profiles,barumerli_2026_arm_movement_exp2,study_templates/barumerli_2026_arm_movement_exp2.json,design.noises[].source_profile_parameters,typed_or_parser_default_not_serialized,0,[],{}
doi:10.1038/s41598-026-36796-5,experiment_or_variant_scoped_profiles,barumerli_2026_arm_movement_exp1,study_templates/barumerli_2026_arm_movement_exp1.json,design.noises[].prebaked_path,typed_or_parser_default_not_serialized,0,[],""""""
doi:10.1038/s41598-026-36796-5,experiment_or_variant_scoped_profiles,barumerli_2026_arm_movement_exp2,study_templates/barumerli_2026_arm_movement_exp2.json,design.noises[].prebaked_path,typed_or_parser_default_not_serialized,0,[],""""""
doi:10.1038/s41598-026-36796-5,experiment_or_variant_scoped_profiles,barumerli_2026_arm_movement_exp1,study_templates/barumerli_2026_arm_movement_exp1.json,design.noises[].sequence_order,typed_or_parser_default_not_serialized,0,[],0
doi:10.1038/s41598-026-36796-5,experiment_or_variant_scoped_profiles,barumerli_2026_arm_movement_exp2,study_templates/barumerli_2026_arm_movement_exp2.json,design.noises[].sequence_order,typed_or_parser_default_not_serialized,0,[],0
doi:10.1038/s41598-026-36796-5,experiment_or_variant_scoped_profiles,barumerli_2026_arm_movement_exp1,study_templates/barumerli_2026_arm_movement_exp1.json,design.noises[].motion_mode,typed_or_parser_default_not_serialized,0,[],"""looming"""
doi:10.1038/s41598-026-36796-5,experiment_or_variant_scoped_profiles,barumerli_2026_arm_movement_exp2,study_templates/barumerli_2026_arm_movement_exp2.json,design.noises[].motion_mode,typed_or_parser_default_not_serialized,0,[],"""looming"""
doi:10.1038/s41598-026-36796-5,experiment_or_variant_scoped_profiles,barumerli_2026_arm_movement_exp1,study_templates/barumerli_2026_arm_movement_exp1.json,design.noises[].trajectory_snapshot,typed_or_parser_default_not_serialized,0,[],{}
doi:10.1038/s41598-026-36796-5,experiment_or_variant_scoped_profiles,barumerli_2026_arm_movement_exp2,study_templates/barumerli_2026_arm_movement_exp2.json,design.noises[].trajectory_snapshot,typed_or_parser_default_not_serialized,0,[],{}
doi:10.1038/s41598-026-36796-5,experiment_or_variant_scoped_profiles,barumerli_2026_arm_movement_exp1,study_templates/barumerli_2026_arm_movement_exp1.json,design.custom_looming_files[].label,repeatable_entity_absent,0,[],
doi:10.1038/s41598-026-36796-5,experiment_or_variant_scoped_profiles,barumerli_2026_arm_movement_exp2,study_templates/barumerli_2026_arm_movement_exp2.json,design.custom_looming_files[].label,repeatable_entity_absent,0,[],
doi:10.1038/s41598-026-36796-5,experiment_or_variant_scoped_profiles,barumerli_2026_arm_movement_exp1,study_templates/barumerli_2026_arm_movement_exp1.json,design.custom_looming_files[].path,repeatable_entity_absent,0,[],
doi:10.1038/s41598-026-36796-5,experiment_or_variant_scoped_profiles,barumerli_2026_arm_movement_exp2,study_templates/barumerli_2026_arm_movement_exp2.json,design.custom_looming_files[].path,repeatable_entity_absent,0,[],
doi:10.1038/s41598-026-36796-5,experiment_or_variant_scoped_profiles,barumerli_2026_arm_movement_exp1,study_templates/barumerli_2026_arm_movement_exp1.json,design.custom_looming_files[].target_duration_s,repeatable_entity_absent,0,[],4.0
doi:10.1038/s41598-026-36796-5,experiment_or_variant_scoped_profiles,barumerli_2026_arm_movement_exp2,study_templates/barumerli_2026_arm_movement_exp2.json,design.custom_looming_files[].target_duration_s,repeatable_entity_absent,0,[],4.0
doi:10.1038/s41598-026-36796-5,experiment_or_variant_scoped_profiles,barumerli_2026_arm_movement_exp1,study_templates/barumerli_2026_arm_movement_exp1.json,design.custom_looming_files[].render_mode,repeatable_entity_absent,0,[],"""preserve"""
doi:10.1038/s41598-026-36796-5,experiment_or_variant_scoped_profiles,barumerli_2026_arm_movement_exp2,study_templates/barumerli_2026_arm_movement_exp2.json,design.custom_looming_files[].render_mode,repeatable_entity_absent,0,[],"""preserve"""
doi:10.1038/s41598-026-36796-5,experiment_or_variant_scoped_profiles,barumerli_2026_arm_movement_exp1,study_templates/barumerli_2026_arm_movement_exp1.json,design.custom_looming_files[].tone_type,repeatable_entity_absent,0,[],""""""
doi:10.1038/s41598-026-36796-5,experiment_or_variant_scoped_profiles,barumerli_2026_arm_movement_exp2,study_templates/barumerli_2026_arm_movement_exp2.json,design.custom_looming_files[].tone_type,repeatable_entity_absent,0,[],""""""
doi:10.1038/s41598-026-36796-5,experiment_or_variant_scoped_profiles,barumerli_2026_arm_movement_exp1,study_templates/barumerli_2026_arm_movement_exp1.json,design.custom_looming_files[].gain,repeatable_entity_absent,0,[],1.0
doi:10.1038/s41598-026-36796-5,experiment_or_variant_scoped_profiles,barumerli_2026_arm_movement_exp2,study_templates/barumerli_2026_arm_movement_exp2.json,design.custom_looming_files[].gain,repeatable_entity_absent,0,[],1.0
doi:10.1038/s41598-026-36796-5,experiment_or_variant_scoped_profiles,barumerli_2026_arm_movement_exp1,study_templates/barumerli_2026_arm_movement_exp1.json,design.custom_looming_files[].placement,repeatable_entity_absent,0,[],"""before"""
doi:10.1038/s41598-026-36796-5,experiment_or_variant_scoped_profiles,barumerli_2026_arm_movement_exp2,study_templates/barumerli_2026_arm_movement_exp2.json,design.custom_looming_files[].placement,repeatable_entity_absent,0,[],"""before"""
doi:10.1038/s41598-026-36796-5,experiment_or_variant_scoped_profiles,barumerli_2026_arm_movement_exp1,study_templates/barumerli_2026_arm_movement_exp1.json,design.custom_looming_files[].target_source_label,repeatable_entity_absent,0,[],""""""
doi:10.1038/s41598-026-36796-5,experiment_or_variant_scoped_profiles,barumerli_2026_arm_movement_exp2,study_templates/barumerli_2026_arm_movement_exp2.json,design.custom_looming_files[].target_source_label,repeatable_entity_absent,0,[],""""""
doi:10.1038/s41598-026-36796-5,experiment_or_variant_scoped_profiles,barumerli_2026_arm_movement_exp1,study_templates/barumerli_2026_arm_movement_exp1.json,design.custom_looming_files[].phase,repeatable_entity_absent,0,[],""""""
doi:10.1038/s41598-026-36796-5,experiment_or_variant_scoped_profiles,barumerli_2026_arm_movement_exp2,study_templates/barumerli_2026_arm_movement_exp2.json,design.custom_looming_files[].phase,repeatable_entity_absent,0,[],""""""
doi:10.1038/s41598-026-36796-5,experiment_or_variant_scoped_profiles,barumerli_2026_arm_movement_exp1,study_templates/barumerli_2026_arm_movement_exp1.json,design.custom_looming_files[].gap_s,repeatable_entity_absent,0,[],0.0
doi:10.1038/s41598-026-36796-5,experiment_or_variant_scoped_profiles,barumerli_2026_arm_movement_exp2,study_templates/barumerli_2026_arm_movement_exp2.json,design.custom_looming_files[].gap_s,repeatable_entity_absent,0,[],0.0
doi:10.1038/s41598-026-36796-5,experiment_or_variant_scoped_profiles,barumerli_2026_arm_movement_exp1,study_templates/barumerli_2026_arm_movement_exp1.json,design.custom_looming_files[].sequence_order,repeatable_entity_absent,0,[],0
doi:10.1038/s41598-026-36796-5,experiment_or_variant_scoped_profiles,barumerli_2026_arm_movement_exp2,study_templates/barumerli_2026_arm_movement_exp2.json,design.custom_looming_files[].sequence_order,repeatable_entity_absent,0,[],0
doi:10.1038/s41598-026-36796-5,experiment_or_variant_scoped_profiles,barumerli_2026_arm_movement_exp1,study_templates/barumerli_2026_arm_movement_exp1.json,design.custom_looming_files[].motion_mode,repeatable_entity_absent,0,[],"""looming"""
doi:10.1038/s41598-026-36796-5,experiment_or_variant_scoped_profiles,barumerli_2026_arm_movement_exp2,study_templates/barumerli_2026_arm_movement_exp2.json,design.custom_looming_files[].motion_mode,repeatable_entity_absent,0,[],"""looming"""
doi:10.1038/s41598-026-36796-5,experiment_or_variant_scoped_profiles,barumerli_2026_arm_movement_exp1,study_templates/barumerli_2026_arm_movement_exp1.json,design.custom_looming_files[].trajectory_snapshot,repeatable_entity_absent,0,[],{}
doi:10.1038/s41598-026-36796-5,experiment_or_variant_scoped_profiles,barumerli_2026_arm_movement_exp2,study_templates/barumerli_2026_arm_movement_exp2.json,design.custom_looming_files[].trajectory_snapshot,repeatable_entity_absent,0,[],{}
doi:10.1038/s41598-026-36796-5,experiment_or_variant_scoped_profiles,barumerli_2026_arm_movement_exp1,study_templates/barumerli_2026_arm_movement_exp1.json,design.custom_looming_files[].display_color_hex,repeatable_entity_absent,0,[],""""""
doi:10.1038/s41598-026-36796-5,experiment_or_variant_scoped_profiles,barumerli_2026_arm_movement_exp2,study_templates/barumerli_2026_arm_movement_exp2.json,design.custom_looming_files[].display_color_hex,repeatable_entity_absent,0,[],""""""
doi:10.1038/s41598-026-36796-5,experiment_or_variant_scoped_profiles,barumerli_2026_arm_movement_exp1,study_templates/barumerli_2026_arm_movement_exp1.json,design.custom_looming_files[].source_input_path,repeatable_entity_absent,0,[],""""""
doi:10.1038/s41598-026-36796-5,experiment_or_variant_scoped_profiles,barumerli_2026_arm_movement_exp2,study_templates/barumerli_2026_arm_movement_exp2.json,design.custom_looming_files[].source_input_path,repeatable_entity_absent,0,[],""""""
doi:10.1038/s41598-026-36796-5,experiment_or_variant_scoped_profiles,barumerli_2026_arm_movement_exp1,study_templates/barumerli_2026_arm_movement_exp1.json,design.prestimulus_files[].label,repeatable_entity_absent,0,[],
doi:10.1038/s41598-026-36796-5,experiment_or_variant_scoped_profiles,barumerli_2026_arm_movement_exp2,study_templates/barumerli_2026_arm_movement_exp2.json,design.prestimulus_files[].label,repeatable_entity_absent,0,[],
doi:10.1038/s41598-026-36796-5,experiment_or_variant_scoped_profiles,barumerli_2026_arm_movement_exp1,study_templates/barumerli_2026_arm_movement_exp1.json,design.prestimulus_files[].path,repeatable_entity_absent,0,[],
doi:10.1038/s41598-026-36796-5,experiment_or_variant_scoped_profiles,barumerli_2026_arm_movement_exp2,study_templates/barumerli_2026_arm_movement_exp2.json,design.prestimulus_files[].path,repeatable_entity_absent,0,[],
doi:10.1038/s41598-026-36796-5,experiment_or_variant_scoped_profiles,barumerli_2026_arm_movement_exp1,study_templates/barumerli_2026_arm_movement_exp1.json,design.prestimulus_files[].target_duration_s,repeatable_entity_absent,0,[],4.0
doi:10.1038/s41598-026-36796-5,experiment_or_variant_scoped_profiles,barumerli_2026_arm_movement_exp2,study_templates/barumerli_2026_arm_movement_exp2.json,design.prestimulus_files[].target_duration_s,repeatable_entity_absent,0,[],4.0
doi:10.1038/s41598-026-36796-5,experiment_or_variant_scoped_profiles,barumerli_2026_arm_movement_exp1,study_templates/barumerli_2026_arm_movement_exp1.json,design.prestimulus_files[].render_mode,repeatable_entity_absent,0,[],"""preserve"""
doi:10.1038/s41598-026-36796-5,experiment_or_variant_scoped_profiles,barumerli_2026_arm_movement_exp2,study_templates/barumerli_2026_arm_movement_exp2.json,design.prestimulus_files[].render_mode,repeatable_entity_absent,0,[],"""preserve"""
doi:10.1038/s41598-026-36796-5,experiment_or_variant_scoped_profiles,barumerli_2026_arm_movement_exp1,study_templates/barumerli_2026_arm_movement_exp1.json,design.prestimulus_files[].tone_type,repeatable_entity_absent,0,[],""""""
doi:10.1038/s41598-026-36796-5,experiment_or_variant_scoped_profiles,barumerli_2026_arm_movement_exp2,study_templates/barumerli_2026_arm_movement_exp2.json,design.prestimulus_files[].tone_type,repeatable_entity_absent,0,[],""""""
doi:10.1038/s41598-026-36796-5,experiment_or_variant_scoped_profiles,barumerli_2026_arm_movement_exp1,study_templates/barumerli_2026_arm_movement_exp1.json,design.prestimulus_files[].gain,repeatable_entity_absent,0,[],1.0
doi:10.1038/s41598-026-36796-5,experiment_or_variant_scoped_profiles,barumerli_2026_arm_movement_exp2,study_templates/barumerli_2026_arm_movement_exp2.json,design.prestimulus_files[].gain,repeatable_entity_absent,0,[],1.0
doi:10.1038/s41598-026-36796-5,experiment_or_variant_scoped_profiles,barumerli_2026_arm_movement_exp1,study_templates/barumerli_2026_arm_movement_exp1.json,design.prestimulus_files[].placement,repeatable_entity_absent,0,[],"""before"""
doi:10.1038/s41598-026-36796-5,experiment_or_variant_scoped_profiles,barumerli_2026_arm_movement_exp2,study_templates/barumerli_2026_arm_movement_exp2.json,design.prestimulus_files[].placement,repeatable_entity_absent,0,[],"""before"""
doi:10.1038/s41598-026-36796-5,experiment_or_variant_scoped_profiles,barumerli_2026_arm_movement_exp1,study_templates/barumerli_2026_arm_movement_exp1.json,design.prestimulus_files[].target_source_label,repeatable_entity_absent,0,[],""""""
doi:10.1038/s41598-026-36796-5,experiment_or_variant_scoped_profiles,barumerli_2026_arm_movement_exp2,study_templates/barumerli_2026_arm_movement_exp2.json,design.prestimulus_files[].target_source_label,repeatable_entity_absent,0,[],""""""
doi:10.1038/s41598-026-36796-5,experiment_or_variant_scoped_profiles,barumerli_2026_arm_movement_exp1,study_templates/barumerli_2026_arm_movement_exp1.json,design.prestimulus_files[].phase,repeatable_entity_absent,0,[],""""""
doi:10.1038/s41598-026-36796-5,experiment_or_variant_scoped_profiles,barumerli_2026_arm_movement_exp2,study_templates/barumerli_2026_arm_movement_exp2.json,design.prestimulus_files[].phase,repeatable_entity_absent,0,[],""""""
doi:10.1038/s41598-026-36796-5,experiment_or_variant_scoped_profiles,barumerli_2026_arm_movement_exp1,study_templates/barumerli_2026_arm_movement_exp1.json,design.prestimulus_files[].gap_s,repeatable_entity_absent,0,[],0.0
doi:10.1038/s41598-026-36796-5,experiment_or_variant_scoped_profiles,barumerli_2026_arm_movement_exp2,study_templates/barumerli_2026_arm_movement_exp2.json,design.prestimulus_files[].gap_s,repeatable_entity_absent,0,[],0.0
doi:10.1038/s41598-026-36796-5,experiment_or_variant_scoped_profiles,barumerli_2026_arm_movement_exp1,study_templates/barumerli_2026_arm_movement_exp1.json,design.prestimulus_files[].sequence_order,repeatable_entity_absent,0,[],0
doi:10.1038/s41598-026-36796-5,experiment_or_variant_scoped_profiles,barumerli_2026_arm_movement_exp2,study_templates/barumerli_2026_arm_movement_exp2.json,design.prestimulus_files[].sequence_order,repeatable_entity_absent,0,[],0
doi:10.1038/s41598-026-36796-5,experiment_or_variant_scoped_profiles,barumerli_2026_arm_movement_exp1,study_templates/barumerli_2026_arm_movement_exp1.json,design.prestimulus_files[].motion_mode,repeatable_entity_absent,0,[],"""looming"""
doi:10.1038/s41598-026-36796-5,experiment_or_variant_scoped_profiles,barumerli_2026_arm_movement_exp2,study_templates/barumerli_2026_arm_movement_exp2.json,design.prestimulus_files[].motion_mode,repeatable_entity_absent,0,[],"""looming"""
doi:10.1038/s41598-026-36796-5,experiment_or_variant_scoped_profiles,barumerli_2026_arm_movement_exp1,study_templates/barumerli_2026_arm_movement_exp1.json,design.prestimulus_files[].trajectory_snapshot,repeatable_entity_absent,0,[],{}
doi:10.1038/s41598-026-36796-5,experiment_or_variant_scoped_profiles,barumerli_2026_arm_movement_exp2,study_templates/barumerli_2026_arm_movement_exp2.json,design.prestimulus_files[].trajectory_snapshot,repeatable_entity_absent,0,[],{}
doi:10.1038/s41598-026-36796-5,experiment_or_variant_scoped_profiles,barumerli_2026_arm_movement_exp1,study_templates/barumerli_2026_arm_movement_exp1.json,design.prestimulus_files[].display_color_hex,repeatable_entity_absent,0,[],""""""
doi:10.1038/s41598-026-36796-5,experiment_or_variant_scoped_profiles,barumerli_2026_arm_movement_exp2,study_templates/barumerli_2026_arm_movement_exp2.json,design.prestimulus_files[].display_color_hex,repeatable_entity_absent,0,[],""""""
doi:10.1038/s41598-026-36796-5,experiment_or_variant_scoped_profiles,barumerli_2026_arm_movement_exp1,study_templates/barumerli_2026_arm_movement_exp1.json,design.prestimulus_files[].source_input_path,repeatable_entity_absent,0,[],""""""
doi:10.1038/s41598-026-36796-5,experiment_or_variant_scoped_profiles,barumerli_2026_arm_movement_exp2,study_templates/barumerli_2026_arm_movement_exp2.json,design.prestimulus_files[].source_input_path,repeatable_entity_absent,0,[],""""""
doi:10.1038/s41598-026-36796-5,experiment_or_variant_scoped_profiles,barumerli_2026_arm_movement_exp1,study_templates/barumerli_2026_arm_movement_exp1.json,design.trajectory.start_radius_m,serialized_explicit,1,[1.1],1.1
doi:10.1038/s41598-026-36796-5,experiment_or_variant_scoped_profiles,barumerli_2026_arm_movement_exp2,study_templates/barumerli_2026_arm_movement_exp2.json,design.trajectory.start_radius_m,serialized_explicit,1,[1.1],1.1
doi:10.1038/s41598-026-36796-5,experiment_or_variant_scoped_profiles,barumerli_2026_arm_movement_exp1,study_templates/barumerli_2026_arm_movement_exp1.json,design.trajectory.end_radius_m,serialized_explicit,1,[0.1],0.1
doi:10.1038/s41598-026-36796-5,experiment_or_variant_scoped_profiles,barumerli_2026_arm_movement_exp2,study_templates/barumerli_2026_arm_movement_exp2.json,design.trajectory.end_radius_m,serialized_explicit,1,[0.1],0.1
doi:10.1038/s41598-026-36796-5,experiment_or_variant_scoped_profiles,barumerli_2026_arm_movement_exp1,study_templates/barumerli_2026_arm_movement_exp1.json,design.trajectory.path_direction,serialized_explicit,1,"[""approach""]","""approach"""
doi:10.1038/s41598-026-36796-5,experiment_or_variant_scoped_profiles,barumerli_2026_arm_movement_exp2,study_templates/barumerli_2026_arm_movement_exp2.json,design.trajectory.path_direction,serialized_explicit,1,"[""approach""]","""approach"""
doi:10.1038/s41598-026-36796-5,experiment_or_variant_scoped_profiles,barumerli_2026_arm_movement_exp1,study_templates/barumerli_2026_arm_movement_exp1.json,design.trajectory.coordinate_mode,typed_or_parser_default_not_serialized,0,[],"""polar"""
doi:10.1038/s41598-026-36796-5,experiment_or_variant_scoped_profiles,barumerli_2026_arm_movement_exp2,study_templates/barumerli_2026_arm_movement_exp2.json,design.trajectory.coordinate_mode,typed_or_parser_default_not_serialized,0,[],"""polar"""
doi:10.1038/s41598-026-36796-5,experiment_or_variant_scoped_profiles,barumerli_2026_arm_movement_exp1,study_templates/barumerli_2026_arm_movement_exp1.json,design.trajectory.start_x_m,typed_or_parser_default_not_serialized,0,[],null
doi:10.1038/s41598-026-36796-5,experiment_or_variant_scoped_profiles,barumerli_2026_arm_movement_exp2,study_templates/barumerli_2026_arm_movement_exp2.json,design.trajectory.start_x_m,typed_or_parser_default_not_serialized,0,[],null
doi:10.1038/s41598-026-36796-5,experiment_or_variant_scoped_profiles,barumerli_2026_arm_movement_exp1,study_templates/barumerli_2026_arm_movement_exp1.json,design.trajectory.start_y_m,typed_or_parser_default_not_serialized,0,[],null
doi:10.1038/s41598-026-36796-5,experiment_or_variant_scoped_profiles,barumerli_2026_arm_movement_exp2,study_templates/barumerli_2026_arm_movement_exp2.json,design.trajectory.start_y_m,typed_or_parser_default_not_serialized,0,[],null
doi:10.1038/s41598-026-36796-5,experiment_or_variant_scoped_profiles,barumerli_2026_arm_movement_exp1,study_templates/barumerli_2026_arm_movement_exp1.json,design.trajectory.start_z_m,typed_or_parser_default_not_serialized,0,[],null
doi:10.1038/s41598-026-36796-5,experiment_or_variant_scoped_profiles,barumerli_2026_arm_movement_exp2,study_templates/barumerli_2026_arm_movement_exp2.json,design.trajectory.start_z_m,typed_or_parser_default_not_serialized,0,[],null
doi:10.1038/s41598-026-36796-5,experiment_or_variant_scoped_profiles,barumerli_2026_arm_movement_exp1,study_templates/barumerli_2026_arm_movement_exp1.json,design.trajectory.end_x_m,typed_or_parser_default_not_serialized,0,[],null
doi:10.1038/s41598-026-36796-5,experiment_or_variant_scoped_profiles,barumerli_2026_arm_movement_exp2,study_templates/barumerli_2026_arm_movement_exp2.json,design.trajectory.end_x_m,typed_or_parser_default_not_serialized,0,[],null
doi:10.1038/s41598-026-36796-5,experiment_or_variant_scoped_profiles,barumerli_2026_arm_movement_exp1,study_templates/barumerli_2026_arm_movement_exp1.json,design.trajectory.end_y_m,typed_or_parser_default_not_serialized,0,[],null
doi:10.1038/s41598-026-36796-5,experiment_or_variant_scoped_profiles,barumerli_2026_arm_movement_exp2,study_templates/barumerli_2026_arm_movement_exp2.json,design.trajectory.end_y_m,typed_or_parser_default_not_serialized,0,[],null
doi:10.1038/s41598-026-36796-5,experiment_or_variant_scoped_profiles,barumerli_2026_arm_movement_exp1,study_templates/barumerli_2026_arm_movement_exp1.json,design.trajectory.end_z_m,typed_or_parser_default_not_serialized,0,[],null
doi:10.1038/s41598-026-36796-5,experiment_or_variant_scoped_profiles,barumerli_2026_arm_movement_exp2,study_templates/barumerli_2026_arm_movement_exp2.json,design.trajectory.end_z_m,typed_or_parser_default_not_serialized,0,[],null
doi:10.1038/s41598-026-36796-5,experiment_or_variant_scoped_profiles,barumerli_2026_arm_movement_exp1,study_templates/barumerli_2026_arm_movement_exp1.json,design.trajectory.path_length_m,serialized_explicit,1,[1.0],1.0
doi:10.1038/s41598-026-36796-5,experiment_or_variant_scoped_profiles,barumerli_2026_arm_movement_exp2,study_templates/barumerli_2026_arm_movement_exp2.json,design.trajectory.path_length_m,serialized_explicit,1,[1.0],1.0
doi:10.1038/s41598-026-36796-5,experiment_or_variant_scoped_profiles,barumerli_2026_arm_movement_exp1,study_templates/barumerli_2026_arm_movement_exp1.json,design.trajectory.propagation_speed_mps,serialized_explicit,1,[0.3333333333333333],0.3333333333333333
doi:10.1038/s41598-026-36796-5,experiment_or_variant_scoped_profiles,barumerli_2026_arm_movement_exp2,study_templates/barumerli_2026_arm_movement_exp2.json,design.trajectory.propagation_speed_mps,serialized_explicit,1,[0.25],0.3333333333333333
doi:10.1038/s41598-026-36796-5,experiment_or_variant_scoped_profiles,barumerli_2026_arm_movement_exp1,study_templates/barumerli_2026_arm_movement_exp1.json,design.trajectory.azimuth_start_deg,serialized_explicit,1,[0.0],0.0
doi:10.1038/s41598-026-36796-5,experiment_or_variant_scoped_profiles,barumerli_2026_arm_movement_exp2,study_templates/barumerli_2026_arm_movement_exp2.json,design.trajectory.azimuth_start_deg,serialized_explicit,1,[0.0],0.0
doi:10.1038/s41598-026-36796-5,experiment_or_variant_scoped_profiles,barumerli_2026_arm_movement_exp1,study_templates/barumerli_2026_arm_movement_exp1.json,design.trajectory.azimuth_end_deg,serialized_explicit,1,[0.0],0.0
doi:10.1038/s41598-026-36796-5,experiment_or_variant_scoped_profiles,barumerli_2026_arm_movement_exp2,study_templates/barumerli_2026_arm_movement_exp2.json,design.trajectory.azimuth_end_deg,serialized_explicit,1,[0.0],0.0
doi:10.1038/s41598-026-36796-5,experiment_or_variant_scoped_profiles,barumerli_2026_arm_movement_exp1,study_templates/barumerli_2026_arm_movement_exp1.json,design.trajectory.elevation_deg,serialized_explicit,1,[0.0],0.0
doi:10.1038/s41598-026-36796-5,experiment_or_variant_scoped_profiles,barumerli_2026_arm_movement_exp2,study_templates/barumerli_2026_arm_movement_exp2.json,design.trajectory.elevation_deg,serialized_explicit,1,[0.0],0.0
doi:10.1038/s41598-026-36796-5,experiment_or_variant_scoped_profiles,barumerli_2026_arm_movement_exp1,study_templates/barumerli_2026_arm_movement_exp1.json,design.trajectory.padding_pre_s,serialized_explicit,1,[0.0],0.5
doi:10.1038/s41598-026-36796-5,experiment_or_variant_scoped_profiles,barumerli_2026_arm_movement_exp2,study_templates/barumerli_2026_arm_movement_exp2.json,design.trajectory.padding_pre_s,serialized_explicit,1,[0.0],0.5
doi:10.1038/s41598-026-36796-5,experiment_or_variant_scoped_profiles,barumerli_2026_arm_movement_exp1,study_templates/barumerli_2026_arm_movement_exp1.json,design.trajectory.padding_post_s,serialized_explicit,1,[0.0],0.5
doi:10.1038/s41598-026-36796-5,experiment_or_variant_scoped_profiles,barumerli_2026_arm_movement_exp2,study_templates/barumerli_2026_arm_movement_exp2.json,design.trajectory.padding_post_s,serialized_explicit,1,[0.0],0.5
doi:10.1038/s41598-026-36796-5,experiment_or_variant_scoped_profiles,barumerli_2026_arm_movement_exp1,study_templates/barumerli_2026_arm_movement_exp1.json,design.trajectory.sample_rate,serialized_explicit,1,[44100],44100
doi:10.1038/s41598-026-36796-5,experiment_or_variant_scoped_profiles,barumerli_2026_arm_movement_exp2,study_templates/barumerli_2026_arm_movement_exp2.json,design.trajectory.sample_rate,serialized_explicit,1,[44100],44100
doi:10.1038/s41598-026-36796-5,experiment_or_variant_scoped_profiles,barumerli_2026_arm_movement_exp1,study_templates/barumerli_2026_arm_movement_exp1.json,design.trajectory.use_inverse_square,serialized_explicit,1,[true],true
doi:10.1038/s41598-026-36796-5,experiment_or_variant_scoped_profiles,barumerli_2026_arm_movement_exp2,study_templates/barumerli_2026_arm_movement_exp2.json,design.trajectory.use_inverse_square,serialized_explicit,1,[true],true
doi:10.1038/s41598-026-36796-5,experiment_or_variant_scoped_profiles,barumerli_2026_arm_movement_exp1,study_templates/barumerli_2026_arm_movement_exp1.json,design.protocol.repetitions_per_condition,serialized_explicit,1,[15],1
doi:10.1038/s41598-026-36796-5,experiment_or_variant_scoped_profiles,barumerli_2026_arm_movement_exp2,study_templates/barumerli_2026_arm_movement_exp2.json,design.protocol.repetitions_per_condition,serialized_explicit,1,[10],1
doi:10.1038/s41598-026-36796-5,experiment_or_variant_scoped_profiles,barumerli_2026_arm_movement_exp1,study_templates/barumerli_2026_arm_movement_exp1.json,design.protocol.trial_pool_repetition_defaults,typed_or_parser_default_not_serialized,0,[],{}
doi:10.1038/s41598-026-36796-5,experiment_or_variant_scoped_profiles,barumerli_2026_arm_movement_exp2,study_templates/barumerli_2026_arm_movement_exp2.json,design.protocol.trial_pool_repetition_defaults,typed_or_parser_default_not_serialized,0,[],{}
doi:10.1038/s41598-026-36796-5,experiment_or_variant_scoped_profiles,barumerli_2026_arm_movement_exp1,study_templates/barumerli_2026_arm_movement_exp1.json,design.protocol.soa_values_ms,serialized_explicit,1,"[[300,800,1500,2200,2700]]","[300,800,1500,2200,2700]"
doi:10.1038/s41598-026-36796-5,experiment_or_variant_scoped_profiles,barumerli_2026_arm_movement_exp2,study_templates/barumerli_2026_arm_movement_exp2.json,design.protocol.soa_values_ms,serialized_explicit,1,"[[800,1300,2000,2700,3200]]","[300,800,1500,2200,2700]"
doi:10.1038/s41598-026-36796-5,experiment_or_variant_scoped_profiles,barumerli_2026_arm_movement_exp1,study_templates/barumerli_2026_arm_movement_exp1.json,design.protocol.spatial_values_cm,serialized_explicit,1,"[[100.0,83.3,60.0,36.7,20.0]]","[100.0,83.3,60.0,36.7,20.0]"
doi:10.1038/s41598-026-36796-5,experiment_or_variant_scoped_profiles,barumerli_2026_arm_movement_exp2,study_templates/barumerli_2026_arm_movement_exp2.json,design.protocol.spatial_values_cm,serialized_explicit,1,"[[90.0,77.5,60.0,42.5,30.0]]","[100.0,83.3,60.0,36.7,20.0]"
doi:10.1038/s41598-026-36796-5,experiment_or_variant_scoped_profiles,barumerli_2026_arm_movement_exp1,study_templates/barumerli_2026_arm_movement_exp1.json,design.protocol.pair_spatial_values_with_soas,serialized_explicit,1,[true],true
doi:10.1038/s41598-026-36796-5,experiment_or_variant_scoped_profiles,barumerli_2026_arm_movement_exp2,study_templates/barumerli_2026_arm_movement_exp2.json,design.protocol.pair_spatial_values_with_soas,serialized_explicit,1,[true],true
doi:10.1038/s41598-026-36796-5,experiment_or_variant_scoped_profiles,barumerli_2026_arm_movement_exp1,study_templates/barumerli_2026_arm_movement_exp1.json,design.protocol.auditory_motion_directions,serialized_explicit,1,"[[""looming"",""receding""]]","[""looming""]"
doi:10.1038/s41598-026-36796-5,experiment_or_variant_scoped_profiles,barumerli_2026_arm_movement_exp2,study_templates/barumerli_2026_arm_movement_exp2.json,design.protocol.auditory_motion_directions,serialized_explicit,1,"[[""looming"",""receding""]]","[""looming""]"
doi:10.1038/s41598-026-36796-5,experiment_or_variant_scoped_profiles,barumerli_2026_arm_movement_exp1,study_templates/barumerli_2026_arm_movement_exp1.json,design.protocol.tactile_sites,serialized_explicit,1,"[[""right index finger"",""chest""]]","[""hand""]"
doi:10.1038/s41598-026-36796-5,experiment_or_variant_scoped_profiles,barumerli_2026_arm_movement_exp2,study_templates/barumerli_2026_arm_movement_exp2.json,design.protocol.tactile_sites,serialized_explicit,1,"[[""right index finger"",""chest""]]","[""hand""]"
doi:10.1038/s41598-026-36796-5,experiment_or_variant_scoped_profiles,barumerli_2026_arm_movement_exp1,study_templates/barumerli_2026_arm_movement_exp1.json,design.protocol.include_catch_trials,typed_or_parser_default_not_serialized,0,[],true
doi:10.1038/s41598-026-36796-5,experiment_or_variant_scoped_profiles,barumerli_2026_arm_movement_exp2,study_templates/barumerli_2026_arm_movement_exp2.json,design.protocol.include_catch_trials,typed_or_parser_default_not_serialized,0,[],true
doi:10.1038/s41598-026-36796-5,experiment_or_variant_scoped_profiles,barumerli_2026_arm_movement_exp1,study_templates/barumerli_2026_arm_movement_exp1.json,design.protocol.catch_trial_percentage,serialized_explicit,1,[9.64],10.0
doi:10.1038/s41598-026-36796-5,experiment_or_variant_scoped_profiles,barumerli_2026_arm_movement_exp2,study_templates/barumerli_2026_arm_movement_exp2.json,design.protocol.catch_trial_percentage,serialized_explicit,1,[9.09],10.0
doi:10.1038/s41598-026-36796-5,experiment_or_variant_scoped_profiles,barumerli_2026_arm_movement_exp1,study_templates/barumerli_2026_arm_movement_exp1.json,design.protocol.catch_trials_exact,serialized_explicit,1,[16],null
doi:10.1038/s41598-026-36796-5,experiment_or_variant_scoped_profiles,barumerli_2026_arm_movement_exp2,study_templates/barumerli_2026_arm_movement_exp2.json,design.protocol.catch_trials_exact,serialized_explicit,1,[10],null
doi:10.1038/s41598-026-36796-5,experiment_or_variant_scoped_profiles,barumerli_2026_arm_movement_exp1,study_templates/barumerli_2026_arm_movement_exp1.json,design.protocol.catch_crosses_sequence_variants,typed_or_parser_default_not_serialized,0,[],true
doi:10.1038/s41598-026-36796-5,experiment_or_variant_scoped_profiles,barumerli_2026_arm_movement_exp2,study_templates/barumerli_2026_arm_movement_exp2.json,design.protocol.catch_crosses_sequence_variants,typed_or_parser_default_not_serialized,0,[],true
doi:10.1038/s41598-026-36796-5,experiment_or_variant_scoped_profiles,barumerli_2026_arm_movement_exp1,study_templates/barumerli_2026_arm_movement_exp1.json,design.protocol.include_auditory_only_trials,typed_or_parser_default_not_serialized,0,[],false
doi:10.1038/s41598-026-36796-5,experiment_or_variant_scoped_profiles,barumerli_2026_arm_movement_exp2,study_templates/barumerli_2026_arm_movement_exp2.json,design.protocol.include_auditory_only_trials,typed_or_parser_default_not_serialized,0,[],false
doi:10.1038/s41598-026-36796-5,experiment_or_variant_scoped_profiles,barumerli_2026_arm_movement_exp1,study_templates/barumerli_2026_arm_movement_exp1.json,design.protocol.auditory_only_trial_percentage,typed_or_parser_default_not_serialized,0,[],0.0
doi:10.1038/s41598-026-36796-5,experiment_or_variant_scoped_profiles,barumerli_2026_arm_movement_exp2,study_templates/barumerli_2026_arm_movement_exp2.json,design.protocol.auditory_only_trial_percentage,typed_or_parser_default_not_serialized,0,[],0.0
doi:10.1038/s41598-026-36796-5,experiment_or_variant_scoped_profiles,barumerli_2026_arm_movement_exp1,study_templates/barumerli_2026_arm_movement_exp1.json,design.protocol.auditory_only_trials_exact,typed_or_parser_default_not_serialized,0,[],null
doi:10.1038/s41598-026-36796-5,experiment_or_variant_scoped_profiles,barumerli_2026_arm_movement_exp2,study_templates/barumerli_2026_arm_movement_exp2.json,design.protocol.auditory_only_trials_exact,typed_or_parser_default_not_serialized,0,[],null
doi:10.1038/s41598-026-36796-5,experiment_or_variant_scoped_profiles,barumerli_2026_arm_movement_exp1,study_templates/barumerli_2026_arm_movement_exp1.json,design.protocol.auditory_only_crosses_sequence_variants,typed_or_parser_default_not_serialized,0,[],true
doi:10.1038/s41598-026-36796-5,experiment_or_variant_scoped_profiles,barumerli_2026_arm_movement_exp2,study_templates/barumerli_2026_arm_movement_exp2.json,design.protocol.auditory_only_crosses_sequence_variants,typed_or_parser_default_not_serialized,0,[],true
doi:10.1038/s41598-026-36796-5,experiment_or_variant_scoped_profiles,barumerli_2026_arm_movement_exp1,study_templates/barumerli_2026_arm_movement_exp1.json,design.protocol.include_baseline_trials,serialized_explicit,1,[true],true
doi:10.1038/s41598-026-36796-5,experiment_or_variant_scoped_profiles,barumerli_2026_arm_movement_exp2,study_templates/barumerli_2026_arm_movement_exp2.json,design.protocol.include_baseline_trials,serialized_explicit,1,[true],true
doi:10.1038/s41598-026-36796-5,experiment_or_variant_scoped_profiles,barumerli_2026_arm_movement_exp1,study_templates/barumerli_2026_arm_movement_exp1.json,design.protocol.baseline_strategy,typed_or_parser_default_not_serialized,0,[],"""tactile_only"""
doi:10.1038/s41598-026-36796-5,experiment_or_variant_scoped_profiles,barumerli_2026_arm_movement_exp2,study_templates/barumerli_2026_arm_movement_exp2.json,design.protocol.baseline_strategy,typed_or_parser_default_not_serialized,0,[],"""tactile_only"""
doi:10.1038/s41598-026-36796-5,experiment_or_variant_scoped_profiles,barumerli_2026_arm_movement_exp1,study_templates/barumerli_2026_arm_movement_exp1.json,design.protocol.baseline_trials_exact,typed_or_parser_default_not_serialized,0,[],null
doi:10.1038/s41598-026-36796-5,experiment_or_variant_scoped_profiles,barumerli_2026_arm_movement_exp2,study_templates/barumerli_2026_arm_movement_exp2.json,design.protocol.baseline_trials_exact,typed_or_parser_default_not_serialized,0,[],null
doi:10.1038/s41598-026-36796-5,experiment_or_variant_scoped_profiles,barumerli_2026_arm_movement_exp1,study_templates/barumerli_2026_arm_movement_exp1.json,design.protocol.baseline_trial_percentage,typed_or_parser_default_not_serialized,0,[],0.0
doi:10.1038/s41598-026-36796-5,experiment_or_variant_scoped_profiles,barumerli_2026_arm_movement_exp2,study_templates/barumerli_2026_arm_movement_exp2.json,design.protocol.baseline_trial_percentage,typed_or_parser_default_not_serialized,0,[],0.0
doi:10.1038/s41598-026-36796-5,experiment_or_variant_scoped_profiles,barumerli_2026_arm_movement_exp1,study_templates/barumerli_2026_arm_movement_exp1.json,design.protocol.baseline_soa_values_ms,serialized_explicit,1,"[[300,2700]]",[]
doi:10.1038/s41598-026-36796-5,experiment_or_variant_scoped_profiles,barumerli_2026_arm_movement_exp2,study_templates/barumerli_2026_arm_movement_exp2.json,design.protocol.baseline_soa_values_ms,serialized_explicit,1,"[[800,1300,2000,2700,3200]]",[]
doi:10.1038/s41598-026-36796-5,experiment_or_variant_scoped_profiles,barumerli_2026_arm_movement_exp1,study_templates/barumerli_2026_arm_movement_exp1.json,design.protocol.baseline_custom_trial_mode,typed_or_parser_default_not_serialized,0,[],"""tactile_only"""
doi:10.1038/s41598-026-36796-5,experiment_or_variant_scoped_profiles,barumerli_2026_arm_movement_exp2,study_templates/barumerli_2026_arm_movement_exp2.json,design.protocol.baseline_custom_trial_mode,typed_or_parser_default_not_serialized,0,[],"""tactile_only"""
doi:10.1038/s41598-026-36796-5,experiment_or_variant_scoped_profiles,barumerli_2026_arm_movement_exp1,study_templates/barumerli_2026_arm_movement_exp1.json,design.protocol.baseline_crosses_sequence_variants,typed_or_parser_default_not_serialized,0,[],true
doi:10.1038/s41598-026-36796-5,experiment_or_variant_scoped_profiles,barumerli_2026_arm_movement_exp2,study_templates/barumerli_2026_arm_movement_exp2.json,design.protocol.baseline_crosses_sequence_variants,typed_or_parser_default_not_serialized,0,[],true
doi:10.1038/s41598-026-36796-5,experiment_or_variant_scoped_profiles,barumerli_2026_arm_movement_exp1,study_templates/barumerli_2026_arm_movement_exp1.json,design.protocol.respiratory_phases,serialized_explicit,1,"[[""Any""]]","[""Inhale"",""Exhale""]"
doi:10.1038/s41598-026-36796-5,experiment_or_variant_scoped_profiles,barumerli_2026_arm_movement_exp2,study_templates/barumerli_2026_arm_movement_exp2.json,design.protocol.respiratory_phases,serialized_explicit,1,"[[""Any""]]","[""Inhale"",""Exhale""]"
doi:10.1038/s41598-026-36796-5,experiment_or_variant_scoped_profiles,barumerli_2026_arm_movement_exp1,study_templates/barumerli_2026_arm_movement_exp1.json,design.protocol.blocks,serialized_explicit,1,[4],6
doi:10.1038/s41598-026-36796-5,experiment_or_variant_scoped_profiles,barumerli_2026_arm_movement_exp2,study_templates/barumerli_2026_arm_movement_exp2.json,design.protocol.blocks,serialized_explicit,1,[4],6
doi:10.1038/s41598-026-36796-5,experiment_or_variant_scoped_profiles,barumerli_2026_arm_movement_exp1,study_templates/barumerli_2026_arm_movement_exp1.json,design.protocol.block_specs[].label,serialized_explicit,4,"[""Trunk motor block"",""Trunk static block"",""Hand motor block"",""Hand static block""]",
doi:10.1038/s41598-026-36796-5,experiment_or_variant_scoped_profiles,barumerli_2026_arm_movement_exp2,study_templates/barumerli_2026_arm_movement_exp2.json,design.protocol.block_specs[].label,serialized_explicit,4,"[""Trunk motor block"",""Trunk static block"",""Hand motor block"",""Hand static block""]",
doi:10.1038/s41598-026-36796-5,experiment_or_variant_scoped_profiles,barumerli_2026_arm_movement_exp1,study_templates/barumerli_2026_arm_movement_exp1.json,design.protocol.block_specs[].stimulus_types,serialized_explicit,4,"[[""Audio-Tactile"",""Baseline"",""Catch""],[""Audio-Tactile"",""Baseline"",""Catch""],[""Audio-Tactile"",""Baseline"",""Catch""],[""Audio-Tactile"",""Baseline"",""Catch""]]","[""Audio-Tactile"",""Baseline"",""Catch""]"
doi:10.1038/s41598-026-36796-5,experiment_or_variant_scoped_profiles,barumerli_2026_arm_movement_exp2,study_templates/barumerli_2026_arm_movement_exp2.json,design.protocol.block_specs[].stimulus_types,serialized_explicit,4,"[[""Audio-Tactile"",""Baseline"",""Catch""],[""Audio-Tactile"",""Baseline"",""Catch""],[""Audio-Tactile"",""Baseline"",""Catch""],[""Audio-Tactile"",""Baseline"",""Catch""]]","[""Audio-Tactile"",""Baseline"",""Catch""]"
doi:10.1038/s41598-026-36796-5,experiment_or_variant_scoped_profiles,barumerli_2026_arm_movement_exp1,study_templates/barumerli_2026_arm_movement_exp1.json,design.protocol.repeat_trial_pool_per_block,typed_or_parser_default_not_serialized,0,[],false
doi:10.1038/s41598-026-36796-5,experiment_or_variant_scoped_profiles,barumerli_2026_arm_movement_exp2,study_templates/barumerli_2026_arm_movement_exp2.json,design.protocol.repeat_trial_pool_per_block,typed_or_parser_default_not_serialized,0,[],false
doi:10.1038/s41598-026-36796-5,experiment_or_variant_scoped_profiles,barumerli_2026_arm_movement_exp1,study_templates/barumerli_2026_arm_movement_exp1.json,design.protocol.distribute_trial_pool_across_blocks,typed_or_parser_default_not_serialized,0,[],false
doi:10.1038/s41598-026-36796-5,experiment_or_variant_scoped_profiles,barumerli_2026_arm_movement_exp2,study_templates/barumerli_2026_arm_movement_exp2.json,design.protocol.distribute_trial_pool_across_blocks,typed_or_parser_default_not_serialized,0,[],false
doi:10.1038/s41598-026-36796-5,experiment_or_variant_scoped_profiles,barumerli_2026_arm_movement_exp1,study_templates/barumerli_2026_arm_movement_exp1.json,design.protocol.trial_strips[].strip_id,serialized_explicit,1,"[""barumerli-exp1-sound-motion-row""]",""""""
doi:10.1038/s41598-026-36796-5,experiment_or_variant_scoped_profiles,barumerli_2026_arm_movement_exp2,study_templates/barumerli_2026_arm_movement_exp2.json,design.protocol.trial_strips[].strip_id,serialized_explicit,1,"[""barumerli-exp2-sound-motion-row""]",""""""
doi:10.1038/s41598-026-36796-5,experiment_or_variant_scoped_profiles,barumerli_2026_arm_movement_exp1,study_templates/barumerli_2026_arm_movement_exp1.json,design.protocol.trial_strips[].label,serialized_explicit,1,"[""Arm-movement sound-motion trial""]",""""""
doi:10.1038/s41598-026-36796-5,experiment_or_variant_scoped_profiles,barumerli_2026_arm_movement_exp2,study_templates/barumerli_2026_arm_movement_exp2.json,design.protocol.trial_strips[].label,serialized_explicit,1,"[""Arm-movement sound-motion trial""]",""""""
doi:10.1038/s41598-026-36796-5,experiment_or_variant_scoped_profiles,barumerli_2026_arm_movement_exp1,study_templates/barumerli_2026_arm_movement_exp1.json,design.protocol.trial_strips[].audio_tactile_percentage,serialized_explicit,1,[100.0],null
doi:10.1038/s41598-026-36796-5,experiment_or_variant_scoped_profiles,barumerli_2026_arm_movement_exp2,study_templates/barumerli_2026_arm_movement_exp2.json,design.protocol.trial_strips[].audio_tactile_percentage,serialized_explicit,1,[100.0],null
doi:10.1038/s41598-026-36796-5,experiment_or_variant_scoped_profiles,barumerli_2026_arm_movement_exp1,study_templates/barumerli_2026_arm_movement_exp1.json,design.protocol.trial_strips[].catch_percentage,serialized_explicit,1,[0.0],null
doi:10.1038/s41598-026-36796-5,experiment_or_variant_scoped_profiles,barumerli_2026_arm_movement_exp2,study_templates/barumerli_2026_arm_movement_exp2.json,design.protocol.trial_strips[].catch_percentage,serialized_explicit,1,[0.0],null
doi:10.1038/s41598-026-36796-5,experiment_or_variant_scoped_profiles,barumerli_2026_arm_movement_exp1,study_templates/barumerli_2026_arm_movement_exp1.json,design.protocol.trial_strips[].baseline_percentage,serialized_explicit,1,[0.0],null
doi:10.1038/s41598-026-36796-5,experiment_or_variant_scoped_profiles,barumerli_2026_arm_movement_exp2,study_templates/barumerli_2026_arm_movement_exp2.json,design.protocol.trial_strips[].baseline_percentage,serialized_explicit,1,[0.0],null
doi:10.1038/s41598-026-36796-5,experiment_or_variant_scoped_profiles,barumerli_2026_arm_movement_exp1,study_templates/barumerli_2026_arm_movement_exp1.json,design.protocol.trial_strips[].soa_values_ms,typed_or_parser_default_not_serialized,0,[],[]
doi:10.1038/s41598-026-36796-5,experiment_or_variant_scoped_profiles,barumerli_2026_arm_movement_exp2,study_templates/barumerli_2026_arm_movement_exp2.json,design.protocol.trial_strips[].soa_values_ms,typed_or_parser_default_not_serialized,0,[],[]
doi:10.1038/s41598-026-36796-5,experiment_or_variant_scoped_profiles,barumerli_2026_arm_movement_exp1,study_templates/barumerli_2026_arm_movement_exp1.json,design.protocol.trial_strips[].spatial_values_cm,typed_or_parser_default_not_serialized,0,[],[]
doi:10.1038/s41598-026-36796-5,experiment_or_variant_scoped_profiles,barumerli_2026_arm_movement_exp2,study_templates/barumerli_2026_arm_movement_exp2.json,design.protocol.trial_strips[].spatial_values_cm,typed_or_parser_default_not_serialized,0,[],[]
doi:10.1038/s41598-026-36796-5,experiment_or_variant_scoped_profiles,barumerli_2026_arm_movement_exp1,study_templates/barumerli_2026_arm_movement_exp1.json,design.protocol.trial_strips[].metadata,typed_or_parser_default_not_serialized,0,[],{}
doi:10.1038/s41598-026-36796-5,experiment_or_variant_scoped_profiles,barumerli_2026_arm_movement_exp2,study_templates/barumerli_2026_arm_movement_exp2.json,design.protocol.trial_strips[].metadata,typed_or_parser_default_not_serialized,0,[],{}
doi:10.1038/s41598-026-36796-5,experiment_or_variant_scoped_profiles,barumerli_2026_arm_movement_exp1,study_templates/barumerli_2026_arm_movement_exp1.json,design.protocol.trial_strips[].elements[].element_id,serialized_explicit,1,"[""barumerli-exp1-looming-source""]",""""""
doi:10.1038/s41598-026-36796-5,experiment_or_variant_scoped_profiles,barumerli_2026_arm_movement_exp2,study_templates/barumerli_2026_arm_movement_exp2.json,design.protocol.trial_strips[].elements[].element_id,serialized_explicit,1,"[""barumerli-exp2-looming-source""]",""""""
doi:10.1038/s41598-026-36796-5,experiment_or_variant_scoped_profiles,barumerli_2026_arm_movement_exp1,study_templates/barumerli_2026_arm_movement_exp1.json,design.protocol.trial_strips[].elements[].kind,serialized_explicit,1,"[""looming_stimulus""]","""looming_stimulus"""
doi:10.1038/s41598-026-36796-5,experiment_or_variant_scoped_profiles,barumerli_2026_arm_movement_exp2,study_templates/barumerli_2026_arm_movement_exp2.json,design.protocol.trial_strips[].elements[].kind,serialized_explicit,1,"[""looming_stimulus""]","""looming_stimulus"""
doi:10.1038/s41598-026-36796-5,experiment_or_variant_scoped_profiles,barumerli_2026_arm_movement_exp1,study_templates/barumerli_2026_arm_movement_exp1.json,design.protocol.trial_strips[].elements[].label,serialized_explicit,1,"[""Pink moving sound""]",""""""
doi:10.1038/s41598-026-36796-5,experiment_or_variant_scoped_profiles,barumerli_2026_arm_movement_exp2,study_templates/barumerli_2026_arm_movement_exp2.json,design.protocol.trial_strips[].elements[].label,serialized_explicit,1,"[""Pink moving sound""]",""""""
doi:10.1038/s41598-026-36796-5,experiment_or_variant_scoped_profiles,barumerli_2026_arm_movement_exp1,study_templates/barumerli_2026_arm_movement_exp1.json,design.protocol.trial_strips[].elements[].source_label,serialized_explicit,1,"[""Pink moving sound""]",""""""
doi:10.1038/s41598-026-36796-5,experiment_or_variant_scoped_profiles,barumerli_2026_arm_movement_exp2,study_templates/barumerli_2026_arm_movement_exp2.json,design.protocol.trial_strips[].elements[].source_label,serialized_explicit,1,"[""Pink moving sound""]",""""""
doi:10.1038/s41598-026-36796-5,experiment_or_variant_scoped_profiles,barumerli_2026_arm_movement_exp1,study_templates/barumerli_2026_arm_movement_exp1.json,design.protocol.trial_strips[].elements[].source_labels,serialized_explicit,1,"[[""Pink moving sound""]]",[]
doi:10.1038/s41598-026-36796-5,experiment_or_variant_scoped_profiles,barumerli_2026_arm_movement_exp2,study_templates/barumerli_2026_arm_movement_exp2.json,design.protocol.trial_strips[].elements[].source_labels,serialized_explicit,1,"[[""Pink moving sound""]]",[]
doi:10.1038/s41598-026-36796-5,experiment_or_variant_scoped_profiles,barumerli_2026_arm_movement_exp1,study_templates/barumerli_2026_arm_movement_exp1.json,design.protocol.trial_strips[].elements[].jitter_values_ms,typed_or_parser_default_not_serialized,0,[],[]
doi:10.1038/s41598-026-36796-5,experiment_or_variant_scoped_profiles,barumerli_2026_arm_movement_exp2,study_templates/barumerli_2026_arm_movement_exp2.json,design.protocol.trial_strips[].elements[].jitter_values_ms,typed_or_parser_default_not_serialized,0,[],[]
doi:10.1038/s41598-026-36796-5,experiment_or_variant_scoped_profiles,barumerli_2026_arm_movement_exp1,study_templates/barumerli_2026_arm_movement_exp1.json,design.protocol.trial_strips[].elements[].randomized,serialized_explicit,1,[true],false
doi:10.1038/s41598-026-36796-5,experiment_or_variant_scoped_profiles,barumerli_2026_arm_movement_exp2,study_templates/barumerli_2026_arm_movement_exp2.json,design.protocol.trial_strips[].elements[].randomized,serialized_explicit,1,[true],false
doi:10.1038/s41598-026-36796-5,experiment_or_variant_scoped_profiles,barumerli_2026_arm_movement_exp1,study_templates/barumerli_2026_arm_movement_exp1.json,design.protocol.trial_randomization_strategy,typed_or_parser_default_not_serialized,0,[],"""no_immediate_repeats"""
doi:10.1038/s41598-026-36796-5,experiment_or_variant_scoped_profiles,barumerli_2026_arm_movement_exp2,study_templates/barumerli_2026_arm_movement_exp2.json,design.protocol.trial_randomization_strategy,typed_or_parser_default_not_serialized,0,[],"""no_immediate_repeats"""
doi:10.1038/s41598-026-36796-5,experiment_or_variant_scoped_profiles,barumerli_2026_arm_movement_exp1,study_templates/barumerli_2026_arm_movement_exp1.json,design.protocol.block_order_randomization,typed_or_parser_default_not_serialized,0,[],"""counterbalanced_rotation"""
doi:10.1038/s41598-026-36796-5,experiment_or_variant_scoped_profiles,barumerli_2026_arm_movement_exp2,study_templates/barumerli_2026_arm_movement_exp2.json,design.protocol.block_order_randomization,typed_or_parser_default_not_serialized,0,[],"""counterbalanced_rotation"""
doi:10.1038/s41598-026-36796-5,experiment_or_variant_scoped_profiles,barumerli_2026_arm_movement_exp1,study_templates/barumerli_2026_arm_movement_exp1.json,design.protocol.max_consecutive_same_trial_type,typed_or_parser_default_not_serialized,0,[],2
doi:10.1038/s41598-026-36796-5,experiment_or_variant_scoped_profiles,barumerli_2026_arm_movement_exp2,study_templates/barumerli_2026_arm_movement_exp2.json,design.protocol.max_consecutive_same_trial_type,typed_or_parser_default_not_serialized,0,[],2
doi:10.1038/s41598-026-36796-5,experiment_or_variant_scoped_profiles,barumerli_2026_arm_movement_exp1,study_templates/barumerli_2026_arm_movement_exp1.json,design.protocol.participants,serialized_explicit,1,[31],50
doi:10.1038/s41598-026-36796-5,experiment_or_variant_scoped_profiles,barumerli_2026_arm_movement_exp2,study_templates/barumerli_2026_arm_movement_exp2.json,design.protocol.participants,serialized_explicit,1,[24],50
doi:10.1038/s41598-026-36796-5,experiment_or_variant_scoped_profiles,barumerli_2026_arm_movement_exp1,study_templates/barumerli_2026_arm_movement_exp1.json,design.protocol.random_seed,serialized_explicit,1,[20260401],20250604
doi:10.1038/s41598-026-36796-5,experiment_or_variant_scoped_profiles,barumerli_2026_arm_movement_exp2,study_templates/barumerli_2026_arm_movement_exp2.json,design.protocol.random_seed,serialized_explicit,1,[20260402],20250604
doi:10.1038/s41598-026-36796-5,experiment_or_variant_scoped_profiles,barumerli_2026_arm_movement_exp1,study_templates/barumerli_2026_arm_movement_exp1.json,design.protocol.participant_order_policy,typed_or_parser_default_not_serialized,0,[],{}
doi:10.1038/s41598-026-36796-5,experiment_or_variant_scoped_profiles,barumerli_2026_arm_movement_exp2,study_templates/barumerli_2026_arm_movement_exp2.json,design.protocol.participant_order_policy,typed_or_parser_default_not_serialized,0,[],{}
doi:10.3390/s25196072,publication_and_single_review_unit_profile,roussel_2025_dynaspace_mobile_pps,study_templates/roussel_2025_dynaspace_mobile_pps.json,design.name,serialized_explicit,1,"[""DynaSpace smartphone PPS validation design""]","""Study 5 PPS white/pink design"""
doi:10.3390/s25196072,publication_and_single_review_unit_profile,roussel_2025_dynaspace_mobile_pps,study_templates/roussel_2025_dynaspace_mobile_pps.json,design.study_profile_id,serialized_explicit,1,"[""roussel_2025_dynaspace_mobile_pps""]",""""""
doi:10.3390/s25196072,publication_and_single_review_unit_profile,roussel_2025_dynaspace_mobile_pps,study_templates/roussel_2025_dynaspace_mobile_pps.json,design.study_profile_title,serialized_explicit,1,"[""DynaSpace smartphone PPS validation profile""]",""""""
doi:10.3390/s25196072,publication_and_single_review_unit_profile,roussel_2025_dynaspace_mobile_pps,study_templates/roussel_2025_dynaspace_mobile_pps.json,design.study_profile_notes,serialized_explicit,1,"[""Smartphone/DynaSpace audio-tactile PPS validation profile. The profile encodes the reported left-hemispace looming trajectory, fixed 640 cm comparator, six tactile timing anchors, no-vibration catch trials, and 72 recorded-trial distribution from the paper and app source. Bundled preload WAVs are toolkit-generated DynaSpace-style Gaussian white-noise burst trains rendered with the PPS Toolkit FABIAN/SOFA path; the original Android bursttrain WAVs are recorded as provenance but not redistributed.""]",""""""
doi:10.3390/s25196072,publication_and_single_review_unit_profile,roussel_2025_dynaspace_mobile_pps,study_templates/roussel_2025_dynaspace_mobile_pps.json,design.study_profile_reference_parameters,serialized_explicit,1,"[{""auditory_conditions"":[{""azimuth_deg_toolkit_signed"":-45.0,""derived_speed_mps"":2.1052631579,""elevation_deg"":0.0,""end_distance_cm"":20,""label"":""looming"",""movement"":""left 45-degree approach"",""start_distance_cm"":640,""trajectory_end_time_ms"":3050,""trajectory_start_time_ms"":105},{""azimuth_deg_toolkit_signed"":-45.0,""distance_cm"":640,""elevation_deg"":0.0,""label"":""fixed"",""movement"":""stationary comparator""}],""baseline_policy"":""No tactile-only baseline is encoded for this profile because the smartphone task's main validation contrast is looming versus fixed sound with no-vibration catches."",""no_vibration_catch_code"":{""semantic"":""auditory-only catch trial with no phone vibration"",""time_array_value_ms"":0,""toolkit_family"":""Catch""},""original_android_wav_sample_rate_hz"":48000,""original_audio_assets"":[{""channels"":2,""duration_s"":3.85,""filename"":""bursttrainlooming.wav"",""frames"":184800,""label"":""Android looming burst train"",""redistributed_in_pps_toolkit"":false,""sample_rate_hz"":48000,""sha256"":""610c9a9c22329f6dfb4a37917cfdead552042e6d2f2987dacc418385e7570da2"",""subtype"":""PCM_16""},{""channels"":2,""duration_s"":3.85,""filename"":""bursttrainfixe.wav"",""frames"":184800,""label"":""Android fixed burst train"",""redistributed_in_pps_toolkit"":false,""sample_rate_hz"":48000,""sha256"":""56f8afff1b0985a0e3585bdb525f3a76c0bd1f57cf711a667bcbfa03b1f69fe1"",""subtype"":""PCM_16""}],""original_audio_engine"":""Max/MSP Spat with LISTEN HRTFs for source creation, then Android Oboe playback in the DynaSpace app"",""paper_role"":""smartphone methods validation using an audio-tactile PPS-style looming versus fixed-source task"",""participants_analyzed_reported"":18,""participants_recruited"":20,""primary_analysis_contrast"":""looming audio-tactile RT pattern compared with fixed-source audio-tactile RT pattern across matched vibration timing anchors"",""profile_check_complete"":true,""profile_type"":""published_mobile_dynaspace_pps_validation"",""publication_status"":""published"",""source_app_name"":""DynaSpace"",""source_app_project"":""DynaSpaceIrcam"",""source_app_repo"":""https://forge-2.ircam.fr/roussel/dynaspace/"",""source_asset_equivalence"":""trajectory, condition logic, 33-burst temporal structure, and approximate 95 ms burst spacing are matched; exact Android noise seed, Spat/LISTEN renderer, room response, phone transducer response, and motor mechanics are not bit-matched"",""source_code_parameters"":{""audio_player_source"":""DynaSpaceIrcam/app/src/main/cpp/WavAudioPlayer.cpp"",""cpp_vibration_sleep_offset_ms"":50,""main_activity"":""DynaSpaceIrcam/app/src/main/java/com/example/osc/MainActivity.kt"",""max_runs_including_practice"":77,""noncatch_java_delay_offset_ms"":300,""paper_reported_vibration_duration_ms"":50,""practice_trial_count"":5,""randomization_source"":""DynaSpaceIrcam/app/src/main/cpp/rand.cpp"",""recorded_condition_distribution"":{""fixed_audio_tactile"":24,""fixed_no_vibration_catch"":12,""looming_audio_tactile"":24,""looming_no_vibration_catch"":12},""recorded_trial_count"":72,""restart_delay_effective_range_ms"":[1000,1400],""restart_delay_offset_ms"":300,""restart_delay_range_ms"":[700,1100],""source_code_vibration_duration_ms"":60,""time_array_ms"":[105,1625,2385,2765,2955,3050,0],""vibration_amplitude_android"":255},""stimulus_asset_policy"":""The public PPS Toolkit profile does not redistribute the Android app's raw WAVs. The preload catalog bakes 44.1 kHz toolkit-generated DynaSpace-style burst-train sources through the existing FABIAN/SOFA renderer so the profile remains runnable and publication-safe."",""stimulus_generation_operating_protocol"":{""control_policy"":""Keep the DynaSpace replication contrast available, and add matched-level control variants for inference-focused future studies."",""decision"":""Adopt the DynaSpace/Hobeika burst-train dry source as the smartphone-profile source profile while delegating spatialization to the 3DTI/SOFA renderer."",""dry_source_profile"":""dynaspace_gaussian_burst_train"",""evidence_basis"":[""Raw DynaSpace WAV audit detected 33 bursts with about 95 ms median inter-onset interval."",""Hobeika lineage reports Gaussian white-noise bursts with 30 ms duration, 10 ms rise/fall, and 65 ms inter-burst interval."",""Consensus searches supported broadband onset transients for localization/salience and supported HRTF/ILD/ITD/reverb/near-field cues as renderer-level spatial properties."",""Consensus searches warned that rising intensity alone can produce looming salience, so matched-level controls remain necessary for causal inference.""],""schema"":""pps-dynaspace-consensus-generation-v1"",""spatialization_policy"":""Render HRTF, ILD, ITD, near-field, distance attenuation, future trajectory angle, and optional room/DRR/IACC cues through 3DTI/SOFA rather than hard-coding them into the dry source.""},""toolkit_audio_engine"":""PPS Toolkit 3DTI-compatible Python SOFA/FABIAN reference renderer"",""toolkit_renderer_sample_rate_hz"":44100,""toolkit_source_type"":""Gaussian white-noise burst-train dry source rendered through FABIAN/SOFA"",""trajectory_anchor_table"":[{""anchor"":""T1"",""distance_cm"":640,""soa_ms"":105},{""anchor"":""T2"",""distance_cm"":320,""soa_ms"":1625},{""anchor"":""T3"",""distance_cm"":160,""soa_ms"":2385},{""anchor"":""T4"",""distance_cm"":80,""soa_ms"":2765},{""anchor"":""T5"",""distance_cm"":40,""soa_ms"":2955},{""anchor"":""T6"",""distance_cm"":20,""soa_ms"":3050}],""trajectory_override_policy"":""Future variants should change azimuth_start_deg and azimuth_end_deg together for another constant-bearing approach angle, or provide cartesian endpoints for curved or non-radial paths while preserving the same anchor-table logic.""}]",{}
doi:10.3390/s25196072,publication_and_single_review_unit_profile,roussel_2025_dynaspace_mobile_pps,study_templates/roussel_2025_dynaspace_mobile_pps.json,design.sofa_file,serialized_explicit,1,"[""assets/0. Head-Related Impulse Response (HRIR) model/FABIAN_HRIR_measured_HATO_0.sofa""]","""assets/0. Head-Related Impulse Response (HRIR) model/FABIAN_HRIR_measured_HATO_0.sofa"""
doi:10.3390/s25196072,publication_and_single_review_unit_profile,roussel_2025_dynaspace_mobile_pps,study_templates/roussel_2025_dynaspace_mobile_pps.json,design.noises[].label,serialized_explicit,2,"[""DynaSpace proxy looming burst train"",""DynaSpace proxy fixed 640 cm burst train""]",
doi:10.3390/s25196072,publication_and_single_review_unit_profile,roussel_2025_dynaspace_mobile_pps,study_templates/roussel_2025_dynaspace_mobile_pps.json,design.noises[].noise_type,serialized_explicit,2,"[""white"",""white""]",
doi:10.3390/s25196072,publication_and_single_review_unit_profile,roussel_2025_dynaspace_mobile_pps,study_templates/roussel_2025_dynaspace_mobile_pps.json,design.noises[].azimuth_deg,serialized_explicit,2,"[-45.0,-45.0]",0.0
doi:10.3390/s25196072,publication_and_single_review_unit_profile,roussel_2025_dynaspace_mobile_pps,study_templates/roussel_2025_dynaspace_mobile_pps.json,design.noises[].elevation_deg,serialized_explicit,2,"[0.0,0.0]",0.0
doi:10.3390/s25196072,publication_and_single_review_unit_profile,roussel_2025_dynaspace_mobile_pps,study_templates/roussel_2025_dynaspace_mobile_pps.json,design.noises[].gain,serialized_explicit,2,"[1.0,1.0]",1.0
doi:10.3390/s25196072,publication_and_single_review_unit_profile,roussel_2025_dynaspace_mobile_pps,study_templates/roussel_2025_dynaspace_mobile_pps.json,design.noises[].source_profile,serialized_explicit,2,"[""dynaspace_gaussian_burst_train"",""dynaspace_gaussian_burst_train""]",""""""
doi:10.3390/s25196072,publication_and_single_review_unit_profile,roussel_2025_dynaspace_mobile_pps,study_templates/roussel_2025_dynaspace_mobile_pps.json,design.noises[].source_profile_parameters,serialized_explicit,2,"[{""active_window_s"":3.07,""active_window_source"":""raw_dynaspace_active_burst_window"",""burst_count_mode"":""duration_derived"",""burst_duration_s"":0.03,""evidence_basis"":""Raw DynaSpace WAV audit detected 33 peaks with about 95 ms median IOI. Hobeika lineage reports 30 ms Gaussian white-noise bursts, 10 ms rise/fall, and 65 ms inter-burst interval; PPS-kit derives burst count from the active window and target IOI instead of hard-coding 33."",""onset_s"":0.3,""rise_fall_s"":0.01,""spacing_policy"":""symmetric_fit"",""target_period_s"":0.095},{""active_window_s"":3.07,""active_window_source"":""raw_dynaspace_active_burst_window"",""burst_count_mode"":""duration_derived"",""burst_duration_s"":0.03,""evidence_basis"":""Raw DynaSpace WAV audit detected 33 peaks with about 95 ms median IOI. Hobeika lineage reports 30 ms Gaussian white-noise bursts, 10 ms rise/fall, and 65 ms inter-burst interval; PPS-kit derives burst count from the active window and target IOI instead of hard-coding 33."",""onset_s"":0.3,""rise_fall_s"":0.01,""spacing_policy"":""symmetric_fit"",""target_period_s"":0.095}]",{}
doi:10.3390/s25196072,publication_and_single_review_unit_profile,roussel_2025_dynaspace_mobile_pps,study_templates/roussel_2025_dynaspace_mobile_pps.json,design.noises[].prebaked_path,typed_or_parser_default_not_serialized,0,[],""""""
doi:10.3390/s25196072,publication_and_single_review_unit_profile,roussel_2025_dynaspace_mobile_pps,study_templates/roussel_2025_dynaspace_mobile_pps.json,design.noises[].sequence_order,serialized_explicit,2,"[1,2]",0
doi:10.3390/s25196072,publication_and_single_review_unit_profile,roussel_2025_dynaspace_mobile_pps,study_templates/roussel_2025_dynaspace_mobile_pps.json,design.noises[].motion_mode,serialized_explicit,2,"[""looming"",""stationary""]","""looming"""
doi:10.3390/s25196072,publication_and_single_review_unit_profile,roussel_2025_dynaspace_mobile_pps,study_templates/roussel_2025_dynaspace_mobile_pps.json,design.noises[].trajectory_snapshot,typed_or_parser_default_not_serialized,0,[],{}
doi:10.3390/s25196072,publication_and_single_review_unit_profile,roussel_2025_dynaspace_mobile_pps,study_templates/roussel_2025_dynaspace_mobile_pps.json,design.custom_looming_files[].label,repeatable_entity_absent,0,[],
doi:10.3390/s25196072,publication_and_single_review_unit_profile,roussel_2025_dynaspace_mobile_pps,study_templates/roussel_2025_dynaspace_mobile_pps.json,design.custom_looming_files[].path,repeatable_entity_absent,0,[],
doi:10.3390/s25196072,publication_and_single_review_unit_profile,roussel_2025_dynaspace_mobile_pps,study_templates/roussel_2025_dynaspace_mobile_pps.json,design.custom_looming_files[].target_duration_s,repeatable_entity_absent,0,[],4.0
doi:10.3390/s25196072,publication_and_single_review_unit_profile,roussel_2025_dynaspace_mobile_pps,study_templates/roussel_2025_dynaspace_mobile_pps.json,design.custom_looming_files[].render_mode,repeatable_entity_absent,0,[],"""preserve"""
doi:10.3390/s25196072,publication_and_single_review_unit_profile,roussel_2025_dynaspace_mobile_pps,study_templates/roussel_2025_dynaspace_mobile_pps.json,design.custom_looming_files[].tone_type,repeatable_entity_absent,0,[],""""""
doi:10.3390/s25196072,publication_and_single_review_unit_profile,roussel_2025_dynaspace_mobile_pps,study_templates/roussel_2025_dynaspace_mobile_pps.json,design.custom_looming_files[].gain,repeatable_entity_absent,0,[],1.0
doi:10.3390/s25196072,publication_and_single_review_unit_profile,roussel_2025_dynaspace_mobile_pps,study_templates/roussel_2025_dynaspace_mobile_pps.json,design.custom_looming_files[].placement,repeatable_entity_absent,0,[],"""before"""
doi:10.3390/s25196072,publication_and_single_review_unit_profile,roussel_2025_dynaspace_mobile_pps,study_templates/roussel_2025_dynaspace_mobile_pps.json,design.custom_looming_files[].target_source_label,repeatable_entity_absent,0,[],""""""
doi:10.3390/s25196072,publication_and_single_review_unit_profile,roussel_2025_dynaspace_mobile_pps,study_templates/roussel_2025_dynaspace_mobile_pps.json,design.custom_looming_files[].phase,repeatable_entity_absent,0,[],""""""
doi:10.3390/s25196072,publication_and_single_review_unit_profile,roussel_2025_dynaspace_mobile_pps,study_templates/roussel_2025_dynaspace_mobile_pps.json,design.custom_looming_files[].gap_s,repeatable_entity_absent,0,[],0.0
doi:10.3390/s25196072,publication_and_single_review_unit_profile,roussel_2025_dynaspace_mobile_pps,study_templates/roussel_2025_dynaspace_mobile_pps.json,design.custom_looming_files[].sequence_order,repeatable_entity_absent,0,[],0
doi:10.3390/s25196072,publication_and_single_review_unit_profile,roussel_2025_dynaspace_mobile_pps,study_templates/roussel_2025_dynaspace_mobile_pps.json,design.custom_looming_files[].motion_mode,repeatable_entity_absent,0,[],"""looming"""
doi:10.3390/s25196072,publication_and_single_review_unit_profile,roussel_2025_dynaspace_mobile_pps,study_templates/roussel_2025_dynaspace_mobile_pps.json,design.custom_looming_files[].trajectory_snapshot,repeatable_entity_absent,0,[],{}
doi:10.3390/s25196072,publication_and_single_review_unit_profile,roussel_2025_dynaspace_mobile_pps,study_templates/roussel_2025_dynaspace_mobile_pps.json,design.custom_looming_files[].display_color_hex,repeatable_entity_absent,0,[],""""""
doi:10.3390/s25196072,publication_and_single_review_unit_profile,roussel_2025_dynaspace_mobile_pps,study_templates/roussel_2025_dynaspace_mobile_pps.json,design.custom_looming_files[].source_input_path,repeatable_entity_absent,0,[],""""""
doi:10.3390/s25196072,publication_and_single_review_unit_profile,roussel_2025_dynaspace_mobile_pps,study_templates/roussel_2025_dynaspace_mobile_pps.json,design.prestimulus_files[].label,repeatable_entity_absent,0,[],
doi:10.3390/s25196072,publication_and_single_review_unit_profile,roussel_2025_dynaspace_mobile_pps,study_templates/roussel_2025_dynaspace_mobile_pps.json,design.prestimulus_files[].path,repeatable_entity_absent,0,[],
doi:10.3390/s25196072,publication_and_single_review_unit_profile,roussel_2025_dynaspace_mobile_pps,study_templates/roussel_2025_dynaspace_mobile_pps.json,design.prestimulus_files[].target_duration_s,repeatable_entity_absent,0,[],4.0
doi:10.3390/s25196072,publication_and_single_review_unit_profile,roussel_2025_dynaspace_mobile_pps,study_templates/roussel_2025_dynaspace_mobile_pps.json,design.prestimulus_files[].render_mode,repeatable_entity_absent,0,[],"""preserve"""
doi:10.3390/s25196072,publication_and_single_review_unit_profile,roussel_2025_dynaspace_mobile_pps,study_templates/roussel_2025_dynaspace_mobile_pps.json,design.prestimulus_files[].tone_type,repeatable_entity_absent,0,[],""""""
doi:10.3390/s25196072,publication_and_single_review_unit_profile,roussel_2025_dynaspace_mobile_pps,study_templates/roussel_2025_dynaspace_mobile_pps.json,design.prestimulus_files[].gain,repeatable_entity_absent,0,[],1.0
doi:10.3390/s25196072,publication_and_single_review_unit_profile,roussel_2025_dynaspace_mobile_pps,study_templates/roussel_2025_dynaspace_mobile_pps.json,design.prestimulus_files[].placement,repeatable_entity_absent,0,[],"""before"""
doi:10.3390/s25196072,publication_and_single_review_unit_profile,roussel_2025_dynaspace_mobile_pps,study_templates/roussel_2025_dynaspace_mobile_pps.json,design.prestimulus_files[].target_source_label,repeatable_entity_absent,0,[],""""""
doi:10.3390/s25196072,publication_and_single_review_unit_profile,roussel_2025_dynaspace_mobile_pps,study_templates/roussel_2025_dynaspace_mobile_pps.json,design.prestimulus_files[].phase,repeatable_entity_absent,0,[],""""""
doi:10.3390/s25196072,publication_and_single_review_unit_profile,roussel_2025_dynaspace_mobile_pps,study_templates/roussel_2025_dynaspace_mobile_pps.json,design.prestimulus_files[].gap_s,repeatable_entity_absent,0,[],0.0
doi:10.3390/s25196072,publication_and_single_review_unit_profile,roussel_2025_dynaspace_mobile_pps,study_templates/roussel_2025_dynaspace_mobile_pps.json,design.prestimulus_files[].sequence_order,repeatable_entity_absent,0,[],0
doi:10.3390/s25196072,publication_and_single_review_unit_profile,roussel_2025_dynaspace_mobile_pps,study_templates/roussel_2025_dynaspace_mobile_pps.json,design.prestimulus_files[].motion_mode,repeatable_entity_absent,0,[],"""looming"""
doi:10.3390/s25196072,publication_and_single_review_unit_profile,roussel_2025_dynaspace_mobile_pps,study_templates/roussel_2025_dynaspace_mobile_pps.json,design.prestimulus_files[].trajectory_snapshot,repeatable_entity_absent,0,[],{}
doi:10.3390/s25196072,publication_and_single_review_unit_profile,roussel_2025_dynaspace_mobile_pps,study_templates/roussel_2025_dynaspace_mobile_pps.json,design.prestimulus_files[].display_color_hex,repeatable_entity_absent,0,[],""""""
doi:10.3390/s25196072,publication_and_single_review_unit_profile,roussel_2025_dynaspace_mobile_pps,study_templates/roussel_2025_dynaspace_mobile_pps.json,design.prestimulus_files[].source_input_path,repeatable_entity_absent,0,[],""""""
doi:10.3390/s25196072,publication_and_single_review_unit_profile,roussel_2025_dynaspace_mobile_pps,study_templates/roussel_2025_dynaspace_mobile_pps.json,design.trajectory.start_radius_m,serialized_explicit,1,[6.4],1.1
doi:10.3390/s25196072,publication_and_single_review_unit_profile,roussel_2025_dynaspace_mobile_pps,study_templates/roussel_2025_dynaspace_mobile_pps.json,design.trajectory.end_radius_m,serialized_explicit,1,[0.2],0.1
doi:10.3390/s25196072,publication_and_single_review_unit_profile,roussel_2025_dynaspace_mobile_pps,study_templates/roussel_2025_dynaspace_mobile_pps.json,design.trajectory.path_direction,serialized_explicit,1,"[""approach""]","""approach"""
doi:10.3390/s25196072,publication_and_single_review_unit_profile,roussel_2025_dynaspace_mobile_pps,study_templates/roussel_2025_dynaspace_mobile_pps.json,design.trajectory.coordinate_mode,serialized_explicit,1,"[""polar""]","""polar"""
doi:10.3390/s25196072,publication_and_single_review_unit_profile,roussel_2025_dynaspace_mobile_pps,study_templates/roussel_2025_dynaspace_mobile_pps.json,design.trajectory.start_x_m,typed_or_parser_default_not_serialized,0,[],null
doi:10.3390/s25196072,publication_and_single_review_unit_profile,roussel_2025_dynaspace_mobile_pps,study_templates/roussel_2025_dynaspace_mobile_pps.json,design.trajectory.start_y_m,typed_or_parser_default_not_serialized,0,[],null
doi:10.3390/s25196072,publication_and_single_review_unit_profile,roussel_2025_dynaspace_mobile_pps,study_templates/roussel_2025_dynaspace_mobile_pps.json,design.trajectory.start_z_m,typed_or_parser_default_not_serialized,0,[],null
doi:10.3390/s25196072,publication_and_single_review_unit_profile,roussel_2025_dynaspace_mobile_pps,study_templates/roussel_2025_dynaspace_mobile_pps.json,design.trajectory.end_x_m,typed_or_parser_default_not_serialized,0,[],null
doi:10.3390/s25196072,publication_and_single_review_unit_profile,roussel_2025_dynaspace_mobile_pps,study_templates/roussel_2025_dynaspace_mobile_pps.json,design.trajectory.end_y_m,typed_or_parser_default_not_serialized,0,[],null
doi:10.3390/s25196072,publication_and_single_review_unit_profile,roussel_2025_dynaspace_mobile_pps,study_templates/roussel_2025_dynaspace_mobile_pps.json,design.trajectory.end_z_m,typed_or_parser_default_not_serialized,0,[],null
doi:10.3390/s25196072,publication_and_single_review_unit_profile,roussel_2025_dynaspace_mobile_pps,study_templates/roussel_2025_dynaspace_mobile_pps.json,design.trajectory.path_length_m,serialized_explicit,1,[6.2],1.0
doi:10.3390/s25196072,publication_and_single_review_unit_profile,roussel_2025_dynaspace_mobile_pps,study_templates/roussel_2025_dynaspace_mobile_pps.json,design.trajectory.propagation_speed_mps,serialized_explicit,1,[2.1052631579],0.3333333333333333
doi:10.3390/s25196072,publication_and_single_review_unit_profile,roussel_2025_dynaspace_mobile_pps,study_templates/roussel_2025_dynaspace_mobile_pps.json,design.trajectory.azimuth_start_deg,serialized_explicit,1,[-45.0],0.0
doi:10.3390/s25196072,publication_and_single_review_unit_profile,roussel_2025_dynaspace_mobile_pps,study_templates/roussel_2025_dynaspace_mobile_pps.json,design.trajectory.azimuth_end_deg,serialized_explicit,1,[-45.0],0.0
doi:10.3390/s25196072,publication_and_single_review_unit_profile,roussel_2025_dynaspace_mobile_pps,study_templates/roussel_2025_dynaspace_mobile_pps.json,design.trajectory.elevation_deg,serialized_explicit,1,[0.0],0.0
doi:10.3390/s25196072,publication_and_single_review_unit_profile,roussel_2025_dynaspace_mobile_pps,study_templates/roussel_2025_dynaspace_mobile_pps.json,design.trajectory.padding_pre_s,serialized_explicit,1,[0.105],0.5
doi:10.3390/s25196072,publication_and_single_review_unit_profile,roussel_2025_dynaspace_mobile_pps,study_templates/roussel_2025_dynaspace_mobile_pps.json,design.trajectory.padding_post_s,serialized_explicit,1,[0.8],0.5
doi:10.3390/s25196072,publication_and_single_review_unit_profile,roussel_2025_dynaspace_mobile_pps,study_templates/roussel_2025_dynaspace_mobile_pps.json,design.trajectory.sample_rate,serialized_explicit,1,[44100],44100
doi:10.3390/s25196072,publication_and_single_review_unit_profile,roussel_2025_dynaspace_mobile_pps,study_templates/roussel_2025_dynaspace_mobile_pps.json,design.trajectory.use_inverse_square,serialized_explicit,1,[true],true
doi:10.3390/s25196072,publication_and_single_review_unit_profile,roussel_2025_dynaspace_mobile_pps,study_templates/roussel_2025_dynaspace_mobile_pps.json,design.protocol.repetitions_per_condition,serialized_explicit,1,[4],1
doi:10.3390/s25196072,publication_and_single_review_unit_profile,roussel_2025_dynaspace_mobile_pps,study_templates/roussel_2025_dynaspace_mobile_pps.json,design.protocol.trial_pool_repetition_defaults,typed_or_parser_default_not_serialized,0,[],{}
doi:10.3390/s25196072,publication_and_single_review_unit_profile,roussel_2025_dynaspace_mobile_pps,study_templates/roussel_2025_dynaspace_mobile_pps.json,design.protocol.soa_values_ms,serialized_explicit,1,"[[105,1625,2385,2765,2955,3050]]","[300,800,1500,2200,2700]"
doi:10.3390/s25196072,publication_and_single_review_unit_profile,roussel_2025_dynaspace_mobile_pps,study_templates/roussel_2025_dynaspace_mobile_pps.json,design.protocol.spatial_values_cm,serialized_explicit,1,"[[640.0,320.0,160.0,80.0,40.0,20.0]]","[100.0,83.3,60.0,36.7,20.0]"
doi:10.3390/s25196072,publication_and_single_review_unit_profile,roussel_2025_dynaspace_mobile_pps,study_templates/roussel_2025_dynaspace_mobile_pps.json,design.protocol.pair_spatial_values_with_soas,serialized_explicit,1,[true],true
doi:10.3390/s25196072,publication_and_single_review_unit_profile,roussel_2025_dynaspace_mobile_pps,study_templates/roussel_2025_dynaspace_mobile_pps.json,design.protocol.auditory_motion_directions,serialized_explicit,1,"[[""left_45_approach""]]","[""looming""]"
doi:10.3390/s25196072,publication_and_single_review_unit_profile,roussel_2025_dynaspace_mobile_pps,study_templates/roussel_2025_dynaspace_mobile_pps.json,design.protocol.tactile_sites,serialized_explicit,1,"[[""handheld smartphone vibration""]]","[""hand""]"
doi:10.3390/s25196072,publication_and_single_review_unit_profile,roussel_2025_dynaspace_mobile_pps,study_templates/roussel_2025_dynaspace_mobile_pps.json,design.protocol.include_catch_trials,serialized_explicit,1,[true],true
doi:10.3390/s25196072,publication_and_single_review_unit_profile,roussel_2025_dynaspace_mobile_pps,study_templates/roussel_2025_dynaspace_mobile_pps.json,design.protocol.catch_trial_percentage,serialized_explicit,1,[33.333333],10.0
doi:10.3390/s25196072,publication_and_single_review_unit_profile,roussel_2025_dynaspace_mobile_pps,study_templates/roussel_2025_dynaspace_mobile_pps.json,design.protocol.catch_trials_exact,serialized_explicit,1,[24],null
doi:10.3390/s25196072,publication_and_single_review_unit_profile,roussel_2025_dynaspace_mobile_pps,study_templates/roussel_2025_dynaspace_mobile_pps.json,design.protocol.catch_crosses_sequence_variants,typed_or_parser_default_not_serialized,0,[],true
doi:10.3390/s25196072,publication_and_single_review_unit_profile,roussel_2025_dynaspace_mobile_pps,study_templates/roussel_2025_dynaspace_mobile_pps.json,design.protocol.include_auditory_only_trials,typed_or_parser_default_not_serialized,0,[],false
doi:10.3390/s25196072,publication_and_single_review_unit_profile,roussel_2025_dynaspace_mobile_pps,study_templates/roussel_2025_dynaspace_mobile_pps.json,design.protocol.auditory_only_trial_percentage,typed_or_parser_default_not_serialized,0,[],0.0
doi:10.3390/s25196072,publication_and_single_review_unit_profile,roussel_2025_dynaspace_mobile_pps,study_templates/roussel_2025_dynaspace_mobile_pps.json,design.protocol.auditory_only_trials_exact,typed_or_parser_default_not_serialized,0,[],null
doi:10.3390/s25196072,publication_and_single_review_unit_profile,roussel_2025_dynaspace_mobile_pps,study_templates/roussel_2025_dynaspace_mobile_pps.json,design.protocol.auditory_only_crosses_sequence_variants,typed_or_parser_default_not_serialized,0,[],true
doi:10.3390/s25196072,publication_and_single_review_unit_profile,roussel_2025_dynaspace_mobile_pps,study_templates/roussel_2025_dynaspace_mobile_pps.json,design.protocol.include_baseline_trials,serialized_explicit,1,[false],true
doi:10.3390/s25196072,publication_and_single_review_unit_profile,roussel_2025_dynaspace_mobile_pps,study_templates/roussel_2025_dynaspace_mobile_pps.json,design.protocol.baseline_strategy,serialized_explicit,1,"[""none""]","""tactile_only"""
doi:10.3390/s25196072,publication_and_single_review_unit_profile,roussel_2025_dynaspace_mobile_pps,study_templates/roussel_2025_dynaspace_mobile_pps.json,design.protocol.baseline_trials_exact,typed_or_parser_default_not_serialized,0,[],null
doi:10.3390/s25196072,publication_and_single_review_unit_profile,roussel_2025_dynaspace_mobile_pps,study_templates/roussel_2025_dynaspace_mobile_pps.json,design.protocol.baseline_trial_percentage,serialized_explicit,1,[0.0],0.0
doi:10.3390/s25196072,publication_and_single_review_unit_profile,roussel_2025_dynaspace_mobile_pps,study_templates/roussel_2025_dynaspace_mobile_pps.json,design.protocol.baseline_soa_values_ms,serialized_explicit,1,[[]],[]
doi:10.3390/s25196072,publication_and_single_review_unit_profile,roussel_2025_dynaspace_mobile_pps,study_templates/roussel_2025_dynaspace_mobile_pps.json,design.protocol.baseline_custom_trial_mode,serialized_explicit,1,"[""tactile_only""]","""tactile_only"""
doi:10.3390/s25196072,publication_and_single_review_unit_profile,roussel_2025_dynaspace_mobile_pps,study_templates/roussel_2025_dynaspace_mobile_pps.json,design.protocol.baseline_crosses_sequence_variants,typed_or_parser_default_not_serialized,0,[],true
doi:10.3390/s25196072,publication_and_single_review_unit_profile,roussel_2025_dynaspace_mobile_pps,study_templates/roussel_2025_dynaspace_mobile_pps.json,design.protocol.respiratory_phases,serialized_explicit,1,"[[""Any""]]","[""Inhale"",""Exhale""]"
doi:10.3390/s25196072,publication_and_single_review_unit_profile,roussel_2025_dynaspace_mobile_pps,study_templates/roussel_2025_dynaspace_mobile_pps.json,design.protocol.blocks,serialized_explicit,1,[1],6
doi:10.3390/s25196072,publication_and_single_review_unit_profile,roussel_2025_dynaspace_mobile_pps,study_templates/roussel_2025_dynaspace_mobile_pps.json,design.protocol.block_specs[].label,serialized_explicit,1,"[""DynaSpace recorded 72-trial block""]",
doi:10.3390/s25196072,publication_and_single_review_unit_profile,roussel_2025_dynaspace_mobile_pps,study_templates/roussel_2025_dynaspace_mobile_pps.json,design.protocol.block_specs[].stimulus_types,serialized_explicit,1,"[[""Audio-Tactile"",""Catch""]]","[""Audio-Tactile"",""Baseline"",""Catch""]"
doi:10.3390/s25196072,publication_and_single_review_unit_profile,roussel_2025_dynaspace_mobile_pps,study_templates/roussel_2025_dynaspace_mobile_pps.json,design.protocol.repeat_trial_pool_per_block,typed_or_parser_default_not_serialized,0,[],false
doi:10.3390/s25196072,publication_and_single_review_unit_profile,roussel_2025_dynaspace_mobile_pps,study_templates/roussel_2025_dynaspace_mobile_pps.json,design.protocol.distribute_trial_pool_across_blocks,typed_or_parser_default_not_serialized,0,[],false
doi:10.3390/s25196072,publication_and_single_review_unit_profile,roussel_2025_dynaspace_mobile_pps,study_templates/roussel_2025_dynaspace_mobile_pps.json,design.protocol.trial_strips[].strip_id,serialized_explicit,2,"[""dynaspace-looming-row"",""dynaspace-fixed-row""]",""""""
doi:10.3390/s25196072,publication_and_single_review_unit_profile,roussel_2025_dynaspace_mobile_pps,study_templates/roussel_2025_dynaspace_mobile_pps.json,design.protocol.trial_strips[].label,serialized_explicit,2,"[""DynaSpace looming source"",""DynaSpace fixed 640 cm source""]",""""""
doi:10.3390/s25196072,publication_and_single_review_unit_profile,roussel_2025_dynaspace_mobile_pps,study_templates/roussel_2025_dynaspace_mobile_pps.json,design.protocol.trial_strips[].audio_tactile_percentage,serialized_explicit,2,"[66.666667,66.666667]",null
doi:10.3390/s25196072,publication_and_single_review_unit_profile,roussel_2025_dynaspace_mobile_pps,study_templates/roussel_2025_dynaspace_mobile_pps.json,design.protocol.trial_strips[].catch_percentage,serialized_explicit,2,"[33.333333,33.333333]",null
doi:10.3390/s25196072,publication_and_single_review_unit_profile,roussel_2025_dynaspace_mobile_pps,study_templates/roussel_2025_dynaspace_mobile_pps.json,design.protocol.trial_strips[].baseline_percentage,serialized_explicit,2,"[0.0,0.0]",null
doi:10.3390/s25196072,publication_and_single_review_unit_profile,roussel_2025_dynaspace_mobile_pps,study_templates/roussel_2025_dynaspace_mobile_pps.json,design.protocol.trial_strips[].soa_values_ms,typed_or_parser_default_not_serialized,0,[],[]
doi:10.3390/s25196072,publication_and_single_review_unit_profile,roussel_2025_dynaspace_mobile_pps,study_templates/roussel_2025_dynaspace_mobile_pps.json,design.protocol.trial_strips[].spatial_values_cm,typed_or_parser_default_not_serialized,0,[],[]
doi:10.3390/s25196072,publication_and_single_review_unit_profile,roussel_2025_dynaspace_mobile_pps,study_templates/roussel_2025_dynaspace_mobile_pps.json,design.protocol.trial_strips[].metadata,typed_or_parser_default_not_serialized,0,[],{}
doi:10.3390/s25196072,publication_and_single_review_unit_profile,roussel_2025_dynaspace_mobile_pps,study_templates/roussel_2025_dynaspace_mobile_pps.json,design.protocol.trial_strips[].elements[].element_id,serialized_explicit,2,"[""dynaspace-looming-source"",""dynaspace-fixed-source""]",""""""
doi:10.3390/s25196072,publication_and_single_review_unit_profile,roussel_2025_dynaspace_mobile_pps,study_templates/roussel_2025_dynaspace_mobile_pps.json,design.protocol.trial_strips[].elements[].kind,serialized_explicit,2,"[""looming_stimulus"",""looming_stimulus""]","""looming_stimulus"""
doi:10.3390/s25196072,publication_and_single_review_unit_profile,roussel_2025_dynaspace_mobile_pps,study_templates/roussel_2025_dynaspace_mobile_pps.json,design.protocol.trial_strips[].elements[].label,serialized_explicit,2,"[""DynaSpace proxy looming burst train"",""DynaSpace proxy fixed 640 cm burst train""]",""""""
doi:10.3390/s25196072,publication_and_single_review_unit_profile,roussel_2025_dynaspace_mobile_pps,study_templates/roussel_2025_dynaspace_mobile_pps.json,design.protocol.trial_strips[].elements[].source_label,serialized_explicit,2,"[""DynaSpace proxy looming burst train"",""DynaSpace proxy fixed 640 cm burst train""]",""""""
doi:10.3390/s25196072,publication_and_single_review_unit_profile,roussel_2025_dynaspace_mobile_pps,study_templates/roussel_2025_dynaspace_mobile_pps.json,design.protocol.trial_strips[].elements[].source_labels,serialized_explicit,2,"[[""DynaSpace proxy looming burst train""],[""DynaSpace proxy fixed 640 cm burst train""]]",[]
doi:10.3390/s25196072,publication_and_single_review_unit_profile,roussel_2025_dynaspace_mobile_pps,study_templates/roussel_2025_dynaspace_mobile_pps.json,design.protocol.trial_strips[].elements[].jitter_values_ms,typed_or_parser_default_not_serialized,0,[],[]
doi:10.3390/s25196072,publication_and_single_review_unit_profile,roussel_2025_dynaspace_mobile_pps,study_templates/roussel_2025_dynaspace_mobile_pps.json,design.protocol.trial_strips[].elements[].randomized,serialized_explicit,2,"[true,true]",false
doi:10.3390/s25196072,publication_and_single_review_unit_profile,roussel_2025_dynaspace_mobile_pps,study_templates/roussel_2025_dynaspace_mobile_pps.json,design.protocol.trial_randomization_strategy,serialized_explicit,1,"[""balanced_shuffle""]","""no_immediate_repeats"""
doi:10.3390/s25196072,publication_and_single_review_unit_profile,roussel_2025_dynaspace_mobile_pps,study_templates/roussel_2025_dynaspace_mobile_pps.json,design.protocol.block_order_randomization,serialized_explicit,1,"[""fixed""]","""counterbalanced_rotation"""
doi:10.3390/s25196072,publication_and_single_review_unit_profile,roussel_2025_dynaspace_mobile_pps,study_templates/roussel_2025_dynaspace_mobile_pps.json,design.protocol.max_consecutive_same_trial_type,serialized_explicit,1,[6],2
doi:10.3390/s25196072,publication_and_single_review_unit_profile,roussel_2025_dynaspace_mobile_pps,study_templates/roussel_2025_dynaspace_mobile_pps.json,design.protocol.participants,serialized_explicit,1,[20],50
doi:10.3390/s25196072,publication_and_single_review_unit_profile,roussel_2025_dynaspace_mobile_pps,study_templates/roussel_2025_dynaspace_mobile_pps.json,design.protocol.random_seed,serialized_explicit,1,[20251001],20250604
doi:10.3390/s25196072,publication_and_single_review_unit_profile,roussel_2025_dynaspace_mobile_pps,study_templates/roussel_2025_dynaspace_mobile_pps.json,design.protocol.participant_order_policy,typed_or_parser_default_not_serialized,0,[],{}
