network_node_id,title,year,doi,toolkit_status,study_instance_count,study_row_ids,design.name,design.study_profile_id,design.study_profile_title,design.study_profile_notes,design.study_profile_reference_parameters,design.sofa_file,design.noises[].label,design.noises[].noise_type,design.noises[].azimuth_deg,design.noises[].elevation_deg,design.noises[].gain,design.noises[].source_profile,design.noises[].source_profile_parameters,design.noises[].prebaked_path,design.noises[].sequence_order,design.noises[].motion_mode,design.noises[].trajectory_snapshot,design.custom_looming_files[].label,design.custom_looming_files[].path,design.custom_looming_files[].target_duration_s,design.custom_looming_files[].render_mode,design.custom_looming_files[].tone_type,design.custom_looming_files[].gain,design.custom_looming_files[].placement,design.custom_looming_files[].target_source_label,design.custom_looming_files[].phase,design.custom_looming_files[].gap_s,design.custom_looming_files[].sequence_order,design.custom_looming_files[].motion_mode,design.custom_looming_files[].trajectory_snapshot,design.custom_looming_files[].display_color_hex,design.custom_looming_files[].source_input_path,design.prestimulus_files[].label,design.prestimulus_files[].path,design.prestimulus_files[].target_duration_s,design.prestimulus_files[].render_mode,design.prestimulus_files[].tone_type,design.prestimulus_files[].gain,design.prestimulus_files[].placement,design.prestimulus_files[].target_source_label,design.prestimulus_files[].phase,design.prestimulus_files[].gap_s,design.prestimulus_files[].sequence_order,design.prestimulus_files[].motion_mode,design.prestimulus_files[].trajectory_snapshot,design.prestimulus_files[].display_color_hex,design.prestimulus_files[].source_input_path,design.trajectory.start_radius_m,design.trajectory.end_radius_m,design.trajectory.path_direction,design.trajectory.coordinate_mode,design.trajectory.start_x_m,design.trajectory.start_y_m,design.trajectory.start_z_m,design.trajectory.end_x_m,design.trajectory.end_y_m,design.trajectory.end_z_m,design.trajectory.path_length_m,design.trajectory.propagation_speed_mps,design.trajectory.azimuth_start_deg,design.trajectory.azimuth_end_deg,design.trajectory.elevation_deg,design.trajectory.padding_pre_s,design.trajectory.padding_post_s,design.trajectory.sample_rate,design.trajectory.use_inverse_square,design.protocol.repetitions_per_condition,design.protocol.trial_pool_repetition_defaults,design.protocol.soa_values_ms,design.protocol.spatial_values_cm,design.protocol.pair_spatial_values_with_soas,design.protocol.auditory_motion_directions,design.protocol.tactile_sites,design.protocol.include_catch_trials,design.protocol.catch_trial_percentage,design.protocol.catch_trials_exact,design.protocol.catch_crosses_sequence_variants,design.protocol.include_auditory_only_trials,design.protocol.auditory_only_trial_percentage,design.protocol.auditory_only_trials_exact,design.protocol.auditory_only_crosses_sequence_variants,design.protocol.include_baseline_trials,design.protocol.baseline_strategy,design.protocol.baseline_trials_exact,design.protocol.baseline_trial_percentage,design.protocol.baseline_soa_values_ms,design.protocol.baseline_custom_trial_mode,design.protocol.baseline_crosses_sequence_variants,design.protocol.respiratory_phases,design.protocol.blocks,design.protocol.block_specs[].label,design.protocol.block_specs[].stimulus_types,design.protocol.repeat_trial_pool_per_block,design.protocol.distribute_trial_pool_across_blocks,design.protocol.trial_strips[].strip_id,design.protocol.trial_strips[].label,design.protocol.trial_strips[].audio_tactile_percentage,design.protocol.trial_strips[].catch_percentage,design.protocol.trial_strips[].baseline_percentage,design.protocol.trial_strips[].soa_values_ms,design.protocol.trial_strips[].spatial_values_cm,design.protocol.trial_strips[].metadata,design.protocol.trial_strips[].elements[].element_id,design.protocol.trial_strips[].elements[].kind,design.protocol.trial_strips[].elements[].label,design.protocol.trial_strips[].elements[].source_label,design.protocol.trial_strips[].elements[].source_labels,design.protocol.trial_strips[].elements[].jitter_values_ms,design.protocol.trial_strips[].elements[].randomized,design.protocol.trial_randomization_strategy,design.protocol.block_order_randomization,design.protocol.max_consecutive_same_trial_type,design.protocol.participants,design.protocol.random_seed,design.protocol.participant_order_policy
doi:10.1007/s00221-004-2212-7,Spatial auditory attention is modulated by tactile priming.,2005,10.1007/s00221-004-2212-7,not_assessed,1,doi:10.1007/s00221-004-2212-7,not_covered_by_target_inventory,not_covered_by_target_inventory,not_covered_by_target_inventory,not_covered_by_target_inventory,untyped_object_requires_key_level_review,not_assessed,not_assessed,not_assessed,not_covered_by_target_inventory,not_covered_by_target_inventory,not_assessed,not_assessed,untyped_object_requires_key_level_review,not_covered_by_target_inventory,not_covered_by_target_inventory,not_assessed,untyped_object_requires_key_level_review,not_assessed,not_covered_by_target_inventory,not_assessed,not_assessed,not_assessed,not_assessed,not_covered_by_target_inventory,not_covered_by_target_inventory,not_covered_by_target_inventory,not_covered_by_target_inventory,not_covered_by_target_inventory,not_assessed,untyped_object_requires_key_level_review,not_covered_by_target_inventory,not_covered_by_target_inventory,not_assessed,not_covered_by_target_inventory,not_assessed,not_assessed,not_assessed,not_assessed,not_covered_by_target_inventory,not_covered_by_target_inventory,not_covered_by_target_inventory,not_covered_by_target_inventory,not_covered_by_target_inventory,not_assessed,untyped_object_requires_key_level_review,not_covered_by_target_inventory,not_covered_by_target_inventory,not_assessed,not_assessed,not_assessed,not_assessed,not_assessed,not_assessed,not_assessed,not_assessed,not_assessed,not_assessed,not_assessed,not_assessed,not_assessed,not_assessed,not_assessed,not_assessed,not_assessed,not_assessed,not_assessed,not_assessed,not_assessed,not_assessed,not_assessed,not_assessed,not_covered_by_target_inventory,not_assessed,not_assessed,not_assessed,not_assessed,not_assessed,not_assessed,not_assessed,not_assessed,not_assessed,not_assessed,not_assessed,not_assessed,not_assessed,not_assessed,not_assessed,not_assessed,not_covered_by_target_inventory,not_assessed,not_covered_by_current_audit,not_covered_by_current_audit,not_covered_by_current_audit,not_covered_by_current_audit,not_assessed,not_assessed,not_assessed,not_assessed,not_assessed,not_assessed,not_assessed,untyped_object_requires_key_level_review,not_assessed,not_assessed,not_assessed,not_assessed,not_assessed,not_assessed,not_assessed,not_assessed,not_assessed,not_assessed,not_covered_by_current_audit,untyped_object_requires_key_level_review,untyped_object_requires_key_level_review
doi:10.1007/s00221-005-2393-8,Audiotactile interactions in near and far space,2005,10.1007/s00221-005-2393-8,supported_incomplete,1,doi:10.1007/s00221-005-2393-8,not_covered_by_target_inventory,not_covered_by_target_inventory,not_covered_by_target_inventory,not_covered_by_target_inventory,untyped_object_requires_key_level_review,source_unavailable,source_unavailable,source_unavailable,not_covered_by_target_inventory,not_covered_by_target_inventory,source_unavailable,source_unavailable,untyped_object_requires_key_level_review,not_covered_by_target_inventory,not_covered_by_target_inventory,source_unavailable,untyped_object_requires_key_level_review,source_unavailable,not_covered_by_target_inventory,source_unavailable,source_unavailable,source_unavailable,source_unavailable,not_covered_by_target_inventory,not_covered_by_target_inventory,not_covered_by_target_inventory,not_covered_by_target_inventory,not_covered_by_target_inventory,source_unavailable,untyped_object_requires_key_level_review,not_covered_by_target_inventory,not_covered_by_target_inventory,source_unavailable,not_covered_by_target_inventory,source_unavailable,source_unavailable,source_unavailable,source_unavailable,not_covered_by_target_inventory,not_covered_by_target_inventory,not_covered_by_target_inventory,not_covered_by_target_inventory,not_covered_by_target_inventory,source_unavailable,untyped_object_requires_key_level_review,not_covered_by_target_inventory,not_covered_by_target_inventory,source_unavailable,source_unavailable,source_unavailable,source_unavailable,source_unavailable,source_unavailable,source_unavailable,source_unavailable,source_unavailable,source_unavailable,source_unavailable,source_unavailable,source_unavailable,source_unavailable,source_unavailable,source_unavailable,source_unavailable,source_unavailable,source_unavailable,source_unavailable,source_unavailable,source_unavailable,source_unavailable,source_unavailable,not_covered_by_target_inventory,source_unavailable,source_unavailable,source_unavailable,source_unavailable,source_unavailable,source_unavailable,source_unavailable,source_unavailable,source_unavailable,source_unavailable,source_unavailable,source_unavailable,source_unavailable,source_unavailable,source_unavailable,source_unavailable,not_covered_by_target_inventory,source_unavailable,not_covered_by_current_audit,not_covered_by_current_audit,not_covered_by_current_audit,not_covered_by_current_audit,source_unavailable,source_unavailable,source_unavailable,source_unavailable,source_unavailable,source_unavailable,source_unavailable,untyped_object_requires_key_level_review,source_unavailable,source_unavailable,source_unavailable,source_unavailable,source_unavailable,source_unavailable,source_unavailable,source_unavailable,source_unavailable,source_unavailable,not_covered_by_current_audit,untyped_object_requires_key_level_review,untyped_object_requires_key_level_review
doi:10.1007/s00221-013-3532-2,Tool-use reshapes the boundaries of body and peripersonal space representations.,2013,10.1007/s00221-013-3532-2,supported_incomplete,2,doi:10.1007/s00221-013-3532-2::a | doi:10.1007/s00221-013-3532-2::b,not_covered_by_target_inventory,not_covered_by_target_inventory,not_covered_by_target_inventory,not_covered_by_target_inventory,untyped_object_requires_key_level_review,composite_parent_atomic_unreviewed,composite_parent_atomic_unreviewed,composite_parent_atomic_unreviewed,not_covered_by_target_inventory,not_covered_by_target_inventory,composite_parent_atomic_unreviewed,composite_parent_atomic_unreviewed,untyped_object_requires_key_level_review,not_covered_by_target_inventory,not_covered_by_target_inventory,composite_parent_atomic_unreviewed,untyped_object_requires_key_level_review,composite_parent_atomic_unreviewed,not_covered_by_target_inventory,composite_parent_atomic_unreviewed,composite_parent_atomic_unreviewed,composite_parent_atomic_unreviewed,composite_parent_atomic_unreviewed,not_covered_by_target_inventory,not_covered_by_target_inventory,not_covered_by_target_inventory,not_covered_by_target_inventory,not_covered_by_target_inventory,composite_parent_atomic_unreviewed,untyped_object_requires_key_level_review,not_covered_by_target_inventory,not_covered_by_target_inventory,composite_parent_atomic_unreviewed,not_covered_by_target_inventory,composite_parent_atomic_unreviewed,composite_parent_atomic_unreviewed,composite_parent_atomic_unreviewed,composite_parent_atomic_unreviewed,not_covered_by_target_inventory,not_covered_by_target_inventory,not_covered_by_target_inventory,not_covered_by_target_inventory,not_covered_by_target_inventory,composite_parent_atomic_unreviewed,untyped_object_requires_key_level_review,not_covered_by_target_inventory,not_covered_by_target_inventory,composite_parent_atomic_unreviewed,composite_parent_atomic_unreviewed,composite_parent_atomic_unreviewed,composite_parent_atomic_unreviewed,composite_parent_atomic_unreviewed,composite_parent_atomic_unreviewed,composite_parent_atomic_unreviewed,composite_parent_atomic_unreviewed,composite_parent_atomic_unreviewed,composite_parent_atomic_unreviewed,composite_parent_atomic_unreviewed,composite_parent_atomic_unreviewed,composite_parent_atomic_unreviewed,composite_parent_atomic_unreviewed,composite_parent_atomic_unreviewed,composite_parent_atomic_unreviewed,composite_parent_atomic_unreviewed,composite_parent_atomic_unreviewed,composite_parent_atomic_unreviewed,composite_parent_atomic_unreviewed,composite_parent_atomic_unreviewed,composite_parent_atomic_unreviewed,composite_parent_atomic_unreviewed,composite_parent_atomic_unreviewed,not_covered_by_target_inventory,composite_parent_atomic_unreviewed,composite_parent_atomic_unreviewed,composite_parent_atomic_unreviewed,composite_parent_atomic_unreviewed,composite_parent_atomic_unreviewed,composite_parent_atomic_unreviewed,composite_parent_atomic_unreviewed,composite_parent_atomic_unreviewed,composite_parent_atomic_unreviewed,composite_parent_atomic_unreviewed,composite_parent_atomic_unreviewed,composite_parent_atomic_unreviewed,composite_parent_atomic_unreviewed,composite_parent_atomic_unreviewed,composite_parent_atomic_unreviewed,composite_parent_atomic_unreviewed,not_covered_by_target_inventory,composite_parent_atomic_unreviewed,not_covered_by_current_audit,not_covered_by_current_audit,not_covered_by_current_audit,not_covered_by_current_audit,composite_parent_atomic_unreviewed,composite_parent_atomic_unreviewed,composite_parent_atomic_unreviewed,composite_parent_atomic_unreviewed,composite_parent_atomic_unreviewed,composite_parent_atomic_unreviewed,composite_parent_atomic_unreviewed,untyped_object_requires_key_level_review,composite_parent_atomic_unreviewed,composite_parent_atomic_unreviewed,composite_parent_atomic_unreviewed,composite_parent_atomic_unreviewed,composite_parent_atomic_unreviewed,composite_parent_atomic_unreviewed,composite_parent_atomic_unreviewed,composite_parent_atomic_unreviewed,composite_parent_atomic_unreviewed,composite_parent_atomic_unreviewed,not_covered_by_current_audit,untyped_object_requires_key_level_review,untyped_object_requires_key_level_review
doi:10.1007/s00221-013-3574-5,Audiotactile interactions beyond the space and body parts around the head,2013,10.1007/s00221-013-3574-5,supported_incomplete,1,doi:10.1007/s00221-013-3574-5,not_covered_by_target_inventory,not_covered_by_target_inventory,not_covered_by_target_inventory,not_covered_by_target_inventory,untyped_object_requires_key_level_review,source_unavailable,source_unavailable,source_unavailable,not_covered_by_target_inventory,not_covered_by_target_inventory,source_unavailable,source_unavailable,untyped_object_requires_key_level_review,not_covered_by_target_inventory,not_covered_by_target_inventory,source_unavailable,untyped_object_requires_key_level_review,source_unavailable,not_covered_by_target_inventory,source_unavailable,source_unavailable,source_unavailable,source_unavailable,not_covered_by_target_inventory,not_covered_by_target_inventory,not_covered_by_target_inventory,not_covered_by_target_inventory,not_covered_by_target_inventory,source_unavailable,untyped_object_requires_key_level_review,not_covered_by_target_inventory,not_covered_by_target_inventory,source_unavailable,not_covered_by_target_inventory,source_unavailable,source_unavailable,source_unavailable,source_unavailable,not_covered_by_target_inventory,not_covered_by_target_inventory,not_covered_by_target_inventory,not_covered_by_target_inventory,not_covered_by_target_inventory,source_unavailable,untyped_object_requires_key_level_review,not_covered_by_target_inventory,not_covered_by_target_inventory,source_unavailable,source_unavailable,source_unavailable,source_unavailable,source_unavailable,source_unavailable,source_unavailable,source_unavailable,source_unavailable,source_unavailable,source_unavailable,source_unavailable,source_unavailable,source_unavailable,source_unavailable,source_unavailable,source_unavailable,source_unavailable,source_unavailable,source_unavailable,source_unavailable,source_unavailable,source_unavailable,source_unavailable,not_covered_by_target_inventory,source_unavailable,source_unavailable,source_unavailable,source_unavailable,source_unavailable,source_unavailable,source_unavailable,source_unavailable,source_unavailable,source_unavailable,source_unavailable,source_unavailable,source_unavailable,source_unavailable,source_unavailable,source_unavailable,not_covered_by_target_inventory,source_unavailable,not_covered_by_current_audit,not_covered_by_current_audit,not_covered_by_current_audit,not_covered_by_current_audit,source_unavailable,source_unavailable,source_unavailable,source_unavailable,source_unavailable,source_unavailable,source_unavailable,untyped_object_requires_key_level_review,source_unavailable,source_unavailable,source_unavailable,source_unavailable,source_unavailable,source_unavailable,source_unavailable,source_unavailable,source_unavailable,source_unavailable,not_covered_by_current_audit,untyped_object_requires_key_level_review,untyped_object_requires_key_level_review
doi:10.1007/s00221-017-5158-2,Anisotropy of lateral peripersonal space is linked to handedness.,2018,10.1007/s00221-017-5158-2,supported_incomplete,1,doi:10.1007/s00221-017-5158-2,not_covered_by_target_inventory,not_covered_by_target_inventory,not_covered_by_target_inventory,not_covered_by_target_inventory,untyped_object_requires_key_level_review,source_unavailable,source_unavailable,source_unavailable,not_covered_by_target_inventory,not_covered_by_target_inventory,source_unavailable,source_unavailable,untyped_object_requires_key_level_review,not_covered_by_target_inventory,not_covered_by_target_inventory,source_unavailable,untyped_object_requires_key_level_review,source_unavailable,not_covered_by_target_inventory,source_unavailable,source_unavailable,source_unavailable,source_unavailable,not_covered_by_target_inventory,not_covered_by_target_inventory,not_covered_by_target_inventory,not_covered_by_target_inventory,not_covered_by_target_inventory,source_unavailable,untyped_object_requires_key_level_review,not_covered_by_target_inventory,not_covered_by_target_inventory,source_unavailable,not_covered_by_target_inventory,source_unavailable,source_unavailable,source_unavailable,source_unavailable,not_covered_by_target_inventory,not_covered_by_target_inventory,not_covered_by_target_inventory,not_covered_by_target_inventory,not_covered_by_target_inventory,source_unavailable,untyped_object_requires_key_level_review,not_covered_by_target_inventory,not_covered_by_target_inventory,source_unavailable,source_unavailable,source_unavailable,source_unavailable,source_unavailable,source_unavailable,source_unavailable,source_unavailable,source_unavailable,source_unavailable,source_unavailable,source_unavailable,source_unavailable,source_unavailable,source_unavailable,source_unavailable,source_unavailable,source_unavailable,source_unavailable,source_unavailable,source_unavailable,source_unavailable,source_unavailable,source_unavailable,not_covered_by_target_inventory,source_unavailable,source_unavailable,source_unavailable,source_unavailable,source_unavailable,source_unavailable,source_unavailable,source_unavailable,source_unavailable,source_unavailable,source_unavailable,source_unavailable,source_unavailable,source_unavailable,source_unavailable,source_unavailable,not_covered_by_target_inventory,source_unavailable,not_covered_by_current_audit,not_covered_by_current_audit,not_covered_by_current_audit,not_covered_by_current_audit,source_unavailable,source_unavailable,source_unavailable,source_unavailable,source_unavailable,source_unavailable,source_unavailable,untyped_object_requires_key_level_review,source_unavailable,source_unavailable,source_unavailable,source_unavailable,source_unavailable,source_unavailable,source_unavailable,source_unavailable,source_unavailable,source_unavailable,not_covered_by_current_audit,untyped_object_requires_key_level_review,untyped_object_requires_key_level_review
doi:10.1007/s00221-019-05469-3,Enhanced audio-tactile multisensory interaction in a peripersonal task after echolocation.,2019,10.1007/s00221-019-05469-3,runnable,1,doi:10.1007/s00221-019-05469-3,not_covered_by_target_inventory,not_covered_by_target_inventory,not_covered_by_target_inventory,not_covered_by_target_inventory,untyped_object_requires_key_level_review,parent_reported_atomic_unreviewed,parent_reported_atomic_unreviewed,parent_reported_atomic_unreviewed,not_covered_by_target_inventory,not_covered_by_target_inventory,parent_reviewed_missing,parent_reported_atomic_unreviewed,untyped_object_requires_key_level_review,not_covered_by_target_inventory,not_covered_by_target_inventory,parent_reported_atomic_unreviewed,untyped_object_requires_key_level_review,parent_reported_atomic_unreviewed,not_covered_by_target_inventory,parent_reported_atomic_unreviewed,parent_reported_atomic_unreviewed,parent_reported_atomic_unreviewed,parent_reviewed_missing,not_covered_by_target_inventory,not_covered_by_target_inventory,not_covered_by_target_inventory,not_covered_by_target_inventory,not_covered_by_target_inventory,parent_reported_atomic_unreviewed,untyped_object_requires_key_level_review,not_covered_by_target_inventory,not_covered_by_target_inventory,parent_reported_atomic_unreviewed,not_covered_by_target_inventory,parent_reported_atomic_unreviewed,parent_reported_atomic_unreviewed,parent_reported_atomic_unreviewed,parent_reviewed_missing,not_covered_by_target_inventory,not_covered_by_target_inventory,not_covered_by_target_inventory,not_covered_by_target_inventory,not_covered_by_target_inventory,parent_reported_atomic_unreviewed,untyped_object_requires_key_level_review,not_covered_by_target_inventory,not_covered_by_target_inventory,parent_reported_atomic_unreviewed,parent_reported_atomic_unreviewed,parent_reported_atomic_unreviewed,parent_reported_atomic_unreviewed,parent_reported_atomic_unreviewed,parent_reported_atomic_unreviewed,parent_reported_atomic_unreviewed,parent_reported_atomic_unreviewed,parent_reported_atomic_unreviewed,parent_reported_atomic_unreviewed,parent_reported_atomic_unreviewed,parent_reported_atomic_unreviewed,parent_reported_atomic_unreviewed,parent_reported_atomic_unreviewed,parent_reported_atomic_unreviewed,parent_reported_atomic_unreviewed,parent_reported_atomic_unreviewed,parent_reported_atomic_unreviewed,parent_reviewed_missing,parent_reported_atomic_unreviewed,parent_reported_atomic_unreviewed,multiple_target_review_states,multiple_target_review_states,multiple_target_review_states,not_covered_by_target_inventory,parent_reported_atomic_unreviewed,parent_reported_atomic_unreviewed,parent_reported_atomic_unreviewed,parent_reported_atomic_unreviewed,parent_reported_atomic_unreviewed,parent_reported_atomic_unreviewed,parent_reported_atomic_unreviewed,parent_reported_atomic_unreviewed,parent_reported_atomic_unreviewed,parent_reported_atomic_unreviewed,parent_reported_atomic_unreviewed,parent_reported_atomic_unreviewed,parent_reported_atomic_unreviewed,parent_reported_atomic_unreviewed,parent_reported_atomic_unreviewed,parent_reported_atomic_unreviewed,not_covered_by_target_inventory,parent_reported_atomic_unreviewed,not_covered_by_current_audit,not_covered_by_current_audit,not_covered_by_current_audit,not_covered_by_current_audit,parent_reported_atomic_unreviewed,parent_reported_atomic_unreviewed,parent_reported_atomic_unreviewed,parent_reported_atomic_unreviewed,parent_reported_atomic_unreviewed,multiple_target_review_states,multiple_target_review_states,untyped_object_requires_key_level_review,parent_reported_atomic_unreviewed,parent_reported_atomic_unreviewed,parent_reported_atomic_unreviewed,parent_reported_atomic_unreviewed,parent_reported_atomic_unreviewed,parent_reported_atomic_unreviewed,parent_reported_atomic_unreviewed,parent_reported_atomic_unreviewed,parent_reported_atomic_unreviewed,parent_reported_atomic_unreviewed,not_covered_by_current_audit,untyped_object_requires_key_level_review,untyped_object_requires_key_level_review
doi:10.1007/s00221-020-05771-5,Do sounds near the hand facilitate tactile reaction times? Four experiments and a meta-analysis provide mixed support and suggest a small effect size.,2020,10.1007/s00221-020-05771-5,supported_incomplete,4,doi:10.1007/s00221-020-05771-5::a | doi:10.1007/s00221-020-05771-5::b | doi:10.1007/s00221-020-05771-5::c | doi:10.1007/s00221-020-05771-5::d,not_covered_by_target_inventory,not_covered_by_target_inventory,not_covered_by_target_inventory,not_covered_by_target_inventory,untyped_object_requires_key_level_review,composite_parent_atomic_unreviewed,composite_parent_atomic_unreviewed,composite_parent_atomic_unreviewed,not_covered_by_target_inventory,not_covered_by_target_inventory,composite_parent_atomic_unreviewed,composite_parent_atomic_unreviewed,untyped_object_requires_key_level_review,not_covered_by_target_inventory,not_covered_by_target_inventory,composite_parent_atomic_unreviewed,untyped_object_requires_key_level_review,composite_parent_atomic_unreviewed,not_covered_by_target_inventory,composite_parent_atomic_unreviewed,composite_parent_atomic_unreviewed,composite_parent_atomic_unreviewed,composite_parent_atomic_unreviewed,not_covered_by_target_inventory,not_covered_by_target_inventory,not_covered_by_target_inventory,not_covered_by_target_inventory,not_covered_by_target_inventory,composite_parent_atomic_unreviewed,untyped_object_requires_key_level_review,not_covered_by_target_inventory,not_covered_by_target_inventory,composite_parent_atomic_unreviewed,not_covered_by_target_inventory,composite_parent_atomic_unreviewed,composite_parent_atomic_unreviewed,composite_parent_atomic_unreviewed,composite_parent_atomic_unreviewed,not_covered_by_target_inventory,not_covered_by_target_inventory,not_covered_by_target_inventory,not_covered_by_target_inventory,not_covered_by_target_inventory,composite_parent_atomic_unreviewed,untyped_object_requires_key_level_review,not_covered_by_target_inventory,not_covered_by_target_inventory,composite_parent_atomic_unreviewed,composite_parent_atomic_unreviewed,composite_parent_atomic_unreviewed,composite_parent_atomic_unreviewed,composite_parent_atomic_unreviewed,composite_parent_atomic_unreviewed,composite_parent_atomic_unreviewed,composite_parent_atomic_unreviewed,composite_parent_atomic_unreviewed,composite_parent_atomic_unreviewed,composite_parent_atomic_unreviewed,composite_parent_atomic_unreviewed,composite_parent_atomic_unreviewed,composite_parent_atomic_unreviewed,composite_parent_atomic_unreviewed,composite_parent_atomic_unreviewed,composite_parent_atomic_unreviewed,composite_parent_atomic_unreviewed,composite_parent_atomic_unreviewed,composite_parent_atomic_unreviewed,composite_parent_atomic_unreviewed,composite_parent_atomic_unreviewed,composite_parent_atomic_unreviewed,composite_parent_atomic_unreviewed,not_covered_by_target_inventory,composite_parent_atomic_unreviewed,composite_parent_atomic_unreviewed,composite_parent_atomic_unreviewed,composite_parent_atomic_unreviewed,composite_parent_atomic_unreviewed,composite_parent_atomic_unreviewed,composite_parent_atomic_unreviewed,composite_parent_atomic_unreviewed,composite_parent_atomic_unreviewed,composite_parent_atomic_unreviewed,composite_parent_atomic_unreviewed,composite_parent_atomic_unreviewed,composite_parent_atomic_unreviewed,composite_parent_atomic_unreviewed,composite_parent_atomic_unreviewed,composite_parent_atomic_unreviewed,not_covered_by_target_inventory,composite_parent_atomic_unreviewed,not_covered_by_current_audit,not_covered_by_current_audit,not_covered_by_current_audit,not_covered_by_current_audit,composite_parent_atomic_unreviewed,composite_parent_atomic_unreviewed,composite_parent_atomic_unreviewed,composite_parent_atomic_unreviewed,composite_parent_atomic_unreviewed,composite_parent_atomic_unreviewed,composite_parent_atomic_unreviewed,untyped_object_requires_key_level_review,composite_parent_atomic_unreviewed,composite_parent_atomic_unreviewed,composite_parent_atomic_unreviewed,composite_parent_atomic_unreviewed,composite_parent_atomic_unreviewed,composite_parent_atomic_unreviewed,composite_parent_atomic_unreviewed,composite_parent_atomic_unreviewed,composite_parent_atomic_unreviewed,composite_parent_atomic_unreviewed,not_covered_by_current_audit,untyped_object_requires_key_level_review,untyped_object_requires_key_level_review
doi:10.1007/s00221-024-06782-2,Comparison of peripersonal space in front and rear spaces.,2024,10.1007/s00221-024-06782-2,supported_incomplete,1,doi:10.1007/s00221-024-06782-2,not_covered_by_target_inventory,not_covered_by_target_inventory,not_covered_by_target_inventory,not_covered_by_target_inventory,untyped_object_requires_key_level_review,source_unavailable,parent_low_confidence_atomic_unreviewed,source_unavailable,not_covered_by_target_inventory,not_covered_by_target_inventory,source_unavailable,source_unavailable,untyped_object_requires_key_level_review,not_covered_by_target_inventory,not_covered_by_target_inventory,parent_low_confidence_atomic_unreviewed,untyped_object_requires_key_level_review,parent_low_confidence_atomic_unreviewed,not_covered_by_target_inventory,source_unavailable,source_unavailable,source_unavailable,source_unavailable,not_covered_by_target_inventory,not_covered_by_target_inventory,not_covered_by_target_inventory,not_covered_by_target_inventory,not_covered_by_target_inventory,parent_low_confidence_atomic_unreviewed,untyped_object_requires_key_level_review,not_covered_by_target_inventory,not_covered_by_target_inventory,parent_low_confidence_atomic_unreviewed,not_covered_by_target_inventory,source_unavailable,source_unavailable,source_unavailable,source_unavailable,not_covered_by_target_inventory,not_covered_by_target_inventory,not_covered_by_target_inventory,not_covered_by_target_inventory,not_covered_by_target_inventory,parent_low_confidence_atomic_unreviewed,untyped_object_requires_key_level_review,not_covered_by_target_inventory,not_covered_by_target_inventory,parent_low_confidence_atomic_unreviewed,parent_low_confidence_atomic_unreviewed,parent_low_confidence_atomic_unreviewed,parent_low_confidence_atomic_unreviewed,parent_low_confidence_atomic_unreviewed,parent_low_confidence_atomic_unreviewed,parent_low_confidence_atomic_unreviewed,parent_low_confidence_atomic_unreviewed,parent_low_confidence_atomic_unreviewed,parent_low_confidence_atomic_unreviewed,parent_low_confidence_atomic_unreviewed,source_unavailable,parent_low_confidence_atomic_unreviewed,parent_low_confidence_atomic_unreviewed,parent_low_confidence_atomic_unreviewed,source_unavailable,source_unavailable,source_unavailable,source_unavailable,parent_low_confidence_atomic_unreviewed,parent_low_confidence_atomic_unreviewed,multiple_target_review_states,multiple_target_review_states,multiple_target_review_states,not_covered_by_target_inventory,source_unavailable,parent_low_confidence_atomic_unreviewed,parent_low_confidence_atomic_unreviewed,parent_low_confidence_atomic_unreviewed,parent_low_confidence_atomic_unreviewed,parent_low_confidence_atomic_unreviewed,parent_low_confidence_atomic_unreviewed,parent_low_confidence_atomic_unreviewed,parent_low_confidence_atomic_unreviewed,source_unavailable,source_unavailable,parent_low_confidence_atomic_unreviewed,parent_low_confidence_atomic_unreviewed,source_unavailable,source_unavailable,parent_low_confidence_atomic_unreviewed,not_covered_by_target_inventory,source_unavailable,not_covered_by_current_audit,not_covered_by_current_audit,not_covered_by_current_audit,not_covered_by_current_audit,parent_low_confidence_atomic_unreviewed,parent_low_confidence_atomic_unreviewed,parent_low_confidence_atomic_unreviewed,parent_low_confidence_atomic_unreviewed,parent_low_confidence_atomic_unreviewed,multiple_target_review_states,multiple_target_review_states,untyped_object_requires_key_level_review,parent_low_confidence_atomic_unreviewed,parent_low_confidence_atomic_unreviewed,parent_low_confidence_atomic_unreviewed,parent_low_confidence_atomic_unreviewed,parent_low_confidence_atomic_unreviewed,source_unavailable,source_unavailable,source_unavailable,source_unavailable,source_unavailable,not_covered_by_current_audit,untyped_object_requires_key_level_review,untyped_object_requires_key_level_review
doi:10.1007/s00426-020-01365-6,Does musical interaction in a jazz duet modulate peripersonal space?,2021,10.1007/s00426-020-01365-6,supported_incomplete,1,doi:10.1007/s00426-020-01365-6,not_covered_by_target_inventory,not_covered_by_target_inventory,not_covered_by_target_inventory,not_covered_by_target_inventory,untyped_object_requires_key_level_review,source_unavailable,source_unavailable,source_unavailable,not_covered_by_target_inventory,not_covered_by_target_inventory,source_unavailable,source_unavailable,untyped_object_requires_key_level_review,not_covered_by_target_inventory,not_covered_by_target_inventory,source_unavailable,untyped_object_requires_key_level_review,source_unavailable,not_covered_by_target_inventory,source_unavailable,source_unavailable,source_unavailable,source_unavailable,not_covered_by_target_inventory,not_covered_by_target_inventory,not_covered_by_target_inventory,not_covered_by_target_inventory,not_covered_by_target_inventory,source_unavailable,untyped_object_requires_key_level_review,not_covered_by_target_inventory,not_covered_by_target_inventory,source_unavailable,not_covered_by_target_inventory,source_unavailable,source_unavailable,source_unavailable,source_unavailable,not_covered_by_target_inventory,not_covered_by_target_inventory,not_covered_by_target_inventory,not_covered_by_target_inventory,not_covered_by_target_inventory,source_unavailable,untyped_object_requires_key_level_review,not_covered_by_target_inventory,not_covered_by_target_inventory,source_unavailable,source_unavailable,source_unavailable,source_unavailable,source_unavailable,source_unavailable,source_unavailable,source_unavailable,source_unavailable,source_unavailable,source_unavailable,source_unavailable,source_unavailable,source_unavailable,source_unavailable,source_unavailable,source_unavailable,source_unavailable,source_unavailable,source_unavailable,source_unavailable,source_unavailable,source_unavailable,source_unavailable,not_covered_by_target_inventory,source_unavailable,source_unavailable,source_unavailable,source_unavailable,source_unavailable,source_unavailable,source_unavailable,source_unavailable,source_unavailable,source_unavailable,source_unavailable,source_unavailable,source_unavailable,source_unavailable,source_unavailable,source_unavailable,not_covered_by_target_inventory,source_unavailable,not_covered_by_current_audit,not_covered_by_current_audit,not_covered_by_current_audit,not_covered_by_current_audit,parent_low_confidence_atomic_unreviewed,parent_low_confidence_atomic_unreviewed,parent_low_confidence_atomic_unreviewed,parent_low_confidence_atomic_unreviewed,parent_low_confidence_atomic_unreviewed,multiple_target_review_states,multiple_target_review_states,untyped_object_requires_key_level_review,parent_low_confidence_atomic_unreviewed,parent_low_confidence_atomic_unreviewed,parent_low_confidence_atomic_unreviewed,parent_low_confidence_atomic_unreviewed,parent_low_confidence_atomic_unreviewed,source_unavailable,source_unavailable,source_unavailable,source_unavailable,source_unavailable,not_covered_by_current_audit,untyped_object_requires_key_level_review,untyped_object_requires_key_level_review
doi:10.1007/s10548-021-00826-4,Slow Resting State Fluctuations Enhance Neuronal and Behavioral Responses to Looming Sounds,2021,10.1007/s10548-021-00826-4,not_assessed,1,doi:10.1007/s10548-021-00826-4,not_covered_by_target_inventory,not_covered_by_target_inventory,not_covered_by_target_inventory,not_covered_by_target_inventory,untyped_object_requires_key_level_review,not_assessed,not_assessed,not_assessed,not_covered_by_target_inventory,not_covered_by_target_inventory,not_assessed,not_assessed,untyped_object_requires_key_level_review,not_covered_by_target_inventory,not_covered_by_target_inventory,not_assessed,untyped_object_requires_key_level_review,not_assessed,not_covered_by_target_inventory,not_assessed,not_assessed,not_assessed,not_assessed,not_covered_by_target_inventory,not_covered_by_target_inventory,not_covered_by_target_inventory,not_covered_by_target_inventory,not_covered_by_target_inventory,not_assessed,untyped_object_requires_key_level_review,not_covered_by_target_inventory,not_covered_by_target_inventory,not_assessed,not_covered_by_target_inventory,not_assessed,not_assessed,not_assessed,not_assessed,not_covered_by_target_inventory,not_covered_by_target_inventory,not_covered_by_target_inventory,not_covered_by_target_inventory,not_covered_by_target_inventory,not_assessed,untyped_object_requires_key_level_review,not_covered_by_target_inventory,not_covered_by_target_inventory,not_assessed,not_assessed,not_assessed,not_assessed,not_assessed,not_assessed,not_assessed,not_assessed,not_assessed,not_assessed,not_assessed,not_assessed,not_assessed,not_assessed,not_assessed,not_assessed,not_assessed,not_assessed,not_assessed,not_assessed,not_assessed,not_assessed,not_assessed,not_assessed,not_covered_by_target_inventory,not_assessed,not_assessed,not_assessed,not_assessed,not_assessed,not_assessed,not_assessed,not_assessed,not_assessed,not_assessed,not_assessed,not_assessed,not_assessed,not_assessed,not_assessed,not_assessed,not_covered_by_target_inventory,not_assessed,not_covered_by_current_audit,not_covered_by_current_audit,not_covered_by_current_audit,not_covered_by_current_audit,not_assessed,not_assessed,not_assessed,not_assessed,not_assessed,not_assessed,not_assessed,untyped_object_requires_key_level_review,not_assessed,not_assessed,not_assessed,not_assessed,not_assessed,not_assessed,not_assessed,not_assessed,not_assessed,not_assessed,not_covered_by_current_audit,untyped_object_requires_key_level_review,untyped_object_requires_key_level_review
doi:10.1016/j.actpsy.2004.10.017,Audiotactile temporal order judgments.,2005,10.1016/j.actpsy.2004.10.017,not_assessed,1,doi:10.1016/j.actpsy.2004.10.017,not_covered_by_target_inventory,not_covered_by_target_inventory,not_covered_by_target_inventory,not_covered_by_target_inventory,untyped_object_requires_key_level_review,not_assessed,not_assessed,not_assessed,not_covered_by_target_inventory,not_covered_by_target_inventory,not_assessed,not_assessed,untyped_object_requires_key_level_review,not_covered_by_target_inventory,not_covered_by_target_inventory,not_assessed,untyped_object_requires_key_level_review,not_assessed,not_covered_by_target_inventory,not_assessed,not_assessed,not_assessed,not_assessed,not_covered_by_target_inventory,not_covered_by_target_inventory,not_covered_by_target_inventory,not_covered_by_target_inventory,not_covered_by_target_inventory,not_assessed,untyped_object_requires_key_level_review,not_covered_by_target_inventory,not_covered_by_target_inventory,not_assessed,not_covered_by_target_inventory,not_assessed,not_assessed,not_assessed,not_assessed,not_covered_by_target_inventory,not_covered_by_target_inventory,not_covered_by_target_inventory,not_covered_by_target_inventory,not_covered_by_target_inventory,not_assessed,untyped_object_requires_key_level_review,not_covered_by_target_inventory,not_covered_by_target_inventory,not_assessed,not_assessed,not_assessed,not_assessed,not_assessed,not_assessed,not_assessed,not_assessed,not_assessed,not_assessed,not_assessed,not_assessed,not_assessed,not_assessed,not_assessed,not_assessed,not_assessed,not_assessed,not_assessed,not_assessed,not_assessed,not_assessed,not_assessed,not_assessed,not_covered_by_target_inventory,not_assessed,not_assessed,not_assessed,not_assessed,not_assessed,not_assessed,not_assessed,not_assessed,not_assessed,not_assessed,not_assessed,not_assessed,not_assessed,not_assessed,not_assessed,not_assessed,not_covered_by_target_inventory,not_assessed,not_covered_by_current_audit,not_covered_by_current_audit,not_covered_by_current_audit,not_covered_by_current_audit,not_assessed,not_assessed,not_assessed,not_assessed,not_assessed,not_assessed,not_assessed,untyped_object_requires_key_level_review,not_assessed,not_assessed,not_assessed,not_assessed,not_assessed,not_assessed,not_assessed,not_assessed,not_assessed,not_assessed,not_covered_by_current_audit,untyped_object_requires_key_level_review,untyped_object_requires_key_level_review
doi:10.1016/j.actpsy.2011.01.003,Performance in haptic geometrical matching tasks depends on movement and position of the arms.,2011,10.1016/j.actpsy.2011.01.003,not_assessed,1,doi:10.1016/j.actpsy.2011.01.003,not_covered_by_target_inventory,not_covered_by_target_inventory,not_covered_by_target_inventory,not_covered_by_target_inventory,untyped_object_requires_key_level_review,not_assessed,not_assessed,not_assessed,not_covered_by_target_inventory,not_covered_by_target_inventory,not_assessed,not_assessed,untyped_object_requires_key_level_review,not_covered_by_target_inventory,not_covered_by_target_inventory,not_assessed,untyped_object_requires_key_level_review,not_assessed,not_covered_by_target_inventory,not_assessed,not_assessed,not_assessed,not_assessed,not_covered_by_target_inventory,not_covered_by_target_inventory,not_covered_by_target_inventory,not_covered_by_target_inventory,not_covered_by_target_inventory,not_assessed,untyped_object_requires_key_level_review,not_covered_by_target_inventory,not_covered_by_target_inventory,not_assessed,not_covered_by_target_inventory,not_assessed,not_assessed,not_assessed,not_assessed,not_covered_by_target_inventory,not_covered_by_target_inventory,not_covered_by_target_inventory,not_covered_by_target_inventory,not_covered_by_target_inventory,not_assessed,untyped_object_requires_key_level_review,not_covered_by_target_inventory,not_covered_by_target_inventory,not_assessed,not_assessed,not_assessed,not_assessed,not_assessed,not_assessed,not_assessed,not_assessed,not_assessed,not_assessed,not_assessed,not_assessed,not_assessed,not_assessed,not_assessed,not_assessed,not_assessed,not_assessed,not_assessed,not_assessed,not_assessed,not_assessed,not_assessed,not_assessed,not_covered_by_target_inventory,not_assessed,not_assessed,not_assessed,not_assessed,not_assessed,not_assessed,not_assessed,not_assessed,not_assessed,not_assessed,not_assessed,not_assessed,not_assessed,not_assessed,not_assessed,not_assessed,not_covered_by_target_inventory,not_assessed,not_covered_by_current_audit,not_covered_by_current_audit,not_covered_by_current_audit,not_covered_by_current_audit,not_assessed,not_assessed,not_assessed,not_assessed,not_assessed,not_assessed,not_assessed,untyped_object_requires_key_level_review,not_assessed,not_assessed,not_assessed,not_assessed,not_assessed,not_assessed,not_assessed,not_assessed,not_assessed,not_assessed,not_covered_by_current_audit,untyped_object_requires_key_level_review,untyped_object_requires_key_level_review
doi:10.1016/j.bodyim.2024.101777,The impact of body image on social cognition: Fear of negative evaluation mediates the relationship between body surveillance and interpersonal distance in women.,2024,10.1016/j.bodyim.2024.101777,supported_incomplete,1,doi:10.1016/j.bodyim.2024.101777,not_covered_by_target_inventory,not_covered_by_target_inventory,not_covered_by_target_inventory,not_covered_by_target_inventory,untyped_object_requires_key_level_review,source_unavailable,source_unavailable,source_unavailable,not_covered_by_target_inventory,not_covered_by_target_inventory,source_unavailable,source_unavailable,untyped_object_requires_key_level_review,not_covered_by_target_inventory,not_covered_by_target_inventory,source_unavailable,untyped_object_requires_key_level_review,source_unavailable,not_covered_by_target_inventory,source_unavailable,source_unavailable,source_unavailable,source_unavailable,not_covered_by_target_inventory,not_covered_by_target_inventory,not_covered_by_target_inventory,not_covered_by_target_inventory,not_covered_by_target_inventory,source_unavailable,untyped_object_requires_key_level_review,not_covered_by_target_inventory,not_covered_by_target_inventory,source_unavailable,not_covered_by_target_inventory,source_unavailable,source_unavailable,source_unavailable,source_unavailable,not_covered_by_target_inventory,not_covered_by_target_inventory,not_covered_by_target_inventory,not_covered_by_target_inventory,not_covered_by_target_inventory,source_unavailable,untyped_object_requires_key_level_review,not_covered_by_target_inventory,not_covered_by_target_inventory,source_unavailable,source_unavailable,source_unavailable,source_unavailable,source_unavailable,source_unavailable,source_unavailable,source_unavailable,source_unavailable,source_unavailable,source_unavailable,source_unavailable,source_unavailable,source_unavailable,source_unavailable,source_unavailable,source_unavailable,source_unavailable,source_unavailable,source_unavailable,source_unavailable,source_unavailable,source_unavailable,source_unavailable,not_covered_by_target_inventory,source_unavailable,source_unavailable,source_unavailable,source_unavailable,source_unavailable,source_unavailable,source_unavailable,source_unavailable,source_unavailable,source_unavailable,source_unavailable,source_unavailable,source_unavailable,source_unavailable,source_unavailable,source_unavailable,not_covered_by_target_inventory,source_unavailable,not_covered_by_current_audit,not_covered_by_current_audit,not_covered_by_current_audit,not_covered_by_current_audit,source_unavailable,source_unavailable,source_unavailable,source_unavailable,source_unavailable,source_unavailable,source_unavailable,untyped_object_requires_key_level_review,source_unavailable,source_unavailable,source_unavailable,source_unavailable,source_unavailable,source_unavailable,source_unavailable,source_unavailable,source_unavailable,source_unavailable,not_covered_by_current_audit,untyped_object_requires_key_level_review,untyped_object_requires_key_level_review
doi:10.1016/j.cognition.2015.07.012,Peripersonal space as the space of the bodily self.,2015,10.1016/j.cognition.2015.07.012,runnable,3,doi:10.1016/j.cognition.2015.07.012::a | doi:10.1016/j.cognition.2015.07.012::b | doi:10.1016/j.cognition.2015.07.012::c,not_covered_by_target_inventory,not_covered_by_target_inventory,not_covered_by_target_inventory,not_covered_by_target_inventory,untyped_object_requires_key_level_review,composite_parent_atomic_unreviewed,composite_parent_atomic_unreviewed,composite_parent_atomic_unreviewed,not_covered_by_target_inventory,not_covered_by_target_inventory,composite_parent_atomic_unreviewed,composite_parent_atomic_unreviewed,untyped_object_requires_key_level_review,not_covered_by_target_inventory,not_covered_by_target_inventory,composite_parent_atomic_unreviewed,untyped_object_requires_key_level_review,composite_parent_atomic_unreviewed,not_covered_by_target_inventory,composite_parent_atomic_unreviewed,composite_parent_atomic_unreviewed,composite_parent_atomic_unreviewed,composite_parent_atomic_unreviewed,not_covered_by_target_inventory,not_covered_by_target_inventory,not_covered_by_target_inventory,not_covered_by_target_inventory,not_covered_by_target_inventory,composite_parent_atomic_unreviewed,untyped_object_requires_key_level_review,not_covered_by_target_inventory,not_covered_by_target_inventory,composite_parent_atomic_unreviewed,not_covered_by_target_inventory,composite_parent_atomic_unreviewed,composite_parent_atomic_unreviewed,composite_parent_atomic_unreviewed,composite_parent_atomic_unreviewed,not_covered_by_target_inventory,not_covered_by_target_inventory,not_covered_by_target_inventory,not_covered_by_target_inventory,not_covered_by_target_inventory,composite_parent_atomic_unreviewed,untyped_object_requires_key_level_review,not_covered_by_target_inventory,not_covered_by_target_inventory,composite_parent_atomic_unreviewed,composite_parent_atomic_unreviewed,composite_parent_atomic_unreviewed,composite_parent_atomic_unreviewed,composite_parent_atomic_unreviewed,composite_parent_atomic_unreviewed,composite_parent_atomic_unreviewed,composite_parent_atomic_unreviewed,composite_parent_atomic_unreviewed,composite_parent_atomic_unreviewed,composite_parent_atomic_unreviewed,composite_parent_atomic_unreviewed,composite_parent_atomic_unreviewed,composite_parent_atomic_unreviewed,composite_parent_atomic_unreviewed,composite_parent_atomic_unreviewed,composite_parent_atomic_unreviewed,composite_parent_atomic_unreviewed,composite_parent_atomic_unreviewed,composite_parent_atomic_unreviewed,composite_parent_atomic_unreviewed,composite_parent_atomic_unreviewed,composite_parent_atomic_unreviewed,composite_parent_atomic_unreviewed,not_covered_by_target_inventory,composite_parent_atomic_unreviewed,composite_parent_atomic_unreviewed,composite_parent_atomic_unreviewed,composite_parent_atomic_unreviewed,composite_parent_atomic_unreviewed,composite_parent_atomic_unreviewed,composite_parent_atomic_unreviewed,composite_parent_atomic_unreviewed,composite_parent_atomic_unreviewed,composite_parent_atomic_unreviewed,composite_parent_atomic_unreviewed,composite_parent_atomic_unreviewed,composite_parent_atomic_unreviewed,composite_parent_atomic_unreviewed,composite_parent_atomic_unreviewed,composite_parent_atomic_unreviewed,not_covered_by_target_inventory,composite_parent_atomic_unreviewed,not_covered_by_current_audit,not_covered_by_current_audit,not_covered_by_current_audit,not_covered_by_current_audit,composite_parent_atomic_unreviewed,composite_parent_atomic_unreviewed,composite_parent_atomic_unreviewed,composite_parent_atomic_unreviewed,composite_parent_atomic_unreviewed,composite_parent_atomic_unreviewed,composite_parent_atomic_unreviewed,untyped_object_requires_key_level_review,composite_parent_atomic_unreviewed,composite_parent_atomic_unreviewed,composite_parent_atomic_unreviewed,composite_parent_atomic_unreviewed,composite_parent_atomic_unreviewed,composite_parent_atomic_unreviewed,composite_parent_atomic_unreviewed,composite_parent_atomic_unreviewed,composite_parent_atomic_unreviewed,composite_parent_atomic_unreviewed,not_covered_by_current_audit,untyped_object_requires_key_level_review,untyped_object_requires_key_level_review
doi:10.1016/j.cognition.2018.04.001,Interoceptive influences on peripersonal space boundary.,2018,10.1016/j.cognition.2018.04.001,supported_incomplete,1,doi:10.1016/j.cognition.2018.04.001,not_covered_by_target_inventory,not_covered_by_target_inventory,not_covered_by_target_inventory,not_covered_by_target_inventory,untyped_object_requires_key_level_review,source_unavailable,source_unavailable,source_unavailable,not_covered_by_target_inventory,not_covered_by_target_inventory,source_unavailable,source_unavailable,untyped_object_requires_key_level_review,not_covered_by_target_inventory,not_covered_by_target_inventory,source_unavailable,untyped_object_requires_key_level_review,source_unavailable,not_covered_by_target_inventory,source_unavailable,source_unavailable,source_unavailable,source_unavailable,not_covered_by_target_inventory,not_covered_by_target_inventory,not_covered_by_target_inventory,not_covered_by_target_inventory,not_covered_by_target_inventory,source_unavailable,untyped_object_requires_key_level_review,not_covered_by_target_inventory,not_covered_by_target_inventory,source_unavailable,not_covered_by_target_inventory,source_unavailable,source_unavailable,source_unavailable,source_unavailable,not_covered_by_target_inventory,not_covered_by_target_inventory,not_covered_by_target_inventory,not_covered_by_target_inventory,not_covered_by_target_inventory,source_unavailable,untyped_object_requires_key_level_review,not_covered_by_target_inventory,not_covered_by_target_inventory,source_unavailable,source_unavailable,source_unavailable,source_unavailable,source_unavailable,source_unavailable,source_unavailable,source_unavailable,source_unavailable,source_unavailable,source_unavailable,source_unavailable,source_unavailable,source_unavailable,source_unavailable,source_unavailable,source_unavailable,source_unavailable,source_unavailable,source_unavailable,source_unavailable,source_unavailable,source_unavailable,source_unavailable,not_covered_by_target_inventory,source_unavailable,source_unavailable,source_unavailable,source_unavailable,source_unavailable,source_unavailable,source_unavailable,source_unavailable,source_unavailable,source_unavailable,source_unavailable,source_unavailable,source_unavailable,source_unavailable,source_unavailable,source_unavailable,not_covered_by_target_inventory,source_unavailable,not_covered_by_current_audit,not_covered_by_current_audit,not_covered_by_current_audit,not_covered_by_current_audit,source_unavailable,source_unavailable,source_unavailable,source_unavailable,source_unavailable,source_unavailable,source_unavailable,untyped_object_requires_key_level_review,source_unavailable,source_unavailable,source_unavailable,source_unavailable,source_unavailable,source_unavailable,source_unavailable,source_unavailable,source_unavailable,source_unavailable,not_covered_by_current_audit,untyped_object_requires_key_level_review,untyped_object_requires_key_level_review
doi:10.1016/j.cortex.2017.08.033,Social perception of others shapes one's own multisensory peripersonal space.,2018,10.1016/j.cortex.2017.08.033,supported_incomplete,1,doi:10.1016/j.cortex.2017.08.033,not_covered_by_target_inventory,not_covered_by_target_inventory,not_covered_by_target_inventory,not_covered_by_target_inventory,untyped_object_requires_key_level_review,source_unavailable,source_unavailable,source_unavailable,not_covered_by_target_inventory,not_covered_by_target_inventory,source_unavailable,source_unavailable,untyped_object_requires_key_level_review,not_covered_by_target_inventory,not_covered_by_target_inventory,source_unavailable,untyped_object_requires_key_level_review,source_unavailable,not_covered_by_target_inventory,source_unavailable,source_unavailable,source_unavailable,source_unavailable,not_covered_by_target_inventory,not_covered_by_target_inventory,not_covered_by_target_inventory,not_covered_by_target_inventory,not_covered_by_target_inventory,source_unavailable,untyped_object_requires_key_level_review,not_covered_by_target_inventory,not_covered_by_target_inventory,source_unavailable,not_covered_by_target_inventory,source_unavailable,source_unavailable,source_unavailable,source_unavailable,not_covered_by_target_inventory,not_covered_by_target_inventory,not_covered_by_target_inventory,not_covered_by_target_inventory,not_covered_by_target_inventory,source_unavailable,untyped_object_requires_key_level_review,not_covered_by_target_inventory,not_covered_by_target_inventory,source_unavailable,source_unavailable,source_unavailable,source_unavailable,source_unavailable,source_unavailable,source_unavailable,source_unavailable,source_unavailable,source_unavailable,source_unavailable,source_unavailable,source_unavailable,source_unavailable,source_unavailable,source_unavailable,source_unavailable,source_unavailable,source_unavailable,source_unavailable,source_unavailable,source_unavailable,source_unavailable,source_unavailable,not_covered_by_target_inventory,source_unavailable,source_unavailable,source_unavailable,source_unavailable,source_unavailable,source_unavailable,source_unavailable,source_unavailable,source_unavailable,source_unavailable,source_unavailable,source_unavailable,source_unavailable,source_unavailable,source_unavailable,source_unavailable,not_covered_by_target_inventory,source_unavailable,not_covered_by_current_audit,not_covered_by_current_audit,not_covered_by_current_audit,not_covered_by_current_audit,source_unavailable,source_unavailable,source_unavailable,source_unavailable,source_unavailable,source_unavailable,source_unavailable,untyped_object_requires_key_level_review,source_unavailable,source_unavailable,source_unavailable,source_unavailable,source_unavailable,source_unavailable,source_unavailable,source_unavailable,source_unavailable,source_unavailable,not_covered_by_current_audit,untyped_object_requires_key_level_review,untyped_object_requires_key_level_review
doi:10.1016/j.cortex.2020.11.021,How ageing shapes body and space representations: A comparison study between healthy young and older adults.,2021,10.1016/j.cortex.2020.11.021,supported_incomplete,1,doi:10.1016/j.cortex.2020.11.021,not_covered_by_target_inventory,not_covered_by_target_inventory,not_covered_by_target_inventory,not_covered_by_target_inventory,untyped_object_requires_key_level_review,parent_low_confidence_atomic_unreviewed,parent_low_confidence_atomic_unreviewed,parent_low_confidence_atomic_unreviewed,not_covered_by_target_inventory,not_covered_by_target_inventory,source_unavailable,parent_low_confidence_atomic_unreviewed,untyped_object_requires_key_level_review,not_covered_by_target_inventory,not_covered_by_target_inventory,parent_low_confidence_atomic_unreviewed,untyped_object_requires_key_level_review,parent_low_confidence_atomic_unreviewed,not_covered_by_target_inventory,parent_low_confidence_atomic_unreviewed,parent_low_confidence_atomic_unreviewed,parent_low_confidence_atomic_unreviewed,source_unavailable,not_covered_by_target_inventory,not_covered_by_target_inventory,not_covered_by_target_inventory,not_covered_by_target_inventory,not_covered_by_target_inventory,parent_low_confidence_atomic_unreviewed,untyped_object_requires_key_level_review,not_covered_by_target_inventory,not_covered_by_target_inventory,parent_low_confidence_atomic_unreviewed,not_covered_by_target_inventory,parent_low_confidence_atomic_unreviewed,parent_low_confidence_atomic_unreviewed,parent_low_confidence_atomic_unreviewed,source_unavailable,not_covered_by_target_inventory,not_covered_by_target_inventory,not_covered_by_target_inventory,not_covered_by_target_inventory,not_covered_by_target_inventory,parent_low_confidence_atomic_unreviewed,untyped_object_requires_key_level_review,not_covered_by_target_inventory,not_covered_by_target_inventory,parent_low_confidence_atomic_unreviewed,parent_low_confidence_atomic_unreviewed,parent_low_confidence_atomic_unreviewed,parent_low_confidence_atomic_unreviewed,parent_low_confidence_atomic_unreviewed,parent_low_confidence_atomic_unreviewed,parent_low_confidence_atomic_unreviewed,parent_low_confidence_atomic_unreviewed,parent_low_confidence_atomic_unreviewed,parent_low_confidence_atomic_unreviewed,parent_low_confidence_atomic_unreviewed,source_unavailable,parent_low_confidence_atomic_unreviewed,parent_low_confidence_atomic_unreviewed,parent_low_confidence_atomic_unreviewed,parent_low_confidence_atomic_unreviewed,parent_low_confidence_atomic_unreviewed,parent_low_confidence_atomic_unreviewed,source_unavailable,parent_low_confidence_atomic_unreviewed,parent_low_confidence_atomic_unreviewed,multiple_target_review_states,multiple_target_review_states,multiple_target_review_states,not_covered_by_target_inventory,parent_low_confidence_atomic_unreviewed,parent_low_confidence_atomic_unreviewed,parent_low_confidence_atomic_unreviewed,parent_low_confidence_atomic_unreviewed,parent_low_confidence_atomic_unreviewed,parent_low_confidence_atomic_unreviewed,parent_low_confidence_atomic_unreviewed,parent_low_confidence_atomic_unreviewed,parent_low_confidence_atomic_unreviewed,parent_low_confidence_atomic_unreviewed,parent_low_confidence_atomic_unreviewed,source_unavailable,source_unavailable,parent_low_confidence_atomic_unreviewed,parent_low_confidence_atomic_unreviewed,source_unavailable,not_covered_by_target_inventory,source_unavailable,not_covered_by_current_audit,not_covered_by_current_audit,not_covered_by_current_audit,not_covered_by_current_audit,parent_low_confidence_atomic_unreviewed,parent_low_confidence_atomic_unreviewed,parent_low_confidence_atomic_unreviewed,parent_low_confidence_atomic_unreviewed,parent_low_confidence_atomic_unreviewed,multiple_target_review_states,multiple_target_review_states,untyped_object_requires_key_level_review,parent_low_confidence_atomic_unreviewed,parent_low_confidence_atomic_unreviewed,parent_low_confidence_atomic_unreviewed,parent_low_confidence_atomic_unreviewed,parent_low_confidence_atomic_unreviewed,parent_low_confidence_atomic_unreviewed,parent_low_confidence_atomic_unreviewed,parent_low_confidence_atomic_unreviewed,parent_low_confidence_atomic_unreviewed,parent_low_confidence_atomic_unreviewed,not_covered_by_current_audit,untyped_object_requires_key_level_review,untyped_object_requires_key_level_review
doi:10.1016/j.cortex.2021.08.004,Seeming confines: Electrophysiological evidence of peripersonal space remapping following tool-use in humans.,2021,10.1016/j.cortex.2021.08.004,supported_incomplete,1,doi:10.1016/j.cortex.2021.08.004,not_covered_by_target_inventory,not_covered_by_target_inventory,not_covered_by_target_inventory,not_covered_by_target_inventory,untyped_object_requires_key_level_review,source_unavailable,source_unavailable,source_unavailable,not_covered_by_target_inventory,not_covered_by_target_inventory,source_unavailable,source_unavailable,untyped_object_requires_key_level_review,not_covered_by_target_inventory,not_covered_by_target_inventory,source_unavailable,untyped_object_requires_key_level_review,source_unavailable,not_covered_by_target_inventory,source_unavailable,source_unavailable,source_unavailable,source_unavailable,not_covered_by_target_inventory,not_covered_by_target_inventory,not_covered_by_target_inventory,not_covered_by_target_inventory,not_covered_by_target_inventory,source_unavailable,untyped_object_requires_key_level_review,not_covered_by_target_inventory,not_covered_by_target_inventory,source_unavailable,not_covered_by_target_inventory,source_unavailable,source_unavailable,source_unavailable,source_unavailable,not_covered_by_target_inventory,not_covered_by_target_inventory,not_covered_by_target_inventory,not_covered_by_target_inventory,not_covered_by_target_inventory,source_unavailable,untyped_object_requires_key_level_review,not_covered_by_target_inventory,not_covered_by_target_inventory,source_unavailable,source_unavailable,source_unavailable,source_unavailable,source_unavailable,source_unavailable,source_unavailable,source_unavailable,source_unavailable,source_unavailable,source_unavailable,source_unavailable,source_unavailable,source_unavailable,source_unavailable,source_unavailable,source_unavailable,source_unavailable,source_unavailable,source_unavailable,source_unavailable,source_unavailable,source_unavailable,source_unavailable,not_covered_by_target_inventory,source_unavailable,source_unavailable,source_unavailable,source_unavailable,source_unavailable,source_unavailable,source_unavailable,source_unavailable,source_unavailable,source_unavailable,source_unavailable,source_unavailable,source_unavailable,source_unavailable,source_unavailable,source_unavailable,not_covered_by_target_inventory,source_unavailable,not_covered_by_current_audit,not_covered_by_current_audit,not_covered_by_current_audit,not_covered_by_current_audit,source_unavailable,source_unavailable,source_unavailable,source_unavailable,source_unavailable,source_unavailable,source_unavailable,untyped_object_requires_key_level_review,source_unavailable,source_unavailable,source_unavailable,source_unavailable,source_unavailable,source_unavailable,source_unavailable,source_unavailable,source_unavailable,source_unavailable,not_covered_by_current_audit,untyped_object_requires_key_level_review,untyped_object_requires_key_level_review
doi:10.1016/j.cortex.2025.11.015,Functional organization of distance-dependent audio-tactile integration is different in rear and front spaces.,2026,10.1016/j.cortex.2025.11.015,supported_incomplete,1,doi:10.1016/j.cortex.2025.11.015,not_covered_by_target_inventory,not_covered_by_target_inventory,not_covered_by_target_inventory,not_covered_by_target_inventory,untyped_object_requires_key_level_review,source_unavailable,source_unavailable,source_unavailable,not_covered_by_target_inventory,not_covered_by_target_inventory,source_unavailable,source_unavailable,untyped_object_requires_key_level_review,not_covered_by_target_inventory,not_covered_by_target_inventory,source_unavailable,untyped_object_requires_key_level_review,source_unavailable,not_covered_by_target_inventory,source_unavailable,source_unavailable,source_unavailable,source_unavailable,not_covered_by_target_inventory,not_covered_by_target_inventory,not_covered_by_target_inventory,not_covered_by_target_inventory,not_covered_by_target_inventory,source_unavailable,untyped_object_requires_key_level_review,not_covered_by_target_inventory,not_covered_by_target_inventory,source_unavailable,not_covered_by_target_inventory,source_unavailable,source_unavailable,source_unavailable,source_unavailable,not_covered_by_target_inventory,not_covered_by_target_inventory,not_covered_by_target_inventory,not_covered_by_target_inventory,not_covered_by_target_inventory,source_unavailable,untyped_object_requires_key_level_review,not_covered_by_target_inventory,not_covered_by_target_inventory,source_unavailable,source_unavailable,source_unavailable,source_unavailable,source_unavailable,source_unavailable,source_unavailable,source_unavailable,source_unavailable,source_unavailable,source_unavailable,source_unavailable,source_unavailable,source_unavailable,source_unavailable,source_unavailable,source_unavailable,source_unavailable,source_unavailable,source_unavailable,source_unavailable,source_unavailable,source_unavailable,source_unavailable,not_covered_by_target_inventory,source_unavailable,source_unavailable,source_unavailable,source_unavailable,source_unavailable,source_unavailable,source_unavailable,source_unavailable,source_unavailable,source_unavailable,source_unavailable,source_unavailable,source_unavailable,source_unavailable,source_unavailable,source_unavailable,not_covered_by_target_inventory,source_unavailable,not_covered_by_current_audit,not_covered_by_current_audit,not_covered_by_current_audit,not_covered_by_current_audit,source_unavailable,source_unavailable,source_unavailable,source_unavailable,source_unavailable,source_unavailable,source_unavailable,untyped_object_requires_key_level_review,source_unavailable,source_unavailable,source_unavailable,source_unavailable,source_unavailable,source_unavailable,source_unavailable,source_unavailable,source_unavailable,source_unavailable,not_covered_by_current_audit,untyped_object_requires_key_level_review,untyped_object_requires_key_level_review
doi:10.1016/j.cub.2013.01.043,Social modulation of peripersonal space boundaries.,2013,10.1016/j.cub.2013.01.043,supported_incomplete,3,doi:10.1016/j.cub.2013.01.043::a | doi:10.1016/j.cub.2013.01.043::b | doi:10.1016/j.cub.2013.01.043::c,not_covered_by_target_inventory,not_covered_by_target_inventory,not_covered_by_target_inventory,not_covered_by_target_inventory,untyped_object_requires_key_level_review,composite_parent_atomic_unreviewed,composite_parent_atomic_unreviewed,composite_parent_atomic_unreviewed,not_covered_by_target_inventory,not_covered_by_target_inventory,composite_parent_atomic_unreviewed,composite_parent_atomic_unreviewed,untyped_object_requires_key_level_review,not_covered_by_target_inventory,not_covered_by_target_inventory,composite_parent_atomic_unreviewed,untyped_object_requires_key_level_review,composite_parent_atomic_unreviewed,not_covered_by_target_inventory,composite_parent_atomic_unreviewed,composite_parent_atomic_unreviewed,composite_parent_atomic_unreviewed,composite_parent_atomic_unreviewed,not_covered_by_target_inventory,not_covered_by_target_inventory,not_covered_by_target_inventory,not_covered_by_target_inventory,not_covered_by_target_inventory,composite_parent_atomic_unreviewed,untyped_object_requires_key_level_review,not_covered_by_target_inventory,not_covered_by_target_inventory,composite_parent_atomic_unreviewed,not_covered_by_target_inventory,composite_parent_atomic_unreviewed,composite_parent_atomic_unreviewed,composite_parent_atomic_unreviewed,composite_parent_atomic_unreviewed,not_covered_by_target_inventory,not_covered_by_target_inventory,not_covered_by_target_inventory,not_covered_by_target_inventory,not_covered_by_target_inventory,composite_parent_atomic_unreviewed,untyped_object_requires_key_level_review,not_covered_by_target_inventory,not_covered_by_target_inventory,composite_parent_atomic_unreviewed,composite_parent_atomic_unreviewed,composite_parent_atomic_unreviewed,composite_parent_atomic_unreviewed,composite_parent_atomic_unreviewed,composite_parent_atomic_unreviewed,composite_parent_atomic_unreviewed,composite_parent_atomic_unreviewed,composite_parent_atomic_unreviewed,composite_parent_atomic_unreviewed,composite_parent_atomic_unreviewed,composite_parent_atomic_unreviewed,composite_parent_atomic_unreviewed,composite_parent_atomic_unreviewed,composite_parent_atomic_unreviewed,composite_parent_atomic_unreviewed,composite_parent_atomic_unreviewed,composite_parent_atomic_unreviewed,composite_parent_atomic_unreviewed,composite_parent_atomic_unreviewed,composite_parent_atomic_unreviewed,composite_parent_atomic_unreviewed,composite_parent_atomic_unreviewed,composite_parent_atomic_unreviewed,not_covered_by_target_inventory,composite_parent_atomic_unreviewed,composite_parent_atomic_unreviewed,composite_parent_atomic_unreviewed,composite_parent_atomic_unreviewed,composite_parent_atomic_unreviewed,composite_parent_atomic_unreviewed,composite_parent_atomic_unreviewed,composite_parent_atomic_unreviewed,composite_parent_atomic_unreviewed,composite_parent_atomic_unreviewed,composite_parent_atomic_unreviewed,composite_parent_atomic_unreviewed,composite_parent_atomic_unreviewed,composite_parent_atomic_unreviewed,composite_parent_atomic_unreviewed,composite_parent_atomic_unreviewed,not_covered_by_target_inventory,composite_parent_atomic_unreviewed,not_covered_by_current_audit,not_covered_by_current_audit,not_covered_by_current_audit,not_covered_by_current_audit,composite_parent_atomic_unreviewed,composite_parent_atomic_unreviewed,composite_parent_atomic_unreviewed,composite_parent_atomic_unreviewed,composite_parent_atomic_unreviewed,composite_parent_atomic_unreviewed,composite_parent_atomic_unreviewed,untyped_object_requires_key_level_review,composite_parent_atomic_unreviewed,composite_parent_atomic_unreviewed,composite_parent_atomic_unreviewed,composite_parent_atomic_unreviewed,composite_parent_atomic_unreviewed,composite_parent_atomic_unreviewed,composite_parent_atomic_unreviewed,composite_parent_atomic_unreviewed,composite_parent_atomic_unreviewed,composite_parent_atomic_unreviewed,not_covered_by_current_audit,untyped_object_requires_key_level_review,untyped_object_requires_key_level_review
doi:10.1016/j.jneumeth.2019.108534,Capturing the dynamics of peripersonal space by integrating expectancy effects and sound propagation properties.,2019,10.1016/j.jneumeth.2019.108534,supported_incomplete,1,doi:10.1016/j.jneumeth.2019.108534,not_covered_by_target_inventory,not_covered_by_target_inventory,not_covered_by_target_inventory,not_covered_by_target_inventory,untyped_object_requires_key_level_review,source_unavailable,source_unavailable,source_unavailable,not_covered_by_target_inventory,not_covered_by_target_inventory,source_unavailable,source_unavailable,untyped_object_requires_key_level_review,not_covered_by_target_inventory,not_covered_by_target_inventory,source_unavailable,untyped_object_requires_key_level_review,source_unavailable,not_covered_by_target_inventory,source_unavailable,source_unavailable,source_unavailable,source_unavailable,not_covered_by_target_inventory,not_covered_by_target_inventory,not_covered_by_target_inventory,not_covered_by_target_inventory,not_covered_by_target_inventory,source_unavailable,untyped_object_requires_key_level_review,not_covered_by_target_inventory,not_covered_by_target_inventory,source_unavailable,not_covered_by_target_inventory,source_unavailable,source_unavailable,source_unavailable,source_unavailable,not_covered_by_target_inventory,not_covered_by_target_inventory,not_covered_by_target_inventory,not_covered_by_target_inventory,not_covered_by_target_inventory,source_unavailable,untyped_object_requires_key_level_review,not_covered_by_target_inventory,not_covered_by_target_inventory,source_unavailable,source_unavailable,source_unavailable,source_unavailable,source_unavailable,source_unavailable,source_unavailable,source_unavailable,source_unavailable,source_unavailable,source_unavailable,source_unavailable,source_unavailable,source_unavailable,source_unavailable,source_unavailable,source_unavailable,source_unavailable,source_unavailable,source_unavailable,source_unavailable,source_unavailable,source_unavailable,source_unavailable,not_covered_by_target_inventory,source_unavailable,source_unavailable,source_unavailable,source_unavailable,source_unavailable,source_unavailable,source_unavailable,source_unavailable,source_unavailable,source_unavailable,source_unavailable,source_unavailable,source_unavailable,source_unavailable,source_unavailable,source_unavailable,not_covered_by_target_inventory,source_unavailable,not_covered_by_current_audit,not_covered_by_current_audit,not_covered_by_current_audit,not_covered_by_current_audit,source_unavailable,source_unavailable,source_unavailable,source_unavailable,source_unavailable,source_unavailable,source_unavailable,untyped_object_requires_key_level_review,source_unavailable,source_unavailable,source_unavailable,source_unavailable,source_unavailable,source_unavailable,source_unavailable,source_unavailable,source_unavailable,source_unavailable,not_covered_by_current_audit,untyped_object_requires_key_level_review,untyped_object_requires_key_level_review
doi:10.1016/j.neuroimage.2012.06.063,Suppression of premotor cortex disrupts motor coding of peripersonal space.,2012,10.1016/j.neuroimage.2012.06.063,supported_incomplete,1,doi:10.1016/j.neuroimage.2012.06.063,not_covered_by_target_inventory,not_covered_by_target_inventory,not_covered_by_target_inventory,not_covered_by_target_inventory,untyped_object_requires_key_level_review,source_unavailable,source_unavailable,source_unavailable,not_covered_by_target_inventory,not_covered_by_target_inventory,source_unavailable,source_unavailable,untyped_object_requires_key_level_review,not_covered_by_target_inventory,not_covered_by_target_inventory,source_unavailable,untyped_object_requires_key_level_review,source_unavailable,not_covered_by_target_inventory,source_unavailable,source_unavailable,source_unavailable,source_unavailable,not_covered_by_target_inventory,not_covered_by_target_inventory,not_covered_by_target_inventory,not_covered_by_target_inventory,not_covered_by_target_inventory,source_unavailable,untyped_object_requires_key_level_review,not_covered_by_target_inventory,not_covered_by_target_inventory,source_unavailable,not_covered_by_target_inventory,source_unavailable,source_unavailable,source_unavailable,source_unavailable,not_covered_by_target_inventory,not_covered_by_target_inventory,not_covered_by_target_inventory,not_covered_by_target_inventory,not_covered_by_target_inventory,source_unavailable,untyped_object_requires_key_level_review,not_covered_by_target_inventory,not_covered_by_target_inventory,source_unavailable,source_unavailable,source_unavailable,source_unavailable,source_unavailable,source_unavailable,source_unavailable,source_unavailable,source_unavailable,source_unavailable,source_unavailable,source_unavailable,source_unavailable,source_unavailable,source_unavailable,source_unavailable,source_unavailable,source_unavailable,source_unavailable,source_unavailable,source_unavailable,source_unavailable,source_unavailable,source_unavailable,not_covered_by_target_inventory,source_unavailable,source_unavailable,source_unavailable,source_unavailable,source_unavailable,source_unavailable,source_unavailable,source_unavailable,source_unavailable,source_unavailable,source_unavailable,source_unavailable,source_unavailable,source_unavailable,source_unavailable,source_unavailable,not_covered_by_target_inventory,source_unavailable,not_covered_by_current_audit,not_covered_by_current_audit,not_covered_by_current_audit,not_covered_by_current_audit,source_unavailable,source_unavailable,source_unavailable,source_unavailable,source_unavailable,source_unavailable,source_unavailable,untyped_object_requires_key_level_review,source_unavailable,source_unavailable,source_unavailable,source_unavailable,source_unavailable,source_unavailable,source_unavailable,source_unavailable,source_unavailable,source_unavailable,not_covered_by_current_audit,untyped_object_requires_key_level_review,untyped_object_requires_key_level_review
doi:10.1016/j.neuropsychologia.2006.12.004,Auditory-somatosensory multisensory interactions in front and rear space.,2007,10.1016/j.neuropsychologia.2006.12.004,not_assessed,1,doi:10.1016/j.neuropsychologia.2006.12.004,not_covered_by_target_inventory,not_covered_by_target_inventory,not_covered_by_target_inventory,not_covered_by_target_inventory,untyped_object_requires_key_level_review,not_assessed,not_assessed,not_assessed,not_covered_by_target_inventory,not_covered_by_target_inventory,not_assessed,not_assessed,untyped_object_requires_key_level_review,not_covered_by_target_inventory,not_covered_by_target_inventory,not_assessed,untyped_object_requires_key_level_review,not_assessed,not_covered_by_target_inventory,not_assessed,not_assessed,not_assessed,not_assessed,not_covered_by_target_inventory,not_covered_by_target_inventory,not_covered_by_target_inventory,not_covered_by_target_inventory,not_covered_by_target_inventory,not_assessed,untyped_object_requires_key_level_review,not_covered_by_target_inventory,not_covered_by_target_inventory,not_assessed,not_covered_by_target_inventory,not_assessed,not_assessed,not_assessed,not_assessed,not_covered_by_target_inventory,not_covered_by_target_inventory,not_covered_by_target_inventory,not_covered_by_target_inventory,not_covered_by_target_inventory,not_assessed,untyped_object_requires_key_level_review,not_covered_by_target_inventory,not_covered_by_target_inventory,not_assessed,not_assessed,not_assessed,not_assessed,not_assessed,not_assessed,not_assessed,not_assessed,not_assessed,not_assessed,not_assessed,not_assessed,not_assessed,not_assessed,not_assessed,not_assessed,not_assessed,not_assessed,not_assessed,not_assessed,not_assessed,not_assessed,not_assessed,not_assessed,not_covered_by_target_inventory,not_assessed,not_assessed,not_assessed,not_assessed,not_assessed,not_assessed,not_assessed,not_assessed,not_assessed,not_assessed,not_assessed,not_assessed,not_assessed,not_assessed,not_assessed,not_assessed,not_covered_by_target_inventory,not_assessed,not_covered_by_current_audit,not_covered_by_current_audit,not_covered_by_current_audit,not_covered_by_current_audit,not_assessed,not_assessed,not_assessed,not_assessed,not_assessed,not_assessed,not_assessed,untyped_object_requires_key_level_review,not_assessed,not_assessed,not_assessed,not_assessed,not_assessed,not_assessed,not_assessed,not_assessed,not_assessed,not_assessed,not_covered_by_current_audit,untyped_object_requires_key_level_review,untyped_object_requires_key_level_review
doi:10.1016/j.neuropsychologia.2008.07.025,Auditory-somatosensory multisensory interactions are spatially modulated by stimulated body surface and acoustic spectra.,2009,10.1016/j.neuropsychologia.2008.07.025,not_assessed,1,doi:10.1016/j.neuropsychologia.2008.07.025,not_covered_by_target_inventory,not_covered_by_target_inventory,not_covered_by_target_inventory,not_covered_by_target_inventory,untyped_object_requires_key_level_review,not_assessed,not_assessed,not_assessed,not_covered_by_target_inventory,not_covered_by_target_inventory,not_assessed,not_assessed,untyped_object_requires_key_level_review,not_covered_by_target_inventory,not_covered_by_target_inventory,not_assessed,untyped_object_requires_key_level_review,not_assessed,not_covered_by_target_inventory,not_assessed,not_assessed,not_assessed,not_assessed,not_covered_by_target_inventory,not_covered_by_target_inventory,not_covered_by_target_inventory,not_covered_by_target_inventory,not_covered_by_target_inventory,not_assessed,untyped_object_requires_key_level_review,not_covered_by_target_inventory,not_covered_by_target_inventory,not_assessed,not_covered_by_target_inventory,not_assessed,not_assessed,not_assessed,not_assessed,not_covered_by_target_inventory,not_covered_by_target_inventory,not_covered_by_target_inventory,not_covered_by_target_inventory,not_covered_by_target_inventory,not_assessed,untyped_object_requires_key_level_review,not_covered_by_target_inventory,not_covered_by_target_inventory,not_assessed,not_assessed,not_assessed,not_assessed,not_assessed,not_assessed,not_assessed,not_assessed,not_assessed,not_assessed,not_assessed,not_assessed,not_assessed,not_assessed,not_assessed,not_assessed,not_assessed,not_assessed,not_assessed,not_assessed,not_assessed,not_assessed,not_assessed,not_assessed,not_covered_by_target_inventory,not_assessed,not_assessed,not_assessed,not_assessed,not_assessed,not_assessed,not_assessed,not_assessed,not_assessed,not_assessed,not_assessed,not_assessed,not_assessed,not_assessed,not_assessed,not_assessed,not_covered_by_target_inventory,not_assessed,not_covered_by_current_audit,not_covered_by_current_audit,not_covered_by_current_audit,not_covered_by_current_audit,not_assessed,not_assessed,not_assessed,not_assessed,not_assessed,not_assessed,not_assessed,untyped_object_requires_key_level_review,not_assessed,not_assessed,not_assessed,not_assessed,not_assessed,not_assessed,not_assessed,not_assessed,not_assessed,not_assessed,not_covered_by_current_audit,untyped_object_requires_key_level_review,untyped_object_requires_key_level_review
doi:10.1016/j.neuropsychologia.2009.07.025,Early visual deprivation alters multisensory processing in peripersonal space.,2009,10.1016/j.neuropsychologia.2009.07.025,runnable,1,doi:10.1016/j.neuropsychologia.2009.07.025,not_covered_by_target_inventory,not_covered_by_target_inventory,not_covered_by_target_inventory,not_covered_by_target_inventory,untyped_object_requires_key_level_review,parent_reported_atomic_unreviewed,parent_reported_atomic_unreviewed,parent_reported_atomic_unreviewed,not_covered_by_target_inventory,not_covered_by_target_inventory,parent_reported_atomic_unreviewed,parent_reported_atomic_unreviewed,untyped_object_requires_key_level_review,not_covered_by_target_inventory,not_covered_by_target_inventory,parent_reported_atomic_unreviewed,untyped_object_requires_key_level_review,parent_reported_atomic_unreviewed,not_covered_by_target_inventory,parent_reported_atomic_unreviewed,parent_reported_atomic_unreviewed,parent_reported_atomic_unreviewed,parent_reported_atomic_unreviewed,not_covered_by_target_inventory,not_covered_by_target_inventory,not_covered_by_target_inventory,not_covered_by_target_inventory,not_covered_by_target_inventory,parent_reported_atomic_unreviewed,untyped_object_requires_key_level_review,not_covered_by_target_inventory,not_covered_by_target_inventory,parent_reported_atomic_unreviewed,not_covered_by_target_inventory,parent_reported_atomic_unreviewed,parent_reported_atomic_unreviewed,parent_reported_atomic_unreviewed,parent_reported_atomic_unreviewed,not_covered_by_target_inventory,not_covered_by_target_inventory,not_covered_by_target_inventory,not_covered_by_target_inventory,not_covered_by_target_inventory,parent_reported_atomic_unreviewed,untyped_object_requires_key_level_review,not_covered_by_target_inventory,not_covered_by_target_inventory,parent_reported_atomic_unreviewed,parent_reported_atomic_unreviewed,parent_reported_atomic_unreviewed,parent_reported_atomic_unreviewed,parent_reported_atomic_unreviewed,parent_reported_atomic_unreviewed,parent_reported_atomic_unreviewed,parent_reported_atomic_unreviewed,parent_reported_atomic_unreviewed,parent_reported_atomic_unreviewed,parent_reported_atomic_unreviewed,parent_not_applicable_atomic_unreviewed,parent_reported_atomic_unreviewed,parent_reported_atomic_unreviewed,parent_reported_atomic_unreviewed,parent_reported_atomic_unreviewed,parent_reported_atomic_unreviewed,parent_reported_atomic_unreviewed,parent_reported_atomic_unreviewed,parent_reported_atomic_unreviewed,parent_reported_atomic_unreviewed,parent_reported_atomic_unreviewed,parent_reported_atomic_unreviewed,parent_reported_atomic_unreviewed,not_covered_by_target_inventory,parent_reported_atomic_unreviewed,parent_not_applicable_atomic_unreviewed,parent_not_applicable_atomic_unreviewed,parent_not_applicable_atomic_unreviewed,parent_not_applicable_atomic_unreviewed,parent_not_applicable_atomic_unreviewed,parent_not_applicable_atomic_unreviewed,parent_not_applicable_atomic_unreviewed,parent_not_applicable_atomic_unreviewed,parent_reported_atomic_unreviewed,parent_reported_atomic_unreviewed,parent_reported_atomic_unreviewed,parent_reported_atomic_unreviewed,parent_reported_atomic_unreviewed,parent_reported_atomic_unreviewed,parent_reported_atomic_unreviewed,not_covered_by_target_inventory,parent_reported_atomic_unreviewed,not_covered_by_current_audit,not_covered_by_current_audit,not_covered_by_current_audit,not_covered_by_current_audit,parent_reported_atomic_unreviewed,parent_reported_atomic_unreviewed,parent_reported_atomic_unreviewed,parent_reported_atomic_unreviewed,parent_reported_atomic_unreviewed,parent_reported_atomic_unreviewed,parent_reported_atomic_unreviewed,untyped_object_requires_key_level_review,parent_reported_atomic_unreviewed,parent_reported_atomic_unreviewed,parent_reported_atomic_unreviewed,parent_reported_atomic_unreviewed,parent_reported_atomic_unreviewed,parent_reported_atomic_unreviewed,parent_reported_atomic_unreviewed,parent_reported_atomic_unreviewed,parent_reported_atomic_unreviewed,parent_reported_atomic_unreviewed,not_covered_by_current_audit,untyped_object_requires_key_level_review,untyped_object_requires_key_level_review
doi:10.1016/j.neuropsychologia.2009.11.009,Everyday use of the computer mouse extends peripersonal space representation.,2010,10.1016/j.neuropsychologia.2009.11.009,supported_incomplete,1,doi:10.1016/j.neuropsychologia.2009.11.009,not_covered_by_target_inventory,not_covered_by_target_inventory,not_covered_by_target_inventory,not_covered_by_target_inventory,untyped_object_requires_key_level_review,source_unavailable,source_unavailable,source_unavailable,not_covered_by_target_inventory,not_covered_by_target_inventory,source_unavailable,source_unavailable,untyped_object_requires_key_level_review,not_covered_by_target_inventory,not_covered_by_target_inventory,source_unavailable,untyped_object_requires_key_level_review,source_unavailable,not_covered_by_target_inventory,source_unavailable,source_unavailable,source_unavailable,source_unavailable,not_covered_by_target_inventory,not_covered_by_target_inventory,not_covered_by_target_inventory,not_covered_by_target_inventory,not_covered_by_target_inventory,source_unavailable,untyped_object_requires_key_level_review,not_covered_by_target_inventory,not_covered_by_target_inventory,source_unavailable,not_covered_by_target_inventory,source_unavailable,source_unavailable,source_unavailable,source_unavailable,not_covered_by_target_inventory,not_covered_by_target_inventory,not_covered_by_target_inventory,not_covered_by_target_inventory,not_covered_by_target_inventory,source_unavailable,untyped_object_requires_key_level_review,not_covered_by_target_inventory,not_covered_by_target_inventory,source_unavailable,source_unavailable,source_unavailable,source_unavailable,source_unavailable,source_unavailable,source_unavailable,source_unavailable,source_unavailable,source_unavailable,source_unavailable,source_unavailable,source_unavailable,source_unavailable,source_unavailable,source_unavailable,source_unavailable,source_unavailable,source_unavailable,source_unavailable,source_unavailable,source_unavailable,source_unavailable,source_unavailable,not_covered_by_target_inventory,source_unavailable,source_unavailable,source_unavailable,source_unavailable,source_unavailable,source_unavailable,source_unavailable,source_unavailable,source_unavailable,source_unavailable,source_unavailable,source_unavailable,source_unavailable,source_unavailable,source_unavailable,source_unavailable,not_covered_by_target_inventory,source_unavailable,not_covered_by_current_audit,not_covered_by_current_audit,not_covered_by_current_audit,not_covered_by_current_audit,source_unavailable,source_unavailable,source_unavailable,source_unavailable,source_unavailable,source_unavailable,source_unavailable,untyped_object_requires_key_level_review,source_unavailable,source_unavailable,source_unavailable,source_unavailable,source_unavailable,source_unavailable,source_unavailable,source_unavailable,source_unavailable,source_unavailable,not_covered_by_current_audit,untyped_object_requires_key_level_review,untyped_object_requires_key_level_review
doi:10.1016/j.neuropsychologia.2014.08.030,Full body action remapping of peripersonal space: the case of walking.,2015,10.1016/j.neuropsychologia.2014.08.030,runnable,2,doi:10.1016/j.neuropsychologia.2014.08.030::a | doi:10.1016/j.neuropsychologia.2014.08.030::b,not_covered_by_target_inventory,not_covered_by_target_inventory,not_covered_by_target_inventory,not_covered_by_target_inventory,untyped_object_requires_key_level_review,composite_parent_atomic_unreviewed,composite_parent_atomic_unreviewed,composite_parent_atomic_unreviewed,not_covered_by_target_inventory,not_covered_by_target_inventory,composite_parent_atomic_unreviewed,composite_parent_atomic_unreviewed,untyped_object_requires_key_level_review,not_covered_by_target_inventory,not_covered_by_target_inventory,composite_parent_atomic_unreviewed,untyped_object_requires_key_level_review,composite_parent_atomic_unreviewed,not_covered_by_target_inventory,composite_parent_atomic_unreviewed,composite_parent_atomic_unreviewed,composite_parent_atomic_unreviewed,composite_parent_atomic_unreviewed,not_covered_by_target_inventory,not_covered_by_target_inventory,not_covered_by_target_inventory,not_covered_by_target_inventory,not_covered_by_target_inventory,composite_parent_atomic_unreviewed,untyped_object_requires_key_level_review,not_covered_by_target_inventory,not_covered_by_target_inventory,composite_parent_atomic_unreviewed,not_covered_by_target_inventory,composite_parent_atomic_unreviewed,composite_parent_atomic_unreviewed,composite_parent_atomic_unreviewed,composite_parent_atomic_unreviewed,not_covered_by_target_inventory,not_covered_by_target_inventory,not_covered_by_target_inventory,not_covered_by_target_inventory,not_covered_by_target_inventory,composite_parent_atomic_unreviewed,untyped_object_requires_key_level_review,not_covered_by_target_inventory,not_covered_by_target_inventory,composite_parent_atomic_unreviewed,composite_parent_atomic_unreviewed,composite_parent_atomic_unreviewed,composite_parent_atomic_unreviewed,composite_parent_atomic_unreviewed,composite_parent_atomic_unreviewed,composite_parent_atomic_unreviewed,composite_parent_atomic_unreviewed,composite_parent_atomic_unreviewed,composite_parent_atomic_unreviewed,composite_parent_atomic_unreviewed,composite_parent_atomic_unreviewed,composite_parent_atomic_unreviewed,composite_parent_atomic_unreviewed,composite_parent_atomic_unreviewed,composite_parent_atomic_unreviewed,composite_parent_atomic_unreviewed,composite_parent_atomic_unreviewed,composite_parent_atomic_unreviewed,composite_parent_atomic_unreviewed,composite_parent_atomic_unreviewed,composite_parent_atomic_unreviewed,composite_parent_atomic_unreviewed,composite_parent_atomic_unreviewed,not_covered_by_target_inventory,composite_parent_atomic_unreviewed,composite_parent_atomic_unreviewed,composite_parent_atomic_unreviewed,composite_parent_atomic_unreviewed,composite_parent_atomic_unreviewed,composite_parent_atomic_unreviewed,composite_parent_atomic_unreviewed,composite_parent_atomic_unreviewed,composite_parent_atomic_unreviewed,composite_parent_atomic_unreviewed,composite_parent_atomic_unreviewed,composite_parent_atomic_unreviewed,composite_parent_atomic_unreviewed,composite_parent_atomic_unreviewed,composite_parent_atomic_unreviewed,composite_parent_atomic_unreviewed,not_covered_by_target_inventory,composite_parent_atomic_unreviewed,not_covered_by_current_audit,not_covered_by_current_audit,not_covered_by_current_audit,not_covered_by_current_audit,composite_parent_atomic_unreviewed,composite_parent_atomic_unreviewed,composite_parent_atomic_unreviewed,composite_parent_atomic_unreviewed,composite_parent_atomic_unreviewed,composite_parent_atomic_unreviewed,composite_parent_atomic_unreviewed,untyped_object_requires_key_level_review,composite_parent_atomic_unreviewed,composite_parent_atomic_unreviewed,composite_parent_atomic_unreviewed,composite_parent_atomic_unreviewed,composite_parent_atomic_unreviewed,composite_parent_atomic_unreviewed,composite_parent_atomic_unreviewed,composite_parent_atomic_unreviewed,composite_parent_atomic_unreviewed,composite_parent_atomic_unreviewed,not_covered_by_current_audit,untyped_object_requires_key_level_review,untyped_object_requires_key_level_review
doi:10.1016/j.neuropsychologia.2014.09.043,Moving sounds within the peripersonal space modulate the motor system.,2015,10.1016/j.neuropsychologia.2014.09.043,supported_incomplete,1,doi:10.1016/j.neuropsychologia.2014.09.043,not_covered_by_target_inventory,not_covered_by_target_inventory,not_covered_by_target_inventory,not_covered_by_target_inventory,untyped_object_requires_key_level_review,parent_reported_atomic_unreviewed,parent_reported_atomic_unreviewed,multiple_target_review_states,not_covered_by_target_inventory,not_covered_by_target_inventory,parent_reported_atomic_unreviewed,parent_reported_atomic_unreviewed,untyped_object_requires_key_level_review,not_covered_by_target_inventory,not_covered_by_target_inventory,parent_reported_atomic_unreviewed,untyped_object_requires_key_level_review,parent_reported_atomic_unreviewed,not_covered_by_target_inventory,parent_reported_atomic_unreviewed,parent_reported_atomic_unreviewed,parent_reviewed_missing,parent_reported_atomic_unreviewed,not_covered_by_target_inventory,not_covered_by_target_inventory,not_covered_by_target_inventory,not_covered_by_target_inventory,not_covered_by_target_inventory,parent_reported_atomic_unreviewed,untyped_object_requires_key_level_review,not_covered_by_target_inventory,not_covered_by_target_inventory,parent_reported_atomic_unreviewed,not_covered_by_target_inventory,parent_reported_atomic_unreviewed,parent_reported_atomic_unreviewed,parent_reviewed_missing,parent_reported_atomic_unreviewed,not_covered_by_target_inventory,not_covered_by_target_inventory,not_covered_by_target_inventory,not_covered_by_target_inventory,not_covered_by_target_inventory,parent_reported_atomic_unreviewed,untyped_object_requires_key_level_review,not_covered_by_target_inventory,not_covered_by_target_inventory,parent_reported_atomic_unreviewed,parent_reported_atomic_unreviewed,parent_reported_atomic_unreviewed,parent_reported_atomic_unreviewed,parent_reported_atomic_unreviewed,parent_reported_atomic_unreviewed,parent_reported_atomic_unreviewed,parent_reported_atomic_unreviewed,parent_reported_atomic_unreviewed,parent_reported_atomic_unreviewed,parent_reported_atomic_unreviewed,parent_reported_atomic_unreviewed,parent_reported_atomic_unreviewed,parent_reported_atomic_unreviewed,parent_reported_atomic_unreviewed,parent_reported_atomic_unreviewed,parent_reported_atomic_unreviewed,parent_reported_atomic_unreviewed,parent_reported_atomic_unreviewed,parent_reported_atomic_unreviewed,parent_reported_atomic_unreviewed,parent_reported_atomic_unreviewed,parent_reported_atomic_unreviewed,parent_reported_atomic_unreviewed,not_covered_by_target_inventory,parent_reported_atomic_unreviewed,parent_derived_atomic_unreviewed,parent_derived_atomic_unreviewed,parent_derived_atomic_unreviewed,parent_derived_atomic_unreviewed,parent_derived_atomic_unreviewed,parent_derived_atomic_unreviewed,parent_derived_atomic_unreviewed,parent_derived_atomic_unreviewed,parent_reported_atomic_unreviewed,parent_reported_atomic_unreviewed,parent_reported_atomic_unreviewed,parent_reported_atomic_unreviewed,parent_reported_atomic_unreviewed,parent_reported_atomic_unreviewed,parent_reported_atomic_unreviewed,not_covered_by_target_inventory,parent_reported_atomic_unreviewed,not_covered_by_current_audit,not_covered_by_current_audit,not_covered_by_current_audit,not_covered_by_current_audit,parent_reported_atomic_unreviewed,parent_reported_atomic_unreviewed,parent_reported_atomic_unreviewed,parent_reported_atomic_unreviewed,parent_reported_atomic_unreviewed,parent_reported_atomic_unreviewed,parent_reported_atomic_unreviewed,untyped_object_requires_key_level_review,parent_reported_atomic_unreviewed,parent_reported_atomic_unreviewed,parent_reported_atomic_unreviewed,parent_reported_atomic_unreviewed,parent_reported_atomic_unreviewed,parent_reported_atomic_unreviewed,parent_reported_atomic_unreviewed,parent_reported_atomic_unreviewed,parent_reported_atomic_unreviewed,parent_reported_atomic_unreviewed,not_covered_by_current_audit,untyped_object_requires_key_level_review,untyped_object_requires_key_level_review
doi:10.1016/j.neuropsychologia.2014.10.027,Your place or mine: shared sensory experiences elicit a remapping of peripersonal space.,2015,10.1016/j.neuropsychologia.2014.10.027,supported_incomplete,1,doi:10.1016/j.neuropsychologia.2014.10.027,not_covered_by_target_inventory,not_covered_by_target_inventory,not_covered_by_target_inventory,not_covered_by_target_inventory,untyped_object_requires_key_level_review,source_unavailable,source_unavailable,source_unavailable,not_covered_by_target_inventory,not_covered_by_target_inventory,source_unavailable,source_unavailable,untyped_object_requires_key_level_review,not_covered_by_target_inventory,not_covered_by_target_inventory,source_unavailable,untyped_object_requires_key_level_review,source_unavailable,not_covered_by_target_inventory,source_unavailable,source_unavailable,source_unavailable,source_unavailable,not_covered_by_target_inventory,not_covered_by_target_inventory,not_covered_by_target_inventory,not_covered_by_target_inventory,not_covered_by_target_inventory,source_unavailable,untyped_object_requires_key_level_review,not_covered_by_target_inventory,not_covered_by_target_inventory,source_unavailable,not_covered_by_target_inventory,source_unavailable,source_unavailable,source_unavailable,source_unavailable,not_covered_by_target_inventory,not_covered_by_target_inventory,not_covered_by_target_inventory,not_covered_by_target_inventory,not_covered_by_target_inventory,source_unavailable,untyped_object_requires_key_level_review,not_covered_by_target_inventory,not_covered_by_target_inventory,source_unavailable,source_unavailable,source_unavailable,source_unavailable,source_unavailable,source_unavailable,source_unavailable,source_unavailable,source_unavailable,source_unavailable,source_unavailable,source_unavailable,source_unavailable,source_unavailable,source_unavailable,source_unavailable,source_unavailable,source_unavailable,source_unavailable,source_unavailable,source_unavailable,source_unavailable,source_unavailable,source_unavailable,not_covered_by_target_inventory,source_unavailable,source_unavailable,source_unavailable,source_unavailable,source_unavailable,source_unavailable,source_unavailable,source_unavailable,source_unavailable,source_unavailable,source_unavailable,source_unavailable,source_unavailable,source_unavailable,source_unavailable,source_unavailable,not_covered_by_target_inventory,source_unavailable,not_covered_by_current_audit,not_covered_by_current_audit,not_covered_by_current_audit,not_covered_by_current_audit,source_unavailable,source_unavailable,source_unavailable,source_unavailable,source_unavailable,source_unavailable,source_unavailable,untyped_object_requires_key_level_review,source_unavailable,source_unavailable,source_unavailable,source_unavailable,source_unavailable,source_unavailable,source_unavailable,source_unavailable,source_unavailable,source_unavailable,not_covered_by_current_audit,untyped_object_requires_key_level_review,untyped_object_requires_key_level_review
doi:10.1016/j.neuropsychologia.2015.03.001,Emotion-inducing approaching sounds shape the boundaries of multisensory peripersonal space.,2015,10.1016/j.neuropsychologia.2015.03.001,supported_incomplete,2,doi:10.1016/j.neuropsychologia.2015.03.001::a | doi:10.1016/j.neuropsychologia.2015.03.001::b,not_covered_by_target_inventory,not_covered_by_target_inventory,not_covered_by_target_inventory,not_covered_by_target_inventory,untyped_object_requires_key_level_review,source_unavailable,source_unavailable,source_unavailable,not_covered_by_target_inventory,not_covered_by_target_inventory,source_unavailable,source_unavailable,untyped_object_requires_key_level_review,not_covered_by_target_inventory,not_covered_by_target_inventory,source_unavailable,untyped_object_requires_key_level_review,source_unavailable,not_covered_by_target_inventory,source_unavailable,source_unavailable,source_unavailable,source_unavailable,not_covered_by_target_inventory,not_covered_by_target_inventory,not_covered_by_target_inventory,not_covered_by_target_inventory,not_covered_by_target_inventory,source_unavailable,untyped_object_requires_key_level_review,not_covered_by_target_inventory,not_covered_by_target_inventory,source_unavailable,not_covered_by_target_inventory,source_unavailable,source_unavailable,source_unavailable,source_unavailable,not_covered_by_target_inventory,not_covered_by_target_inventory,not_covered_by_target_inventory,not_covered_by_target_inventory,not_covered_by_target_inventory,source_unavailable,untyped_object_requires_key_level_review,not_covered_by_target_inventory,not_covered_by_target_inventory,source_unavailable,source_unavailable,source_unavailable,source_unavailable,source_unavailable,source_unavailable,source_unavailable,source_unavailable,source_unavailable,source_unavailable,source_unavailable,source_unavailable,source_unavailable,source_unavailable,source_unavailable,source_unavailable,source_unavailable,source_unavailable,source_unavailable,source_unavailable,source_unavailable,source_unavailable,source_unavailable,source_unavailable,not_covered_by_target_inventory,source_unavailable,source_unavailable,source_unavailable,source_unavailable,source_unavailable,source_unavailable,source_unavailable,source_unavailable,source_unavailable,source_unavailable,source_unavailable,source_unavailable,source_unavailable,source_unavailable,source_unavailable,source_unavailable,not_covered_by_target_inventory,source_unavailable,not_covered_by_current_audit,not_covered_by_current_audit,not_covered_by_current_audit,not_covered_by_current_audit,source_unavailable,source_unavailable,source_unavailable,source_unavailable,source_unavailable,source_unavailable,source_unavailable,untyped_object_requires_key_level_review,source_unavailable,source_unavailable,source_unavailable,source_unavailable,source_unavailable,source_unavailable,source_unavailable,source_unavailable,source_unavailable,source_unavailable,not_covered_by_current_audit,untyped_object_requires_key_level_review,untyped_object_requires_key_level_review
doi:10.1016/j.neuropsychologia.2017.07.018,This racket is not mine: The influence of the tool-use on peripersonal space.,2017,10.1016/j.neuropsychologia.2017.07.018,runnable,1,doi:10.1016/j.neuropsychologia.2017.07.018,not_covered_by_target_inventory,not_covered_by_target_inventory,not_covered_by_target_inventory,not_covered_by_target_inventory,untyped_object_requires_key_level_review,parent_reported_atomic_unreviewed,parent_reported_atomic_unreviewed,parent_reported_atomic_unreviewed,not_covered_by_target_inventory,not_covered_by_target_inventory,parent_reported_atomic_unreviewed,parent_reported_atomic_unreviewed,untyped_object_requires_key_level_review,not_covered_by_target_inventory,not_covered_by_target_inventory,parent_reported_atomic_unreviewed,untyped_object_requires_key_level_review,parent_reported_atomic_unreviewed,not_covered_by_target_inventory,parent_reported_atomic_unreviewed,parent_reported_atomic_unreviewed,parent_reported_atomic_unreviewed,parent_reported_atomic_unreviewed,not_covered_by_target_inventory,not_covered_by_target_inventory,not_covered_by_target_inventory,not_covered_by_target_inventory,not_covered_by_target_inventory,parent_reported_atomic_unreviewed,untyped_object_requires_key_level_review,not_covered_by_target_inventory,not_covered_by_target_inventory,parent_reported_atomic_unreviewed,not_covered_by_target_inventory,parent_reported_atomic_unreviewed,parent_reported_atomic_unreviewed,parent_reported_atomic_unreviewed,parent_reported_atomic_unreviewed,not_covered_by_target_inventory,not_covered_by_target_inventory,not_covered_by_target_inventory,not_covered_by_target_inventory,not_covered_by_target_inventory,parent_reported_atomic_unreviewed,untyped_object_requires_key_level_review,not_covered_by_target_inventory,not_covered_by_target_inventory,parent_reported_atomic_unreviewed,parent_reported_atomic_unreviewed,parent_reported_atomic_unreviewed,parent_reported_atomic_unreviewed,parent_reported_atomic_unreviewed,parent_reported_atomic_unreviewed,parent_reported_atomic_unreviewed,parent_reported_atomic_unreviewed,parent_reported_atomic_unreviewed,parent_reported_atomic_unreviewed,parent_reported_atomic_unreviewed,parent_not_applicable_atomic_unreviewed,parent_reported_atomic_unreviewed,parent_reported_atomic_unreviewed,parent_reported_atomic_unreviewed,parent_reported_atomic_unreviewed,parent_reported_atomic_unreviewed,parent_reported_atomic_unreviewed,parent_reported_atomic_unreviewed,parent_reported_atomic_unreviewed,parent_reported_atomic_unreviewed,parent_reported_atomic_unreviewed,parent_reported_atomic_unreviewed,parent_reported_atomic_unreviewed,not_covered_by_target_inventory,parent_reported_atomic_unreviewed,parent_reported_atomic_unreviewed,parent_reported_atomic_unreviewed,parent_reported_atomic_unreviewed,parent_reported_atomic_unreviewed,parent_reported_atomic_unreviewed,parent_reported_atomic_unreviewed,parent_reported_atomic_unreviewed,parent_reported_atomic_unreviewed,parent_reported_atomic_unreviewed,parent_reported_atomic_unreviewed,parent_not_applicable_atomic_unreviewed,parent_not_applicable_atomic_unreviewed,parent_not_applicable_atomic_unreviewed,parent_reported_atomic_unreviewed,parent_not_applicable_atomic_unreviewed,not_covered_by_target_inventory,parent_reported_atomic_unreviewed,not_covered_by_current_audit,not_covered_by_current_audit,not_covered_by_current_audit,not_covered_by_current_audit,parent_reported_atomic_unreviewed,parent_reported_atomic_unreviewed,parent_reported_atomic_unreviewed,parent_reported_atomic_unreviewed,parent_reported_atomic_unreviewed,parent_reported_atomic_unreviewed,parent_reported_atomic_unreviewed,untyped_object_requires_key_level_review,parent_reported_atomic_unreviewed,parent_reported_atomic_unreviewed,parent_reported_atomic_unreviewed,parent_reported_atomic_unreviewed,parent_reported_atomic_unreviewed,parent_reviewed_missing,parent_reviewed_missing,parent_reported_atomic_unreviewed,parent_reported_atomic_unreviewed,parent_reported_atomic_unreviewed,not_covered_by_current_audit,untyped_object_requires_key_level_review,untyped_object_requires_key_level_review
doi:10.1016/j.neuropsychologia.2020.107579,Schizotypy and individual differences in peripersonal space plasticity.,2020,10.1016/j.neuropsychologia.2020.107579,not_assessed,1,doi:10.1016/j.neuropsychologia.2020.107579,not_covered_by_target_inventory,not_covered_by_target_inventory,not_covered_by_target_inventory,not_covered_by_target_inventory,untyped_object_requires_key_level_review,not_assessed,not_assessed,not_assessed,not_covered_by_target_inventory,not_covered_by_target_inventory,not_assessed,not_assessed,untyped_object_requires_key_level_review,not_covered_by_target_inventory,not_covered_by_target_inventory,not_assessed,untyped_object_requires_key_level_review,not_assessed,not_covered_by_target_inventory,not_assessed,not_assessed,not_assessed,not_assessed,not_covered_by_target_inventory,not_covered_by_target_inventory,not_covered_by_target_inventory,not_covered_by_target_inventory,not_covered_by_target_inventory,not_assessed,untyped_object_requires_key_level_review,not_covered_by_target_inventory,not_covered_by_target_inventory,not_assessed,not_covered_by_target_inventory,not_assessed,not_assessed,not_assessed,not_assessed,not_covered_by_target_inventory,not_covered_by_target_inventory,not_covered_by_target_inventory,not_covered_by_target_inventory,not_covered_by_target_inventory,not_assessed,untyped_object_requires_key_level_review,not_covered_by_target_inventory,not_covered_by_target_inventory,not_assessed,not_assessed,not_assessed,not_assessed,not_assessed,not_assessed,not_assessed,not_assessed,not_assessed,not_assessed,not_assessed,not_assessed,not_assessed,not_assessed,not_assessed,not_assessed,not_assessed,not_assessed,not_assessed,not_assessed,not_assessed,not_assessed,not_assessed,not_assessed,not_covered_by_target_inventory,not_assessed,not_assessed,not_assessed,not_assessed,not_assessed,not_assessed,not_assessed,not_assessed,not_assessed,not_assessed,not_assessed,not_assessed,not_assessed,not_assessed,not_assessed,not_assessed,not_covered_by_target_inventory,not_assessed,not_covered_by_current_audit,not_covered_by_current_audit,not_covered_by_current_audit,not_covered_by_current_audit,not_assessed,not_assessed,not_assessed,not_assessed,not_assessed,not_assessed,not_assessed,untyped_object_requires_key_level_review,not_assessed,not_assessed,not_assessed,not_assessed,not_assessed,not_assessed,not_assessed,not_assessed,not_assessed,not_assessed,not_covered_by_current_audit,untyped_object_requires_key_level_review,untyped_object_requires_key_level_review
doi:10.1016/j.neuropsychologia.2020.107622,Effect of tool-use observation on metric body representation and peripersonal space.,2020,10.1016/j.neuropsychologia.2020.107622,supported_incomplete,1,doi:10.1016/j.neuropsychologia.2020.107622,not_covered_by_target_inventory,not_covered_by_target_inventory,not_covered_by_target_inventory,not_covered_by_target_inventory,untyped_object_requires_key_level_review,source_unavailable,source_unavailable,source_unavailable,not_covered_by_target_inventory,not_covered_by_target_inventory,source_unavailable,source_unavailable,untyped_object_requires_key_level_review,not_covered_by_target_inventory,not_covered_by_target_inventory,source_unavailable,untyped_object_requires_key_level_review,source_unavailable,not_covered_by_target_inventory,source_unavailable,source_unavailable,source_unavailable,source_unavailable,not_covered_by_target_inventory,not_covered_by_target_inventory,not_covered_by_target_inventory,not_covered_by_target_inventory,not_covered_by_target_inventory,source_unavailable,untyped_object_requires_key_level_review,not_covered_by_target_inventory,not_covered_by_target_inventory,source_unavailable,not_covered_by_target_inventory,source_unavailable,source_unavailable,source_unavailable,source_unavailable,not_covered_by_target_inventory,not_covered_by_target_inventory,not_covered_by_target_inventory,not_covered_by_target_inventory,not_covered_by_target_inventory,source_unavailable,untyped_object_requires_key_level_review,not_covered_by_target_inventory,not_covered_by_target_inventory,source_unavailable,source_unavailable,source_unavailable,source_unavailable,source_unavailable,source_unavailable,source_unavailable,source_unavailable,source_unavailable,source_unavailable,source_unavailable,source_unavailable,source_unavailable,source_unavailable,source_unavailable,source_unavailable,source_unavailable,source_unavailable,source_unavailable,source_unavailable,source_unavailable,source_unavailable,source_unavailable,source_unavailable,not_covered_by_target_inventory,source_unavailable,source_unavailable,source_unavailable,source_unavailable,source_unavailable,source_unavailable,source_unavailable,source_unavailable,source_unavailable,source_unavailable,source_unavailable,source_unavailable,source_unavailable,source_unavailable,source_unavailable,source_unavailable,not_covered_by_target_inventory,source_unavailable,not_covered_by_current_audit,not_covered_by_current_audit,not_covered_by_current_audit,not_covered_by_current_audit,source_unavailable,source_unavailable,source_unavailable,source_unavailable,source_unavailable,source_unavailable,source_unavailable,untyped_object_requires_key_level_review,source_unavailable,source_unavailable,source_unavailable,source_unavailable,source_unavailable,source_unavailable,source_unavailable,source_unavailable,source_unavailable,source_unavailable,not_covered_by_current_audit,untyped_object_requires_key_level_review,untyped_object_requires_key_level_review
doi:10.1016/j.neuropsychologia.2021.107823,Phase-coupling of neural oscillations contributes to individual differences in peripersonal space.,2021,10.1016/j.neuropsychologia.2021.107823,not_assessed,1,doi:10.1016/j.neuropsychologia.2021.107823,not_covered_by_target_inventory,not_covered_by_target_inventory,not_covered_by_target_inventory,not_covered_by_target_inventory,untyped_object_requires_key_level_review,not_assessed,not_assessed,not_assessed,not_covered_by_target_inventory,not_covered_by_target_inventory,not_assessed,not_assessed,untyped_object_requires_key_level_review,not_covered_by_target_inventory,not_covered_by_target_inventory,not_assessed,untyped_object_requires_key_level_review,not_assessed,not_covered_by_target_inventory,not_assessed,not_assessed,not_assessed,not_assessed,not_covered_by_target_inventory,not_covered_by_target_inventory,not_covered_by_target_inventory,not_covered_by_target_inventory,not_covered_by_target_inventory,not_assessed,untyped_object_requires_key_level_review,not_covered_by_target_inventory,not_covered_by_target_inventory,not_assessed,not_covered_by_target_inventory,not_assessed,not_assessed,not_assessed,not_assessed,not_covered_by_target_inventory,not_covered_by_target_inventory,not_covered_by_target_inventory,not_covered_by_target_inventory,not_covered_by_target_inventory,not_assessed,untyped_object_requires_key_level_review,not_covered_by_target_inventory,not_covered_by_target_inventory,not_assessed,not_assessed,not_assessed,not_assessed,not_assessed,not_assessed,not_assessed,not_assessed,not_assessed,not_assessed,not_assessed,not_assessed,not_assessed,not_assessed,not_assessed,not_assessed,not_assessed,not_assessed,not_assessed,not_assessed,not_assessed,not_assessed,not_assessed,not_assessed,not_covered_by_target_inventory,not_assessed,not_assessed,not_assessed,not_assessed,not_assessed,not_assessed,not_assessed,not_assessed,not_assessed,not_assessed,not_assessed,not_assessed,not_assessed,not_assessed,not_assessed,not_assessed,not_covered_by_target_inventory,not_assessed,not_covered_by_current_audit,not_covered_by_current_audit,not_covered_by_current_audit,not_covered_by_current_audit,not_assessed,not_assessed,not_assessed,not_assessed,not_assessed,not_assessed,not_assessed,untyped_object_requires_key_level_review,not_assessed,not_assessed,not_assessed,not_assessed,not_assessed,not_assessed,not_assessed,not_assessed,not_assessed,not_assessed,not_covered_by_current_audit,untyped_object_requires_key_level_review,untyped_object_requires_key_level_review
doi:10.1016/j.neuropsychologia.2026.109490,Dealing with the world close to our body. Characterizing determinants of peripersonal space plasticity.,2026,10.1016/j.neuropsychologia.2026.109490,supported_incomplete,4,doi:10.1016/j.neuropsychologia.2026.109490::a | doi:10.1016/j.neuropsychologia.2026.109490::b | doi:10.1016/j.neuropsychologia.2026.109490::c | doi:10.1016/j.neuropsychologia.2026.109490::d,not_covered_by_target_inventory,not_covered_by_target_inventory,not_covered_by_target_inventory,not_covered_by_target_inventory,untyped_object_requires_key_level_review,composite_parent_atomic_unreviewed,composite_parent_atomic_unreviewed,composite_parent_atomic_unreviewed,not_covered_by_target_inventory,not_covered_by_target_inventory,composite_parent_atomic_unreviewed,composite_parent_atomic_unreviewed,untyped_object_requires_key_level_review,not_covered_by_target_inventory,not_covered_by_target_inventory,composite_parent_atomic_unreviewed,untyped_object_requires_key_level_review,composite_parent_atomic_unreviewed,not_covered_by_target_inventory,composite_parent_atomic_unreviewed,composite_parent_atomic_unreviewed,composite_parent_atomic_unreviewed,composite_parent_atomic_unreviewed,not_covered_by_target_inventory,not_covered_by_target_inventory,not_covered_by_target_inventory,not_covered_by_target_inventory,not_covered_by_target_inventory,composite_parent_atomic_unreviewed,untyped_object_requires_key_level_review,not_covered_by_target_inventory,not_covered_by_target_inventory,composite_parent_atomic_unreviewed,not_covered_by_target_inventory,composite_parent_atomic_unreviewed,composite_parent_atomic_unreviewed,composite_parent_atomic_unreviewed,composite_parent_atomic_unreviewed,not_covered_by_target_inventory,not_covered_by_target_inventory,not_covered_by_target_inventory,not_covered_by_target_inventory,not_covered_by_target_inventory,composite_parent_atomic_unreviewed,untyped_object_requires_key_level_review,not_covered_by_target_inventory,not_covered_by_target_inventory,composite_parent_atomic_unreviewed,composite_parent_atomic_unreviewed,composite_parent_atomic_unreviewed,composite_parent_atomic_unreviewed,composite_parent_atomic_unreviewed,composite_parent_atomic_unreviewed,composite_parent_atomic_unreviewed,composite_parent_atomic_unreviewed,composite_parent_atomic_unreviewed,composite_parent_atomic_unreviewed,composite_parent_atomic_unreviewed,composite_parent_atomic_unreviewed,composite_parent_atomic_unreviewed,composite_parent_atomic_unreviewed,composite_parent_atomic_unreviewed,composite_parent_atomic_unreviewed,composite_parent_atomic_unreviewed,composite_parent_atomic_unreviewed,composite_parent_atomic_unreviewed,composite_parent_atomic_unreviewed,composite_parent_atomic_unreviewed,composite_parent_atomic_unreviewed,composite_parent_atomic_unreviewed,composite_parent_atomic_unreviewed,not_covered_by_target_inventory,composite_parent_atomic_unreviewed,composite_parent_atomic_unreviewed,composite_parent_atomic_unreviewed,composite_parent_atomic_unreviewed,composite_parent_atomic_unreviewed,composite_parent_atomic_unreviewed,composite_parent_atomic_unreviewed,composite_parent_atomic_unreviewed,composite_parent_atomic_unreviewed,composite_parent_atomic_unreviewed,composite_parent_atomic_unreviewed,composite_parent_atomic_unreviewed,composite_parent_atomic_unreviewed,composite_parent_atomic_unreviewed,composite_parent_atomic_unreviewed,composite_parent_atomic_unreviewed,not_covered_by_target_inventory,composite_parent_atomic_unreviewed,not_covered_by_current_audit,not_covered_by_current_audit,not_covered_by_current_audit,not_covered_by_current_audit,composite_parent_atomic_unreviewed,composite_parent_atomic_unreviewed,composite_parent_atomic_unreviewed,composite_parent_atomic_unreviewed,composite_parent_atomic_unreviewed,composite_parent_atomic_unreviewed,composite_parent_atomic_unreviewed,untyped_object_requires_key_level_review,composite_parent_atomic_unreviewed,composite_parent_atomic_unreviewed,composite_parent_atomic_unreviewed,composite_parent_atomic_unreviewed,composite_parent_atomic_unreviewed,composite_parent_atomic_unreviewed,composite_parent_atomic_unreviewed,composite_parent_atomic_unreviewed,composite_parent_atomic_unreviewed,composite_parent_atomic_unreviewed,not_covered_by_current_audit,untyped_object_requires_key_level_review,untyped_object_requires_key_level_review
doi:10.1016/j.nicl.2019.101940,Peri-personal space encoding in patients with disorders of consciousness and cognitive-motor dissociation.,2019,10.1016/j.nicl.2019.101940,supported_incomplete,2,doi:10.1016/j.nicl.2019.101940::a | doi:10.1016/j.nicl.2019.101940::b,not_covered_by_target_inventory,not_covered_by_target_inventory,not_covered_by_target_inventory,not_covered_by_target_inventory,untyped_object_requires_key_level_review,composite_parent_atomic_unreviewed,composite_parent_atomic_unreviewed,composite_parent_atomic_unreviewed,not_covered_by_target_inventory,not_covered_by_target_inventory,composite_parent_atomic_unreviewed,composite_parent_atomic_unreviewed,untyped_object_requires_key_level_review,not_covered_by_target_inventory,not_covered_by_target_inventory,composite_parent_atomic_unreviewed,untyped_object_requires_key_level_review,composite_parent_atomic_unreviewed,not_covered_by_target_inventory,composite_parent_atomic_unreviewed,composite_parent_atomic_unreviewed,composite_parent_atomic_unreviewed,composite_parent_atomic_unreviewed,not_covered_by_target_inventory,not_covered_by_target_inventory,not_covered_by_target_inventory,not_covered_by_target_inventory,not_covered_by_target_inventory,composite_parent_atomic_unreviewed,untyped_object_requires_key_level_review,not_covered_by_target_inventory,not_covered_by_target_inventory,composite_parent_atomic_unreviewed,not_covered_by_target_inventory,composite_parent_atomic_unreviewed,composite_parent_atomic_unreviewed,composite_parent_atomic_unreviewed,composite_parent_atomic_unreviewed,not_covered_by_target_inventory,not_covered_by_target_inventory,not_covered_by_target_inventory,not_covered_by_target_inventory,not_covered_by_target_inventory,composite_parent_atomic_unreviewed,untyped_object_requires_key_level_review,not_covered_by_target_inventory,not_covered_by_target_inventory,composite_parent_atomic_unreviewed,composite_parent_atomic_unreviewed,composite_parent_atomic_unreviewed,composite_parent_atomic_unreviewed,composite_parent_atomic_unreviewed,composite_parent_atomic_unreviewed,composite_parent_atomic_unreviewed,composite_parent_atomic_unreviewed,composite_parent_atomic_unreviewed,composite_parent_atomic_unreviewed,composite_parent_atomic_unreviewed,composite_parent_atomic_unreviewed,composite_parent_atomic_unreviewed,composite_parent_atomic_unreviewed,composite_parent_atomic_unreviewed,composite_parent_atomic_unreviewed,composite_parent_atomic_unreviewed,composite_parent_atomic_unreviewed,composite_parent_atomic_unreviewed,composite_parent_atomic_unreviewed,composite_parent_atomic_unreviewed,composite_parent_atomic_unreviewed,composite_parent_atomic_unreviewed,composite_parent_atomic_unreviewed,not_covered_by_target_inventory,composite_parent_atomic_unreviewed,composite_parent_atomic_unreviewed,composite_parent_atomic_unreviewed,composite_parent_atomic_unreviewed,composite_parent_atomic_unreviewed,composite_parent_atomic_unreviewed,composite_parent_atomic_unreviewed,composite_parent_atomic_unreviewed,composite_parent_atomic_unreviewed,composite_parent_atomic_unreviewed,composite_parent_atomic_unreviewed,composite_parent_atomic_unreviewed,composite_parent_atomic_unreviewed,composite_parent_atomic_unreviewed,composite_parent_atomic_unreviewed,composite_parent_atomic_unreviewed,not_covered_by_target_inventory,composite_parent_atomic_unreviewed,not_covered_by_current_audit,not_covered_by_current_audit,not_covered_by_current_audit,not_covered_by_current_audit,composite_parent_atomic_unreviewed,composite_parent_atomic_unreviewed,composite_parent_atomic_unreviewed,composite_parent_atomic_unreviewed,composite_parent_atomic_unreviewed,composite_parent_atomic_unreviewed,composite_parent_atomic_unreviewed,untyped_object_requires_key_level_review,composite_parent_atomic_unreviewed,composite_parent_atomic_unreviewed,composite_parent_atomic_unreviewed,composite_parent_atomic_unreviewed,composite_parent_atomic_unreviewed,composite_parent_atomic_unreviewed,composite_parent_atomic_unreviewed,composite_parent_atomic_unreviewed,composite_parent_atomic_unreviewed,composite_parent_atomic_unreviewed,not_covered_by_current_audit,untyped_object_requires_key_level_review,untyped_object_requires_key_level_review
doi:10.1016/j.schres.2021.06.026,Influence of E/I balance and pruning in peri-personal space differences in schizophrenia: A computational approach.,2022,10.1016/j.schres.2021.06.026,not_assessed,1,doi:10.1016/j.schres.2021.06.026,not_covered_by_target_inventory,not_covered_by_target_inventory,not_covered_by_target_inventory,not_covered_by_target_inventory,untyped_object_requires_key_level_review,not_assessed,not_assessed,not_assessed,not_covered_by_target_inventory,not_covered_by_target_inventory,not_assessed,not_assessed,untyped_object_requires_key_level_review,not_covered_by_target_inventory,not_covered_by_target_inventory,not_assessed,untyped_object_requires_key_level_review,not_assessed,not_covered_by_target_inventory,not_assessed,not_assessed,not_assessed,not_assessed,not_covered_by_target_inventory,not_covered_by_target_inventory,not_covered_by_target_inventory,not_covered_by_target_inventory,not_covered_by_target_inventory,not_assessed,untyped_object_requires_key_level_review,not_covered_by_target_inventory,not_covered_by_target_inventory,not_assessed,not_covered_by_target_inventory,not_assessed,not_assessed,not_assessed,not_assessed,not_covered_by_target_inventory,not_covered_by_target_inventory,not_covered_by_target_inventory,not_covered_by_target_inventory,not_covered_by_target_inventory,not_assessed,untyped_object_requires_key_level_review,not_covered_by_target_inventory,not_covered_by_target_inventory,not_assessed,not_assessed,not_assessed,not_assessed,not_assessed,not_assessed,not_assessed,not_assessed,not_assessed,not_assessed,not_assessed,not_assessed,not_assessed,not_assessed,not_assessed,not_assessed,not_assessed,not_assessed,not_assessed,not_assessed,not_assessed,not_assessed,not_assessed,not_assessed,not_covered_by_target_inventory,not_assessed,not_assessed,not_assessed,not_assessed,not_assessed,not_assessed,not_assessed,not_assessed,not_assessed,not_assessed,not_assessed,not_assessed,not_assessed,not_assessed,not_assessed,not_assessed,not_covered_by_target_inventory,not_assessed,not_covered_by_current_audit,not_covered_by_current_audit,not_covered_by_current_audit,not_covered_by_current_audit,not_assessed,not_assessed,not_assessed,not_assessed,not_assessed,not_assessed,not_assessed,untyped_object_requires_key_level_review,not_assessed,not_assessed,not_assessed,not_assessed,not_assessed,not_assessed,not_assessed,not_assessed,not_assessed,not_assessed,not_covered_by_current_audit,untyped_object_requires_key_level_review,untyped_object_requires_key_level_review
doi:10.1016/j.tics.2016.01.005,Variability in Multisensory Responses Predicts the Self-Space.,2016,10.1016/j.tics.2016.01.005,not_assessed,1,doi:10.1016/j.tics.2016.01.005,not_covered_by_target_inventory,not_covered_by_target_inventory,not_covered_by_target_inventory,not_covered_by_target_inventory,untyped_object_requires_key_level_review,not_assessed,not_assessed,not_assessed,not_covered_by_target_inventory,not_covered_by_target_inventory,not_assessed,not_assessed,untyped_object_requires_key_level_review,not_covered_by_target_inventory,not_covered_by_target_inventory,not_assessed,untyped_object_requires_key_level_review,not_assessed,not_covered_by_target_inventory,not_assessed,not_assessed,not_assessed,not_assessed,not_covered_by_target_inventory,not_covered_by_target_inventory,not_covered_by_target_inventory,not_covered_by_target_inventory,not_covered_by_target_inventory,not_assessed,untyped_object_requires_key_level_review,not_covered_by_target_inventory,not_covered_by_target_inventory,not_assessed,not_covered_by_target_inventory,not_assessed,not_assessed,not_assessed,not_assessed,not_covered_by_target_inventory,not_covered_by_target_inventory,not_covered_by_target_inventory,not_covered_by_target_inventory,not_covered_by_target_inventory,not_assessed,untyped_object_requires_key_level_review,not_covered_by_target_inventory,not_covered_by_target_inventory,not_assessed,not_assessed,not_assessed,not_assessed,not_assessed,not_assessed,not_assessed,not_assessed,not_assessed,not_assessed,not_assessed,not_assessed,not_assessed,not_assessed,not_assessed,not_assessed,not_assessed,not_assessed,not_assessed,not_assessed,not_assessed,not_assessed,not_assessed,not_assessed,not_covered_by_target_inventory,not_assessed,not_assessed,not_assessed,not_assessed,not_assessed,not_assessed,not_assessed,not_assessed,not_assessed,not_assessed,not_assessed,not_assessed,not_assessed,not_assessed,not_assessed,not_assessed,not_covered_by_target_inventory,not_assessed,not_covered_by_current_audit,not_covered_by_current_audit,not_covered_by_current_audit,not_covered_by_current_audit,not_assessed,not_assessed,not_assessed,not_assessed,not_assessed,not_assessed,not_assessed,untyped_object_requires_key_level_review,not_assessed,not_assessed,not_assessed,not_assessed,not_assessed,not_assessed,not_assessed,not_assessed,not_assessed,not_assessed,not_covered_by_current_audit,untyped_object_requires_key_level_review,untyped_object_requires_key_level_review
doi:10.1016/j.xcrm.2026.102705,Multisensory integration in peripersonal space indexes consciousness states in sleep and disorders of consciousness.,2026,10.1016/j.xcrm.2026.102705,supported_incomplete,2,doi:10.1016/j.xcrm.2026.102705::a | doi:10.1016/j.xcrm.2026.102705::b,not_covered_by_target_inventory,not_covered_by_target_inventory,not_covered_by_target_inventory,not_covered_by_target_inventory,untyped_object_requires_key_level_review,composite_parent_atomic_unreviewed,composite_parent_atomic_unreviewed,composite_parent_atomic_unreviewed,not_covered_by_target_inventory,not_covered_by_target_inventory,composite_parent_atomic_unreviewed,composite_parent_atomic_unreviewed,untyped_object_requires_key_level_review,not_covered_by_target_inventory,not_covered_by_target_inventory,composite_parent_atomic_unreviewed,untyped_object_requires_key_level_review,composite_parent_atomic_unreviewed,not_covered_by_target_inventory,composite_parent_atomic_unreviewed,composite_parent_atomic_unreviewed,composite_parent_atomic_unreviewed,composite_parent_atomic_unreviewed,not_covered_by_target_inventory,not_covered_by_target_inventory,not_covered_by_target_inventory,not_covered_by_target_inventory,not_covered_by_target_inventory,composite_parent_atomic_unreviewed,untyped_object_requires_key_level_review,not_covered_by_target_inventory,not_covered_by_target_inventory,composite_parent_atomic_unreviewed,not_covered_by_target_inventory,composite_parent_atomic_unreviewed,composite_parent_atomic_unreviewed,composite_parent_atomic_unreviewed,composite_parent_atomic_unreviewed,not_covered_by_target_inventory,not_covered_by_target_inventory,not_covered_by_target_inventory,not_covered_by_target_inventory,not_covered_by_target_inventory,composite_parent_atomic_unreviewed,untyped_object_requires_key_level_review,not_covered_by_target_inventory,not_covered_by_target_inventory,composite_parent_atomic_unreviewed,composite_parent_atomic_unreviewed,composite_parent_atomic_unreviewed,composite_parent_atomic_unreviewed,composite_parent_atomic_unreviewed,composite_parent_atomic_unreviewed,composite_parent_atomic_unreviewed,composite_parent_atomic_unreviewed,composite_parent_atomic_unreviewed,composite_parent_atomic_unreviewed,composite_parent_atomic_unreviewed,composite_parent_atomic_unreviewed,composite_parent_atomic_unreviewed,composite_parent_atomic_unreviewed,composite_parent_atomic_unreviewed,composite_parent_atomic_unreviewed,composite_parent_atomic_unreviewed,composite_parent_atomic_unreviewed,composite_parent_atomic_unreviewed,composite_parent_atomic_unreviewed,composite_parent_atomic_unreviewed,composite_parent_atomic_unreviewed,composite_parent_atomic_unreviewed,composite_parent_atomic_unreviewed,not_covered_by_target_inventory,composite_parent_atomic_unreviewed,composite_parent_atomic_unreviewed,composite_parent_atomic_unreviewed,composite_parent_atomic_unreviewed,composite_parent_atomic_unreviewed,composite_parent_atomic_unreviewed,composite_parent_atomic_unreviewed,composite_parent_atomic_unreviewed,composite_parent_atomic_unreviewed,composite_parent_atomic_unreviewed,composite_parent_atomic_unreviewed,composite_parent_atomic_unreviewed,composite_parent_atomic_unreviewed,composite_parent_atomic_unreviewed,composite_parent_atomic_unreviewed,composite_parent_atomic_unreviewed,not_covered_by_target_inventory,composite_parent_atomic_unreviewed,not_covered_by_current_audit,not_covered_by_current_audit,not_covered_by_current_audit,not_covered_by_current_audit,composite_parent_atomic_unreviewed,composite_parent_atomic_unreviewed,composite_parent_atomic_unreviewed,composite_parent_atomic_unreviewed,composite_parent_atomic_unreviewed,composite_parent_atomic_unreviewed,composite_parent_atomic_unreviewed,untyped_object_requires_key_level_review,composite_parent_atomic_unreviewed,composite_parent_atomic_unreviewed,composite_parent_atomic_unreviewed,composite_parent_atomic_unreviewed,composite_parent_atomic_unreviewed,composite_parent_atomic_unreviewed,composite_parent_atomic_unreviewed,composite_parent_atomic_unreviewed,composite_parent_atomic_unreviewed,composite_parent_atomic_unreviewed,not_covered_by_current_audit,untyped_object_requires_key_level_review,untyped_object_requires_key_level_review
doi:10.1038/s41598-019-45084-4,Identifying peripersonal space boundaries in newborns.,2019,10.1038/s41598-019-45084-4,supported_incomplete,1,doi:10.1038/s41598-019-45084-4,not_covered_by_target_inventory,not_covered_by_target_inventory,not_covered_by_target_inventory,not_covered_by_target_inventory,untyped_object_requires_key_level_review,parent_low_confidence_atomic_unreviewed,parent_low_confidence_atomic_unreviewed,parent_low_confidence_atomic_unreviewed,not_covered_by_target_inventory,not_covered_by_target_inventory,parent_low_confidence_atomic_unreviewed,parent_low_confidence_atomic_unreviewed,untyped_object_requires_key_level_review,not_covered_by_target_inventory,not_covered_by_target_inventory,parent_low_confidence_atomic_unreviewed,untyped_object_requires_key_level_review,parent_low_confidence_atomic_unreviewed,not_covered_by_target_inventory,parent_low_confidence_atomic_unreviewed,parent_low_confidence_atomic_unreviewed,parent_low_confidence_atomic_unreviewed,parent_low_confidence_atomic_unreviewed,not_covered_by_target_inventory,not_covered_by_target_inventory,not_covered_by_target_inventory,not_covered_by_target_inventory,not_covered_by_target_inventory,parent_low_confidence_atomic_unreviewed,untyped_object_requires_key_level_review,not_covered_by_target_inventory,not_covered_by_target_inventory,parent_low_confidence_atomic_unreviewed,not_covered_by_target_inventory,parent_low_confidence_atomic_unreviewed,parent_low_confidence_atomic_unreviewed,parent_low_confidence_atomic_unreviewed,parent_low_confidence_atomic_unreviewed,not_covered_by_target_inventory,not_covered_by_target_inventory,not_covered_by_target_inventory,not_covered_by_target_inventory,not_covered_by_target_inventory,parent_low_confidence_atomic_unreviewed,untyped_object_requires_key_level_review,not_covered_by_target_inventory,not_covered_by_target_inventory,parent_low_confidence_atomic_unreviewed,parent_low_confidence_atomic_unreviewed,parent_low_confidence_atomic_unreviewed,parent_low_confidence_atomic_unreviewed,parent_low_confidence_atomic_unreviewed,parent_low_confidence_atomic_unreviewed,parent_low_confidence_atomic_unreviewed,parent_low_confidence_atomic_unreviewed,parent_low_confidence_atomic_unreviewed,parent_low_confidence_atomic_unreviewed,parent_low_confidence_atomic_unreviewed,source_unavailable,parent_low_confidence_atomic_unreviewed,parent_low_confidence_atomic_unreviewed,parent_low_confidence_atomic_unreviewed,parent_low_confidence_atomic_unreviewed,parent_low_confidence_atomic_unreviewed,parent_low_confidence_atomic_unreviewed,parent_low_confidence_atomic_unreviewed,parent_low_confidence_atomic_unreviewed,parent_low_confidence_atomic_unreviewed,parent_low_confidence_atomic_unreviewed,parent_low_confidence_atomic_unreviewed,parent_low_confidence_atomic_unreviewed,not_covered_by_target_inventory,source_unavailable,parent_low_confidence_atomic_unreviewed,parent_low_confidence_atomic_unreviewed,parent_low_confidence_atomic_unreviewed,parent_low_confidence_atomic_unreviewed,parent_low_confidence_atomic_unreviewed,parent_low_confidence_atomic_unreviewed,parent_low_confidence_atomic_unreviewed,parent_low_confidence_atomic_unreviewed,source_unavailable,source_unavailable,parent_low_confidence_atomic_unreviewed,parent_low_confidence_atomic_unreviewed,parent_low_confidence_atomic_unreviewed,source_unavailable,parent_low_confidence_atomic_unreviewed,not_covered_by_target_inventory,source_unavailable,not_covered_by_current_audit,not_covered_by_current_audit,not_covered_by_current_audit,not_covered_by_current_audit,parent_low_confidence_atomic_unreviewed,parent_low_confidence_atomic_unreviewed,parent_low_confidence_atomic_unreviewed,parent_low_confidence_atomic_unreviewed,parent_low_confidence_atomic_unreviewed,parent_low_confidence_atomic_unreviewed,parent_low_confidence_atomic_unreviewed,untyped_object_requires_key_level_review,parent_low_confidence_atomic_unreviewed,parent_low_confidence_atomic_unreviewed,parent_low_confidence_atomic_unreviewed,parent_low_confidence_atomic_unreviewed,parent_low_confidence_atomic_unreviewed,parent_low_confidence_atomic_unreviewed,parent_low_confidence_atomic_unreviewed,parent_low_confidence_atomic_unreviewed,parent_low_confidence_atomic_unreviewed,parent_low_confidence_atomic_unreviewed,not_covered_by_current_audit,untyped_object_requires_key_level_review,untyped_object_requires_key_level_review
doi:10.1038/s41598-019-45224-w,Enlarged representation of peripersonal space in pregnancy.,2019,10.1038/s41598-019-45224-w,supported_incomplete,1,doi:10.1038/s41598-019-45224-w,not_covered_by_target_inventory,not_covered_by_target_inventory,not_covered_by_target_inventory,not_covered_by_target_inventory,untyped_object_requires_key_level_review,parent_low_confidence_atomic_unreviewed,parent_low_confidence_atomic_unreviewed,parent_low_confidence_atomic_unreviewed,not_covered_by_target_inventory,not_covered_by_target_inventory,parent_low_confidence_atomic_unreviewed,parent_low_confidence_atomic_unreviewed,untyped_object_requires_key_level_review,not_covered_by_target_inventory,not_covered_by_target_inventory,parent_low_confidence_atomic_unreviewed,untyped_object_requires_key_level_review,parent_low_confidence_atomic_unreviewed,not_covered_by_target_inventory,parent_low_confidence_atomic_unreviewed,parent_low_confidence_atomic_unreviewed,parent_low_confidence_atomic_unreviewed,parent_low_confidence_atomic_unreviewed,not_covered_by_target_inventory,not_covered_by_target_inventory,not_covered_by_target_inventory,not_covered_by_target_inventory,not_covered_by_target_inventory,parent_low_confidence_atomic_unreviewed,untyped_object_requires_key_level_review,not_covered_by_target_inventory,not_covered_by_target_inventory,parent_low_confidence_atomic_unreviewed,not_covered_by_target_inventory,parent_low_confidence_atomic_unreviewed,parent_low_confidence_atomic_unreviewed,parent_low_confidence_atomic_unreviewed,parent_low_confidence_atomic_unreviewed,not_covered_by_target_inventory,not_covered_by_target_inventory,not_covered_by_target_inventory,not_covered_by_target_inventory,not_covered_by_target_inventory,parent_low_confidence_atomic_unreviewed,untyped_object_requires_key_level_review,not_covered_by_target_inventory,not_covered_by_target_inventory,parent_low_confidence_atomic_unreviewed,parent_low_confidence_atomic_unreviewed,parent_low_confidence_atomic_unreviewed,parent_low_confidence_atomic_unreviewed,parent_low_confidence_atomic_unreviewed,parent_low_confidence_atomic_unreviewed,parent_low_confidence_atomic_unreviewed,parent_low_confidence_atomic_unreviewed,parent_low_confidence_atomic_unreviewed,parent_low_confidence_atomic_unreviewed,parent_low_confidence_atomic_unreviewed,source_unavailable,parent_low_confidence_atomic_unreviewed,parent_low_confidence_atomic_unreviewed,parent_low_confidence_atomic_unreviewed,parent_low_confidence_atomic_unreviewed,parent_low_confidence_atomic_unreviewed,parent_low_confidence_atomic_unreviewed,parent_low_confidence_atomic_unreviewed,parent_low_confidence_atomic_unreviewed,parent_low_confidence_atomic_unreviewed,parent_low_confidence_atomic_unreviewed,parent_low_confidence_atomic_unreviewed,parent_low_confidence_atomic_unreviewed,not_covered_by_target_inventory,parent_low_confidence_atomic_unreviewed,parent_low_confidence_atomic_unreviewed,parent_low_confidence_atomic_unreviewed,parent_low_confidence_atomic_unreviewed,parent_low_confidence_atomic_unreviewed,parent_low_confidence_atomic_unreviewed,parent_low_confidence_atomic_unreviewed,parent_low_confidence_atomic_unreviewed,parent_low_confidence_atomic_unreviewed,parent_low_confidence_atomic_unreviewed,parent_low_confidence_atomic_unreviewed,parent_low_confidence_atomic_unreviewed,parent_low_confidence_atomic_unreviewed,parent_low_confidence_atomic_unreviewed,parent_low_confidence_atomic_unreviewed,parent_low_confidence_atomic_unreviewed,not_covered_by_target_inventory,source_unavailable,not_covered_by_current_audit,not_covered_by_current_audit,not_covered_by_current_audit,not_covered_by_current_audit,parent_low_confidence_atomic_unreviewed,parent_low_confidence_atomic_unreviewed,parent_low_confidence_atomic_unreviewed,parent_low_confidence_atomic_unreviewed,parent_low_confidence_atomic_unreviewed,parent_low_confidence_atomic_unreviewed,parent_low_confidence_atomic_unreviewed,untyped_object_requires_key_level_review,parent_low_confidence_atomic_unreviewed,parent_low_confidence_atomic_unreviewed,parent_low_confidence_atomic_unreviewed,parent_low_confidence_atomic_unreviewed,parent_low_confidence_atomic_unreviewed,parent_low_confidence_atomic_unreviewed,parent_low_confidence_atomic_unreviewed,parent_low_confidence_atomic_unreviewed,parent_low_confidence_atomic_unreviewed,parent_low_confidence_atomic_unreviewed,not_covered_by_current_audit,untyped_object_requires_key_level_review,untyped_object_requires_key_level_review
doi:10.1038/s41598-020-79767-0,Auditory roughness elicits defense reactions.,2021,10.1038/s41598-020-79767-0,supported_incomplete,1,doi:10.1038/s41598-020-79767-0,not_covered_by_target_inventory,not_covered_by_target_inventory,not_covered_by_target_inventory,not_covered_by_target_inventory,untyped_object_requires_key_level_review,parent_reported_atomic_unreviewed,parent_reported_atomic_unreviewed,parent_reported_atomic_unreviewed,not_covered_by_target_inventory,not_covered_by_target_inventory,parent_reported_atomic_unreviewed,parent_reported_atomic_unreviewed,untyped_object_requires_key_level_review,not_covered_by_target_inventory,not_covered_by_target_inventory,parent_reported_atomic_unreviewed,untyped_object_requires_key_level_review,parent_reported_atomic_unreviewed,not_covered_by_target_inventory,parent_reported_atomic_unreviewed,parent_reported_atomic_unreviewed,parent_reported_atomic_unreviewed,parent_reported_atomic_unreviewed,not_covered_by_target_inventory,not_covered_by_target_inventory,not_covered_by_target_inventory,not_covered_by_target_inventory,not_covered_by_target_inventory,parent_reported_atomic_unreviewed,untyped_object_requires_key_level_review,not_covered_by_target_inventory,not_covered_by_target_inventory,parent_reported_atomic_unreviewed,not_covered_by_target_inventory,parent_reported_atomic_unreviewed,parent_reported_atomic_unreviewed,parent_reported_atomic_unreviewed,parent_reported_atomic_unreviewed,not_covered_by_target_inventory,not_covered_by_target_inventory,not_covered_by_target_inventory,not_covered_by_target_inventory,not_covered_by_target_inventory,parent_reported_atomic_unreviewed,untyped_object_requires_key_level_review,not_covered_by_target_inventory,not_covered_by_target_inventory,parent_reported_atomic_unreviewed,parent_reported_atomic_unreviewed,parent_reported_atomic_unreviewed,parent_reported_atomic_unreviewed,parent_reported_atomic_unreviewed,parent_reported_atomic_unreviewed,parent_reported_atomic_unreviewed,parent_reported_atomic_unreviewed,parent_reported_atomic_unreviewed,parent_reported_atomic_unreviewed,parent_reported_atomic_unreviewed,parent_reported_atomic_unreviewed,parent_reported_atomic_unreviewed,parent_reported_atomic_unreviewed,parent_reported_atomic_unreviewed,parent_reported_atomic_unreviewed,parent_reported_atomic_unreviewed,parent_reported_atomic_unreviewed,parent_reported_atomic_unreviewed,parent_reported_atomic_unreviewed,parent_reported_atomic_unreviewed,multiple_target_review_states,multiple_target_review_states,multiple_target_review_states,not_covered_by_target_inventory,parent_reported_atomic_unreviewed,parent_reported_atomic_unreviewed,parent_reported_atomic_unreviewed,parent_reported_atomic_unreviewed,parent_reported_atomic_unreviewed,parent_reported_atomic_unreviewed,parent_reported_atomic_unreviewed,parent_reported_atomic_unreviewed,parent_reported_atomic_unreviewed,parent_reported_atomic_unreviewed,parent_reported_atomic_unreviewed,parent_derived_atomic_unreviewed,parent_derived_atomic_unreviewed,parent_reported_atomic_unreviewed,parent_reported_atomic_unreviewed,parent_derived_atomic_unreviewed,not_covered_by_target_inventory,parent_reported_atomic_unreviewed,not_covered_by_current_audit,not_covered_by_current_audit,not_covered_by_current_audit,not_covered_by_current_audit,parent_reported_atomic_unreviewed,parent_reported_atomic_unreviewed,parent_reported_atomic_unreviewed,parent_reported_atomic_unreviewed,parent_reported_atomic_unreviewed,multiple_target_review_states,multiple_target_review_states,untyped_object_requires_key_level_review,parent_reported_atomic_unreviewed,parent_reported_atomic_unreviewed,parent_reported_atomic_unreviewed,parent_reported_atomic_unreviewed,parent_reported_atomic_unreviewed,parent_reported_atomic_unreviewed,parent_reported_atomic_unreviewed,parent_reported_atomic_unreviewed,parent_reported_atomic_unreviewed,parent_reported_atomic_unreviewed,not_covered_by_current_audit,untyped_object_requires_key_level_review,untyped_object_requires_key_level_review
doi:10.1038/s41598-021-00048-5,Frontal and parietal background connectivity and their dynamic changes account for individual differences in the multisensory representation of peripersonal space.,2021,10.1038/s41598-021-00048-5,supported_incomplete,1,doi:10.1038/s41598-021-00048-5,not_covered_by_target_inventory,not_covered_by_target_inventory,not_covered_by_target_inventory,not_covered_by_target_inventory,untyped_object_requires_key_level_review,parent_low_confidence_atomic_unreviewed,parent_low_confidence_atomic_unreviewed,parent_low_confidence_atomic_unreviewed,not_covered_by_target_inventory,not_covered_by_target_inventory,parent_low_confidence_atomic_unreviewed,parent_low_confidence_atomic_unreviewed,untyped_object_requires_key_level_review,not_covered_by_target_inventory,not_covered_by_target_inventory,parent_low_confidence_atomic_unreviewed,untyped_object_requires_key_level_review,parent_low_confidence_atomic_unreviewed,not_covered_by_target_inventory,parent_low_confidence_atomic_unreviewed,parent_low_confidence_atomic_unreviewed,parent_low_confidence_atomic_unreviewed,parent_low_confidence_atomic_unreviewed,not_covered_by_target_inventory,not_covered_by_target_inventory,not_covered_by_target_inventory,not_covered_by_target_inventory,not_covered_by_target_inventory,parent_low_confidence_atomic_unreviewed,untyped_object_requires_key_level_review,not_covered_by_target_inventory,not_covered_by_target_inventory,parent_low_confidence_atomic_unreviewed,not_covered_by_target_inventory,parent_low_confidence_atomic_unreviewed,parent_low_confidence_atomic_unreviewed,parent_low_confidence_atomic_unreviewed,parent_low_confidence_atomic_unreviewed,not_covered_by_target_inventory,not_covered_by_target_inventory,not_covered_by_target_inventory,not_covered_by_target_inventory,not_covered_by_target_inventory,parent_low_confidence_atomic_unreviewed,untyped_object_requires_key_level_review,not_covered_by_target_inventory,not_covered_by_target_inventory,parent_low_confidence_atomic_unreviewed,parent_low_confidence_atomic_unreviewed,parent_low_confidence_atomic_unreviewed,parent_low_confidence_atomic_unreviewed,parent_low_confidence_atomic_unreviewed,parent_low_confidence_atomic_unreviewed,parent_low_confidence_atomic_unreviewed,parent_low_confidence_atomic_unreviewed,parent_low_confidence_atomic_unreviewed,parent_low_confidence_atomic_unreviewed,parent_low_confidence_atomic_unreviewed,source_unavailable,parent_low_confidence_atomic_unreviewed,parent_low_confidence_atomic_unreviewed,parent_low_confidence_atomic_unreviewed,parent_low_confidence_atomic_unreviewed,parent_low_confidence_atomic_unreviewed,parent_low_confidence_atomic_unreviewed,parent_low_confidence_atomic_unreviewed,source_unavailable,source_unavailable,parent_low_confidence_atomic_unreviewed,parent_low_confidence_atomic_unreviewed,parent_low_confidence_atomic_unreviewed,not_covered_by_target_inventory,parent_low_confidence_atomic_unreviewed,source_unavailable,source_unavailable,source_unavailable,source_unavailable,source_unavailable,source_unavailable,source_unavailable,source_unavailable,source_unavailable,source_unavailable,source_unavailable,source_unavailable,parent_low_confidence_atomic_unreviewed,source_unavailable,source_unavailable,not_covered_by_target_inventory,source_unavailable,not_covered_by_current_audit,not_covered_by_current_audit,not_covered_by_current_audit,not_covered_by_current_audit,parent_low_confidence_atomic_unreviewed,parent_low_confidence_atomic_unreviewed,parent_low_confidence_atomic_unreviewed,parent_low_confidence_atomic_unreviewed,parent_low_confidence_atomic_unreviewed,parent_low_confidence_atomic_unreviewed,parent_low_confidence_atomic_unreviewed,untyped_object_requires_key_level_review,parent_low_confidence_atomic_unreviewed,parent_low_confidence_atomic_unreviewed,parent_low_confidence_atomic_unreviewed,parent_low_confidence_atomic_unreviewed,parent_low_confidence_atomic_unreviewed,parent_low_confidence_atomic_unreviewed,parent_low_confidence_atomic_unreviewed,parent_low_confidence_atomic_unreviewed,parent_low_confidence_atomic_unreviewed,parent_low_confidence_atomic_unreviewed,not_covered_by_current_audit,untyped_object_requires_key_level_review,untyped_object_requires_key_level_review
doi:10.1038/s41598-021-90784-5,"Peripersonal space in the front, rear, left and right directions for audio-tactile multisensory integration.",2021,10.1038/s41598-021-90784-5,runnable,1,doi:10.1038/s41598-021-90784-5,not_covered_by_target_inventory,not_covered_by_target_inventory,not_covered_by_target_inventory,not_covered_by_target_inventory,untyped_object_requires_key_level_review,parent_reported_atomic_unreviewed,parent_reported_atomic_unreviewed,parent_reported_atomic_unreviewed,not_covered_by_target_inventory,not_covered_by_target_inventory,parent_reported_atomic_unreviewed,parent_reported_atomic_unreviewed,untyped_object_requires_key_level_review,not_covered_by_target_inventory,not_covered_by_target_inventory,parent_reported_atomic_unreviewed,untyped_object_requires_key_level_review,parent_reported_atomic_unreviewed,not_covered_by_target_inventory,parent_reported_atomic_unreviewed,parent_reported_atomic_unreviewed,parent_reported_atomic_unreviewed,parent_reported_atomic_unreviewed,not_covered_by_target_inventory,not_covered_by_target_inventory,not_covered_by_target_inventory,not_covered_by_target_inventory,not_covered_by_target_inventory,parent_reported_atomic_unreviewed,untyped_object_requires_key_level_review,not_covered_by_target_inventory,not_covered_by_target_inventory,parent_reported_atomic_unreviewed,not_covered_by_target_inventory,parent_reported_atomic_unreviewed,parent_reported_atomic_unreviewed,parent_reported_atomic_unreviewed,parent_reported_atomic_unreviewed,not_covered_by_target_inventory,not_covered_by_target_inventory,not_covered_by_target_inventory,not_covered_by_target_inventory,not_covered_by_target_inventory,parent_reported_atomic_unreviewed,untyped_object_requires_key_level_review,not_covered_by_target_inventory,not_covered_by_target_inventory,parent_reported_atomic_unreviewed,parent_reported_atomic_unreviewed,parent_reported_atomic_unreviewed,parent_reported_atomic_unreviewed,parent_reported_atomic_unreviewed,parent_reported_atomic_unreviewed,parent_reported_atomic_unreviewed,parent_reported_atomic_unreviewed,parent_reported_atomic_unreviewed,parent_reported_atomic_unreviewed,parent_reported_atomic_unreviewed,parent_reported_atomic_unreviewed,parent_reported_atomic_unreviewed,parent_reported_atomic_unreviewed,parent_reported_atomic_unreviewed,parent_reported_atomic_unreviewed,parent_reported_atomic_unreviewed,parent_reported_atomic_unreviewed,parent_reported_atomic_unreviewed,parent_reported_atomic_unreviewed,parent_reported_atomic_unreviewed,parent_reported_atomic_unreviewed,parent_reported_atomic_unreviewed,parent_reported_atomic_unreviewed,not_covered_by_target_inventory,parent_reported_atomic_unreviewed,parent_reported_atomic_unreviewed,parent_reported_atomic_unreviewed,parent_reported_atomic_unreviewed,parent_reported_atomic_unreviewed,parent_reported_atomic_unreviewed,parent_reported_atomic_unreviewed,parent_reported_atomic_unreviewed,parent_reported_atomic_unreviewed,parent_reported_atomic_unreviewed,parent_reported_atomic_unreviewed,parent_reported_atomic_unreviewed,parent_reported_atomic_unreviewed,parent_reported_atomic_unreviewed,parent_reported_atomic_unreviewed,parent_reported_atomic_unreviewed,not_covered_by_target_inventory,parent_reported_atomic_unreviewed,not_covered_by_current_audit,not_covered_by_current_audit,not_covered_by_current_audit,not_covered_by_current_audit,parent_reported_atomic_unreviewed,parent_reported_atomic_unreviewed,parent_reported_atomic_unreviewed,parent_reported_atomic_unreviewed,parent_reported_atomic_unreviewed,parent_reported_atomic_unreviewed,parent_reported_atomic_unreviewed,untyped_object_requires_key_level_review,parent_reported_atomic_unreviewed,parent_reported_atomic_unreviewed,parent_reported_atomic_unreviewed,parent_reported_atomic_unreviewed,parent_reported_atomic_unreviewed,parent_reviewed_missing,parent_reviewed_missing,parent_reported_atomic_unreviewed,parent_reported_atomic_unreviewed,parent_reported_atomic_unreviewed,not_covered_by_current_audit,untyped_object_requires_key_level_review,untyped_object_requires_key_level_review
doi:10.1038/s41598-022-21469-w,Multisensory-driven facilitation within the peripersonal space is modulated by the expectations about stimulus location on the body.,2022,10.1038/s41598-022-21469-w,adjacent_scope_conflict,1,doi:10.1038/s41598-022-21469-w,not_covered_by_target_inventory,not_covered_by_target_inventory,not_covered_by_target_inventory,not_covered_by_target_inventory,untyped_object_requires_key_level_review,parent_not_applicable_atomic_unreviewed,parent_not_applicable_atomic_unreviewed,parent_not_applicable_atomic_unreviewed,not_covered_by_target_inventory,not_covered_by_target_inventory,parent_not_applicable_atomic_unreviewed,parent_not_applicable_atomic_unreviewed,untyped_object_requires_key_level_review,not_covered_by_target_inventory,not_covered_by_target_inventory,parent_not_applicable_atomic_unreviewed,untyped_object_requires_key_level_review,parent_not_applicable_atomic_unreviewed,not_covered_by_target_inventory,parent_not_applicable_atomic_unreviewed,parent_not_applicable_atomic_unreviewed,parent_not_applicable_atomic_unreviewed,parent_not_applicable_atomic_unreviewed,not_covered_by_target_inventory,not_covered_by_target_inventory,not_covered_by_target_inventory,not_covered_by_target_inventory,not_covered_by_target_inventory,parent_not_applicable_atomic_unreviewed,untyped_object_requires_key_level_review,not_covered_by_target_inventory,not_covered_by_target_inventory,parent_not_applicable_atomic_unreviewed,not_covered_by_target_inventory,parent_not_applicable_atomic_unreviewed,parent_not_applicable_atomic_unreviewed,parent_not_applicable_atomic_unreviewed,parent_not_applicable_atomic_unreviewed,not_covered_by_target_inventory,not_covered_by_target_inventory,not_covered_by_target_inventory,not_covered_by_target_inventory,not_covered_by_target_inventory,parent_not_applicable_atomic_unreviewed,untyped_object_requires_key_level_review,not_covered_by_target_inventory,not_covered_by_target_inventory,parent_not_applicable_atomic_unreviewed,parent_not_applicable_atomic_unreviewed,parent_not_applicable_atomic_unreviewed,parent_not_applicable_atomic_unreviewed,parent_not_applicable_atomic_unreviewed,parent_not_applicable_atomic_unreviewed,parent_not_applicable_atomic_unreviewed,parent_not_applicable_atomic_unreviewed,parent_not_applicable_atomic_unreviewed,parent_not_applicable_atomic_unreviewed,parent_not_applicable_atomic_unreviewed,parent_not_applicable_atomic_unreviewed,parent_not_applicable_atomic_unreviewed,parent_not_applicable_atomic_unreviewed,parent_not_applicable_atomic_unreviewed,parent_not_applicable_atomic_unreviewed,parent_not_applicable_atomic_unreviewed,parent_not_applicable_atomic_unreviewed,parent_not_applicable_atomic_unreviewed,parent_not_applicable_atomic_unreviewed,parent_not_applicable_atomic_unreviewed,parent_not_applicable_atomic_unreviewed,parent_not_applicable_atomic_unreviewed,parent_not_applicable_atomic_unreviewed,not_covered_by_target_inventory,parent_not_applicable_atomic_unreviewed,parent_not_applicable_atomic_unreviewed,parent_not_applicable_atomic_unreviewed,parent_not_applicable_atomic_unreviewed,parent_not_applicable_atomic_unreviewed,parent_not_applicable_atomic_unreviewed,parent_not_applicable_atomic_unreviewed,parent_not_applicable_atomic_unreviewed,parent_not_applicable_atomic_unreviewed,parent_not_applicable_atomic_unreviewed,parent_not_applicable_atomic_unreviewed,parent_not_applicable_atomic_unreviewed,parent_not_applicable_atomic_unreviewed,parent_not_applicable_atomic_unreviewed,parent_not_applicable_atomic_unreviewed,parent_not_applicable_atomic_unreviewed,not_covered_by_target_inventory,parent_not_applicable_atomic_unreviewed,not_covered_by_current_audit,not_covered_by_current_audit,not_covered_by_current_audit,not_covered_by_current_audit,parent_not_applicable_atomic_unreviewed,parent_not_applicable_atomic_unreviewed,parent_not_applicable_atomic_unreviewed,parent_not_applicable_atomic_unreviewed,parent_not_applicable_atomic_unreviewed,parent_not_applicable_atomic_unreviewed,parent_not_applicable_atomic_unreviewed,untyped_object_requires_key_level_review,parent_not_applicable_atomic_unreviewed,parent_not_applicable_atomic_unreviewed,parent_not_applicable_atomic_unreviewed,parent_not_applicable_atomic_unreviewed,parent_not_applicable_atomic_unreviewed,parent_not_applicable_atomic_unreviewed,parent_not_applicable_atomic_unreviewed,parent_not_applicable_atomic_unreviewed,parent_not_applicable_atomic_unreviewed,parent_not_applicable_atomic_unreviewed,not_covered_by_current_audit,untyped_object_requires_key_level_review,untyped_object_requires_key_level_review
doi:10.1038/s41598-026-36796-5,Somatotopy-independent reduction of audio-tactile intersensory facilitation for looming sounds within the peripersonal space during arm movements execution.,2026,10.1038/s41598-026-36796-5,runnable,2,doi:10.1038/s41598-026-36796-5::a | doi:10.1038/s41598-026-36796-5::b,not_covered_by_target_inventory,not_covered_by_target_inventory,not_covered_by_target_inventory,not_covered_by_target_inventory,untyped_object_requires_key_level_review,composite_parent_atomic_unreviewed,composite_parent_atomic_unreviewed,composite_parent_atomic_unreviewed,not_covered_by_target_inventory,not_covered_by_target_inventory,composite_parent_atomic_unreviewed,composite_parent_atomic_unreviewed,untyped_object_requires_key_level_review,not_covered_by_target_inventory,not_covered_by_target_inventory,composite_parent_atomic_unreviewed,untyped_object_requires_key_level_review,composite_parent_atomic_unreviewed,not_covered_by_target_inventory,composite_parent_atomic_unreviewed,composite_parent_atomic_unreviewed,composite_parent_atomic_unreviewed,composite_parent_atomic_unreviewed,not_covered_by_target_inventory,not_covered_by_target_inventory,not_covered_by_target_inventory,not_covered_by_target_inventory,not_covered_by_target_inventory,composite_parent_atomic_unreviewed,untyped_object_requires_key_level_review,not_covered_by_target_inventory,not_covered_by_target_inventory,composite_parent_atomic_unreviewed,not_covered_by_target_inventory,composite_parent_atomic_unreviewed,composite_parent_atomic_unreviewed,composite_parent_atomic_unreviewed,composite_parent_atomic_unreviewed,not_covered_by_target_inventory,not_covered_by_target_inventory,not_covered_by_target_inventory,not_covered_by_target_inventory,not_covered_by_target_inventory,composite_parent_atomic_unreviewed,untyped_object_requires_key_level_review,not_covered_by_target_inventory,not_covered_by_target_inventory,composite_parent_atomic_unreviewed,composite_parent_atomic_unreviewed,composite_parent_atomic_unreviewed,composite_parent_atomic_unreviewed,composite_parent_atomic_unreviewed,composite_parent_atomic_unreviewed,composite_parent_atomic_unreviewed,composite_parent_atomic_unreviewed,composite_parent_atomic_unreviewed,composite_parent_atomic_unreviewed,composite_parent_atomic_unreviewed,composite_parent_atomic_unreviewed,composite_parent_atomic_unreviewed,composite_parent_atomic_unreviewed,composite_parent_atomic_unreviewed,composite_parent_atomic_unreviewed,composite_parent_atomic_unreviewed,composite_parent_atomic_unreviewed,composite_parent_atomic_unreviewed,composite_parent_atomic_unreviewed,composite_parent_atomic_unreviewed,composite_parent_atomic_unreviewed,composite_parent_atomic_unreviewed,composite_parent_atomic_unreviewed,not_covered_by_target_inventory,composite_parent_atomic_unreviewed,composite_parent_atomic_unreviewed,composite_parent_atomic_unreviewed,composite_parent_atomic_unreviewed,composite_parent_atomic_unreviewed,composite_parent_atomic_unreviewed,composite_parent_atomic_unreviewed,composite_parent_atomic_unreviewed,composite_parent_atomic_unreviewed,composite_parent_atomic_unreviewed,composite_parent_atomic_unreviewed,composite_parent_atomic_unreviewed,composite_parent_atomic_unreviewed,composite_parent_atomic_unreviewed,composite_parent_atomic_unreviewed,composite_parent_atomic_unreviewed,not_covered_by_target_inventory,composite_parent_atomic_unreviewed,not_covered_by_current_audit,not_covered_by_current_audit,not_covered_by_current_audit,not_covered_by_current_audit,composite_parent_atomic_unreviewed,composite_parent_atomic_unreviewed,composite_parent_atomic_unreviewed,composite_parent_atomic_unreviewed,composite_parent_atomic_unreviewed,composite_parent_atomic_unreviewed,composite_parent_atomic_unreviewed,untyped_object_requires_key_level_review,composite_parent_atomic_unreviewed,composite_parent_atomic_unreviewed,composite_parent_atomic_unreviewed,composite_parent_atomic_unreviewed,composite_parent_atomic_unreviewed,composite_parent_atomic_unreviewed,composite_parent_atomic_unreviewed,composite_parent_atomic_unreviewed,composite_parent_atomic_unreviewed,composite_parent_atomic_unreviewed,not_covered_by_current_audit,untyped_object_requires_key_level_review,untyped_object_requires_key_level_review
doi:10.1038/srep02844,Amputation and prosthesis implantation shape body and peripersonal space representations.,2013,10.1038/srep02844,runnable,3,doi:10.1038/srep02844::a | doi:10.1038/srep02844::b | doi:10.1038/srep02844::c,not_covered_by_target_inventory,not_covered_by_target_inventory,not_covered_by_target_inventory,not_covered_by_target_inventory,untyped_object_requires_key_level_review,mixed,mixed,mixed,not_covered_by_target_inventory,not_covered_by_target_inventory,mixed,mixed,untyped_object_requires_key_level_review,not_covered_by_target_inventory,not_covered_by_target_inventory,mixed,untyped_object_requires_key_level_review,mixed,not_covered_by_target_inventory,mixed,mixed,mixed,mixed,not_covered_by_target_inventory,not_covered_by_target_inventory,not_covered_by_target_inventory,not_covered_by_target_inventory,not_covered_by_target_inventory,mixed,untyped_object_requires_key_level_review,not_covered_by_target_inventory,not_covered_by_target_inventory,mixed,not_covered_by_target_inventory,mixed,mixed,mixed,mixed,not_covered_by_target_inventory,not_covered_by_target_inventory,not_covered_by_target_inventory,not_covered_by_target_inventory,not_covered_by_target_inventory,mixed,untyped_object_requires_key_level_review,not_covered_by_target_inventory,not_covered_by_target_inventory,mixed,mixed,mixed,mixed,mixed,mixed,mixed,mixed,mixed,mixed,mixed,mixed,mixed,mixed,mixed,mixed,mixed,mixed,mixed,mixed,mixed,mixed,mixed,mixed,not_covered_by_target_inventory,mixed,mixed,mixed,mixed,mixed,mixed,mixed,mixed,mixed,mixed,mixed,mixed,mixed,mixed,mixed,mixed,not_covered_by_target_inventory,mixed,not_covered_by_current_audit,not_covered_by_current_audit,not_covered_by_current_audit,not_covered_by_current_audit,mixed,mixed,mixed,mixed,mixed,mixed,mixed,untyped_object_requires_key_level_review,mixed,mixed,mixed,mixed,mixed,mixed,mixed,mixed,mixed,mixed,not_covered_by_current_audit,untyped_object_requires_key_level_review,untyped_object_requires_key_level_review
doi:10.1038/srep18603,Body part-centered and full body-centered peripersonal space representations.,2015,10.1038/srep18603,runnable,7,doi:10.1038/srep18603::a | doi:10.1038/srep18603::b | doi:10.1038/srep18603::c | doi:10.1038/srep18603::d | doi:10.1038/srep18603::e | doi:10.1038/srep18603::f | doi:10.1038/srep18603::g,not_covered_by_target_inventory,not_covered_by_target_inventory,not_covered_by_target_inventory,not_covered_by_target_inventory,untyped_object_requires_key_level_review,mixed,mixed,mixed,not_covered_by_target_inventory,not_covered_by_target_inventory,mixed,mixed,untyped_object_requires_key_level_review,not_covered_by_target_inventory,not_covered_by_target_inventory,mixed,untyped_object_requires_key_level_review,mixed,not_covered_by_target_inventory,mixed,mixed,mixed,mixed,not_covered_by_target_inventory,not_covered_by_target_inventory,not_covered_by_target_inventory,not_covered_by_target_inventory,not_covered_by_target_inventory,mixed,untyped_object_requires_key_level_review,not_covered_by_target_inventory,not_covered_by_target_inventory,mixed,not_covered_by_target_inventory,mixed,mixed,mixed,mixed,not_covered_by_target_inventory,not_covered_by_target_inventory,not_covered_by_target_inventory,not_covered_by_target_inventory,not_covered_by_target_inventory,mixed,untyped_object_requires_key_level_review,not_covered_by_target_inventory,not_covered_by_target_inventory,mixed,mixed,mixed,mixed,mixed,mixed,mixed,mixed,mixed,mixed,mixed,mixed,mixed,mixed,mixed,mixed,mixed,mixed,mixed,mixed,mixed,mixed,mixed,mixed,not_covered_by_target_inventory,mixed,mixed,mixed,mixed,mixed,mixed,mixed,mixed,mixed,mixed,mixed,mixed,mixed,mixed,mixed,mixed,not_covered_by_target_inventory,mixed,not_covered_by_current_audit,not_covered_by_current_audit,not_covered_by_current_audit,not_covered_by_current_audit,mixed,mixed,mixed,mixed,mixed,mixed,mixed,untyped_object_requires_key_level_review,mixed,mixed,mixed,mixed,mixed,mixed,mixed,mixed,mixed,mixed,not_covered_by_current_audit,untyped_object_requires_key_level_review,untyped_object_requires_key_level_review
doi:10.1073/pnas.2024548118,Spatial tuning of electrophysiological responses to multisensory stimuli reveals a primitive coding of the body boundaries in newborns,2021,10.1073/pnas.2024548118,supported_incomplete,1,doi:10.1073/pnas.2024548118,not_covered_by_target_inventory,not_covered_by_target_inventory,not_covered_by_target_inventory,not_covered_by_target_inventory,untyped_object_requires_key_level_review,parent_reported_atomic_unreviewed,parent_reported_atomic_unreviewed,parent_reported_atomic_unreviewed,not_covered_by_target_inventory,not_covered_by_target_inventory,parent_reported_atomic_unreviewed,parent_reported_atomic_unreviewed,untyped_object_requires_key_level_review,not_covered_by_target_inventory,not_covered_by_target_inventory,parent_reported_atomic_unreviewed,untyped_object_requires_key_level_review,parent_reported_atomic_unreviewed,not_covered_by_target_inventory,parent_reported_atomic_unreviewed,parent_reported_atomic_unreviewed,parent_reported_atomic_unreviewed,parent_reported_atomic_unreviewed,not_covered_by_target_inventory,not_covered_by_target_inventory,not_covered_by_target_inventory,not_covered_by_target_inventory,not_covered_by_target_inventory,parent_reported_atomic_unreviewed,untyped_object_requires_key_level_review,not_covered_by_target_inventory,not_covered_by_target_inventory,parent_reported_atomic_unreviewed,not_covered_by_target_inventory,parent_reported_atomic_unreviewed,parent_reported_atomic_unreviewed,parent_reported_atomic_unreviewed,parent_reported_atomic_unreviewed,not_covered_by_target_inventory,not_covered_by_target_inventory,not_covered_by_target_inventory,not_covered_by_target_inventory,not_covered_by_target_inventory,parent_reported_atomic_unreviewed,untyped_object_requires_key_level_review,not_covered_by_target_inventory,not_covered_by_target_inventory,parent_reported_atomic_unreviewed,parent_reported_atomic_unreviewed,parent_reported_atomic_unreviewed,parent_reported_atomic_unreviewed,parent_reported_atomic_unreviewed,parent_reported_atomic_unreviewed,parent_reported_atomic_unreviewed,parent_reported_atomic_unreviewed,parent_reported_atomic_unreviewed,parent_reported_atomic_unreviewed,parent_reported_atomic_unreviewed,parent_not_applicable_atomic_unreviewed,parent_reported_atomic_unreviewed,parent_reported_atomic_unreviewed,parent_reported_atomic_unreviewed,parent_reported_atomic_unreviewed,parent_reported_atomic_unreviewed,parent_reported_atomic_unreviewed,parent_reported_atomic_unreviewed,parent_reported_atomic_unreviewed,parent_reported_atomic_unreviewed,parent_reported_atomic_unreviewed,parent_reported_atomic_unreviewed,parent_reported_atomic_unreviewed,not_covered_by_target_inventory,parent_reported_atomic_unreviewed,parent_not_applicable_atomic_unreviewed,parent_not_applicable_atomic_unreviewed,parent_not_applicable_atomic_unreviewed,parent_not_applicable_atomic_unreviewed,parent_not_applicable_atomic_unreviewed,parent_not_applicable_atomic_unreviewed,parent_not_applicable_atomic_unreviewed,parent_not_applicable_atomic_unreviewed,parent_reported_atomic_unreviewed,parent_reported_atomic_unreviewed,parent_reported_atomic_unreviewed,parent_reported_atomic_unreviewed,parent_reported_atomic_unreviewed,parent_reported_atomic_unreviewed,parent_reported_atomic_unreviewed,not_covered_by_target_inventory,parent_reported_atomic_unreviewed,not_covered_by_current_audit,not_covered_by_current_audit,not_covered_by_current_audit,not_covered_by_current_audit,parent_reported_atomic_unreviewed,parent_reported_atomic_unreviewed,parent_reported_atomic_unreviewed,parent_reported_atomic_unreviewed,parent_reported_atomic_unreviewed,parent_reported_atomic_unreviewed,parent_reported_atomic_unreviewed,untyped_object_requires_key_level_review,parent_reported_atomic_unreviewed,parent_reported_atomic_unreviewed,parent_reported_atomic_unreviewed,parent_reported_atomic_unreviewed,parent_reported_atomic_unreviewed,parent_reported_atomic_unreviewed,parent_reported_atomic_unreviewed,parent_reported_atomic_unreviewed,parent_reported_atomic_unreviewed,parent_reported_atomic_unreviewed,not_covered_by_current_audit,untyped_object_requires_key_level_review,untyped_object_requires_key_level_review
doi:10.1073/pnas.2516229122,"Interoception vs. Exteroception: Cardiac interoception competes with tactile perception, yet also facilitates self-relevance encoding.",2025,10.1073/pnas.2516229122,supported_incomplete,1,doi:10.1073/pnas.2516229122,not_covered_by_target_inventory,not_covered_by_target_inventory,not_covered_by_target_inventory,not_covered_by_target_inventory,untyped_object_requires_key_level_review,source_unavailable,source_unavailable,source_unavailable,not_covered_by_target_inventory,not_covered_by_target_inventory,source_unavailable,source_unavailable,untyped_object_requires_key_level_review,not_covered_by_target_inventory,not_covered_by_target_inventory,source_unavailable,untyped_object_requires_key_level_review,source_unavailable,not_covered_by_target_inventory,source_unavailable,source_unavailable,source_unavailable,source_unavailable,not_covered_by_target_inventory,not_covered_by_target_inventory,not_covered_by_target_inventory,not_covered_by_target_inventory,not_covered_by_target_inventory,source_unavailable,untyped_object_requires_key_level_review,not_covered_by_target_inventory,not_covered_by_target_inventory,source_unavailable,not_covered_by_target_inventory,source_unavailable,source_unavailable,source_unavailable,source_unavailable,not_covered_by_target_inventory,not_covered_by_target_inventory,not_covered_by_target_inventory,not_covered_by_target_inventory,not_covered_by_target_inventory,source_unavailable,untyped_object_requires_key_level_review,not_covered_by_target_inventory,not_covered_by_target_inventory,source_unavailable,source_unavailable,source_unavailable,source_unavailable,source_unavailable,source_unavailable,source_unavailable,source_unavailable,source_unavailable,source_unavailable,source_unavailable,source_unavailable,source_unavailable,source_unavailable,source_unavailable,source_unavailable,source_unavailable,source_unavailable,source_unavailable,source_unavailable,source_unavailable,source_unavailable,source_unavailable,source_unavailable,not_covered_by_target_inventory,source_unavailable,source_unavailable,source_unavailable,source_unavailable,source_unavailable,source_unavailable,source_unavailable,source_unavailable,source_unavailable,source_unavailable,source_unavailable,source_unavailable,source_unavailable,source_unavailable,source_unavailable,source_unavailable,not_covered_by_target_inventory,source_unavailable,not_covered_by_current_audit,not_covered_by_current_audit,not_covered_by_current_audit,not_covered_by_current_audit,source_unavailable,source_unavailable,source_unavailable,source_unavailable,source_unavailable,source_unavailable,source_unavailable,untyped_object_requires_key_level_review,source_unavailable,source_unavailable,source_unavailable,source_unavailable,source_unavailable,source_unavailable,source_unavailable,source_unavailable,source_unavailable,source_unavailable,not_covered_by_current_audit,untyped_object_requires_key_level_review,untyped_object_requires_key_level_review
doi:10.1080/17470210903068989,Assessing the effect of sound complexity on the audiotactile cross-modal dynamic capture task.,2010,10.1080/17470210903068989,not_assessed,1,doi:10.1080/17470210903068989,not_covered_by_target_inventory,not_covered_by_target_inventory,not_covered_by_target_inventory,not_covered_by_target_inventory,untyped_object_requires_key_level_review,not_assessed,not_assessed,not_assessed,not_covered_by_target_inventory,not_covered_by_target_inventory,not_assessed,not_assessed,untyped_object_requires_key_level_review,not_covered_by_target_inventory,not_covered_by_target_inventory,not_assessed,untyped_object_requires_key_level_review,not_assessed,not_covered_by_target_inventory,not_assessed,not_assessed,not_assessed,not_assessed,not_covered_by_target_inventory,not_covered_by_target_inventory,not_covered_by_target_inventory,not_covered_by_target_inventory,not_covered_by_target_inventory,not_assessed,untyped_object_requires_key_level_review,not_covered_by_target_inventory,not_covered_by_target_inventory,not_assessed,not_covered_by_target_inventory,not_assessed,not_assessed,not_assessed,not_assessed,not_covered_by_target_inventory,not_covered_by_target_inventory,not_covered_by_target_inventory,not_covered_by_target_inventory,not_covered_by_target_inventory,not_assessed,untyped_object_requires_key_level_review,not_covered_by_target_inventory,not_covered_by_target_inventory,not_assessed,not_assessed,not_assessed,not_assessed,not_assessed,not_assessed,not_assessed,not_assessed,not_assessed,not_assessed,not_assessed,not_assessed,not_assessed,not_assessed,not_assessed,not_assessed,not_assessed,not_assessed,not_assessed,not_assessed,not_assessed,not_assessed,not_assessed,not_assessed,not_covered_by_target_inventory,not_assessed,not_assessed,not_assessed,not_assessed,not_assessed,not_assessed,not_assessed,not_assessed,not_assessed,not_assessed,not_assessed,not_assessed,not_assessed,not_assessed,not_assessed,not_assessed,not_covered_by_target_inventory,not_assessed,not_covered_by_current_audit,not_covered_by_current_audit,not_covered_by_current_audit,not_covered_by_current_audit,not_assessed,not_assessed,not_assessed,not_assessed,not_assessed,not_assessed,not_assessed,untyped_object_requires_key_level_review,not_assessed,not_assessed,not_assessed,not_assessed,not_assessed,not_assessed,not_assessed,not_assessed,not_assessed,not_assessed,not_covered_by_current_audit,untyped_object_requires_key_level_review,untyped_object_requires_key_level_review
doi:10.1093/braincomms/fcac179,Body and peripersonal space representations in chronic stroke patients with upper limb motor deficits.,2022,10.1093/braincomms/fcac179,not_assessed,1,doi:10.1093/braincomms/fcac179,not_covered_by_target_inventory,not_covered_by_target_inventory,not_covered_by_target_inventory,not_covered_by_target_inventory,untyped_object_requires_key_level_review,not_assessed,not_assessed,not_assessed,not_covered_by_target_inventory,not_covered_by_target_inventory,not_assessed,not_assessed,untyped_object_requires_key_level_review,not_covered_by_target_inventory,not_covered_by_target_inventory,not_assessed,untyped_object_requires_key_level_review,not_assessed,not_covered_by_target_inventory,not_assessed,not_assessed,not_assessed,not_assessed,not_covered_by_target_inventory,not_covered_by_target_inventory,not_covered_by_target_inventory,not_covered_by_target_inventory,not_covered_by_target_inventory,not_assessed,untyped_object_requires_key_level_review,not_covered_by_target_inventory,not_covered_by_target_inventory,not_assessed,not_covered_by_target_inventory,not_assessed,not_assessed,not_assessed,not_assessed,not_covered_by_target_inventory,not_covered_by_target_inventory,not_covered_by_target_inventory,not_covered_by_target_inventory,not_covered_by_target_inventory,not_assessed,untyped_object_requires_key_level_review,not_covered_by_target_inventory,not_covered_by_target_inventory,not_assessed,not_assessed,not_assessed,not_assessed,not_assessed,not_assessed,not_assessed,not_assessed,not_assessed,not_assessed,not_assessed,not_assessed,not_assessed,not_assessed,not_assessed,not_assessed,not_assessed,not_assessed,not_assessed,not_assessed,not_assessed,not_assessed,not_assessed,not_assessed,not_covered_by_target_inventory,not_assessed,not_assessed,not_assessed,not_assessed,not_assessed,not_assessed,not_assessed,not_assessed,not_assessed,not_assessed,not_assessed,not_assessed,not_assessed,not_assessed,not_assessed,not_assessed,not_covered_by_target_inventory,not_assessed,not_covered_by_current_audit,not_covered_by_current_audit,not_covered_by_current_audit,not_covered_by_current_audit,not_assessed,not_assessed,not_assessed,not_assessed,not_assessed,not_assessed,not_assessed,untyped_object_requires_key_level_review,not_assessed,not_assessed,not_assessed,not_assessed,not_assessed,not_assessed,not_assessed,not_assessed,not_assessed,not_assessed,not_covered_by_current_audit,untyped_object_requires_key_level_review,untyped_object_requires_key_level_review
doi:10.1093/cercor/bhh197,Grabbing your ear: rapid auditory-somatosensory multisensory interactions in low-level sensory cortices are not constrained by stimulus alignment.,2005,10.1093/cercor/bhh197,not_assessed,1,doi:10.1093/cercor/bhh197,not_covered_by_target_inventory,not_covered_by_target_inventory,not_covered_by_target_inventory,not_covered_by_target_inventory,untyped_object_requires_key_level_review,not_assessed,not_assessed,not_assessed,not_covered_by_target_inventory,not_covered_by_target_inventory,not_assessed,not_assessed,untyped_object_requires_key_level_review,not_covered_by_target_inventory,not_covered_by_target_inventory,not_assessed,untyped_object_requires_key_level_review,not_assessed,not_covered_by_target_inventory,not_assessed,not_assessed,not_assessed,not_assessed,not_covered_by_target_inventory,not_covered_by_target_inventory,not_covered_by_target_inventory,not_covered_by_target_inventory,not_covered_by_target_inventory,not_assessed,untyped_object_requires_key_level_review,not_covered_by_target_inventory,not_covered_by_target_inventory,not_assessed,not_covered_by_target_inventory,not_assessed,not_assessed,not_assessed,not_assessed,not_covered_by_target_inventory,not_covered_by_target_inventory,not_covered_by_target_inventory,not_covered_by_target_inventory,not_covered_by_target_inventory,not_assessed,untyped_object_requires_key_level_review,not_covered_by_target_inventory,not_covered_by_target_inventory,not_assessed,not_assessed,not_assessed,not_assessed,not_assessed,not_assessed,not_assessed,not_assessed,not_assessed,not_assessed,not_assessed,not_assessed,not_assessed,not_assessed,not_assessed,not_assessed,not_assessed,not_assessed,not_assessed,not_assessed,not_assessed,not_assessed,not_assessed,not_assessed,not_covered_by_target_inventory,not_assessed,not_assessed,not_assessed,not_assessed,not_assessed,not_assessed,not_assessed,not_assessed,not_assessed,not_assessed,not_assessed,not_assessed,not_assessed,not_assessed,not_assessed,not_assessed,not_covered_by_target_inventory,not_assessed,not_covered_by_current_audit,not_covered_by_current_audit,not_covered_by_current_audit,not_covered_by_current_audit,not_assessed,not_assessed,not_assessed,not_assessed,not_assessed,not_assessed,not_assessed,untyped_object_requires_key_level_review,not_assessed,not_assessed,not_assessed,not_assessed,not_assessed,not_assessed,not_assessed,not_assessed,not_assessed,not_assessed,not_covered_by_current_audit,untyped_object_requires_key_level_review,untyped_object_requires_key_level_review
doi:10.1093/cercor/bhy156,Audio-Tactile and Peripersonal Space Processing Around the Trunk in Human Parietal and Temporal Cortex: An Intracranial EEG Study.,2018,10.1093/cercor/bhy156,supported_incomplete,1,doi:10.1093/cercor/bhy156,not_covered_by_target_inventory,not_covered_by_target_inventory,not_covered_by_target_inventory,not_covered_by_target_inventory,untyped_object_requires_key_level_review,parent_reported_atomic_unreviewed,parent_reported_atomic_unreviewed,parent_reported_atomic_unreviewed,not_covered_by_target_inventory,not_covered_by_target_inventory,parent_reviewed_missing,parent_reported_atomic_unreviewed,untyped_object_requires_key_level_review,not_covered_by_target_inventory,not_covered_by_target_inventory,parent_reported_atomic_unreviewed,untyped_object_requires_key_level_review,parent_reported_atomic_unreviewed,not_covered_by_target_inventory,parent_reported_atomic_unreviewed,parent_reported_atomic_unreviewed,parent_reported_atomic_unreviewed,parent_reviewed_missing,not_covered_by_target_inventory,not_covered_by_target_inventory,not_covered_by_target_inventory,not_covered_by_target_inventory,not_covered_by_target_inventory,parent_reported_atomic_unreviewed,untyped_object_requires_key_level_review,not_covered_by_target_inventory,not_covered_by_target_inventory,parent_reported_atomic_unreviewed,not_covered_by_target_inventory,parent_reported_atomic_unreviewed,parent_reported_atomic_unreviewed,parent_reported_atomic_unreviewed,parent_reviewed_missing,not_covered_by_target_inventory,not_covered_by_target_inventory,not_covered_by_target_inventory,not_covered_by_target_inventory,not_covered_by_target_inventory,parent_reported_atomic_unreviewed,untyped_object_requires_key_level_review,not_covered_by_target_inventory,not_covered_by_target_inventory,parent_reported_atomic_unreviewed,parent_reported_atomic_unreviewed,parent_reported_atomic_unreviewed,parent_reported_atomic_unreviewed,parent_reported_atomic_unreviewed,parent_reported_atomic_unreviewed,parent_reported_atomic_unreviewed,parent_reported_atomic_unreviewed,parent_reported_atomic_unreviewed,parent_reported_atomic_unreviewed,parent_reported_atomic_unreviewed,parent_reported_atomic_unreviewed,parent_reported_atomic_unreviewed,parent_reported_atomic_unreviewed,parent_reported_atomic_unreviewed,parent_reported_atomic_unreviewed,parent_reported_atomic_unreviewed,parent_reported_atomic_unreviewed,parent_reviewed_missing,parent_reported_atomic_unreviewed,parent_reported_atomic_unreviewed,parent_reported_atomic_unreviewed,parent_reported_atomic_unreviewed,parent_reported_atomic_unreviewed,not_covered_by_target_inventory,parent_reported_atomic_unreviewed,parent_not_applicable_atomic_unreviewed,parent_not_applicable_atomic_unreviewed,parent_not_applicable_atomic_unreviewed,parent_not_applicable_atomic_unreviewed,parent_not_applicable_atomic_unreviewed,parent_not_applicable_atomic_unreviewed,parent_not_applicable_atomic_unreviewed,parent_not_applicable_atomic_unreviewed,parent_reported_atomic_unreviewed,parent_reported_atomic_unreviewed,parent_reported_atomic_unreviewed,parent_reported_atomic_unreviewed,parent_reported_atomic_unreviewed,parent_reported_atomic_unreviewed,parent_reported_atomic_unreviewed,not_covered_by_target_inventory,parent_reviewed_missing,not_covered_by_current_audit,not_covered_by_current_audit,not_covered_by_current_audit,not_covered_by_current_audit,parent_reported_atomic_unreviewed,parent_reported_atomic_unreviewed,parent_reported_atomic_unreviewed,parent_reported_atomic_unreviewed,parent_reported_atomic_unreviewed,parent_reported_atomic_unreviewed,parent_reported_atomic_unreviewed,untyped_object_requires_key_level_review,parent_reported_atomic_unreviewed,parent_reported_atomic_unreviewed,parent_reported_atomic_unreviewed,parent_reported_atomic_unreviewed,parent_reported_atomic_unreviewed,parent_reported_atomic_unreviewed,parent_reported_atomic_unreviewed,parent_reported_atomic_unreviewed,parent_reported_atomic_unreviewed,parent_reported_atomic_unreviewed,not_covered_by_current_audit,untyped_object_requires_key_level_review,untyped_object_requires_key_level_review
doi:10.1093/neucas/7.2.97,Auditory peripersonal space in humans: a case of auditory-tactile extinction.,2001,10.1093/neucas/7.2.97,supported_incomplete,1,doi:10.1093/neucas/7.2.97,not_covered_by_target_inventory,not_covered_by_target_inventory,not_covered_by_target_inventory,not_covered_by_target_inventory,untyped_object_requires_key_level_review,source_unavailable,source_unavailable,source_unavailable,not_covered_by_target_inventory,not_covered_by_target_inventory,source_unavailable,source_unavailable,untyped_object_requires_key_level_review,not_covered_by_target_inventory,not_covered_by_target_inventory,source_unavailable,untyped_object_requires_key_level_review,source_unavailable,not_covered_by_target_inventory,source_unavailable,source_unavailable,source_unavailable,source_unavailable,not_covered_by_target_inventory,not_covered_by_target_inventory,not_covered_by_target_inventory,not_covered_by_target_inventory,not_covered_by_target_inventory,source_unavailable,untyped_object_requires_key_level_review,not_covered_by_target_inventory,not_covered_by_target_inventory,source_unavailable,not_covered_by_target_inventory,source_unavailable,source_unavailable,source_unavailable,source_unavailable,not_covered_by_target_inventory,not_covered_by_target_inventory,not_covered_by_target_inventory,not_covered_by_target_inventory,not_covered_by_target_inventory,source_unavailable,untyped_object_requires_key_level_review,not_covered_by_target_inventory,not_covered_by_target_inventory,source_unavailable,source_unavailable,source_unavailable,source_unavailable,source_unavailable,source_unavailable,source_unavailable,source_unavailable,source_unavailable,source_unavailable,source_unavailable,source_unavailable,source_unavailable,source_unavailable,source_unavailable,source_unavailable,source_unavailable,source_unavailable,source_unavailable,source_unavailable,source_unavailable,source_unavailable,source_unavailable,source_unavailable,not_covered_by_target_inventory,source_unavailable,source_unavailable,source_unavailable,source_unavailable,source_unavailable,source_unavailable,source_unavailable,source_unavailable,source_unavailable,source_unavailable,source_unavailable,source_unavailable,source_unavailable,source_unavailable,source_unavailable,source_unavailable,not_covered_by_target_inventory,source_unavailable,not_covered_by_current_audit,not_covered_by_current_audit,not_covered_by_current_audit,not_covered_by_current_audit,source_unavailable,source_unavailable,source_unavailable,source_unavailable,source_unavailable,source_unavailable,source_unavailable,untyped_object_requires_key_level_review,source_unavailable,source_unavailable,source_unavailable,source_unavailable,source_unavailable,source_unavailable,source_unavailable,source_unavailable,source_unavailable,source_unavailable,not_covered_by_current_audit,untyped_object_requires_key_level_review,untyped_object_requires_key_level_review
doi:10.1093/oso/9780198851738.003.0005,Visuo-tactile predictive mechanisms of peripersonal space,2021,10.1093/oso/9780198851738.003.0005,not_assessed,1,doi:10.1093/oso/9780198851738.003.0005,not_covered_by_target_inventory,not_covered_by_target_inventory,not_covered_by_target_inventory,not_covered_by_target_inventory,untyped_object_requires_key_level_review,not_assessed,not_assessed,not_assessed,not_covered_by_target_inventory,not_covered_by_target_inventory,not_assessed,not_assessed,untyped_object_requires_key_level_review,not_covered_by_target_inventory,not_covered_by_target_inventory,not_assessed,untyped_object_requires_key_level_review,not_assessed,not_covered_by_target_inventory,not_assessed,not_assessed,not_assessed,not_assessed,not_covered_by_target_inventory,not_covered_by_target_inventory,not_covered_by_target_inventory,not_covered_by_target_inventory,not_covered_by_target_inventory,not_assessed,untyped_object_requires_key_level_review,not_covered_by_target_inventory,not_covered_by_target_inventory,not_assessed,not_covered_by_target_inventory,not_assessed,not_assessed,not_assessed,not_assessed,not_covered_by_target_inventory,not_covered_by_target_inventory,not_covered_by_target_inventory,not_covered_by_target_inventory,not_covered_by_target_inventory,not_assessed,untyped_object_requires_key_level_review,not_covered_by_target_inventory,not_covered_by_target_inventory,not_assessed,not_assessed,not_assessed,not_assessed,not_assessed,not_assessed,not_assessed,not_assessed,not_assessed,not_assessed,not_assessed,not_assessed,not_assessed,not_assessed,not_assessed,not_assessed,not_assessed,not_assessed,not_assessed,not_assessed,not_assessed,not_assessed,not_assessed,not_assessed,not_covered_by_target_inventory,not_assessed,not_assessed,not_assessed,not_assessed,not_assessed,not_assessed,not_assessed,not_assessed,not_assessed,not_assessed,not_assessed,not_assessed,not_assessed,not_assessed,not_assessed,not_assessed,not_covered_by_target_inventory,not_assessed,not_covered_by_current_audit,not_covered_by_current_audit,not_covered_by_current_audit,not_covered_by_current_audit,not_assessed,not_assessed,not_assessed,not_assessed,not_assessed,not_assessed,not_assessed,untyped_object_requires_key_level_review,not_assessed,not_assessed,not_assessed,not_assessed,not_assessed,not_assessed,not_assessed,not_assessed,not_assessed,not_assessed,not_covered_by_current_audit,untyped_object_requires_key_level_review,untyped_object_requires_key_level_review
doi:10.1093/schbul/sbac067,Tool-use Extends Peripersonal Space Boundaries in Schizophrenic Patients.,2022,10.1093/schbul/sbac067,supported_incomplete,1,doi:10.1093/schbul/sbac067,not_covered_by_target_inventory,not_covered_by_target_inventory,not_covered_by_target_inventory,not_covered_by_target_inventory,untyped_object_requires_key_level_review,source_unavailable,source_unavailable,source_unavailable,not_covered_by_target_inventory,not_covered_by_target_inventory,source_unavailable,source_unavailable,untyped_object_requires_key_level_review,not_covered_by_target_inventory,not_covered_by_target_inventory,source_unavailable,untyped_object_requires_key_level_review,source_unavailable,not_covered_by_target_inventory,source_unavailable,source_unavailable,source_unavailable,source_unavailable,not_covered_by_target_inventory,not_covered_by_target_inventory,not_covered_by_target_inventory,not_covered_by_target_inventory,not_covered_by_target_inventory,source_unavailable,untyped_object_requires_key_level_review,not_covered_by_target_inventory,not_covered_by_target_inventory,source_unavailable,not_covered_by_target_inventory,source_unavailable,source_unavailable,source_unavailable,source_unavailable,not_covered_by_target_inventory,not_covered_by_target_inventory,not_covered_by_target_inventory,not_covered_by_target_inventory,not_covered_by_target_inventory,source_unavailable,untyped_object_requires_key_level_review,not_covered_by_target_inventory,not_covered_by_target_inventory,source_unavailable,source_unavailable,source_unavailable,source_unavailable,source_unavailable,source_unavailable,source_unavailable,source_unavailable,source_unavailable,source_unavailable,source_unavailable,source_unavailable,source_unavailable,source_unavailable,source_unavailable,source_unavailable,source_unavailable,source_unavailable,source_unavailable,source_unavailable,source_unavailable,source_unavailable,source_unavailable,source_unavailable,not_covered_by_target_inventory,source_unavailable,source_unavailable,source_unavailable,source_unavailable,source_unavailable,source_unavailable,source_unavailable,source_unavailable,source_unavailable,source_unavailable,source_unavailable,source_unavailable,source_unavailable,source_unavailable,source_unavailable,source_unavailable,not_covered_by_target_inventory,source_unavailable,not_covered_by_current_audit,not_covered_by_current_audit,not_covered_by_current_audit,not_covered_by_current_audit,source_unavailable,source_unavailable,source_unavailable,source_unavailable,source_unavailable,source_unavailable,source_unavailable,untyped_object_requires_key_level_review,source_unavailable,source_unavailable,source_unavailable,source_unavailable,source_unavailable,source_unavailable,source_unavailable,source_unavailable,source_unavailable,source_unavailable,not_covered_by_current_audit,untyped_object_requires_key_level_review,untyped_object_requires_key_level_review
doi:10.1098/rsos.181878,Social coding of the multisensory space around us.,2019,10.1098/rsos.181878,supported_incomplete,1,doi:10.1098/rsos.181878,not_covered_by_target_inventory,not_covered_by_target_inventory,not_covered_by_target_inventory,not_covered_by_target_inventory,untyped_object_requires_key_level_review,source_unavailable,source_unavailable,source_unavailable,not_covered_by_target_inventory,not_covered_by_target_inventory,source_unavailable,source_unavailable,untyped_object_requires_key_level_review,not_covered_by_target_inventory,not_covered_by_target_inventory,source_unavailable,untyped_object_requires_key_level_review,source_unavailable,not_covered_by_target_inventory,source_unavailable,source_unavailable,source_unavailable,source_unavailable,not_covered_by_target_inventory,not_covered_by_target_inventory,not_covered_by_target_inventory,not_covered_by_target_inventory,not_covered_by_target_inventory,source_unavailable,untyped_object_requires_key_level_review,not_covered_by_target_inventory,not_covered_by_target_inventory,source_unavailable,not_covered_by_target_inventory,source_unavailable,source_unavailable,source_unavailable,source_unavailable,not_covered_by_target_inventory,not_covered_by_target_inventory,not_covered_by_target_inventory,not_covered_by_target_inventory,not_covered_by_target_inventory,source_unavailable,untyped_object_requires_key_level_review,not_covered_by_target_inventory,not_covered_by_target_inventory,source_unavailable,source_unavailable,source_unavailable,source_unavailable,source_unavailable,source_unavailable,source_unavailable,source_unavailable,source_unavailable,source_unavailable,source_unavailable,source_unavailable,source_unavailable,source_unavailable,source_unavailable,source_unavailable,source_unavailable,source_unavailable,source_unavailable,source_unavailable,source_unavailable,source_unavailable,source_unavailable,source_unavailable,not_covered_by_target_inventory,source_unavailable,source_unavailable,source_unavailable,source_unavailable,source_unavailable,source_unavailable,source_unavailable,source_unavailable,source_unavailable,source_unavailable,source_unavailable,source_unavailable,source_unavailable,source_unavailable,source_unavailable,source_unavailable,not_covered_by_target_inventory,source_unavailable,not_covered_by_current_audit,not_covered_by_current_audit,not_covered_by_current_audit,not_covered_by_current_audit,source_unavailable,source_unavailable,source_unavailable,source_unavailable,source_unavailable,source_unavailable,source_unavailable,untyped_object_requires_key_level_review,source_unavailable,source_unavailable,source_unavailable,source_unavailable,source_unavailable,source_unavailable,source_unavailable,source_unavailable,source_unavailable,source_unavailable,not_covered_by_current_audit,untyped_object_requires_key_level_review,untyped_object_requires_key_level_review
doi:10.1101/2024.10.25.619776,Multisensory integration in Peripersonal Space indexes consciousness states in sleep and disorders of consciousness,2024,10.1101/2024.10.25.619776,not_assessed,1,doi:10.1101/2024.10.25.619776,not_covered_by_target_inventory,not_covered_by_target_inventory,not_covered_by_target_inventory,not_covered_by_target_inventory,untyped_object_requires_key_level_review,not_assessed,not_assessed,not_assessed,not_covered_by_target_inventory,not_covered_by_target_inventory,not_assessed,not_assessed,untyped_object_requires_key_level_review,not_covered_by_target_inventory,not_covered_by_target_inventory,not_assessed,untyped_object_requires_key_level_review,not_assessed,not_covered_by_target_inventory,not_assessed,not_assessed,not_assessed,not_assessed,not_covered_by_target_inventory,not_covered_by_target_inventory,not_covered_by_target_inventory,not_covered_by_target_inventory,not_covered_by_target_inventory,not_assessed,untyped_object_requires_key_level_review,not_covered_by_target_inventory,not_covered_by_target_inventory,not_assessed,not_covered_by_target_inventory,not_assessed,not_assessed,not_assessed,not_assessed,not_covered_by_target_inventory,not_covered_by_target_inventory,not_covered_by_target_inventory,not_covered_by_target_inventory,not_covered_by_target_inventory,not_assessed,untyped_object_requires_key_level_review,not_covered_by_target_inventory,not_covered_by_target_inventory,not_assessed,not_assessed,not_assessed,not_assessed,not_assessed,not_assessed,not_assessed,not_assessed,not_assessed,not_assessed,not_assessed,not_assessed,not_assessed,not_assessed,not_assessed,not_assessed,not_assessed,not_assessed,not_assessed,not_assessed,not_assessed,not_assessed,not_assessed,not_assessed,not_covered_by_target_inventory,not_assessed,not_assessed,not_assessed,not_assessed,not_assessed,not_assessed,not_assessed,not_assessed,not_assessed,not_assessed,not_assessed,not_assessed,not_assessed,not_assessed,not_assessed,not_assessed,not_covered_by_target_inventory,not_assessed,not_covered_by_current_audit,not_covered_by_current_audit,not_covered_by_current_audit,not_covered_by_current_audit,not_assessed,not_assessed,not_assessed,not_assessed,not_assessed,not_assessed,not_assessed,untyped_object_requires_key_level_review,not_assessed,not_assessed,not_assessed,not_assessed,not_assessed,not_assessed,not_assessed,not_assessed,not_assessed,not_assessed,not_covered_by_current_audit,untyped_object_requires_key_level_review,untyped_object_requires_key_level_review
doi:10.1101/2025.06.25.660685,"Interoception vs. Exteroception: Cardiac interoception competes with tactile perception, yet also facilitates self-relevance encoding",2025,10.1101/2025.06.25.660685,not_assessed,1,doi:10.1101/2025.06.25.660685,not_covered_by_target_inventory,not_covered_by_target_inventory,not_covered_by_target_inventory,not_covered_by_target_inventory,untyped_object_requires_key_level_review,not_assessed,not_assessed,not_assessed,not_covered_by_target_inventory,not_covered_by_target_inventory,not_assessed,not_assessed,untyped_object_requires_key_level_review,not_covered_by_target_inventory,not_covered_by_target_inventory,not_assessed,untyped_object_requires_key_level_review,not_assessed,not_covered_by_target_inventory,not_assessed,not_assessed,not_assessed,not_assessed,not_covered_by_target_inventory,not_covered_by_target_inventory,not_covered_by_target_inventory,not_covered_by_target_inventory,not_covered_by_target_inventory,not_assessed,untyped_object_requires_key_level_review,not_covered_by_target_inventory,not_covered_by_target_inventory,not_assessed,not_covered_by_target_inventory,not_assessed,not_assessed,not_assessed,not_assessed,not_covered_by_target_inventory,not_covered_by_target_inventory,not_covered_by_target_inventory,not_covered_by_target_inventory,not_covered_by_target_inventory,not_assessed,untyped_object_requires_key_level_review,not_covered_by_target_inventory,not_covered_by_target_inventory,not_assessed,not_assessed,not_assessed,not_assessed,not_assessed,not_assessed,not_assessed,not_assessed,not_assessed,not_assessed,not_assessed,not_assessed,not_assessed,not_assessed,not_assessed,not_assessed,not_assessed,not_assessed,not_assessed,not_assessed,not_assessed,not_assessed,not_assessed,not_assessed,not_covered_by_target_inventory,not_assessed,not_assessed,not_assessed,not_assessed,not_assessed,not_assessed,not_assessed,not_assessed,not_assessed,not_assessed,not_assessed,not_assessed,not_assessed,not_assessed,not_assessed,not_assessed,not_covered_by_target_inventory,not_assessed,not_covered_by_current_audit,not_covered_by_current_audit,not_covered_by_current_audit,not_covered_by_current_audit,not_assessed,not_assessed,not_assessed,not_assessed,not_assessed,not_assessed,not_assessed,untyped_object_requires_key_level_review,not_assessed,not_assessed,not_assessed,not_assessed,not_assessed,not_assessed,not_assessed,not_assessed,not_assessed,not_assessed,not_covered_by_current_audit,untyped_object_requires_key_level_review,untyped_object_requires_key_level_review
doi:10.1101/2025.09.02.673729,The Proximity Prediction Hypothesis: How predictive coding of CT-touch explains Autonomous Sensory Meridian Response and its therapeutic applications,2025,10.1101/2025.09.02.673729,not_assessed,1,doi:10.1101/2025.09.02.673729,not_covered_by_target_inventory,not_covered_by_target_inventory,not_covered_by_target_inventory,not_covered_by_target_inventory,untyped_object_requires_key_level_review,not_assessed,not_assessed,not_assessed,not_covered_by_target_inventory,not_covered_by_target_inventory,not_assessed,not_assessed,untyped_object_requires_key_level_review,not_covered_by_target_inventory,not_covered_by_target_inventory,not_assessed,untyped_object_requires_key_level_review,not_assessed,not_covered_by_target_inventory,not_assessed,not_assessed,not_assessed,not_assessed,not_covered_by_target_inventory,not_covered_by_target_inventory,not_covered_by_target_inventory,not_covered_by_target_inventory,not_covered_by_target_inventory,not_assessed,untyped_object_requires_key_level_review,not_covered_by_target_inventory,not_covered_by_target_inventory,not_assessed,not_covered_by_target_inventory,not_assessed,not_assessed,not_assessed,not_assessed,not_covered_by_target_inventory,not_covered_by_target_inventory,not_covered_by_target_inventory,not_covered_by_target_inventory,not_covered_by_target_inventory,not_assessed,untyped_object_requires_key_level_review,not_covered_by_target_inventory,not_covered_by_target_inventory,not_assessed,not_assessed,not_assessed,not_assessed,not_assessed,not_assessed,not_assessed,not_assessed,not_assessed,not_assessed,not_assessed,not_assessed,not_assessed,not_assessed,not_assessed,not_assessed,not_assessed,not_assessed,not_assessed,not_assessed,not_assessed,not_assessed,not_assessed,not_assessed,not_covered_by_target_inventory,not_assessed,not_assessed,not_assessed,not_assessed,not_assessed,not_assessed,not_assessed,not_assessed,not_assessed,not_assessed,not_assessed,not_assessed,not_assessed,not_assessed,not_assessed,not_assessed,not_covered_by_target_inventory,not_assessed,not_covered_by_current_audit,not_covered_by_current_audit,not_covered_by_current_audit,not_covered_by_current_audit,not_assessed,not_assessed,not_assessed,not_assessed,not_assessed,not_assessed,not_assessed,untyped_object_requires_key_level_review,not_assessed,not_assessed,not_assessed,not_assessed,not_assessed,not_assessed,not_assessed,not_assessed,not_assessed,not_assessed,not_covered_by_current_audit,untyped_object_requires_key_level_review,untyped_object_requires_key_level_review
doi:10.1101/249078,Audio-tactile and peripersonal space processing around the trunk in human parietal and temporal cortex: an intracranial EEG study,2018,10.1101/249078,not_assessed,1,doi:10.1101/249078,not_covered_by_target_inventory,not_covered_by_target_inventory,not_covered_by_target_inventory,not_covered_by_target_inventory,untyped_object_requires_key_level_review,not_assessed,not_assessed,not_assessed,not_covered_by_target_inventory,not_covered_by_target_inventory,not_assessed,not_assessed,untyped_object_requires_key_level_review,not_covered_by_target_inventory,not_covered_by_target_inventory,not_assessed,untyped_object_requires_key_level_review,not_assessed,not_covered_by_target_inventory,not_assessed,not_assessed,not_assessed,not_assessed,not_covered_by_target_inventory,not_covered_by_target_inventory,not_covered_by_target_inventory,not_covered_by_target_inventory,not_covered_by_target_inventory,not_assessed,untyped_object_requires_key_level_review,not_covered_by_target_inventory,not_covered_by_target_inventory,not_assessed,not_covered_by_target_inventory,not_assessed,not_assessed,not_assessed,not_assessed,not_covered_by_target_inventory,not_covered_by_target_inventory,not_covered_by_target_inventory,not_covered_by_target_inventory,not_covered_by_target_inventory,not_assessed,untyped_object_requires_key_level_review,not_covered_by_target_inventory,not_covered_by_target_inventory,not_assessed,not_assessed,not_assessed,not_assessed,not_assessed,not_assessed,not_assessed,not_assessed,not_assessed,not_assessed,not_assessed,not_assessed,not_assessed,not_assessed,not_assessed,not_assessed,not_assessed,not_assessed,not_assessed,not_assessed,not_assessed,not_assessed,not_assessed,not_assessed,not_covered_by_target_inventory,not_assessed,not_assessed,not_assessed,not_assessed,not_assessed,not_assessed,not_assessed,not_assessed,not_assessed,not_assessed,not_assessed,not_assessed,not_assessed,not_assessed,not_assessed,not_assessed,not_covered_by_target_inventory,not_assessed,not_covered_by_current_audit,not_covered_by_current_audit,not_covered_by_current_audit,not_covered_by_current_audit,not_assessed,not_assessed,not_assessed,not_assessed,not_assessed,not_assessed,not_assessed,untyped_object_requires_key_level_review,not_assessed,not_assessed,not_assessed,not_assessed,not_assessed,not_assessed,not_assessed,not_assessed,not_assessed,not_assessed,not_covered_by_current_audit,untyped_object_requires_key_level_review,untyped_object_requires_key_level_review
doi:10.1101/492017,Maternal brain gain: enlarged representation of the peripersonal space in pregnancy,2018,10.1101/492017,not_assessed,1,doi:10.1101/492017,not_covered_by_target_inventory,not_covered_by_target_inventory,not_covered_by_target_inventory,not_covered_by_target_inventory,untyped_object_requires_key_level_review,not_assessed,not_assessed,not_assessed,not_covered_by_target_inventory,not_covered_by_target_inventory,not_assessed,not_assessed,untyped_object_requires_key_level_review,not_covered_by_target_inventory,not_covered_by_target_inventory,not_assessed,untyped_object_requires_key_level_review,not_assessed,not_covered_by_target_inventory,not_assessed,not_assessed,not_assessed,not_assessed,not_covered_by_target_inventory,not_covered_by_target_inventory,not_covered_by_target_inventory,not_covered_by_target_inventory,not_covered_by_target_inventory,not_assessed,untyped_object_requires_key_level_review,not_covered_by_target_inventory,not_covered_by_target_inventory,not_assessed,not_covered_by_target_inventory,not_assessed,not_assessed,not_assessed,not_assessed,not_covered_by_target_inventory,not_covered_by_target_inventory,not_covered_by_target_inventory,not_covered_by_target_inventory,not_covered_by_target_inventory,not_assessed,untyped_object_requires_key_level_review,not_covered_by_target_inventory,not_covered_by_target_inventory,not_assessed,not_assessed,not_assessed,not_assessed,not_assessed,not_assessed,not_assessed,not_assessed,not_assessed,not_assessed,not_assessed,not_assessed,not_assessed,not_assessed,not_assessed,not_assessed,not_assessed,not_assessed,not_assessed,not_assessed,not_assessed,not_assessed,not_assessed,not_assessed,not_covered_by_target_inventory,not_assessed,not_assessed,not_assessed,not_assessed,not_assessed,not_assessed,not_assessed,not_assessed,not_assessed,not_assessed,not_assessed,not_assessed,not_assessed,not_assessed,not_assessed,not_assessed,not_covered_by_target_inventory,not_assessed,not_covered_by_current_audit,not_covered_by_current_audit,not_covered_by_current_audit,not_covered_by_current_audit,not_assessed,not_assessed,not_assessed,not_assessed,not_assessed,not_assessed,not_assessed,untyped_object_requires_key_level_review,not_assessed,not_assessed,not_assessed,not_assessed,not_assessed,not_assessed,not_assessed,not_assessed,not_assessed,not_assessed,not_covered_by_current_audit,untyped_object_requires_key_level_review,untyped_object_requires_key_level_review
doi:10.1109/whc.2017.7989970,Vibration on the soles of the feet evoking a sensation of walking expands peripersonal space,2017,10.1109/whc.2017.7989970,supported_incomplete,1,doi:10.1109/whc.2017.7989970,not_covered_by_target_inventory,not_covered_by_target_inventory,not_covered_by_target_inventory,not_covered_by_target_inventory,untyped_object_requires_key_level_review,source_unavailable,source_unavailable,source_unavailable,not_covered_by_target_inventory,not_covered_by_target_inventory,source_unavailable,source_unavailable,untyped_object_requires_key_level_review,not_covered_by_target_inventory,not_covered_by_target_inventory,source_unavailable,untyped_object_requires_key_level_review,source_unavailable,not_covered_by_target_inventory,source_unavailable,source_unavailable,source_unavailable,source_unavailable,not_covered_by_target_inventory,not_covered_by_target_inventory,not_covered_by_target_inventory,not_covered_by_target_inventory,not_covered_by_target_inventory,source_unavailable,untyped_object_requires_key_level_review,not_covered_by_target_inventory,not_covered_by_target_inventory,source_unavailable,not_covered_by_target_inventory,source_unavailable,source_unavailable,source_unavailable,source_unavailable,not_covered_by_target_inventory,not_covered_by_target_inventory,not_covered_by_target_inventory,not_covered_by_target_inventory,not_covered_by_target_inventory,source_unavailable,untyped_object_requires_key_level_review,not_covered_by_target_inventory,not_covered_by_target_inventory,source_unavailable,source_unavailable,source_unavailable,source_unavailable,source_unavailable,source_unavailable,source_unavailable,source_unavailable,source_unavailable,source_unavailable,source_unavailable,source_unavailable,source_unavailable,source_unavailable,source_unavailable,source_unavailable,source_unavailable,source_unavailable,source_unavailable,source_unavailable,source_unavailable,source_unavailable,source_unavailable,source_unavailable,not_covered_by_target_inventory,source_unavailable,source_unavailable,source_unavailable,source_unavailable,source_unavailable,source_unavailable,source_unavailable,source_unavailable,source_unavailable,source_unavailable,source_unavailable,source_unavailable,source_unavailable,source_unavailable,source_unavailable,source_unavailable,not_covered_by_target_inventory,source_unavailable,not_covered_by_current_audit,not_covered_by_current_audit,not_covered_by_current_audit,not_covered_by_current_audit,source_unavailable,source_unavailable,source_unavailable,source_unavailable,source_unavailable,source_unavailable,source_unavailable,untyped_object_requires_key_level_review,source_unavailable,source_unavailable,source_unavailable,source_unavailable,source_unavailable,source_unavailable,source_unavailable,source_unavailable,source_unavailable,source_unavailable,not_covered_by_current_audit,untyped_object_requires_key_level_review,untyped_object_requires_key_level_review
doi:10.1111/ejn.13872,Vestibular modulation of peripersonal space boundaries.,2018,10.1111/ejn.13872,runnable,3,doi:10.1111/ejn.13872::a | doi:10.1111/ejn.13872::b | doi:10.1111/ejn.13872::c,not_covered_by_target_inventory,not_covered_by_target_inventory,not_covered_by_target_inventory,not_covered_by_target_inventory,untyped_object_requires_key_level_review,composite_parent_atomic_unreviewed,composite_parent_atomic_unreviewed,composite_parent_atomic_unreviewed,not_covered_by_target_inventory,not_covered_by_target_inventory,composite_parent_atomic_unreviewed,composite_parent_atomic_unreviewed,untyped_object_requires_key_level_review,not_covered_by_target_inventory,not_covered_by_target_inventory,composite_parent_atomic_unreviewed,untyped_object_requires_key_level_review,composite_parent_atomic_unreviewed,not_covered_by_target_inventory,composite_parent_atomic_unreviewed,composite_parent_atomic_unreviewed,composite_parent_atomic_unreviewed,composite_parent_atomic_unreviewed,not_covered_by_target_inventory,not_covered_by_target_inventory,not_covered_by_target_inventory,not_covered_by_target_inventory,not_covered_by_target_inventory,composite_parent_atomic_unreviewed,untyped_object_requires_key_level_review,not_covered_by_target_inventory,not_covered_by_target_inventory,composite_parent_atomic_unreviewed,not_covered_by_target_inventory,composite_parent_atomic_unreviewed,composite_parent_atomic_unreviewed,composite_parent_atomic_unreviewed,composite_parent_atomic_unreviewed,not_covered_by_target_inventory,not_covered_by_target_inventory,not_covered_by_target_inventory,not_covered_by_target_inventory,not_covered_by_target_inventory,composite_parent_atomic_unreviewed,untyped_object_requires_key_level_review,not_covered_by_target_inventory,not_covered_by_target_inventory,composite_parent_atomic_unreviewed,composite_parent_atomic_unreviewed,composite_parent_atomic_unreviewed,composite_parent_atomic_unreviewed,composite_parent_atomic_unreviewed,composite_parent_atomic_unreviewed,composite_parent_atomic_unreviewed,composite_parent_atomic_unreviewed,composite_parent_atomic_unreviewed,composite_parent_atomic_unreviewed,composite_parent_atomic_unreviewed,composite_parent_atomic_unreviewed,composite_parent_atomic_unreviewed,composite_parent_atomic_unreviewed,composite_parent_atomic_unreviewed,composite_parent_atomic_unreviewed,composite_parent_atomic_unreviewed,composite_parent_atomic_unreviewed,composite_parent_atomic_unreviewed,composite_parent_atomic_unreviewed,composite_parent_atomic_unreviewed,composite_parent_atomic_unreviewed,composite_parent_atomic_unreviewed,composite_parent_atomic_unreviewed,not_covered_by_target_inventory,composite_parent_atomic_unreviewed,composite_parent_atomic_unreviewed,composite_parent_atomic_unreviewed,composite_parent_atomic_unreviewed,composite_parent_atomic_unreviewed,composite_parent_atomic_unreviewed,composite_parent_atomic_unreviewed,composite_parent_atomic_unreviewed,composite_parent_atomic_unreviewed,composite_parent_atomic_unreviewed,composite_parent_atomic_unreviewed,composite_parent_atomic_unreviewed,composite_parent_atomic_unreviewed,composite_parent_atomic_unreviewed,composite_parent_atomic_unreviewed,composite_parent_atomic_unreviewed,not_covered_by_target_inventory,composite_parent_atomic_unreviewed,not_covered_by_current_audit,not_covered_by_current_audit,not_covered_by_current_audit,not_covered_by_current_audit,composite_parent_atomic_unreviewed,composite_parent_atomic_unreviewed,composite_parent_atomic_unreviewed,composite_parent_atomic_unreviewed,composite_parent_atomic_unreviewed,composite_parent_atomic_unreviewed,composite_parent_atomic_unreviewed,untyped_object_requires_key_level_review,composite_parent_atomic_unreviewed,composite_parent_atomic_unreviewed,composite_parent_atomic_unreviewed,composite_parent_atomic_unreviewed,composite_parent_atomic_unreviewed,composite_parent_atomic_unreviewed,composite_parent_atomic_unreviewed,composite_parent_atomic_unreviewed,composite_parent_atomic_unreviewed,composite_parent_atomic_unreviewed,not_covered_by_current_audit,untyped_object_requires_key_level_review,untyped_object_requires_key_level_review
doi:10.1111/j.1460-9568.2010.07210.x,Seeing the body modulates audiotactile integration,2010,10.1111/j.1460-9568.2010.07210.x,not_assessed,1,doi:10.1111/j.1460-9568.2010.07210.x,not_covered_by_target_inventory,not_covered_by_target_inventory,not_covered_by_target_inventory,not_covered_by_target_inventory,untyped_object_requires_key_level_review,not_assessed,not_assessed,not_assessed,not_covered_by_target_inventory,not_covered_by_target_inventory,not_assessed,not_assessed,untyped_object_requires_key_level_review,not_covered_by_target_inventory,not_covered_by_target_inventory,not_assessed,untyped_object_requires_key_level_review,not_assessed,not_covered_by_target_inventory,not_assessed,not_assessed,not_assessed,not_assessed,not_covered_by_target_inventory,not_covered_by_target_inventory,not_covered_by_target_inventory,not_covered_by_target_inventory,not_covered_by_target_inventory,not_assessed,untyped_object_requires_key_level_review,not_covered_by_target_inventory,not_covered_by_target_inventory,not_assessed,not_covered_by_target_inventory,not_assessed,not_assessed,not_assessed,not_assessed,not_covered_by_target_inventory,not_covered_by_target_inventory,not_covered_by_target_inventory,not_covered_by_target_inventory,not_covered_by_target_inventory,not_assessed,untyped_object_requires_key_level_review,not_covered_by_target_inventory,not_covered_by_target_inventory,not_assessed,not_assessed,not_assessed,not_assessed,not_assessed,not_assessed,not_assessed,not_assessed,not_assessed,not_assessed,not_assessed,not_assessed,not_assessed,not_assessed,not_assessed,not_assessed,not_assessed,not_assessed,not_assessed,not_assessed,not_assessed,not_assessed,not_assessed,not_assessed,not_covered_by_target_inventory,not_assessed,not_assessed,not_assessed,not_assessed,not_assessed,not_assessed,not_assessed,not_assessed,not_assessed,not_assessed,not_assessed,not_assessed,not_assessed,not_assessed,not_assessed,not_assessed,not_covered_by_target_inventory,not_assessed,not_covered_by_current_audit,not_covered_by_current_audit,not_covered_by_current_audit,not_covered_by_current_audit,not_assessed,not_assessed,not_assessed,not_assessed,not_assessed,not_assessed,not_assessed,untyped_object_requires_key_level_review,not_assessed,not_assessed,not_assessed,not_assessed,not_assessed,not_assessed,not_assessed,not_assessed,not_assessed,not_assessed,not_covered_by_current_audit,untyped_object_requires_key_level_review,untyped_object_requires_key_level_review
doi:10.1111/j.1467-9280.2007.01952.x,Extended multisensory space in blind cane users.,2007,10.1111/j.1467-9280.2007.01952.x,supported_incomplete,1,doi:10.1111/j.1467-9280.2007.01952.x,not_covered_by_target_inventory,not_covered_by_target_inventory,not_covered_by_target_inventory,not_covered_by_target_inventory,untyped_object_requires_key_level_review,parent_reported_atomic_unreviewed,parent_reported_atomic_unreviewed,parent_reported_atomic_unreviewed,not_covered_by_target_inventory,not_covered_by_target_inventory,parent_reported_atomic_unreviewed,parent_reported_atomic_unreviewed,untyped_object_requires_key_level_review,not_covered_by_target_inventory,not_covered_by_target_inventory,parent_reported_atomic_unreviewed,untyped_object_requires_key_level_review,parent_reported_atomic_unreviewed,not_covered_by_target_inventory,parent_reported_atomic_unreviewed,parent_reported_atomic_unreviewed,parent_reported_atomic_unreviewed,parent_reported_atomic_unreviewed,not_covered_by_target_inventory,not_covered_by_target_inventory,not_covered_by_target_inventory,not_covered_by_target_inventory,not_covered_by_target_inventory,parent_reported_atomic_unreviewed,untyped_object_requires_key_level_review,not_covered_by_target_inventory,not_covered_by_target_inventory,parent_reported_atomic_unreviewed,not_covered_by_target_inventory,parent_reported_atomic_unreviewed,parent_reported_atomic_unreviewed,parent_reported_atomic_unreviewed,parent_reported_atomic_unreviewed,not_covered_by_target_inventory,not_covered_by_target_inventory,not_covered_by_target_inventory,not_covered_by_target_inventory,not_covered_by_target_inventory,parent_reported_atomic_unreviewed,untyped_object_requires_key_level_review,not_covered_by_target_inventory,not_covered_by_target_inventory,parent_reported_atomic_unreviewed,parent_reported_atomic_unreviewed,parent_reported_atomic_unreviewed,parent_reported_atomic_unreviewed,parent_reported_atomic_unreviewed,parent_reported_atomic_unreviewed,parent_reported_atomic_unreviewed,parent_reported_atomic_unreviewed,parent_reported_atomic_unreviewed,parent_reported_atomic_unreviewed,parent_reported_atomic_unreviewed,parent_not_applicable_atomic_unreviewed,parent_reported_atomic_unreviewed,parent_reported_atomic_unreviewed,parent_reported_atomic_unreviewed,parent_reported_atomic_unreviewed,parent_reported_atomic_unreviewed,parent_reported_atomic_unreviewed,parent_reported_atomic_unreviewed,parent_reported_atomic_unreviewed,parent_reported_atomic_unreviewed,parent_reported_atomic_unreviewed,parent_reported_atomic_unreviewed,parent_reported_atomic_unreviewed,not_covered_by_target_inventory,parent_reported_atomic_unreviewed,parent_reported_atomic_unreviewed,parent_reported_atomic_unreviewed,parent_reported_atomic_unreviewed,parent_reported_atomic_unreviewed,parent_reported_atomic_unreviewed,parent_reported_atomic_unreviewed,parent_reported_atomic_unreviewed,parent_reported_atomic_unreviewed,parent_reported_atomic_unreviewed,parent_reported_atomic_unreviewed,parent_not_applicable_atomic_unreviewed,parent_not_applicable_atomic_unreviewed,parent_not_applicable_atomic_unreviewed,parent_reported_atomic_unreviewed,parent_not_applicable_atomic_unreviewed,not_covered_by_target_inventory,parent_reported_atomic_unreviewed,not_covered_by_current_audit,not_covered_by_current_audit,not_covered_by_current_audit,not_covered_by_current_audit,parent_reported_atomic_unreviewed,parent_reported_atomic_unreviewed,parent_reported_atomic_unreviewed,parent_reported_atomic_unreviewed,parent_reported_atomic_unreviewed,parent_reported_atomic_unreviewed,parent_reported_atomic_unreviewed,untyped_object_requires_key_level_review,parent_reported_atomic_unreviewed,parent_reported_atomic_unreviewed,parent_reported_atomic_unreviewed,parent_reported_atomic_unreviewed,parent_reported_atomic_unreviewed,parent_reviewed_missing,parent_reviewed_missing,parent_reported_atomic_unreviewed,parent_reported_atomic_unreviewed,parent_reported_atomic_unreviewed,not_covered_by_current_audit,untyped_object_requires_key_level_review,untyped_object_requires_key_level_review
doi:10.1152/jn.00652.2017,Neural adaptation accounts for the dynamic resizing of peripersonal space: evidence from a psychophysical-computational approach.,2018,10.1152/jn.00652.2017,supported_incomplete,1,doi:10.1152/jn.00652.2017,not_covered_by_target_inventory,not_covered_by_target_inventory,not_covered_by_target_inventory,not_covered_by_target_inventory,untyped_object_requires_key_level_review,parent_low_confidence_atomic_unreviewed,parent_low_confidence_atomic_unreviewed,source_unavailable,not_covered_by_target_inventory,not_covered_by_target_inventory,source_unavailable,source_unavailable,untyped_object_requires_key_level_review,not_covered_by_target_inventory,not_covered_by_target_inventory,parent_low_confidence_atomic_unreviewed,untyped_object_requires_key_level_review,parent_low_confidence_atomic_unreviewed,not_covered_by_target_inventory,parent_low_confidence_atomic_unreviewed,source_unavailable,source_unavailable,source_unavailable,not_covered_by_target_inventory,not_covered_by_target_inventory,not_covered_by_target_inventory,not_covered_by_target_inventory,not_covered_by_target_inventory,parent_low_confidence_atomic_unreviewed,untyped_object_requires_key_level_review,not_covered_by_target_inventory,not_covered_by_target_inventory,parent_low_confidence_atomic_unreviewed,not_covered_by_target_inventory,parent_low_confidence_atomic_unreviewed,source_unavailable,source_unavailable,source_unavailable,not_covered_by_target_inventory,not_covered_by_target_inventory,not_covered_by_target_inventory,not_covered_by_target_inventory,not_covered_by_target_inventory,parent_low_confidence_atomic_unreviewed,untyped_object_requires_key_level_review,not_covered_by_target_inventory,not_covered_by_target_inventory,parent_low_confidence_atomic_unreviewed,parent_low_confidence_atomic_unreviewed,parent_low_confidence_atomic_unreviewed,parent_low_confidence_atomic_unreviewed,parent_low_confidence_atomic_unreviewed,parent_low_confidence_atomic_unreviewed,parent_low_confidence_atomic_unreviewed,parent_low_confidence_atomic_unreviewed,parent_low_confidence_atomic_unreviewed,parent_low_confidence_atomic_unreviewed,parent_low_confidence_atomic_unreviewed,parent_low_confidence_atomic_unreviewed,parent_low_confidence_atomic_unreviewed,parent_low_confidence_atomic_unreviewed,parent_low_confidence_atomic_unreviewed,parent_low_confidence_atomic_unreviewed,parent_low_confidence_atomic_unreviewed,source_unavailable,source_unavailable,parent_low_confidence_atomic_unreviewed,parent_low_confidence_atomic_unreviewed,parent_low_confidence_atomic_unreviewed,parent_low_confidence_atomic_unreviewed,parent_low_confidence_atomic_unreviewed,not_covered_by_target_inventory,parent_low_confidence_atomic_unreviewed,parent_low_confidence_atomic_unreviewed,parent_low_confidence_atomic_unreviewed,parent_low_confidence_atomic_unreviewed,parent_low_confidence_atomic_unreviewed,parent_low_confidence_atomic_unreviewed,parent_low_confidence_atomic_unreviewed,parent_low_confidence_atomic_unreviewed,parent_low_confidence_atomic_unreviewed,parent_low_confidence_atomic_unreviewed,parent_low_confidence_atomic_unreviewed,parent_low_confidence_atomic_unreviewed,parent_low_confidence_atomic_unreviewed,parent_low_confidence_atomic_unreviewed,parent_low_confidence_atomic_unreviewed,parent_low_confidence_atomic_unreviewed,not_covered_by_target_inventory,source_unavailable,not_covered_by_current_audit,not_covered_by_current_audit,not_covered_by_current_audit,not_covered_by_current_audit,parent_low_confidence_atomic_unreviewed,parent_low_confidence_atomic_unreviewed,parent_low_confidence_atomic_unreviewed,parent_low_confidence_atomic_unreviewed,parent_low_confidence_atomic_unreviewed,parent_low_confidence_atomic_unreviewed,parent_low_confidence_atomic_unreviewed,untyped_object_requires_key_level_review,parent_low_confidence_atomic_unreviewed,parent_low_confidence_atomic_unreviewed,parent_low_confidence_atomic_unreviewed,parent_low_confidence_atomic_unreviewed,parent_low_confidence_atomic_unreviewed,parent_low_confidence_atomic_unreviewed,parent_low_confidence_atomic_unreviewed,parent_low_confidence_atomic_unreviewed,parent_low_confidence_atomic_unreviewed,parent_low_confidence_atomic_unreviewed,not_covered_by_current_audit,untyped_object_requires_key_level_review,untyped_object_requires_key_level_review
doi:10.1162/089892902320474481,Auditory peripersonal space in humans.,2002,10.1162/089892902320474481,supported_incomplete,2,doi:10.1162/089892902320474481::a | doi:10.1162/089892902320474481::b,not_covered_by_target_inventory,not_covered_by_target_inventory,not_covered_by_target_inventory,not_covered_by_target_inventory,untyped_object_requires_key_level_review,composite_parent_atomic_unreviewed,composite_parent_atomic_unreviewed,composite_parent_atomic_unreviewed,not_covered_by_target_inventory,not_covered_by_target_inventory,composite_parent_atomic_unreviewed,composite_parent_atomic_unreviewed,untyped_object_requires_key_level_review,not_covered_by_target_inventory,not_covered_by_target_inventory,composite_parent_atomic_unreviewed,untyped_object_requires_key_level_review,composite_parent_atomic_unreviewed,not_covered_by_target_inventory,composite_parent_atomic_unreviewed,composite_parent_atomic_unreviewed,composite_parent_atomic_unreviewed,composite_parent_atomic_unreviewed,not_covered_by_target_inventory,not_covered_by_target_inventory,not_covered_by_target_inventory,not_covered_by_target_inventory,not_covered_by_target_inventory,composite_parent_atomic_unreviewed,untyped_object_requires_key_level_review,not_covered_by_target_inventory,not_covered_by_target_inventory,composite_parent_atomic_unreviewed,not_covered_by_target_inventory,composite_parent_atomic_unreviewed,composite_parent_atomic_unreviewed,composite_parent_atomic_unreviewed,composite_parent_atomic_unreviewed,not_covered_by_target_inventory,not_covered_by_target_inventory,not_covered_by_target_inventory,not_covered_by_target_inventory,not_covered_by_target_inventory,composite_parent_atomic_unreviewed,untyped_object_requires_key_level_review,not_covered_by_target_inventory,not_covered_by_target_inventory,composite_parent_atomic_unreviewed,composite_parent_atomic_unreviewed,composite_parent_atomic_unreviewed,composite_parent_atomic_unreviewed,composite_parent_atomic_unreviewed,composite_parent_atomic_unreviewed,composite_parent_atomic_unreviewed,composite_parent_atomic_unreviewed,composite_parent_atomic_unreviewed,composite_parent_atomic_unreviewed,composite_parent_atomic_unreviewed,composite_parent_atomic_unreviewed,composite_parent_atomic_unreviewed,composite_parent_atomic_unreviewed,composite_parent_atomic_unreviewed,composite_parent_atomic_unreviewed,composite_parent_atomic_unreviewed,composite_parent_atomic_unreviewed,composite_parent_atomic_unreviewed,composite_parent_atomic_unreviewed,composite_parent_atomic_unreviewed,composite_parent_atomic_unreviewed,composite_parent_atomic_unreviewed,composite_parent_atomic_unreviewed,not_covered_by_target_inventory,composite_parent_atomic_unreviewed,composite_parent_atomic_unreviewed,composite_parent_atomic_unreviewed,composite_parent_atomic_unreviewed,composite_parent_atomic_unreviewed,composite_parent_atomic_unreviewed,composite_parent_atomic_unreviewed,composite_parent_atomic_unreviewed,composite_parent_atomic_unreviewed,composite_parent_atomic_unreviewed,composite_parent_atomic_unreviewed,composite_parent_atomic_unreviewed,composite_parent_atomic_unreviewed,composite_parent_atomic_unreviewed,composite_parent_atomic_unreviewed,composite_parent_atomic_unreviewed,not_covered_by_target_inventory,composite_parent_atomic_unreviewed,not_covered_by_current_audit,not_covered_by_current_audit,not_covered_by_current_audit,not_covered_by_current_audit,composite_parent_atomic_unreviewed,composite_parent_atomic_unreviewed,composite_parent_atomic_unreviewed,composite_parent_atomic_unreviewed,composite_parent_atomic_unreviewed,composite_parent_atomic_unreviewed,composite_parent_atomic_unreviewed,untyped_object_requires_key_level_review,composite_parent_atomic_unreviewed,composite_parent_atomic_unreviewed,composite_parent_atomic_unreviewed,composite_parent_atomic_unreviewed,composite_parent_atomic_unreviewed,composite_parent_atomic_unreviewed,composite_parent_atomic_unreviewed,composite_parent_atomic_unreviewed,composite_parent_atomic_unreviewed,composite_parent_atomic_unreviewed,not_covered_by_current_audit,untyped_object_requires_key_level_review,untyped_object_requires_key_level_review
doi:10.1162/jocn_a_00006,Fronto-parietal areas necessary for a multisensory representation of peripersonal space in humans: an rTMS study.,2011,10.1162/jocn_a_00006,supported_incomplete,1,doi:10.1162/jocn_a_00006,not_covered_by_target_inventory,not_covered_by_target_inventory,not_covered_by_target_inventory,not_covered_by_target_inventory,untyped_object_requires_key_level_review,source_unavailable,source_unavailable,source_unavailable,not_covered_by_target_inventory,not_covered_by_target_inventory,source_unavailable,source_unavailable,untyped_object_requires_key_level_review,not_covered_by_target_inventory,not_covered_by_target_inventory,source_unavailable,untyped_object_requires_key_level_review,source_unavailable,not_covered_by_target_inventory,source_unavailable,source_unavailable,source_unavailable,source_unavailable,not_covered_by_target_inventory,not_covered_by_target_inventory,not_covered_by_target_inventory,not_covered_by_target_inventory,not_covered_by_target_inventory,source_unavailable,untyped_object_requires_key_level_review,not_covered_by_target_inventory,not_covered_by_target_inventory,source_unavailable,not_covered_by_target_inventory,source_unavailable,source_unavailable,source_unavailable,source_unavailable,not_covered_by_target_inventory,not_covered_by_target_inventory,not_covered_by_target_inventory,not_covered_by_target_inventory,not_covered_by_target_inventory,source_unavailable,untyped_object_requires_key_level_review,not_covered_by_target_inventory,not_covered_by_target_inventory,source_unavailable,source_unavailable,source_unavailable,source_unavailable,source_unavailable,source_unavailable,source_unavailable,source_unavailable,source_unavailable,source_unavailable,source_unavailable,source_unavailable,source_unavailable,source_unavailable,source_unavailable,source_unavailable,source_unavailable,source_unavailable,source_unavailable,source_unavailable,source_unavailable,source_unavailable,source_unavailable,source_unavailable,not_covered_by_target_inventory,source_unavailable,source_unavailable,source_unavailable,source_unavailable,source_unavailable,source_unavailable,source_unavailable,source_unavailable,source_unavailable,source_unavailable,source_unavailable,source_unavailable,source_unavailable,source_unavailable,source_unavailable,source_unavailable,not_covered_by_target_inventory,source_unavailable,not_covered_by_current_audit,not_covered_by_current_audit,not_covered_by_current_audit,not_covered_by_current_audit,source_unavailable,source_unavailable,source_unavailable,source_unavailable,source_unavailable,source_unavailable,source_unavailable,untyped_object_requires_key_level_review,source_unavailable,source_unavailable,source_unavailable,source_unavailable,source_unavailable,source_unavailable,source_unavailable,source_unavailable,source_unavailable,source_unavailable,not_covered_by_current_audit,untyped_object_requires_key_level_review,untyped_object_requires_key_level_review
doi:10.1163/22134808-000s0136,Audio-tactile multisensory integration as a proxy for full body peri-personal space,2013,10.1163/22134808-000s0136,not_assessed,1,doi:10.1163/22134808-000s0136,not_covered_by_target_inventory,not_covered_by_target_inventory,not_covered_by_target_inventory,not_covered_by_target_inventory,untyped_object_requires_key_level_review,not_assessed,not_assessed,not_assessed,not_covered_by_target_inventory,not_covered_by_target_inventory,not_assessed,not_assessed,untyped_object_requires_key_level_review,not_covered_by_target_inventory,not_covered_by_target_inventory,not_assessed,untyped_object_requires_key_level_review,not_assessed,not_covered_by_target_inventory,not_assessed,not_assessed,not_assessed,not_assessed,not_covered_by_target_inventory,not_covered_by_target_inventory,not_covered_by_target_inventory,not_covered_by_target_inventory,not_covered_by_target_inventory,not_assessed,untyped_object_requires_key_level_review,not_covered_by_target_inventory,not_covered_by_target_inventory,not_assessed,not_covered_by_target_inventory,not_assessed,not_assessed,not_assessed,not_assessed,not_covered_by_target_inventory,not_covered_by_target_inventory,not_covered_by_target_inventory,not_covered_by_target_inventory,not_covered_by_target_inventory,not_assessed,untyped_object_requires_key_level_review,not_covered_by_target_inventory,not_covered_by_target_inventory,not_assessed,not_assessed,not_assessed,not_assessed,not_assessed,not_assessed,not_assessed,not_assessed,not_assessed,not_assessed,not_assessed,not_assessed,not_assessed,not_assessed,not_assessed,not_assessed,not_assessed,not_assessed,not_assessed,not_assessed,not_assessed,not_assessed,not_assessed,not_assessed,not_covered_by_target_inventory,not_assessed,not_assessed,not_assessed,not_assessed,not_assessed,not_assessed,not_assessed,not_assessed,not_assessed,not_assessed,not_assessed,not_assessed,not_assessed,not_assessed,not_assessed,not_assessed,not_covered_by_target_inventory,not_assessed,not_covered_by_current_audit,not_covered_by_current_audit,not_covered_by_current_audit,not_covered_by_current_audit,not_assessed,not_assessed,not_assessed,not_assessed,not_assessed,not_assessed,not_assessed,untyped_object_requires_key_level_review,not_assessed,not_assessed,not_assessed,not_assessed,not_assessed,not_assessed,not_assessed,not_assessed,not_assessed,not_assessed,not_covered_by_current_audit,untyped_object_requires_key_level_review,untyped_object_requires_key_level_review
doi:10.1177/0956797619869337,Remapping Peripersonal Space by Using Foot-Sole Vibrations Without Any Body Movement.,2019,10.1177/0956797619869337,supported_incomplete,1,doi:10.1177/0956797619869337,not_covered_by_target_inventory,not_covered_by_target_inventory,not_covered_by_target_inventory,not_covered_by_target_inventory,untyped_object_requires_key_level_review,source_unavailable,source_unavailable,source_unavailable,not_covered_by_target_inventory,not_covered_by_target_inventory,source_unavailable,source_unavailable,untyped_object_requires_key_level_review,not_covered_by_target_inventory,not_covered_by_target_inventory,source_unavailable,untyped_object_requires_key_level_review,source_unavailable,not_covered_by_target_inventory,source_unavailable,source_unavailable,source_unavailable,source_unavailable,not_covered_by_target_inventory,not_covered_by_target_inventory,not_covered_by_target_inventory,not_covered_by_target_inventory,not_covered_by_target_inventory,source_unavailable,untyped_object_requires_key_level_review,not_covered_by_target_inventory,not_covered_by_target_inventory,source_unavailable,not_covered_by_target_inventory,source_unavailable,source_unavailable,source_unavailable,source_unavailable,not_covered_by_target_inventory,not_covered_by_target_inventory,not_covered_by_target_inventory,not_covered_by_target_inventory,not_covered_by_target_inventory,source_unavailable,untyped_object_requires_key_level_review,not_covered_by_target_inventory,not_covered_by_target_inventory,source_unavailable,source_unavailable,source_unavailable,source_unavailable,source_unavailable,source_unavailable,source_unavailable,source_unavailable,source_unavailable,source_unavailable,source_unavailable,source_unavailable,source_unavailable,source_unavailable,source_unavailable,source_unavailable,source_unavailable,source_unavailable,source_unavailable,source_unavailable,source_unavailable,source_unavailable,source_unavailable,source_unavailable,not_covered_by_target_inventory,source_unavailable,source_unavailable,source_unavailable,source_unavailable,source_unavailable,source_unavailable,source_unavailable,source_unavailable,source_unavailable,source_unavailable,source_unavailable,source_unavailable,source_unavailable,source_unavailable,source_unavailable,source_unavailable,not_covered_by_target_inventory,source_unavailable,not_covered_by_current_audit,not_covered_by_current_audit,not_covered_by_current_audit,not_covered_by_current_audit,source_unavailable,source_unavailable,source_unavailable,source_unavailable,source_unavailable,source_unavailable,source_unavailable,untyped_object_requires_key_level_review,source_unavailable,source_unavailable,source_unavailable,source_unavailable,source_unavailable,source_unavailable,source_unavailable,source_unavailable,source_unavailable,source_unavailable,not_covered_by_current_audit,untyped_object_requires_key_level_review,untyped_object_requires_key_level_review
doi:10.1177/1362361319838950,Altered bodily self-consciousness and peripersonal space in autism.,2019,10.1177/1362361319838950,supported_incomplete,1,doi:10.1177/1362361319838950,not_covered_by_target_inventory,not_covered_by_target_inventory,not_covered_by_target_inventory,not_covered_by_target_inventory,untyped_object_requires_key_level_review,source_unavailable,source_unavailable,source_unavailable,not_covered_by_target_inventory,not_covered_by_target_inventory,source_unavailable,source_unavailable,untyped_object_requires_key_level_review,not_covered_by_target_inventory,not_covered_by_target_inventory,source_unavailable,untyped_object_requires_key_level_review,source_unavailable,not_covered_by_target_inventory,source_unavailable,source_unavailable,source_unavailable,source_unavailable,not_covered_by_target_inventory,not_covered_by_target_inventory,not_covered_by_target_inventory,not_covered_by_target_inventory,not_covered_by_target_inventory,source_unavailable,untyped_object_requires_key_level_review,not_covered_by_target_inventory,not_covered_by_target_inventory,source_unavailable,not_covered_by_target_inventory,source_unavailable,source_unavailable,source_unavailable,source_unavailable,not_covered_by_target_inventory,not_covered_by_target_inventory,not_covered_by_target_inventory,not_covered_by_target_inventory,not_covered_by_target_inventory,source_unavailable,untyped_object_requires_key_level_review,not_covered_by_target_inventory,not_covered_by_target_inventory,source_unavailable,source_unavailable,source_unavailable,source_unavailable,source_unavailable,source_unavailable,source_unavailable,source_unavailable,source_unavailable,source_unavailable,source_unavailable,source_unavailable,source_unavailable,source_unavailable,source_unavailable,source_unavailable,source_unavailable,source_unavailable,source_unavailable,source_unavailable,source_unavailable,source_unavailable,source_unavailable,source_unavailable,not_covered_by_target_inventory,source_unavailable,source_unavailable,source_unavailable,source_unavailable,source_unavailable,source_unavailable,source_unavailable,source_unavailable,source_unavailable,source_unavailable,source_unavailable,source_unavailable,source_unavailable,source_unavailable,source_unavailable,source_unavailable,not_covered_by_target_inventory,source_unavailable,not_covered_by_current_audit,not_covered_by_current_audit,not_covered_by_current_audit,not_covered_by_current_audit,source_unavailable,source_unavailable,source_unavailable,source_unavailable,source_unavailable,source_unavailable,source_unavailable,untyped_object_requires_key_level_review,source_unavailable,source_unavailable,source_unavailable,source_unavailable,source_unavailable,source_unavailable,source_unavailable,source_unavailable,source_unavailable,source_unavailable,not_covered_by_current_audit,untyped_object_requires_key_level_review,untyped_object_requires_key_level_review
doi:10.1177/17470218241261645,Lost in time and space? Multisensory processing of peripersonal space and time perception in people with frequent experiences of depersonalisation.,2025,10.1177/17470218241261645,supported_incomplete,1,doi:10.1177/17470218241261645,not_covered_by_target_inventory,not_covered_by_target_inventory,not_covered_by_target_inventory,not_covered_by_target_inventory,untyped_object_requires_key_level_review,parent_reported_atomic_unreviewed,parent_reported_atomic_unreviewed,parent_reported_atomic_unreviewed,not_covered_by_target_inventory,not_covered_by_target_inventory,parent_reported_atomic_unreviewed,parent_reported_atomic_unreviewed,untyped_object_requires_key_level_review,not_covered_by_target_inventory,not_covered_by_target_inventory,parent_reported_atomic_unreviewed,untyped_object_requires_key_level_review,parent_reported_atomic_unreviewed,not_covered_by_target_inventory,parent_reported_atomic_unreviewed,parent_reported_atomic_unreviewed,parent_reported_atomic_unreviewed,parent_reported_atomic_unreviewed,not_covered_by_target_inventory,not_covered_by_target_inventory,not_covered_by_target_inventory,not_covered_by_target_inventory,not_covered_by_target_inventory,parent_reported_atomic_unreviewed,untyped_object_requires_key_level_review,not_covered_by_target_inventory,not_covered_by_target_inventory,parent_reported_atomic_unreviewed,not_covered_by_target_inventory,parent_reported_atomic_unreviewed,parent_reported_atomic_unreviewed,parent_reported_atomic_unreviewed,parent_reported_atomic_unreviewed,not_covered_by_target_inventory,not_covered_by_target_inventory,not_covered_by_target_inventory,not_covered_by_target_inventory,not_covered_by_target_inventory,parent_reported_atomic_unreviewed,untyped_object_requires_key_level_review,not_covered_by_target_inventory,not_covered_by_target_inventory,parent_reported_atomic_unreviewed,parent_reported_atomic_unreviewed,parent_reported_atomic_unreviewed,parent_reported_atomic_unreviewed,parent_reported_atomic_unreviewed,parent_reported_atomic_unreviewed,parent_reported_atomic_unreviewed,parent_reported_atomic_unreviewed,parent_reported_atomic_unreviewed,parent_reported_atomic_unreviewed,parent_reported_atomic_unreviewed,parent_derived_atomic_unreviewed,parent_reported_atomic_unreviewed,parent_reported_atomic_unreviewed,parent_reported_atomic_unreviewed,parent_reported_atomic_unreviewed,parent_reported_atomic_unreviewed,parent_reported_atomic_unreviewed,parent_reported_atomic_unreviewed,parent_reviewed_missing,parent_reviewed_missing,parent_reported_atomic_unreviewed,parent_reported_atomic_unreviewed,parent_reported_atomic_unreviewed,not_covered_by_target_inventory,parent_reported_atomic_unreviewed,parent_reported_atomic_unreviewed,parent_reviewed_missing,parent_reviewed_missing,parent_reviewed_missing,parent_reported_atomic_unreviewed,parent_reviewed_missing,parent_reviewed_missing,parent_reviewed_missing,parent_reported_atomic_unreviewed,parent_reported_atomic_unreviewed,parent_reviewed_missing,parent_reviewed_missing,parent_reported_atomic_unreviewed,parent_reported_atomic_unreviewed,parent_reviewed_missing,not_covered_by_target_inventory,parent_reported_atomic_unreviewed,not_covered_by_current_audit,not_covered_by_current_audit,not_covered_by_current_audit,not_covered_by_current_audit,parent_reported_atomic_unreviewed,parent_reported_atomic_unreviewed,parent_reported_atomic_unreviewed,parent_reported_atomic_unreviewed,parent_reported_atomic_unreviewed,parent_reported_atomic_unreviewed,parent_reported_atomic_unreviewed,untyped_object_requires_key_level_review,parent_reported_atomic_unreviewed,parent_reported_atomic_unreviewed,parent_reported_atomic_unreviewed,parent_reported_atomic_unreviewed,parent_reported_atomic_unreviewed,parent_reviewed_missing,parent_reviewed_missing,parent_reviewed_missing,parent_reviewed_missing,parent_reviewed_missing,not_covered_by_current_audit,untyped_object_requires_key_level_review,untyped_object_requires_key_level_review
doi:10.1250/ast.41.345,Social impact on audiotactile integration near the body,2020,10.1250/ast.41.345,not_assessed,1,doi:10.1250/ast.41.345,not_covered_by_target_inventory,not_covered_by_target_inventory,not_covered_by_target_inventory,not_covered_by_target_inventory,untyped_object_requires_key_level_review,not_assessed,not_assessed,not_assessed,not_covered_by_target_inventory,not_covered_by_target_inventory,not_assessed,not_assessed,untyped_object_requires_key_level_review,not_covered_by_target_inventory,not_covered_by_target_inventory,not_assessed,untyped_object_requires_key_level_review,not_assessed,not_covered_by_target_inventory,not_assessed,not_assessed,not_assessed,not_assessed,not_covered_by_target_inventory,not_covered_by_target_inventory,not_covered_by_target_inventory,not_covered_by_target_inventory,not_covered_by_target_inventory,not_assessed,untyped_object_requires_key_level_review,not_covered_by_target_inventory,not_covered_by_target_inventory,not_assessed,not_covered_by_target_inventory,not_assessed,not_assessed,not_assessed,not_assessed,not_covered_by_target_inventory,not_covered_by_target_inventory,not_covered_by_target_inventory,not_covered_by_target_inventory,not_covered_by_target_inventory,not_assessed,untyped_object_requires_key_level_review,not_covered_by_target_inventory,not_covered_by_target_inventory,not_assessed,not_assessed,not_assessed,not_assessed,not_assessed,not_assessed,not_assessed,not_assessed,not_assessed,not_assessed,not_assessed,not_assessed,not_assessed,not_assessed,not_assessed,not_assessed,not_assessed,not_assessed,not_assessed,not_assessed,not_assessed,not_assessed,not_assessed,not_assessed,not_covered_by_target_inventory,not_assessed,not_assessed,not_assessed,not_assessed,not_assessed,not_assessed,not_assessed,not_assessed,not_assessed,not_assessed,not_assessed,not_assessed,not_assessed,not_assessed,not_assessed,not_assessed,not_covered_by_target_inventory,not_assessed,not_covered_by_current_audit,not_covered_by_current_audit,not_covered_by_current_audit,not_covered_by_current_audit,not_assessed,not_assessed,not_assessed,not_assessed,not_assessed,not_assessed,not_assessed,untyped_object_requires_key_level_review,not_assessed,not_assessed,not_assessed,not_assessed,not_assessed,not_assessed,not_assessed,not_assessed,not_assessed,not_assessed,not_covered_by_current_audit,untyped_object_requires_key_level_review,untyped_object_requires_key_level_review
doi:10.1371/journal.pone.0006582,Motor properties of peripersonal space in humans.,2009,10.1371/journal.pone.0006582,supported_incomplete,1,doi:10.1371/journal.pone.0006582,not_covered_by_target_inventory,not_covered_by_target_inventory,not_covered_by_target_inventory,not_covered_by_target_inventory,untyped_object_requires_key_level_review,source_unavailable,source_unavailable,source_unavailable,not_covered_by_target_inventory,not_covered_by_target_inventory,source_unavailable,source_unavailable,untyped_object_requires_key_level_review,not_covered_by_target_inventory,not_covered_by_target_inventory,source_unavailable,untyped_object_requires_key_level_review,source_unavailable,not_covered_by_target_inventory,source_unavailable,source_unavailable,source_unavailable,source_unavailable,not_covered_by_target_inventory,not_covered_by_target_inventory,not_covered_by_target_inventory,not_covered_by_target_inventory,not_covered_by_target_inventory,source_unavailable,untyped_object_requires_key_level_review,not_covered_by_target_inventory,not_covered_by_target_inventory,source_unavailable,not_covered_by_target_inventory,source_unavailable,source_unavailable,source_unavailable,source_unavailable,not_covered_by_target_inventory,not_covered_by_target_inventory,not_covered_by_target_inventory,not_covered_by_target_inventory,not_covered_by_target_inventory,source_unavailable,untyped_object_requires_key_level_review,not_covered_by_target_inventory,not_covered_by_target_inventory,source_unavailable,source_unavailable,source_unavailable,source_unavailable,source_unavailable,source_unavailable,source_unavailable,source_unavailable,source_unavailable,source_unavailable,source_unavailable,source_unavailable,source_unavailable,source_unavailable,source_unavailable,source_unavailable,source_unavailable,source_unavailable,source_unavailable,source_unavailable,source_unavailable,source_unavailable,source_unavailable,source_unavailable,not_covered_by_target_inventory,source_unavailable,source_unavailable,source_unavailable,source_unavailable,source_unavailable,source_unavailable,source_unavailable,source_unavailable,source_unavailable,source_unavailable,source_unavailable,source_unavailable,source_unavailable,source_unavailable,source_unavailable,source_unavailable,not_covered_by_target_inventory,source_unavailable,not_covered_by_current_audit,not_covered_by_current_audit,not_covered_by_current_audit,not_covered_by_current_audit,source_unavailable,source_unavailable,source_unavailable,source_unavailable,source_unavailable,source_unavailable,source_unavailable,untyped_object_requires_key_level_review,source_unavailable,source_unavailable,source_unavailable,source_unavailable,source_unavailable,source_unavailable,source_unavailable,source_unavailable,source_unavailable,source_unavailable,not_covered_by_current_audit,untyped_object_requires_key_level_review,untyped_object_requires_key_level_review
doi:10.1371/journal.pone.0044306,Dynamic sounds capture the boundaries of peripersonal space representation in humans.,2012,10.1371/journal.pone.0044306,runnable,1,doi:10.1371/journal.pone.0044306,not_covered_by_target_inventory,not_covered_by_target_inventory,not_covered_by_target_inventory,not_covered_by_target_inventory,untyped_object_requires_key_level_review,parent_reported_atomic_unreviewed,parent_reported_atomic_unreviewed,parent_reported_atomic_unreviewed,not_covered_by_target_inventory,not_covered_by_target_inventory,parent_reported_atomic_unreviewed,parent_reported_atomic_unreviewed,untyped_object_requires_key_level_review,not_covered_by_target_inventory,not_covered_by_target_inventory,parent_reported_atomic_unreviewed,untyped_object_requires_key_level_review,parent_reported_atomic_unreviewed,not_covered_by_target_inventory,parent_reported_atomic_unreviewed,parent_reported_atomic_unreviewed,parent_reported_atomic_unreviewed,parent_reported_atomic_unreviewed,not_covered_by_target_inventory,not_covered_by_target_inventory,not_covered_by_target_inventory,not_covered_by_target_inventory,not_covered_by_target_inventory,parent_reported_atomic_unreviewed,untyped_object_requires_key_level_review,not_covered_by_target_inventory,not_covered_by_target_inventory,parent_reported_atomic_unreviewed,not_covered_by_target_inventory,parent_reported_atomic_unreviewed,parent_reported_atomic_unreviewed,parent_reported_atomic_unreviewed,parent_reported_atomic_unreviewed,not_covered_by_target_inventory,not_covered_by_target_inventory,not_covered_by_target_inventory,not_covered_by_target_inventory,not_covered_by_target_inventory,parent_reported_atomic_unreviewed,untyped_object_requires_key_level_review,not_covered_by_target_inventory,not_covered_by_target_inventory,parent_reported_atomic_unreviewed,parent_reported_atomic_unreviewed,parent_reported_atomic_unreviewed,parent_reported_atomic_unreviewed,parent_reported_atomic_unreviewed,parent_reported_atomic_unreviewed,parent_reported_atomic_unreviewed,parent_reported_atomic_unreviewed,parent_reported_atomic_unreviewed,parent_reported_atomic_unreviewed,parent_reported_atomic_unreviewed,parent_derived_atomic_unreviewed,parent_reported_atomic_unreviewed,parent_reported_atomic_unreviewed,parent_reported_atomic_unreviewed,parent_reported_atomic_unreviewed,parent_reported_atomic_unreviewed,parent_reported_atomic_unreviewed,parent_reported_atomic_unreviewed,parent_reported_atomic_unreviewed,parent_reported_atomic_unreviewed,parent_reported_atomic_unreviewed,parent_reported_atomic_unreviewed,parent_reported_atomic_unreviewed,not_covered_by_target_inventory,parent_reported_atomic_unreviewed,parent_reported_atomic_unreviewed,parent_reported_atomic_unreviewed,parent_reported_atomic_unreviewed,parent_reported_atomic_unreviewed,parent_reported_atomic_unreviewed,parent_reported_atomic_unreviewed,parent_reported_atomic_unreviewed,parent_reported_atomic_unreviewed,parent_reported_atomic_unreviewed,parent_reported_atomic_unreviewed,parent_derived_atomic_unreviewed,parent_derived_atomic_unreviewed,parent_reported_atomic_unreviewed,parent_reported_atomic_unreviewed,parent_derived_atomic_unreviewed,not_covered_by_target_inventory,parent_reported_atomic_unreviewed,not_covered_by_current_audit,not_covered_by_current_audit,not_covered_by_current_audit,not_covered_by_current_audit,parent_reported_atomic_unreviewed,parent_reported_atomic_unreviewed,parent_reported_atomic_unreviewed,parent_reported_atomic_unreviewed,parent_reported_atomic_unreviewed,parent_reported_atomic_unreviewed,parent_reported_atomic_unreviewed,untyped_object_requires_key_level_review,parent_reported_atomic_unreviewed,parent_reported_atomic_unreviewed,parent_reported_atomic_unreviewed,parent_reported_atomic_unreviewed,parent_reported_atomic_unreviewed,parent_reported_atomic_unreviewed,parent_reported_atomic_unreviewed,parent_reported_atomic_unreviewed,parent_reported_atomic_unreviewed,parent_reported_atomic_unreviewed,not_covered_by_current_audit,untyped_object_requires_key_level_review,untyped_object_requires_key_level_review
doi:10.1523/jneurosci.1696-15.2015,Intertrial Variability in the Premotor Cortex Accounts for Individual Differences in Peripersonal Space.,2015,10.1523/jneurosci.1696-15.2015,supported_incomplete,1,doi:10.1523/jneurosci.1696-15.2015,not_covered_by_target_inventory,not_covered_by_target_inventory,not_covered_by_target_inventory,not_covered_by_target_inventory,untyped_object_requires_key_level_review,parent_low_confidence_atomic_unreviewed,parent_low_confidence_atomic_unreviewed,multiple_target_review_states,not_covered_by_target_inventory,not_covered_by_target_inventory,source_unavailable,parent_low_confidence_atomic_unreviewed,untyped_object_requires_key_level_review,not_covered_by_target_inventory,not_covered_by_target_inventory,parent_low_confidence_atomic_unreviewed,untyped_object_requires_key_level_review,parent_low_confidence_atomic_unreviewed,not_covered_by_target_inventory,parent_low_confidence_atomic_unreviewed,parent_low_confidence_atomic_unreviewed,source_unavailable,source_unavailable,not_covered_by_target_inventory,not_covered_by_target_inventory,not_covered_by_target_inventory,not_covered_by_target_inventory,not_covered_by_target_inventory,parent_low_confidence_atomic_unreviewed,untyped_object_requires_key_level_review,not_covered_by_target_inventory,not_covered_by_target_inventory,parent_low_confidence_atomic_unreviewed,not_covered_by_target_inventory,parent_low_confidence_atomic_unreviewed,parent_low_confidence_atomic_unreviewed,source_unavailable,source_unavailable,not_covered_by_target_inventory,not_covered_by_target_inventory,not_covered_by_target_inventory,not_covered_by_target_inventory,not_covered_by_target_inventory,parent_low_confidence_atomic_unreviewed,untyped_object_requires_key_level_review,not_covered_by_target_inventory,not_covered_by_target_inventory,parent_low_confidence_atomic_unreviewed,parent_low_confidence_atomic_unreviewed,parent_low_confidence_atomic_unreviewed,parent_low_confidence_atomic_unreviewed,parent_low_confidence_atomic_unreviewed,parent_low_confidence_atomic_unreviewed,parent_low_confidence_atomic_unreviewed,parent_low_confidence_atomic_unreviewed,parent_low_confidence_atomic_unreviewed,parent_low_confidence_atomic_unreviewed,parent_low_confidence_atomic_unreviewed,source_unavailable,parent_low_confidence_atomic_unreviewed,parent_low_confidence_atomic_unreviewed,parent_low_confidence_atomic_unreviewed,parent_low_confidence_atomic_unreviewed,parent_low_confidence_atomic_unreviewed,parent_low_confidence_atomic_unreviewed,source_unavailable,source_unavailable,source_unavailable,parent_low_confidence_atomic_unreviewed,parent_low_confidence_atomic_unreviewed,parent_low_confidence_atomic_unreviewed,not_covered_by_target_inventory,parent_low_confidence_atomic_unreviewed,parent_low_confidence_atomic_unreviewed,source_unavailable,source_unavailable,source_unavailable,parent_low_confidence_atomic_unreviewed,source_unavailable,source_unavailable,source_unavailable,source_unavailable,source_unavailable,source_unavailable,source_unavailable,parent_low_confidence_atomic_unreviewed,source_unavailable,source_unavailable,not_covered_by_target_inventory,source_unavailable,not_covered_by_current_audit,not_covered_by_current_audit,not_covered_by_current_audit,not_covered_by_current_audit,parent_low_confidence_atomic_unreviewed,parent_low_confidence_atomic_unreviewed,parent_low_confidence_atomic_unreviewed,parent_low_confidence_atomic_unreviewed,parent_low_confidence_atomic_unreviewed,parent_low_confidence_atomic_unreviewed,parent_low_confidence_atomic_unreviewed,untyped_object_requires_key_level_review,parent_low_confidence_atomic_unreviewed,parent_low_confidence_atomic_unreviewed,parent_low_confidence_atomic_unreviewed,parent_low_confidence_atomic_unreviewed,parent_low_confidence_atomic_unreviewed,parent_low_confidence_atomic_unreviewed,parent_low_confidence_atomic_unreviewed,parent_low_confidence_atomic_unreviewed,parent_low_confidence_atomic_unreviewed,parent_low_confidence_atomic_unreviewed,not_covered_by_current_audit,untyped_object_requires_key_level_review,untyped_object_requires_key_level_review
doi:10.17605/osf.io/73x59,Audio-tactile peripersonal space,2019,10.17605/osf.io/73x59,not_assessed,1,doi:10.17605/osf.io/73x59,not_covered_by_target_inventory,not_covered_by_target_inventory,not_covered_by_target_inventory,not_covered_by_target_inventory,untyped_object_requires_key_level_review,not_assessed,not_assessed,not_assessed,not_covered_by_target_inventory,not_covered_by_target_inventory,not_assessed,not_assessed,untyped_object_requires_key_level_review,not_covered_by_target_inventory,not_covered_by_target_inventory,not_assessed,untyped_object_requires_key_level_review,not_assessed,not_covered_by_target_inventory,not_assessed,not_assessed,not_assessed,not_assessed,not_covered_by_target_inventory,not_covered_by_target_inventory,not_covered_by_target_inventory,not_covered_by_target_inventory,not_covered_by_target_inventory,not_assessed,untyped_object_requires_key_level_review,not_covered_by_target_inventory,not_covered_by_target_inventory,not_assessed,not_covered_by_target_inventory,not_assessed,not_assessed,not_assessed,not_assessed,not_covered_by_target_inventory,not_covered_by_target_inventory,not_covered_by_target_inventory,not_covered_by_target_inventory,not_covered_by_target_inventory,not_assessed,untyped_object_requires_key_level_review,not_covered_by_target_inventory,not_covered_by_target_inventory,not_assessed,not_assessed,not_assessed,not_assessed,not_assessed,not_assessed,not_assessed,not_assessed,not_assessed,not_assessed,not_assessed,not_assessed,not_assessed,not_assessed,not_assessed,not_assessed,not_assessed,not_assessed,not_assessed,not_assessed,not_assessed,not_assessed,not_assessed,not_assessed,not_covered_by_target_inventory,not_assessed,not_assessed,not_assessed,not_assessed,not_assessed,not_assessed,not_assessed,not_assessed,not_assessed,not_assessed,not_assessed,not_assessed,not_assessed,not_assessed,not_assessed,not_assessed,not_covered_by_target_inventory,not_assessed,not_covered_by_current_audit,not_covered_by_current_audit,not_covered_by_current_audit,not_covered_by_current_audit,not_assessed,not_assessed,not_assessed,not_assessed,not_assessed,not_assessed,not_assessed,untyped_object_requires_key_level_review,not_assessed,not_assessed,not_assessed,not_assessed,not_assessed,not_assessed,not_assessed,not_assessed,not_assessed,not_assessed,not_covered_by_current_audit,untyped_object_requires_key_level_review,untyped_object_requires_key_level_review
doi:10.31234/osf.io/etvb6_v1,The spatial reach of affective touch: a new perspective on social peripersonal space,2025,10.31234/osf.io/etvb6_v1,not_assessed,1,doi:10.31234/osf.io/etvb6_v1,not_covered_by_target_inventory,not_covered_by_target_inventory,not_covered_by_target_inventory,not_covered_by_target_inventory,untyped_object_requires_key_level_review,not_assessed,not_assessed,not_assessed,not_covered_by_target_inventory,not_covered_by_target_inventory,not_assessed,not_assessed,untyped_object_requires_key_level_review,not_covered_by_target_inventory,not_covered_by_target_inventory,not_assessed,untyped_object_requires_key_level_review,not_assessed,not_covered_by_target_inventory,not_assessed,not_assessed,not_assessed,not_assessed,not_covered_by_target_inventory,not_covered_by_target_inventory,not_covered_by_target_inventory,not_covered_by_target_inventory,not_covered_by_target_inventory,not_assessed,untyped_object_requires_key_level_review,not_covered_by_target_inventory,not_covered_by_target_inventory,not_assessed,not_covered_by_target_inventory,not_assessed,not_assessed,not_assessed,not_assessed,not_covered_by_target_inventory,not_covered_by_target_inventory,not_covered_by_target_inventory,not_covered_by_target_inventory,not_covered_by_target_inventory,not_assessed,untyped_object_requires_key_level_review,not_covered_by_target_inventory,not_covered_by_target_inventory,not_assessed,not_assessed,not_assessed,not_assessed,not_assessed,not_assessed,not_assessed,not_assessed,not_assessed,not_assessed,not_assessed,not_assessed,not_assessed,not_assessed,not_assessed,not_assessed,not_assessed,not_assessed,not_assessed,not_assessed,not_assessed,not_assessed,not_assessed,not_assessed,not_covered_by_target_inventory,not_assessed,not_assessed,not_assessed,not_assessed,not_assessed,not_assessed,not_assessed,not_assessed,not_assessed,not_assessed,not_assessed,not_assessed,not_assessed,not_assessed,not_assessed,not_assessed,not_covered_by_target_inventory,not_assessed,not_covered_by_current_audit,not_covered_by_current_audit,not_covered_by_current_audit,not_covered_by_current_audit,not_assessed,not_assessed,not_assessed,not_assessed,not_assessed,not_assessed,not_assessed,untyped_object_requires_key_level_review,not_assessed,not_assessed,not_assessed,not_assessed,not_assessed,not_assessed,not_assessed,not_assessed,not_assessed,not_assessed,not_covered_by_current_audit,untyped_object_requires_key_level_review,untyped_object_requires_key_level_review
doi:10.31234/osf.io/t8h6a,Lost in time and space? Multisensory processing of peripersonal space and time perception in Depersonalisation,2023,10.31234/osf.io/t8h6a,not_assessed,1,doi:10.31234/osf.io/t8h6a,not_covered_by_target_inventory,not_covered_by_target_inventory,not_covered_by_target_inventory,not_covered_by_target_inventory,untyped_object_requires_key_level_review,not_assessed,not_assessed,not_assessed,not_covered_by_target_inventory,not_covered_by_target_inventory,not_assessed,not_assessed,untyped_object_requires_key_level_review,not_covered_by_target_inventory,not_covered_by_target_inventory,not_assessed,untyped_object_requires_key_level_review,not_assessed,not_covered_by_target_inventory,not_assessed,not_assessed,not_assessed,not_assessed,not_covered_by_target_inventory,not_covered_by_target_inventory,not_covered_by_target_inventory,not_covered_by_target_inventory,not_covered_by_target_inventory,not_assessed,untyped_object_requires_key_level_review,not_covered_by_target_inventory,not_covered_by_target_inventory,not_assessed,not_covered_by_target_inventory,not_assessed,not_assessed,not_assessed,not_assessed,not_covered_by_target_inventory,not_covered_by_target_inventory,not_covered_by_target_inventory,not_covered_by_target_inventory,not_covered_by_target_inventory,not_assessed,untyped_object_requires_key_level_review,not_covered_by_target_inventory,not_covered_by_target_inventory,not_assessed,not_assessed,not_assessed,not_assessed,not_assessed,not_assessed,not_assessed,not_assessed,not_assessed,not_assessed,not_assessed,not_assessed,not_assessed,not_assessed,not_assessed,not_assessed,not_assessed,not_assessed,not_assessed,not_assessed,not_assessed,not_assessed,not_assessed,not_assessed,not_covered_by_target_inventory,not_assessed,not_assessed,not_assessed,not_assessed,not_assessed,not_assessed,not_assessed,not_assessed,not_assessed,not_assessed,not_assessed,not_assessed,not_assessed,not_assessed,not_assessed,not_assessed,not_covered_by_target_inventory,not_assessed,not_covered_by_current_audit,not_covered_by_current_audit,not_covered_by_current_audit,not_covered_by_current_audit,not_assessed,not_assessed,not_assessed,not_assessed,not_assessed,not_assessed,not_assessed,untyped_object_requires_key_level_review,not_assessed,not_assessed,not_assessed,not_assessed,not_assessed,not_assessed,not_assessed,not_assessed,not_assessed,not_assessed,not_covered_by_current_audit,untyped_object_requires_key_level_review,untyped_object_requires_key_level_review
doi:10.3233/rnn-120286,Plasticity of body representations after surgical arm elongation in an achondroplasic patient.,2013,10.3233/rnn-120286,supported_incomplete,1,doi:10.3233/rnn-120286,not_covered_by_target_inventory,not_covered_by_target_inventory,not_covered_by_target_inventory,not_covered_by_target_inventory,untyped_object_requires_key_level_review,source_unavailable,source_unavailable,source_unavailable,not_covered_by_target_inventory,not_covered_by_target_inventory,source_unavailable,source_unavailable,untyped_object_requires_key_level_review,not_covered_by_target_inventory,not_covered_by_target_inventory,source_unavailable,untyped_object_requires_key_level_review,source_unavailable,not_covered_by_target_inventory,source_unavailable,source_unavailable,source_unavailable,source_unavailable,not_covered_by_target_inventory,not_covered_by_target_inventory,not_covered_by_target_inventory,not_covered_by_target_inventory,not_covered_by_target_inventory,source_unavailable,untyped_object_requires_key_level_review,not_covered_by_target_inventory,not_covered_by_target_inventory,source_unavailable,not_covered_by_target_inventory,source_unavailable,source_unavailable,source_unavailable,source_unavailable,not_covered_by_target_inventory,not_covered_by_target_inventory,not_covered_by_target_inventory,not_covered_by_target_inventory,not_covered_by_target_inventory,source_unavailable,untyped_object_requires_key_level_review,not_covered_by_target_inventory,not_covered_by_target_inventory,source_unavailable,source_unavailable,source_unavailable,source_unavailable,source_unavailable,source_unavailable,source_unavailable,source_unavailable,source_unavailable,source_unavailable,source_unavailable,source_unavailable,source_unavailable,source_unavailable,source_unavailable,source_unavailable,source_unavailable,source_unavailable,source_unavailable,source_unavailable,source_unavailable,source_unavailable,source_unavailable,source_unavailable,not_covered_by_target_inventory,source_unavailable,source_unavailable,source_unavailable,source_unavailable,source_unavailable,source_unavailable,source_unavailable,source_unavailable,source_unavailable,source_unavailable,source_unavailable,source_unavailable,source_unavailable,source_unavailable,source_unavailable,source_unavailable,not_covered_by_target_inventory,source_unavailable,not_covered_by_current_audit,not_covered_by_current_audit,not_covered_by_current_audit,not_covered_by_current_audit,source_unavailable,source_unavailable,source_unavailable,source_unavailable,source_unavailable,source_unavailable,source_unavailable,untyped_object_requires_key_level_review,source_unavailable,source_unavailable,source_unavailable,source_unavailable,source_unavailable,source_unavailable,source_unavailable,source_unavailable,source_unavailable,source_unavailable,not_covered_by_current_audit,untyped_object_requires_key_level_review,untyped_object_requires_key_level_review
doi:10.3389/fict.2017.00031,"Peripersonal Space: An Index of Multisensory Body–Environment Interactions in Real, Virtual, and Mixed Realities",2018,10.3389/fict.2017.00031,supported_incomplete,2,doi:10.3389/fict.2017.00031::a | doi:10.3389/fict.2017.00031::b,not_covered_by_target_inventory,not_covered_by_target_inventory,not_covered_by_target_inventory,not_covered_by_target_inventory,untyped_object_requires_key_level_review,mixed,mixed,mixed,not_covered_by_target_inventory,not_covered_by_target_inventory,mixed,mixed,untyped_object_requires_key_level_review,not_covered_by_target_inventory,not_covered_by_target_inventory,mixed,untyped_object_requires_key_level_review,mixed,not_covered_by_target_inventory,mixed,mixed,mixed,mixed,not_covered_by_target_inventory,not_covered_by_target_inventory,not_covered_by_target_inventory,not_covered_by_target_inventory,not_covered_by_target_inventory,mixed,untyped_object_requires_key_level_review,not_covered_by_target_inventory,not_covered_by_target_inventory,mixed,not_covered_by_target_inventory,mixed,mixed,mixed,mixed,not_covered_by_target_inventory,not_covered_by_target_inventory,not_covered_by_target_inventory,not_covered_by_target_inventory,not_covered_by_target_inventory,mixed,untyped_object_requires_key_level_review,not_covered_by_target_inventory,not_covered_by_target_inventory,mixed,mixed,mixed,mixed,mixed,mixed,mixed,mixed,mixed,mixed,mixed,mixed,mixed,mixed,mixed,mixed,mixed,mixed,mixed,mixed,mixed,mixed,mixed,mixed,not_covered_by_target_inventory,mixed,mixed,mixed,mixed,mixed,mixed,mixed,mixed,mixed,mixed,mixed,mixed,mixed,mixed,mixed,mixed,not_covered_by_target_inventory,mixed,not_covered_by_current_audit,not_covered_by_current_audit,not_covered_by_current_audit,not_covered_by_current_audit,mixed,mixed,mixed,mixed,mixed,mixed,mixed,untyped_object_requires_key_level_review,mixed,mixed,mixed,mixed,mixed,mixed,mixed,mixed,mixed,mixed,not_covered_by_current_audit,untyped_object_requires_key_level_review,untyped_object_requires_key_level_review
doi:10.3389/fnbeh.2015.00004,Extending peripersonal space representation without tool-use: evidence from a combined behavioral-computational approach.,2015,10.3389/fnbeh.2015.00004,runnable,1,doi:10.3389/fnbeh.2015.00004,not_covered_by_target_inventory,not_covered_by_target_inventory,not_covered_by_target_inventory,not_covered_by_target_inventory,untyped_object_requires_key_level_review,parent_reported_atomic_unreviewed,parent_reported_atomic_unreviewed,multiple_target_review_states,not_covered_by_target_inventory,not_covered_by_target_inventory,parent_reviewed_missing,parent_caveated_atomic_unreviewed,untyped_object_requires_key_level_review,not_covered_by_target_inventory,not_covered_by_target_inventory,parent_reported_atomic_unreviewed,untyped_object_requires_key_level_review,parent_reported_atomic_unreviewed,not_covered_by_target_inventory,parent_reported_atomic_unreviewed,parent_caveated_atomic_unreviewed,parent_reported_atomic_unreviewed,parent_reviewed_missing,not_covered_by_target_inventory,not_covered_by_target_inventory,not_covered_by_target_inventory,not_covered_by_target_inventory,not_covered_by_target_inventory,parent_reported_atomic_unreviewed,untyped_object_requires_key_level_review,not_covered_by_target_inventory,not_covered_by_target_inventory,parent_reported_atomic_unreviewed,not_covered_by_target_inventory,parent_reported_atomic_unreviewed,parent_caveated_atomic_unreviewed,parent_reported_atomic_unreviewed,parent_reviewed_missing,not_covered_by_target_inventory,not_covered_by_target_inventory,not_covered_by_target_inventory,not_covered_by_target_inventory,not_covered_by_target_inventory,parent_reported_atomic_unreviewed,untyped_object_requires_key_level_review,not_covered_by_target_inventory,not_covered_by_target_inventory,parent_reported_atomic_unreviewed,parent_reported_atomic_unreviewed,parent_reported_atomic_unreviewed,parent_reported_atomic_unreviewed,parent_reported_atomic_unreviewed,parent_reported_atomic_unreviewed,parent_reported_atomic_unreviewed,parent_reported_atomic_unreviewed,parent_reported_atomic_unreviewed,parent_reported_atomic_unreviewed,parent_reported_atomic_unreviewed,parent_not_applicable_atomic_unreviewed,parent_reported_atomic_unreviewed,parent_reported_atomic_unreviewed,parent_reported_atomic_unreviewed,parent_reported_atomic_unreviewed,parent_reported_atomic_unreviewed,parent_caveated_atomic_unreviewed,parent_reviewed_missing,parent_lineage_derived_atomic_unreviewed,parent_lineage_derived_atomic_unreviewed,parent_reported_atomic_unreviewed,parent_reported_atomic_unreviewed,parent_reported_atomic_unreviewed,not_covered_by_target_inventory,parent_reported_atomic_unreviewed,parent_reported_atomic_unreviewed,parent_derived_atomic_unreviewed,parent_derived_atomic_unreviewed,parent_derived_atomic_unreviewed,parent_reported_atomic_unreviewed,parent_derived_atomic_unreviewed,parent_derived_atomic_unreviewed,parent_derived_atomic_unreviewed,parent_reported_absent_atomic_unreviewed,parent_reported_absent_atomic_unreviewed,parent_reported_absent_atomic_unreviewed,parent_reported_absent_atomic_unreviewed,parent_not_applicable_atomic_unreviewed,parent_reported_absent_atomic_unreviewed,parent_reported_absent_atomic_unreviewed,not_covered_by_target_inventory,parent_reported_atomic_unreviewed,not_covered_by_current_audit,not_covered_by_current_audit,not_covered_by_current_audit,not_covered_by_current_audit,parent_reported_atomic_unreviewed,parent_reported_atomic_unreviewed,parent_reported_atomic_unreviewed,parent_reported_atomic_unreviewed,parent_reported_atomic_unreviewed,parent_reported_atomic_unreviewed,parent_reported_atomic_unreviewed,untyped_object_requires_key_level_review,parent_reported_atomic_unreviewed,parent_reported_atomic_unreviewed,parent_reported_atomic_unreviewed,parent_reported_atomic_unreviewed,parent_reported_atomic_unreviewed,parent_reviewed_missing,parent_reviewed_missing,parent_reported_atomic_unreviewed,parent_reported_atomic_unreviewed,parent_reported_atomic_unreviewed,not_covered_by_current_audit,untyped_object_requires_key_level_review,untyped_object_requires_key_level_review
doi:10.3389/fpsyg.2011.00077,"Organization, maturation, and plasticity of multisensory integration: insights from computational modeling studies.",2011,10.3389/fpsyg.2011.00077,not_assessed,1,doi:10.3389/fpsyg.2011.00077,not_covered_by_target_inventory,not_covered_by_target_inventory,not_covered_by_target_inventory,not_covered_by_target_inventory,untyped_object_requires_key_level_review,not_assessed,not_assessed,not_assessed,not_covered_by_target_inventory,not_covered_by_target_inventory,not_assessed,not_assessed,untyped_object_requires_key_level_review,not_covered_by_target_inventory,not_covered_by_target_inventory,not_assessed,untyped_object_requires_key_level_review,not_assessed,not_covered_by_target_inventory,not_assessed,not_assessed,not_assessed,not_assessed,not_covered_by_target_inventory,not_covered_by_target_inventory,not_covered_by_target_inventory,not_covered_by_target_inventory,not_covered_by_target_inventory,not_assessed,untyped_object_requires_key_level_review,not_covered_by_target_inventory,not_covered_by_target_inventory,not_assessed,not_covered_by_target_inventory,not_assessed,not_assessed,not_assessed,not_assessed,not_covered_by_target_inventory,not_covered_by_target_inventory,not_covered_by_target_inventory,not_covered_by_target_inventory,not_covered_by_target_inventory,not_assessed,untyped_object_requires_key_level_review,not_covered_by_target_inventory,not_covered_by_target_inventory,not_assessed,not_assessed,not_assessed,not_assessed,not_assessed,not_assessed,not_assessed,not_assessed,not_assessed,not_assessed,not_assessed,not_assessed,not_assessed,not_assessed,not_assessed,not_assessed,not_assessed,not_assessed,not_assessed,not_assessed,not_assessed,not_assessed,not_assessed,not_assessed,not_covered_by_target_inventory,not_assessed,not_assessed,not_assessed,not_assessed,not_assessed,not_assessed,not_assessed,not_assessed,not_assessed,not_assessed,not_assessed,not_assessed,not_assessed,not_assessed,not_assessed,not_assessed,not_covered_by_target_inventory,not_assessed,not_covered_by_current_audit,not_covered_by_current_audit,not_covered_by_current_audit,not_covered_by_current_audit,not_assessed,not_assessed,not_assessed,not_assessed,not_assessed,not_assessed,not_assessed,untyped_object_requires_key_level_review,not_assessed,not_assessed,not_assessed,not_assessed,not_assessed,not_assessed,not_assessed,not_assessed,not_assessed,not_assessed,not_covered_by_current_audit,untyped_object_requires_key_level_review,untyped_object_requires_key_level_review
doi:10.3389/fpsyg.2015.00639,The wheelchair as a full-body tool extending the peripersonal space.,2015,10.3389/fpsyg.2015.00639,runnable,3,doi:10.3389/fpsyg.2015.00639::a | doi:10.3389/fpsyg.2015.00639::b | doi:10.3389/fpsyg.2015.00639::c,not_covered_by_target_inventory,not_covered_by_target_inventory,not_covered_by_target_inventory,not_covered_by_target_inventory,untyped_object_requires_key_level_review,composite_parent_atomic_unreviewed,composite_parent_atomic_unreviewed,composite_parent_atomic_unreviewed,not_covered_by_target_inventory,not_covered_by_target_inventory,composite_parent_atomic_unreviewed,composite_parent_atomic_unreviewed,untyped_object_requires_key_level_review,not_covered_by_target_inventory,not_covered_by_target_inventory,composite_parent_atomic_unreviewed,untyped_object_requires_key_level_review,composite_parent_atomic_unreviewed,not_covered_by_target_inventory,composite_parent_atomic_unreviewed,composite_parent_atomic_unreviewed,composite_parent_atomic_unreviewed,composite_parent_atomic_unreviewed,not_covered_by_target_inventory,not_covered_by_target_inventory,not_covered_by_target_inventory,not_covered_by_target_inventory,not_covered_by_target_inventory,composite_parent_atomic_unreviewed,untyped_object_requires_key_level_review,not_covered_by_target_inventory,not_covered_by_target_inventory,composite_parent_atomic_unreviewed,not_covered_by_target_inventory,composite_parent_atomic_unreviewed,composite_parent_atomic_unreviewed,composite_parent_atomic_unreviewed,composite_parent_atomic_unreviewed,not_covered_by_target_inventory,not_covered_by_target_inventory,not_covered_by_target_inventory,not_covered_by_target_inventory,not_covered_by_target_inventory,composite_parent_atomic_unreviewed,untyped_object_requires_key_level_review,not_covered_by_target_inventory,not_covered_by_target_inventory,composite_parent_atomic_unreviewed,composite_parent_atomic_unreviewed,composite_parent_atomic_unreviewed,composite_parent_atomic_unreviewed,composite_parent_atomic_unreviewed,composite_parent_atomic_unreviewed,composite_parent_atomic_unreviewed,composite_parent_atomic_unreviewed,composite_parent_atomic_unreviewed,composite_parent_atomic_unreviewed,composite_parent_atomic_unreviewed,composite_parent_atomic_unreviewed,composite_parent_atomic_unreviewed,composite_parent_atomic_unreviewed,composite_parent_atomic_unreviewed,composite_parent_atomic_unreviewed,composite_parent_atomic_unreviewed,composite_parent_atomic_unreviewed,composite_parent_atomic_unreviewed,composite_parent_atomic_unreviewed,composite_parent_atomic_unreviewed,composite_parent_atomic_unreviewed,composite_parent_atomic_unreviewed,composite_parent_atomic_unreviewed,not_covered_by_target_inventory,composite_parent_atomic_unreviewed,composite_parent_atomic_unreviewed,composite_parent_atomic_unreviewed,composite_parent_atomic_unreviewed,composite_parent_atomic_unreviewed,composite_parent_atomic_unreviewed,composite_parent_atomic_unreviewed,composite_parent_atomic_unreviewed,composite_parent_atomic_unreviewed,composite_parent_atomic_unreviewed,composite_parent_atomic_unreviewed,composite_parent_atomic_unreviewed,composite_parent_atomic_unreviewed,composite_parent_atomic_unreviewed,composite_parent_atomic_unreviewed,composite_parent_atomic_unreviewed,not_covered_by_target_inventory,composite_parent_atomic_unreviewed,not_covered_by_current_audit,not_covered_by_current_audit,not_covered_by_current_audit,not_covered_by_current_audit,composite_parent_atomic_unreviewed,composite_parent_atomic_unreviewed,composite_parent_atomic_unreviewed,composite_parent_atomic_unreviewed,composite_parent_atomic_unreviewed,composite_parent_atomic_unreviewed,composite_parent_atomic_unreviewed,untyped_object_requires_key_level_review,composite_parent_atomic_unreviewed,composite_parent_atomic_unreviewed,composite_parent_atomic_unreviewed,composite_parent_atomic_unreviewed,composite_parent_atomic_unreviewed,composite_parent_atomic_unreviewed,composite_parent_atomic_unreviewed,composite_parent_atomic_unreviewed,composite_parent_atomic_unreviewed,composite_parent_atomic_unreviewed,not_covered_by_current_audit,untyped_object_requires_key_level_review,untyped_object_requires_key_level_review
doi:10.3389/fpsyg.2022.983189,Effects of guided exploration on reaching measures of auditory peripersonal space.,2022,10.3389/fpsyg.2022.983189,not_assessed,1,doi:10.3389/fpsyg.2022.983189,not_covered_by_target_inventory,not_covered_by_target_inventory,not_covered_by_target_inventory,not_covered_by_target_inventory,untyped_object_requires_key_level_review,not_assessed,not_assessed,not_assessed,not_covered_by_target_inventory,not_covered_by_target_inventory,not_assessed,not_assessed,untyped_object_requires_key_level_review,not_covered_by_target_inventory,not_covered_by_target_inventory,not_assessed,untyped_object_requires_key_level_review,not_assessed,not_covered_by_target_inventory,not_assessed,not_assessed,not_assessed,not_assessed,not_covered_by_target_inventory,not_covered_by_target_inventory,not_covered_by_target_inventory,not_covered_by_target_inventory,not_covered_by_target_inventory,not_assessed,untyped_object_requires_key_level_review,not_covered_by_target_inventory,not_covered_by_target_inventory,not_assessed,not_covered_by_target_inventory,not_assessed,not_assessed,not_assessed,not_assessed,not_covered_by_target_inventory,not_covered_by_target_inventory,not_covered_by_target_inventory,not_covered_by_target_inventory,not_covered_by_target_inventory,not_assessed,untyped_object_requires_key_level_review,not_covered_by_target_inventory,not_covered_by_target_inventory,not_assessed,not_assessed,not_assessed,not_assessed,not_assessed,not_assessed,not_assessed,not_assessed,not_assessed,not_assessed,not_assessed,not_assessed,not_assessed,not_assessed,not_assessed,not_assessed,not_assessed,not_assessed,not_assessed,not_assessed,not_assessed,not_assessed,not_assessed,not_assessed,not_covered_by_target_inventory,not_assessed,not_assessed,not_assessed,not_assessed,not_assessed,not_assessed,not_assessed,not_assessed,not_assessed,not_assessed,not_assessed,not_assessed,not_assessed,not_assessed,not_assessed,not_assessed,not_covered_by_target_inventory,not_assessed,not_covered_by_current_audit,not_covered_by_current_audit,not_covered_by_current_audit,not_covered_by_current_audit,not_assessed,not_assessed,not_assessed,not_assessed,not_assessed,not_assessed,not_assessed,untyped_object_requires_key_level_review,not_assessed,not_assessed,not_assessed,not_assessed,not_assessed,not_assessed,not_assessed,not_assessed,not_assessed,not_assessed,not_covered_by_current_audit,untyped_object_requires_key_level_review,untyped_object_requires_key_level_review
doi:10.3389/fpsyt.2014.00122,Cynophobic fear adaptively extends peri-personal space.,2014,10.3389/fpsyt.2014.00122,supported_incomplete,1,doi:10.3389/fpsyt.2014.00122,not_covered_by_target_inventory,not_covered_by_target_inventory,not_covered_by_target_inventory,not_covered_by_target_inventory,untyped_object_requires_key_level_review,parent_reported_atomic_unreviewed,parent_reported_atomic_unreviewed,multiple_target_review_states,not_covered_by_target_inventory,not_covered_by_target_inventory,parent_reviewed_missing,parent_reviewed_missing,untyped_object_requires_key_level_review,not_covered_by_target_inventory,not_covered_by_target_inventory,parent_reported_atomic_unreviewed,untyped_object_requires_key_level_review,parent_reported_atomic_unreviewed,not_covered_by_target_inventory,parent_reported_atomic_unreviewed,parent_reviewed_missing,parent_reported_atomic_unreviewed,parent_reviewed_missing,not_covered_by_target_inventory,not_covered_by_target_inventory,not_covered_by_target_inventory,not_covered_by_target_inventory,not_covered_by_target_inventory,parent_reported_atomic_unreviewed,untyped_object_requires_key_level_review,not_covered_by_target_inventory,not_covered_by_target_inventory,parent_reported_atomic_unreviewed,not_covered_by_target_inventory,parent_reported_atomic_unreviewed,parent_reviewed_missing,parent_reported_atomic_unreviewed,parent_reviewed_missing,not_covered_by_target_inventory,not_covered_by_target_inventory,not_covered_by_target_inventory,not_covered_by_target_inventory,not_covered_by_target_inventory,parent_reported_atomic_unreviewed,untyped_object_requires_key_level_review,not_covered_by_target_inventory,not_covered_by_target_inventory,parent_reported_atomic_unreviewed,parent_reported_atomic_unreviewed,parent_reported_atomic_unreviewed,parent_reported_atomic_unreviewed,parent_reported_atomic_unreviewed,parent_reported_atomic_unreviewed,parent_reported_atomic_unreviewed,parent_reported_atomic_unreviewed,parent_reported_atomic_unreviewed,parent_reported_atomic_unreviewed,parent_reported_atomic_unreviewed,parent_derived_atomic_unreviewed,parent_reported_atomic_unreviewed,parent_reported_atomic_unreviewed,parent_reported_atomic_unreviewed,parent_reported_atomic_unreviewed,parent_reported_atomic_unreviewed,parent_reviewed_missing,parent_reviewed_missing,parent_reported_atomic_unreviewed,parent_reported_atomic_unreviewed,parent_reported_atomic_unreviewed,parent_reported_atomic_unreviewed,parent_reported_atomic_unreviewed,not_covered_by_target_inventory,parent_reported_atomic_unreviewed,parent_reported_atomic_unreviewed,parent_reported_atomic_unreviewed,parent_reported_atomic_unreviewed,parent_reported_atomic_unreviewed,parent_reported_atomic_unreviewed,parent_reported_atomic_unreviewed,parent_reported_atomic_unreviewed,parent_reported_atomic_unreviewed,parent_reported_atomic_unreviewed,parent_reported_atomic_unreviewed,parent_reported_atomic_unreviewed,parent_reported_atomic_unreviewed,parent_reported_atomic_unreviewed,parent_reported_atomic_unreviewed,parent_reported_atomic_unreviewed,not_covered_by_target_inventory,parent_reported_atomic_unreviewed,not_covered_by_current_audit,not_covered_by_current_audit,not_covered_by_current_audit,not_covered_by_current_audit,parent_reported_atomic_unreviewed,parent_reported_atomic_unreviewed,parent_reported_atomic_unreviewed,parent_reported_atomic_unreviewed,parent_reported_atomic_unreviewed,parent_reported_atomic_unreviewed,parent_reported_atomic_unreviewed,untyped_object_requires_key_level_review,parent_reported_atomic_unreviewed,parent_reported_atomic_unreviewed,parent_reported_atomic_unreviewed,parent_reported_atomic_unreviewed,parent_reported_atomic_unreviewed,parent_reported_atomic_unreviewed,parent_reported_atomic_unreviewed,parent_reported_atomic_unreviewed,parent_reported_atomic_unreviewed,parent_reported_atomic_unreviewed,not_covered_by_current_audit,untyped_object_requires_key_level_review,untyped_object_requires_key_level_review
doi:10.3389/frvir.2021.644214,VR Setup to Assess Peripersonal Space Audio-Tactile 3D Boundaries,2021,10.3389/frvir.2021.644214,runnable,1,doi:10.3389/frvir.2021.644214,not_covered_by_target_inventory,not_covered_by_target_inventory,not_covered_by_target_inventory,not_covered_by_target_inventory,untyped_object_requires_key_level_review,parent_low_confidence_atomic_unreviewed,parent_low_confidence_atomic_unreviewed,parent_low_confidence_atomic_unreviewed,not_covered_by_target_inventory,not_covered_by_target_inventory,source_unavailable,parent_low_confidence_atomic_unreviewed,untyped_object_requires_key_level_review,not_covered_by_target_inventory,not_covered_by_target_inventory,parent_low_confidence_atomic_unreviewed,untyped_object_requires_key_level_review,parent_low_confidence_atomic_unreviewed,not_covered_by_target_inventory,source_unavailable,parent_low_confidence_atomic_unreviewed,parent_low_confidence_atomic_unreviewed,source_unavailable,not_covered_by_target_inventory,not_covered_by_target_inventory,not_covered_by_target_inventory,not_covered_by_target_inventory,not_covered_by_target_inventory,parent_low_confidence_atomic_unreviewed,untyped_object_requires_key_level_review,not_covered_by_target_inventory,not_covered_by_target_inventory,parent_low_confidence_atomic_unreviewed,not_covered_by_target_inventory,source_unavailable,parent_low_confidence_atomic_unreviewed,parent_low_confidence_atomic_unreviewed,source_unavailable,not_covered_by_target_inventory,not_covered_by_target_inventory,not_covered_by_target_inventory,not_covered_by_target_inventory,not_covered_by_target_inventory,parent_low_confidence_atomic_unreviewed,untyped_object_requires_key_level_review,not_covered_by_target_inventory,not_covered_by_target_inventory,parent_low_confidence_atomic_unreviewed,parent_low_confidence_atomic_unreviewed,parent_low_confidence_atomic_unreviewed,parent_low_confidence_atomic_unreviewed,parent_low_confidence_atomic_unreviewed,parent_low_confidence_atomic_unreviewed,parent_low_confidence_atomic_unreviewed,parent_low_confidence_atomic_unreviewed,parent_low_confidence_atomic_unreviewed,parent_low_confidence_atomic_unreviewed,parent_low_confidence_atomic_unreviewed,source_unavailable,parent_low_confidence_atomic_unreviewed,parent_low_confidence_atomic_unreviewed,parent_low_confidence_atomic_unreviewed,source_unavailable,source_unavailable,parent_low_confidence_atomic_unreviewed,source_unavailable,source_unavailable,source_unavailable,multiple_target_review_states,multiple_target_review_states,multiple_target_review_states,not_covered_by_target_inventory,parent_low_confidence_atomic_unreviewed,source_unavailable,parent_low_confidence_atomic_unreviewed,parent_low_confidence_atomic_unreviewed,parent_low_confidence_atomic_unreviewed,source_unavailable,parent_low_confidence_atomic_unreviewed,parent_low_confidence_atomic_unreviewed,parent_low_confidence_atomic_unreviewed,source_unavailable,source_unavailable,parent_low_confidence_atomic_unreviewed,parent_low_confidence_atomic_unreviewed,source_unavailable,source_unavailable,parent_low_confidence_atomic_unreviewed,not_covered_by_target_inventory,parent_low_confidence_atomic_unreviewed,not_covered_by_current_audit,not_covered_by_current_audit,not_covered_by_current_audit,not_covered_by_current_audit,parent_low_confidence_atomic_unreviewed,parent_low_confidence_atomic_unreviewed,parent_low_confidence_atomic_unreviewed,parent_low_confidence_atomic_unreviewed,parent_low_confidence_atomic_unreviewed,multiple_target_review_states,multiple_target_review_states,untyped_object_requires_key_level_review,parent_low_confidence_atomic_unreviewed,parent_low_confidence_atomic_unreviewed,parent_low_confidence_atomic_unreviewed,parent_low_confidence_atomic_unreviewed,parent_low_confidence_atomic_unreviewed,source_unavailable,source_unavailable,parent_low_confidence_atomic_unreviewed,parent_low_confidence_atomic_unreviewed,parent_low_confidence_atomic_unreviewed,not_covered_by_current_audit,untyped_object_requires_key_level_review,untyped_object_requires_key_level_review
doi:10.3390/bs14040306,Mindfulness Affects the Boundaries of Bodily Self-Representation: The Effect of Focused-Attention Meditation in Fading the Boundary of Peripersonal Space.,2024,10.3390/bs14040306,supported_incomplete,1,doi:10.3390/bs14040306,not_covered_by_target_inventory,not_covered_by_target_inventory,not_covered_by_target_inventory,not_covered_by_target_inventory,untyped_object_requires_key_level_review,parent_reported_atomic_unreviewed,parent_reported_atomic_unreviewed,parent_reported_atomic_unreviewed,not_covered_by_target_inventory,not_covered_by_target_inventory,parent_reported_atomic_unreviewed,parent_reported_atomic_unreviewed,untyped_object_requires_key_level_review,not_covered_by_target_inventory,not_covered_by_target_inventory,parent_reported_atomic_unreviewed,untyped_object_requires_key_level_review,parent_reported_atomic_unreviewed,not_covered_by_target_inventory,parent_reported_atomic_unreviewed,parent_reported_atomic_unreviewed,parent_reported_atomic_unreviewed,parent_reported_atomic_unreviewed,not_covered_by_target_inventory,not_covered_by_target_inventory,not_covered_by_target_inventory,not_covered_by_target_inventory,not_covered_by_target_inventory,parent_reported_atomic_unreviewed,untyped_object_requires_key_level_review,not_covered_by_target_inventory,not_covered_by_target_inventory,parent_reported_atomic_unreviewed,not_covered_by_target_inventory,parent_reported_atomic_unreviewed,parent_reported_atomic_unreviewed,parent_reported_atomic_unreviewed,parent_reported_atomic_unreviewed,not_covered_by_target_inventory,not_covered_by_target_inventory,not_covered_by_target_inventory,not_covered_by_target_inventory,not_covered_by_target_inventory,parent_reported_atomic_unreviewed,untyped_object_requires_key_level_review,not_covered_by_target_inventory,not_covered_by_target_inventory,parent_reported_atomic_unreviewed,parent_reported_atomic_unreviewed,parent_reported_atomic_unreviewed,parent_reported_atomic_unreviewed,parent_reported_atomic_unreviewed,parent_reported_atomic_unreviewed,parent_reported_atomic_unreviewed,parent_reported_atomic_unreviewed,parent_reported_atomic_unreviewed,parent_reported_atomic_unreviewed,parent_reported_atomic_unreviewed,parent_derived_atomic_unreviewed,parent_reported_atomic_unreviewed,parent_reported_atomic_unreviewed,parent_reported_atomic_unreviewed,parent_reported_atomic_unreviewed,parent_reported_atomic_unreviewed,parent_reported_atomic_unreviewed,parent_reported_atomic_unreviewed,parent_reported_atomic_unreviewed,parent_reported_atomic_unreviewed,parent_reported_atomic_unreviewed,parent_reported_atomic_unreviewed,parent_reported_atomic_unreviewed,not_covered_by_target_inventory,parent_reported_atomic_unreviewed,parent_reported_atomic_unreviewed,parent_reported_atomic_unreviewed,parent_reported_atomic_unreviewed,parent_reported_atomic_unreviewed,parent_reported_atomic_unreviewed,parent_reported_atomic_unreviewed,parent_reported_atomic_unreviewed,parent_reported_atomic_unreviewed,parent_derived_atomic_unreviewed,parent_derived_atomic_unreviewed,parent_derived_atomic_unreviewed,parent_derived_atomic_unreviewed,parent_reported_atomic_unreviewed,parent_derived_atomic_unreviewed,parent_derived_atomic_unreviewed,not_covered_by_target_inventory,parent_reported_atomic_unreviewed,not_covered_by_current_audit,not_covered_by_current_audit,not_covered_by_current_audit,not_covered_by_current_audit,parent_reported_atomic_unreviewed,parent_reported_atomic_unreviewed,parent_reported_atomic_unreviewed,parent_reported_atomic_unreviewed,parent_reported_atomic_unreviewed,parent_reported_atomic_unreviewed,parent_reported_atomic_unreviewed,untyped_object_requires_key_level_review,parent_reported_atomic_unreviewed,parent_reported_atomic_unreviewed,parent_reported_atomic_unreviewed,parent_reported_atomic_unreviewed,parent_reported_atomic_unreviewed,parent_reported_atomic_unreviewed,parent_reported_atomic_unreviewed,parent_reported_atomic_unreviewed,parent_reported_atomic_unreviewed,parent_reported_atomic_unreviewed,not_covered_by_current_audit,untyped_object_requires_key_level_review,untyped_object_requires_key_level_review
doi:10.3390/s25196072,Using Android Smartphones to Collect Precise Measures of Reaction Times to Multisensory Stimuli.,2025,10.3390/s25196072,runnable,1,doi:10.3390/s25196072,not_covered_by_target_inventory,not_covered_by_target_inventory,not_covered_by_target_inventory,not_covered_by_target_inventory,untyped_object_requires_key_level_review,source_unavailable,source_unavailable,source_unavailable,not_covered_by_target_inventory,not_covered_by_target_inventory,source_unavailable,source_unavailable,untyped_object_requires_key_level_review,not_covered_by_target_inventory,not_covered_by_target_inventory,source_unavailable,untyped_object_requires_key_level_review,source_unavailable,not_covered_by_target_inventory,source_unavailable,source_unavailable,source_unavailable,source_unavailable,not_covered_by_target_inventory,not_covered_by_target_inventory,not_covered_by_target_inventory,not_covered_by_target_inventory,not_covered_by_target_inventory,source_unavailable,untyped_object_requires_key_level_review,not_covered_by_target_inventory,not_covered_by_target_inventory,source_unavailable,not_covered_by_target_inventory,source_unavailable,source_unavailable,source_unavailable,source_unavailable,not_covered_by_target_inventory,not_covered_by_target_inventory,not_covered_by_target_inventory,not_covered_by_target_inventory,not_covered_by_target_inventory,source_unavailable,untyped_object_requires_key_level_review,not_covered_by_target_inventory,not_covered_by_target_inventory,source_unavailable,source_unavailable,source_unavailable,source_unavailable,source_unavailable,source_unavailable,source_unavailable,source_unavailable,source_unavailable,source_unavailable,source_unavailable,source_unavailable,source_unavailable,source_unavailable,source_unavailable,source_unavailable,source_unavailable,source_unavailable,source_unavailable,source_unavailable,source_unavailable,source_unavailable,source_unavailable,source_unavailable,not_covered_by_target_inventory,source_unavailable,source_unavailable,source_unavailable,source_unavailable,source_unavailable,source_unavailable,source_unavailable,source_unavailable,source_unavailable,source_unavailable,source_unavailable,source_unavailable,source_unavailable,source_unavailable,source_unavailable,source_unavailable,not_covered_by_target_inventory,source_unavailable,not_covered_by_current_audit,not_covered_by_current_audit,not_covered_by_current_audit,not_covered_by_current_audit,source_unavailable,source_unavailable,source_unavailable,source_unavailable,source_unavailable,source_unavailable,source_unavailable,untyped_object_requires_key_level_review,source_unavailable,source_unavailable,source_unavailable,source_unavailable,source_unavailable,source_unavailable,source_unavailable,source_unavailable,source_unavailable,source_unavailable,not_covered_by_current_audit,untyped_object_requires_key_level_review,untyped_object_requires_key_level_review
doi:10.3758/app.72.4.885,Crossmodal interaction between the mental number line and peripersonal haptic space representation in sighted and blind individuals.,2010,10.3758/app.72.4.885,not_assessed,1,doi:10.3758/app.72.4.885,not_covered_by_target_inventory,not_covered_by_target_inventory,not_covered_by_target_inventory,not_covered_by_target_inventory,untyped_object_requires_key_level_review,not_assessed,not_assessed,not_assessed,not_covered_by_target_inventory,not_covered_by_target_inventory,not_assessed,not_assessed,untyped_object_requires_key_level_review,not_covered_by_target_inventory,not_covered_by_target_inventory,not_assessed,untyped_object_requires_key_level_review,not_assessed,not_covered_by_target_inventory,not_assessed,not_assessed,not_assessed,not_assessed,not_covered_by_target_inventory,not_covered_by_target_inventory,not_covered_by_target_inventory,not_covered_by_target_inventory,not_covered_by_target_inventory,not_assessed,untyped_object_requires_key_level_review,not_covered_by_target_inventory,not_covered_by_target_inventory,not_assessed,not_covered_by_target_inventory,not_assessed,not_assessed,not_assessed,not_assessed,not_covered_by_target_inventory,not_covered_by_target_inventory,not_covered_by_target_inventory,not_covered_by_target_inventory,not_covered_by_target_inventory,not_assessed,untyped_object_requires_key_level_review,not_covered_by_target_inventory,not_covered_by_target_inventory,not_assessed,not_assessed,not_assessed,not_assessed,not_assessed,not_assessed,not_assessed,not_assessed,not_assessed,not_assessed,not_assessed,not_assessed,not_assessed,not_assessed,not_assessed,not_assessed,not_assessed,not_assessed,not_assessed,not_assessed,not_assessed,not_assessed,not_assessed,not_assessed,not_covered_by_target_inventory,not_assessed,not_assessed,not_assessed,not_assessed,not_assessed,not_assessed,not_assessed,not_assessed,not_assessed,not_assessed,not_assessed,not_assessed,not_assessed,not_assessed,not_assessed,not_assessed,not_covered_by_target_inventory,not_assessed,not_covered_by_current_audit,not_covered_by_current_audit,not_covered_by_current_audit,not_covered_by_current_audit,not_assessed,not_assessed,not_assessed,not_assessed,not_assessed,not_assessed,not_assessed,untyped_object_requires_key_level_review,not_assessed,not_assessed,not_assessed,not_assessed,not_assessed,not_assessed,not_assessed,not_assessed,not_assessed,not_assessed,not_covered_by_current_audit,untyped_object_requires_key_level_review,untyped_object_requires_key_level_review
doi:10.53829/ntr201911fa4,Creating a Walking Sensation for the Seated--A Sensation of Pseudo-walking Expands Peripersonal Space,2019,10.53829/ntr201911fa4,not_assessed,1,doi:10.53829/ntr201911fa4,not_covered_by_target_inventory,not_covered_by_target_inventory,not_covered_by_target_inventory,not_covered_by_target_inventory,untyped_object_requires_key_level_review,not_assessed,not_assessed,not_assessed,not_covered_by_target_inventory,not_covered_by_target_inventory,not_assessed,not_assessed,untyped_object_requires_key_level_review,not_covered_by_target_inventory,not_covered_by_target_inventory,not_assessed,untyped_object_requires_key_level_review,not_assessed,not_covered_by_target_inventory,not_assessed,not_assessed,not_assessed,not_assessed,not_covered_by_target_inventory,not_covered_by_target_inventory,not_covered_by_target_inventory,not_covered_by_target_inventory,not_covered_by_target_inventory,not_assessed,untyped_object_requires_key_level_review,not_covered_by_target_inventory,not_covered_by_target_inventory,not_assessed,not_covered_by_target_inventory,not_assessed,not_assessed,not_assessed,not_assessed,not_covered_by_target_inventory,not_covered_by_target_inventory,not_covered_by_target_inventory,not_covered_by_target_inventory,not_covered_by_target_inventory,not_assessed,untyped_object_requires_key_level_review,not_covered_by_target_inventory,not_covered_by_target_inventory,not_assessed,not_assessed,not_assessed,not_assessed,not_assessed,not_assessed,not_assessed,not_assessed,not_assessed,not_assessed,not_assessed,not_assessed,not_assessed,not_assessed,not_assessed,not_assessed,not_assessed,not_assessed,not_assessed,not_assessed,not_assessed,not_assessed,not_assessed,not_assessed,not_covered_by_target_inventory,not_assessed,not_assessed,not_assessed,not_assessed,not_assessed,not_assessed,not_assessed,not_assessed,not_assessed,not_assessed,not_assessed,not_assessed,not_assessed,not_assessed,not_assessed,not_assessed,not_covered_by_target_inventory,not_assessed,not_covered_by_current_audit,not_covered_by_current_audit,not_covered_by_current_audit,not_covered_by_current_audit,not_assessed,not_assessed,not_assessed,not_assessed,not_assessed,not_assessed,not_assessed,untyped_object_requires_key_level_review,not_assessed,not_assessed,not_assessed,not_assessed,not_assessed,not_assessed,not_assessed,not_assessed,not_assessed,not_assessed,not_covered_by_current_audit,untyped_object_requires_key_level_review,untyped_object_requires_key_level_review
doi:10.61782/fa.2025.0866,The Impact of Looming Sound Duration on Peripersonal Space Measurement,2025,10.61782/fa.2025.0866,supported_incomplete,1,doi:10.61782/fa.2025.0866,not_covered_by_target_inventory,not_covered_by_target_inventory,not_covered_by_target_inventory,not_covered_by_target_inventory,untyped_object_requires_key_level_review,parent_low_confidence_atomic_unreviewed,parent_low_confidence_atomic_unreviewed,parent_low_confidence_atomic_unreviewed,not_covered_by_target_inventory,not_covered_by_target_inventory,parent_low_confidence_atomic_unreviewed,parent_low_confidence_atomic_unreviewed,untyped_object_requires_key_level_review,not_covered_by_target_inventory,not_covered_by_target_inventory,parent_low_confidence_atomic_unreviewed,untyped_object_requires_key_level_review,parent_low_confidence_atomic_unreviewed,not_covered_by_target_inventory,parent_low_confidence_atomic_unreviewed,parent_low_confidence_atomic_unreviewed,parent_low_confidence_atomic_unreviewed,parent_low_confidence_atomic_unreviewed,not_covered_by_target_inventory,not_covered_by_target_inventory,not_covered_by_target_inventory,not_covered_by_target_inventory,not_covered_by_target_inventory,parent_low_confidence_atomic_unreviewed,untyped_object_requires_key_level_review,not_covered_by_target_inventory,not_covered_by_target_inventory,parent_low_confidence_atomic_unreviewed,not_covered_by_target_inventory,parent_low_confidence_atomic_unreviewed,parent_low_confidence_atomic_unreviewed,parent_low_confidence_atomic_unreviewed,parent_low_confidence_atomic_unreviewed,not_covered_by_target_inventory,not_covered_by_target_inventory,not_covered_by_target_inventory,not_covered_by_target_inventory,not_covered_by_target_inventory,parent_low_confidence_atomic_unreviewed,untyped_object_requires_key_level_review,not_covered_by_target_inventory,not_covered_by_target_inventory,parent_low_confidence_atomic_unreviewed,parent_low_confidence_atomic_unreviewed,parent_low_confidence_atomic_unreviewed,parent_low_confidence_atomic_unreviewed,parent_low_confidence_atomic_unreviewed,parent_low_confidence_atomic_unreviewed,parent_low_confidence_atomic_unreviewed,parent_low_confidence_atomic_unreviewed,parent_low_confidence_atomic_unreviewed,parent_low_confidence_atomic_unreviewed,parent_low_confidence_atomic_unreviewed,parent_low_confidence_atomic_unreviewed,parent_low_confidence_atomic_unreviewed,parent_low_confidence_atomic_unreviewed,parent_low_confidence_atomic_unreviewed,parent_low_confidence_atomic_unreviewed,parent_low_confidence_atomic_unreviewed,parent_low_confidence_atomic_unreviewed,parent_low_confidence_atomic_unreviewed,parent_low_confidence_atomic_unreviewed,parent_low_confidence_atomic_unreviewed,parent_low_confidence_atomic_unreviewed,parent_low_confidence_atomic_unreviewed,parent_low_confidence_atomic_unreviewed,not_covered_by_target_inventory,parent_low_confidence_atomic_unreviewed,parent_low_confidence_atomic_unreviewed,parent_low_confidence_atomic_unreviewed,parent_low_confidence_atomic_unreviewed,parent_low_confidence_atomic_unreviewed,parent_low_confidence_atomic_unreviewed,parent_low_confidence_atomic_unreviewed,parent_low_confidence_atomic_unreviewed,parent_low_confidence_atomic_unreviewed,source_unavailable,source_unavailable,parent_low_confidence_atomic_unreviewed,parent_low_confidence_atomic_unreviewed,parent_low_confidence_atomic_unreviewed,source_unavailable,parent_low_confidence_atomic_unreviewed,not_covered_by_target_inventory,source_unavailable,not_covered_by_current_audit,not_covered_by_current_audit,not_covered_by_current_audit,not_covered_by_current_audit,parent_low_confidence_atomic_unreviewed,parent_low_confidence_atomic_unreviewed,parent_low_confidence_atomic_unreviewed,parent_low_confidence_atomic_unreviewed,parent_low_confidence_atomic_unreviewed,parent_low_confidence_atomic_unreviewed,parent_low_confidence_atomic_unreviewed,untyped_object_requires_key_level_review,parent_low_confidence_atomic_unreviewed,parent_low_confidence_atomic_unreviewed,parent_low_confidence_atomic_unreviewed,parent_low_confidence_atomic_unreviewed,parent_low_confidence_atomic_unreviewed,parent_low_confidence_atomic_unreviewed,parent_low_confidence_atomic_unreviewed,source_unavailable,source_unavailable,source_unavailable,not_covered_by_current_audit,untyped_object_requires_key_level_review,untyped_object_requires_key_level_review
