study_row_id,network_node_id,record_id,study_label,experiment_letter,structure_review_status,source_type,review_date,source_file,page_or_section,evidence_note,derivation_note,sample_and_assignment_status,sample_and_assignment_summary,population_summary,inclusion_criteria,exclusion_criteria,planned_sample_n,analyzed_sample_n,cohort_or_arm_count,per_arm_sample_json,assignment_summary,assignment_or_order_methods,design_topology_status,design_topology_summary,pps_occasion_schedule_status,pps_occasion_schedule_summary,factor_scope_map_status,factor_scope_map_summary,protocol_binding_status,protocol_binding_summary,order_assignment_spacing_status,order_assignment_spacing_summary,intervention_schedule_status,intervention_schedule_summary,design_family,assignment_scope,pps_occurrence_pattern,compiled_factor_count,compiled_factor_level_count,compiled_event_count,compiled_pps_measurement_event_count,compiled_distinct_visit_id_count,compiled_distinct_session_id_count,compiled_distinct_pps_occurrence_id_count,normalized_structure_json,component_status_json,component_value_json,current_toolkit_support,current_toolkit_paths,future_toolkit_paths,legacy_untyped_metadata_paths,compiler_derived_outputs
doi:10.1162/089892902320474481::a,doi:10.1162/089892902320474481,farne_ladavas_2002_auditory_pps_humans,Auditory peripersonal space in humans. (a),a,partial,manual_publication_review,2026-08-12,For-AI/audiotactile-paper-metadata-audit/manual_reviews/farne_ladavas_2002_auditory_pps_humans.json,"PDF pp.11-12, Experiment 1",,,not_assessed,,,,,,,,{},,fixed_order | crossover_random_order,reported,Within-participant blocked auditory PPS protocol completed twice in separate sessions.,reported,"Nine condition blocks per protocol; the full protocol is repeated in a second separate session, yielding 18 blocks.",reported,Auditory spatial/sound-type condition is between blocks; the complete protocol repetition is between sessions.,reported,"Both sessions use the same nine-block Experiment 1 protocol, including its tactile-only baseline condition.",partial,Block order is randomized across sessions and subjects and within-block rows use the same pseudorandom order; session spacing is not reported.,not_applicable,No intervention or training phase is reported.,repeated_measure,within_participant,condition_specific_pps_sessions,2,4,2,2,0,2,0,"{""assignment_scope"":""within_participant"",""design_family"":""repeated_measure"",""pps_occurrence_pattern"":""condition_specific_pps_sessions""}","{""design_topology"":""reported"",""factor_scope_map"":""reported"",""intervention_schedule"":""not_applicable"",""order_assignment_spacing"":""partial"",""pps_occasion_schedule"":""reported"",""protocol_binding"":""reported"",""sample_and_assignment"":""not_assessed""}","{""design_topology"":""Within-participant blocked auditory PPS protocol completed twice in separate sessions."",""factor_scope_map"":""Auditory spatial/sound-type condition is between blocks; the complete protocol repetition is between sessions."",""intervention_schedule"":""No intervention or training phase is reported."",""order_assignment_spacing"":""Block order is randomized across sessions and subjects and within-block rows use the same pseudorandom order; session spacing is not reported."",""pps_occasion_schedule"":""Nine condition blocks per protocol; the full protocol is repeated in a second separate session, yielding 18 blocks."",""protocol_binding"":""Both sessions use the same nine-block Experiment 1 protocol, including its tactile-only baseline condition."",""sample_and_assignment"":""""}",unsupported_no_typed_study_plan,,pps-study-plan.v1::sample_and_assignment | pps-study-plan.v1::factors[] | pps-study-plan.v1::schedule.events[] | pps-study-plan.v1::schedule.events[].protocol_binding | pps-study-plan.v1::assignment_and_order_policy,design.study_profile_reference_parameters.dashboard_run_setup | design.protocol.participant_order_policy.part_membership,participant-to-arm allocation | participant visit/session/measurement schedule | session-group/part identifiers | event-specific profile plus parameter overrides
doi:10.1162/089892902320474481::b,doi:10.1162/089892902320474481,farne_ladavas_2002_auditory_pps_humans,Auditory peripersonal space in humans. (b),b,partial,manual_publication_review,2026-08-12,For-AI/audiotactile-paper-metadata-audit/manual_reviews/farne_ladavas_2002_auditory_pps_humans.json,PDF Experiment 2; manual review Segments 2 and 4,,,not_assessed,,,,,,,,{},,unclear,reported,Within-participant near-versus-far cross-modal condition comparison in a patient subgroup.,reported,Two cross-modal condition blocks are administered to the Experiment 2 subgroup.,reported,Auditory distance is manipulated between the two condition blocks.,reported,Both distance blocks bind to the Experiment 2 auditory PPS protocol.,not_reported,,not_applicable,No intervention or training phase is reported.,crossover,within_participant,within_session_block_conditions,1,2,1,1,0,0,0,"{""assignment_scope"":""within_participant"",""design_family"":""crossover"",""pps_occurrence_pattern"":""within_session_block_conditions""}","{""design_topology"":""reported"",""factor_scope_map"":""reported"",""intervention_schedule"":""not_applicable"",""order_assignment_spacing"":""not_reported"",""pps_occasion_schedule"":""reported"",""protocol_binding"":""reported"",""sample_and_assignment"":""not_assessed""}","{""design_topology"":""Within-participant near-versus-far cross-modal condition comparison in a patient subgroup."",""factor_scope_map"":""Auditory distance is manipulated between the two condition blocks."",""intervention_schedule"":""No intervention or training phase is reported."",""order_assignment_spacing"":"""",""pps_occasion_schedule"":""Two cross-modal condition blocks are administered to the Experiment 2 subgroup."",""protocol_binding"":""Both distance blocks bind to the Experiment 2 auditory PPS protocol."",""sample_and_assignment"":""""}",unsupported_no_typed_study_plan,,pps-study-plan.v1::sample_and_assignment | pps-study-plan.v1::factors[] | pps-study-plan.v1::schedule.events[] | pps-study-plan.v1::schedule.events[].protocol_binding | pps-study-plan.v1::assignment_and_order_policy,design.study_profile_reference_parameters.dashboard_run_setup | design.protocol.participant_order_policy.part_membership,participant-to-arm allocation | participant visit/session/measurement schedule | session-group/part identifiers | event-specific profile plus parameter overrides
doi:10.1371/journal.pone.0044306::a,doi:10.1371/journal.pone.0044306,canzoneri_2012_dynamic_sounds,Dynamic sounds capture the boundaries of peripersonal space representation in humans. (a),a,reported_complete,publication_pdf,2026-08-12,artifacts/paper_metadata_audit/publication_pdfs/doi_10.1371_journal.pone.0044306__48110f1e7943.pdf,"PDF pp.2-3, main PPS experiment",,,reported,Seventeen healthy participants completed the within-participant dynamic PPS task.,Healthy adults,,,,17,1,{},All completed same task.,,reported,"Single-cohort, single PPS measurement with IN/OUT sound direction and delay varied within trials over two blocks.",reported,One PPS occasion divided into two equal blocks.,reported,"Direction, tactile delay, and trial family vary within block; no intervention or between-session factor.",reported,Both blocks bind to the same dynamic IN/OUT PPS protocol.,reported,Random trial order; two sequential blocks of about 8 min; break duration not reported.,not_applicable,No intervention.,single_measurement,single_cohort,single_pps,0,0,1,1,0,0,0,"{""assignment_scope"":""single_cohort"",""design_family"":""single_measurement"",""pps_occurrence_pattern"":""single_pps"",""sample_and_assignment"":{""analyzed_n"":17,""assignment_summary"":""All completed same task."",""cohort_or_arm_count"":1,""population_summary"":""Healthy adults""}}","{""design_topology"":""reported"",""factor_scope_map"":""reported"",""intervention_schedule"":""not_applicable"",""order_assignment_spacing"":""reported"",""pps_occasion_schedule"":""reported"",""protocol_binding"":""reported"",""sample_and_assignment"":""reported""}","{""design_topology"":""Single-cohort, single PPS measurement with IN/OUT sound direction and delay varied within trials over two blocks."",""factor_scope_map"":""Direction, tactile delay, and trial family vary within block; no intervention or between-session factor."",""intervention_schedule"":""No intervention."",""order_assignment_spacing"":""Random trial order; two sequential blocks of about 8 min; break duration not reported."",""pps_occasion_schedule"":""One PPS occasion divided into two equal blocks."",""protocol_binding"":""Both blocks bind to the same dynamic IN/OUT PPS protocol."",""sample_and_assignment"":""Seventeen healthy participants completed the within-participant dynamic PPS task.""}",unsupported_no_typed_study_plan,,pps-study-plan.v1::sample_and_assignment | pps-study-plan.v1::factors[] | pps-study-plan.v1::schedule.events[] | pps-study-plan.v1::schedule.events[].protocol_binding | pps-study-plan.v1::assignment_and_order_policy,design.study_profile_reference_parameters.dashboard_run_setup | design.protocol.participant_order_policy.part_membership,participant-to-arm allocation | participant visit/session/measurement schedule | session-group/part identifiers | event-specific profile plus parameter overrides
doi:10.1371/journal.pone.0044306::b,doi:10.1371/journal.pone.0044306,,Dynamic sounds capture the boundaries of peripersonal space representation in humans. (b),b,reported_complete,publication_pdf,2026-08-12,artifacts/paper_metadata_audit/publication_pdfs/doi_10.1371_journal.pone.0044306__48110f1e7943.pdf,"PDF p.3 and Fig. 1B, sound-localization experiment",,,reported,Seven naive participants were recruited separately for sound-localization validation.,Naive healthy adults,,,,7,1,{},All completed localization validation.,all_participants,reported,Single-cohort 80-trial within-participant sound-direction by marker-time validation.,reported,One localization-validation measurement; it is not a tactile-RT PPS occasion.,reported,IN/OUT direction and T1-T5 marker time vary within trial.,reported,Binds to the publication's localization-validation protocol sharing the main experiment's sound renderer.,reported,Eighty trials randomized; block spacing not reported.,not_applicable,No intervention.,single_measurement,single_cohort,custom,1,2,1,0,0,0,0,"{""assignment_scope"":""single_cohort"",""design_family"":""single_measurement"",""pps_occurrence_pattern"":""custom"",""sample_and_assignment"":{""analyzed_n"":7,""assignment_summary"":""All completed localization validation."",""cohort_or_arm_count"":1,""population_summary"":""Naive healthy adults""}}","{""design_topology"":""reported"",""factor_scope_map"":""reported"",""intervention_schedule"":""not_applicable"",""order_assignment_spacing"":""reported"",""pps_occasion_schedule"":""reported"",""protocol_binding"":""reported"",""sample_and_assignment"":""reported""}","{""design_topology"":""Single-cohort 80-trial within-participant sound-direction by marker-time validation."",""factor_scope_map"":""IN/OUT direction and T1-T5 marker time vary within trial."",""intervention_schedule"":""No intervention."",""order_assignment_spacing"":""Eighty trials randomized; block spacing not reported."",""pps_occasion_schedule"":""One localization-validation measurement; it is not a tactile-RT PPS occasion."",""protocol_binding"":""Binds to the publication's localization-validation protocol sharing the main experiment's sound renderer."",""sample_and_assignment"":""Seven naive participants were recruited separately for sound-localization validation.""}",unsupported_no_typed_study_plan,,pps-study-plan.v1::sample_and_assignment | pps-study-plan.v1::factors[] | pps-study-plan.v1::schedule.events[] | pps-study-plan.v1::schedule.events[].protocol_binding | pps-study-plan.v1::assignment_and_order_policy,design.study_profile_reference_parameters.dashboard_run_setup | design.protocol.participant_order_policy.part_membership,participant-to-arm allocation | participant visit/session/measurement schedule | session-group/part identifiers | event-specific profile plus parameter overrides
doi:10.1111/j.1467-9280.2007.01952.x,doi:10.1111/j.1467-9280.2007.01952.x,serino_2007_blind_cane_users,Extended multisensory space in blind cane users.,,reported_complete,publication_pdf,2026-08-12,artifacts/paper_metadata_audit/publication_pdfs/doi_10.1111_j.1467-9280.2007.01952.x__b2722bf710ee.pdf,"PDF pp.2-4, Subjects and Procedure",,,reported,Twenty-four participants: eight experienced blind cane users and 16 age-matched sighted participants; cohort was observed rather than randomized.,Experienced blind cane users and age-matched sighted adults,,,,24,2,{},Observed vision/cane-experience cohorts; within-cohort repeated measurements.,observed_cohort | counterbalanced_sequence | fixed_order,reported,Mixed cohort/repeated-measure design: blind participants completed cane and handle tests; sighted participants completed initial cane/handle tests and additional cane tests immediately and one day after training.,reported,Blind cohort: two counterbalanced PPS conditions. Sighted cohort: initial cane/handle PPS plus post-training cane PPS immediately and one day later.,reported,Cohort is between participant; held object and sighted timepoint are between measurement; sound position/tactile role vary within each measurement.,reported,"Every PPS occasion repeats the same 150-trial static near/far audio-tactile protocol, with held-object/timepoint metadata.",reported,Initial cane/handle order counterbalanced; sighted training then immediate test then approximately one-day follow-up.,reported,Sighted participants received 10 min of blindfolded cane object-finding before immediate and one-day follow-up cane measurements; blind participants received no training.,mixed_factorial,observational_cohorts,multi_scope,3,7,4,3,0,0,0,"{""assignment_scope"":""observational_cohorts"",""design_family"":""mixed_factorial"",""pps_occurrence_pattern"":""multi_scope"",""sample_and_assignment"":{""analyzed_n"":24,""assignment_summary"":""Observed vision/cane-experience cohorts; within-cohort repeated measurements."",""cohort_or_arm_count"":2,""population_summary"":""Experienced blind cane users and age-matched sighted adults""}}","{""design_topology"":""reported"",""factor_scope_map"":""reported"",""intervention_schedule"":""reported"",""order_assignment_spacing"":""reported"",""pps_occasion_schedule"":""reported"",""protocol_binding"":""reported"",""sample_and_assignment"":""reported""}","{""design_topology"":""Mixed cohort/repeated-measure design: blind participants completed cane and handle tests; sighted participants completed initial cane/handle tests and additional cane tests immediately and one day after training."",""factor_scope_map"":""Cohort is between participant; held object and sighted timepoint are between measurement; sound position/tactile role vary within each measurement."",""intervention_schedule"":""Sighted participants received 10 min of blindfolded cane object-finding before immediate and one-day follow-up cane measurements; blind participants received no training."",""order_assignment_spacing"":""Initial cane/handle order counterbalanced; sighted training then immediate test then approximately one-day follow-up."",""pps_occasion_schedule"":""Blind cohort: two counterbalanced PPS conditions. Sighted cohort: initial cane/handle PPS plus post-training cane PPS immediately and one day later."",""protocol_binding"":""Every PPS occasion repeats the same 150-trial static near/far audio-tactile protocol, with held-object/timepoint metadata."",""sample_and_assignment"":""Twenty-four participants: eight experienced blind cane users and 16 age-matched sighted participants; cohort was observed rather than randomized.""}",unsupported_no_typed_study_plan,,pps-study-plan.v1::sample_and_assignment | pps-study-plan.v1::factors[] | pps-study-plan.v1::schedule.events[] | pps-study-plan.v1::schedule.events[].protocol_binding | pps-study-plan.v1::assignment_and_order_policy,design.study_profile_reference_parameters.dashboard_run_setup | design.protocol.participant_order_policy.part_membership,participant-to-arm allocation | participant visit/session/measurement schedule | session-group/part identifiers | event-specific profile plus parameter overrides
doi:10.1016/j.cub.2013.01.043::a,doi:10.1016/j.cub.2013.01.043,teneggi_2013_social_face,Social modulation of peripersonal space boundaries. (a),a,partial,publication_pdf,2026-08-12,artifacts/paper_metadata_audit/publication_pdfs/doi_10.1016_j.cub.2013.01.043__105d921e527a.pdf,"PDF pp.1,5, Experiment 1 and Design/Procedure",,,reported,Eighteen participants completed both within-participant social-presence conditions.,,,,,18,1,{},All participants completed Other and Mannequin conditions in counterbalanced order.,counterbalanced_sequence,reported,Within-participant Other-person versus Mannequin PPS condition design.,reported,One PPS measurement under each facing condition.,reported,Facing condition varies between PPS measurements; auditory direction and distance vary within measurement.,reported,The same Experiment 1 PPS protocol is used in both facing conditions.,partial,Facing-condition order was counterbalanced; exact block/trial allocation and spacing require the supplement.,not_applicable,"Social presence is a concurrent measurement context, not a pre/post intervention.",crossover,within_participant,condition_specific_pps_sessions,1,2,1,1,0,0,0,"{""assignment_scope"":""within_participant"",""design_family"":""crossover"",""pps_occurrence_pattern"":""condition_specific_pps_sessions"",""sample_and_assignment"":{""analyzed_n"":18,""assignment_summary"":""All participants completed Other and Mannequin conditions in counterbalanced order."",""cohort_or_arm_count"":1}}","{""design_topology"":""reported"",""factor_scope_map"":""reported"",""intervention_schedule"":""not_applicable"",""order_assignment_spacing"":""partial"",""pps_occasion_schedule"":""reported"",""protocol_binding"":""reported"",""sample_and_assignment"":""reported""}","{""design_topology"":""Within-participant Other-person versus Mannequin PPS condition design."",""factor_scope_map"":""Facing condition varies between PPS measurements; auditory direction and distance vary within measurement."",""intervention_schedule"":""Social presence is a concurrent measurement context, not a pre/post intervention."",""order_assignment_spacing"":""Facing-condition order was counterbalanced; exact block/trial allocation and spacing require the supplement."",""pps_occasion_schedule"":""One PPS measurement under each facing condition."",""protocol_binding"":""The same Experiment 1 PPS protocol is used in both facing conditions."",""sample_and_assignment"":""Eighteen participants completed both within-participant social-presence conditions.""}",unsupported_no_typed_study_plan,,pps-study-plan.v1::sample_and_assignment | pps-study-plan.v1::factors[] | pps-study-plan.v1::schedule.events[] | pps-study-plan.v1::schedule.events[].protocol_binding | pps-study-plan.v1::assignment_and_order_policy,design.study_profile_reference_parameters.dashboard_run_setup | design.protocol.participant_order_policy.part_membership,participant-to-arm allocation | participant visit/session/measurement schedule | session-group/part identifiers | event-specific profile plus parameter overrides
doi:10.1016/j.cub.2013.01.043::b,doi:10.1016/j.cub.2013.01.043,teneggi_2013_social_face,Social modulation of peripersonal space boundaries. (b),b,partial,publication_pdf,2026-08-12,artifacts/paper_metadata_audit/publication_pdfs/doi_10.1016_j.cub.2013.01.043__105d921e527a.pdf,"PDF pp.2-5, Experiment 2 and Design/Procedure",,,reported,"Thirty-two participants were randomly assigned, half to Cooperative and half to Noncooperative confederate interaction.",,,,,32,2,{},Participants were randomly assigned equally to Cooperative and Noncooperative arms; PPS repeated pre/post.,random_parallel | fixed_order,reported,Mixed randomized between-participant interaction arm by within-participant pre/post PPS design.,reported,PPS measurement before and after a one-shot economic game.,reported,Interaction condition is between participants; session is within participant between PPS measurements.,reported,The same Experiment 2 PPS protocol is used before and after the game.,partial,Pre-game then game then post-game order is fixed; exact block allocation/spacing requires the supplement.,reported,One Cooperative or Noncooperative confederate game occurs between PPS assessments.,mixed_factorial,mixed_between_within,repeated_pre_post,2,4,3,2,0,0,0,"{""assignment_scope"":""mixed_between_within"",""design_family"":""mixed_factorial"",""pps_occurrence_pattern"":""repeated_pre_post"",""sample_and_assignment"":{""analyzed_n"":32,""assignment_summary"":""Participants were randomly assigned equally to Cooperative and Noncooperative arms; PPS repeated pre/post."",""cohort_or_arm_count"":2}}","{""design_topology"":""reported"",""factor_scope_map"":""reported"",""intervention_schedule"":""reported"",""order_assignment_spacing"":""partial"",""pps_occasion_schedule"":""reported"",""protocol_binding"":""reported"",""sample_and_assignment"":""reported""}","{""design_topology"":""Mixed randomized between-participant interaction arm by within-participant pre/post PPS design."",""factor_scope_map"":""Interaction condition is between participants; session is within participant between PPS measurements."",""intervention_schedule"":""One Cooperative or Noncooperative confederate game occurs between PPS assessments."",""order_assignment_spacing"":""Pre-game then game then post-game order is fixed; exact block allocation/spacing requires the supplement."",""pps_occasion_schedule"":""PPS measurement before and after a one-shot economic game."",""protocol_binding"":""The same Experiment 2 PPS protocol is used before and after the game."",""sample_and_assignment"":""Thirty-two participants were randomly assigned, half to Cooperative and half to Noncooperative confederate interaction.""}",unsupported_no_typed_study_plan,,pps-study-plan.v1::sample_and_assignment | pps-study-plan.v1::factors[] | pps-study-plan.v1::schedule.events[] | pps-study-plan.v1::schedule.events[].protocol_binding | pps-study-plan.v1::assignment_and_order_policy,design.study_profile_reference_parameters.dashboard_run_setup | design.protocol.participant_order_policy.part_membership,participant-to-arm allocation | participant visit/session/measurement schedule | session-group/part identifiers | event-specific profile plus parameter overrides
doi:10.1016/j.cub.2013.01.043::c,doi:10.1016/j.cub.2013.01.043,teneggi_2013_social_face,Social modulation of peripersonal space boundaries. (c),c,partial,publication_pdf,2026-08-12,artifacts/paper_metadata_audit/publication_pdfs/doi_10.1016_j.cub.2013.01.043__105d921e527a.pdf,"PDF pp.4-5, Experiment 3",,,reported,Twenty new participants completed the Cooperative interaction pre/post experiment.,,,,,20,1,{},All participants completed the fixed pre-game/game/post-game sequence.,fixed_order,reported,Single-cohort within-participant pre/post PPS design.,reported,PPS measurement before and after a Cooperative economic game.,reported,Session is within participant between measurements; the interaction is an intervening phase.,reported,The same 4000-ms Experiment 3 PPS protocol is used before and after the game.,partial,Pre-game then game then post-game order is fixed; exact block allocation/spacing requires the supplement.,reported,One Cooperative confederate game occurs between PPS assessments.,repeated_measure,within_participant,repeated_pre_post,1,2,3,2,0,0,0,"{""assignment_scope"":""within_participant"",""design_family"":""repeated_measure"",""pps_occurrence_pattern"":""repeated_pre_post"",""sample_and_assignment"":{""analyzed_n"":20,""assignment_summary"":""All participants completed the fixed pre-game/game/post-game sequence."",""cohort_or_arm_count"":1}}","{""design_topology"":""reported"",""factor_scope_map"":""reported"",""intervention_schedule"":""reported"",""order_assignment_spacing"":""partial"",""pps_occasion_schedule"":""reported"",""protocol_binding"":""reported"",""sample_and_assignment"":""reported""}","{""design_topology"":""Single-cohort within-participant pre/post PPS design."",""factor_scope_map"":""Session is within participant between measurements; the interaction is an intervening phase."",""intervention_schedule"":""One Cooperative confederate game occurs between PPS assessments."",""order_assignment_spacing"":""Pre-game then game then post-game order is fixed; exact block allocation/spacing requires the supplement."",""pps_occasion_schedule"":""PPS measurement before and after a Cooperative economic game."",""protocol_binding"":""The same 4000-ms Experiment 3 PPS protocol is used before and after the game."",""sample_and_assignment"":""Twenty new participants completed the Cooperative interaction pre/post experiment.""}",unsupported_no_typed_study_plan,,pps-study-plan.v1::sample_and_assignment | pps-study-plan.v1::factors[] | pps-study-plan.v1::schedule.events[] | pps-study-plan.v1::schedule.events[].protocol_binding | pps-study-plan.v1::assignment_and_order_policy,design.study_profile_reference_parameters.dashboard_run_setup | design.protocol.participant_order_policy.part_membership,participant-to-arm allocation | participant visit/session/measurement schedule | session-group/part identifiers | event-specific profile plus parameter overrides
doi:10.1038/srep18603::a,doi:10.1038/srep18603,serino_2015_peri_trunk_exp1,Body part-centered and full body-centered peripersonal space representations. (a),a,partial,manual_publication_review,2026-08-12,For-AI/audiotactile-paper-metadata-audit/manual_reviews/serino_2015_peri_trunk_exp1.json,PDF Experiment 1 and Design and Analysis,,,not_assessed,,,,,,,,{},,all_participants,reported,One PPS task in a single experimental cohort; no separate intervention phase is reported.,reported,One integrated trunk-centered PPS measurement with its conditions intermixed within the task.,reported,Auditory motion/distance and tactile trial family vary within the PPS measurement.,reported,The integrated task binds to the Experiment 1 trunk PPS protocol.,partial,"The task formula and intermixing are reported, but a complete trial-order algorithm is not.",not_applicable,No intervention or training phase is reported.,single_measurement,single_cohort,within_session_trial_conditions,2,5,1,1,0,0,0,"{""assignment_scope"":""single_cohort"",""design_family"":""single_measurement"",""pps_occurrence_pattern"":""within_session_trial_conditions""}","{""design_topology"":""reported"",""factor_scope_map"":""reported"",""intervention_schedule"":""not_applicable"",""order_assignment_spacing"":""partial"",""pps_occasion_schedule"":""reported"",""protocol_binding"":""reported"",""sample_and_assignment"":""not_assessed""}","{""design_topology"":""One PPS task in a single experimental cohort; no separate intervention phase is reported."",""factor_scope_map"":""Auditory motion/distance and tactile trial family vary within the PPS measurement."",""intervention_schedule"":""No intervention or training phase is reported."",""order_assignment_spacing"":""The task formula and intermixing are reported, but a complete trial-order algorithm is not."",""pps_occasion_schedule"":""One integrated trunk-centered PPS measurement with its conditions intermixed within the task."",""protocol_binding"":""The integrated task binds to the Experiment 1 trunk PPS protocol."",""sample_and_assignment"":""""}",unsupported_no_typed_study_plan,,pps-study-plan.v1::sample_and_assignment | pps-study-plan.v1::factors[] | pps-study-plan.v1::schedule.events[] | pps-study-plan.v1::schedule.events[].protocol_binding | pps-study-plan.v1::assignment_and_order_policy,design.study_profile_reference_parameters.dashboard_run_setup | design.protocol.participant_order_policy.part_membership,participant-to-arm allocation | participant visit/session/measurement schedule | session-group/part identifiers | event-specific profile plus parameter overrides
doi:10.1038/srep18603::b,doi:10.1038/srep18603,serino_2015_front_back_trunk_exp2,Body part-centered and full body-centered peripersonal space representations. (b),b,partial,manual_publication_review,2026-08-12,For-AI/audiotactile-paper-metadata-audit/manual_reviews/serino_2015_front_back_trunk_exp2.json,PDF Experiment 2 and Design and Analysis,,,not_assessed,,,,,,,,{},,all_participants,reported,"One trunk-centered PPS task in a single cohort, contrasting front and back auditory space within the task.",reported,One integrated PPS measurement; front/back sound conditions and sensory trial families occur within it.,reported,"Body-relative sound space, sound motion/distance, and tactile trial family vary within measurement.",reported,The integrated task binds to the Experiment 2 front/back trunk protocol.,partial,"The condition formula is reported, but exact trial-order constraints are not fully recovered.",not_applicable,No intervention or training phase is reported.,single_measurement,single_cohort,within_session_trial_conditions,2,4,1,1,0,0,0,"{""assignment_scope"":""single_cohort"",""design_family"":""single_measurement"",""pps_occurrence_pattern"":""within_session_trial_conditions""}","{""design_topology"":""reported"",""factor_scope_map"":""reported"",""intervention_schedule"":""not_applicable"",""order_assignment_spacing"":""partial"",""pps_occasion_schedule"":""reported"",""protocol_binding"":""reported"",""sample_and_assignment"":""not_assessed""}","{""design_topology"":""One trunk-centered PPS task in a single cohort, contrasting front and back auditory space within the task."",""factor_scope_map"":""Body-relative sound space, sound motion/distance, and tactile trial family vary within measurement."",""intervention_schedule"":""No intervention or training phase is reported."",""order_assignment_spacing"":""The condition formula is reported, but exact trial-order constraints are not fully recovered."",""pps_occasion_schedule"":""One integrated PPS measurement; front/back sound conditions and sensory trial families occur within it."",""protocol_binding"":""The integrated task binds to the Experiment 2 front/back trunk protocol."",""sample_and_assignment"":""""}",unsupported_no_typed_study_plan,,pps-study-plan.v1::sample_and_assignment | pps-study-plan.v1::factors[] | pps-study-plan.v1::schedule.events[] | pps-study-plan.v1::schedule.events[].protocol_binding | pps-study-plan.v1::assignment_and_order_policy,design.study_profile_reference_parameters.dashboard_run_setup | design.protocol.participant_order_policy.part_membership,participant-to-arm allocation | participant visit/session/measurement schedule | session-group/part identifiers | event-specific profile plus parameter overrides
doi:10.1038/srep18603::c,doi:10.1038/srep18603,serino_2015_peri_hand_exp3,Body part-centered and full body-centered peripersonal space representations. (c),c,partial,manual_publication_review,2026-08-12,For-AI/audiotactile-paper-metadata-audit/manual_reviews/serino_2015_peri_hand_exp3.json,PDF Experiment 3 and Design and Analysis,,,not_assessed,,,,,,,,{},,all_participants,reported,One hand-centered PPS task in a single cohort; no separate intervention phase is reported.,reported,One integrated hand-centered PPS measurement.,reported,Sound motion/distance and sensory trial family vary within the PPS task.,reported,The task binds to the Experiment 3 peri-hand protocol.,partial,"The task formula and intermixing are reported, but the exact trial-order algorithm is not.",not_applicable,No intervention or training phase is reported.,single_measurement,single_cohort,within_session_trial_conditions,2,5,1,1,0,0,0,"{""assignment_scope"":""single_cohort"",""design_family"":""single_measurement"",""pps_occurrence_pattern"":""within_session_trial_conditions""}","{""design_topology"":""reported"",""factor_scope_map"":""reported"",""intervention_schedule"":""not_applicable"",""order_assignment_spacing"":""partial"",""pps_occasion_schedule"":""reported"",""protocol_binding"":""reported"",""sample_and_assignment"":""not_assessed""}","{""design_topology"":""One hand-centered PPS task in a single cohort; no separate intervention phase is reported."",""factor_scope_map"":""Sound motion/distance and sensory trial family vary within the PPS task."",""intervention_schedule"":""No intervention or training phase is reported."",""order_assignment_spacing"":""The task formula and intermixing are reported, but the exact trial-order algorithm is not."",""pps_occasion_schedule"":""One integrated hand-centered PPS measurement."",""protocol_binding"":""The task binds to the Experiment 3 peri-hand protocol."",""sample_and_assignment"":""""}",unsupported_no_typed_study_plan,,pps-study-plan.v1::sample_and_assignment | pps-study-plan.v1::factors[] | pps-study-plan.v1::schedule.events[] | pps-study-plan.v1::schedule.events[].protocol_binding | pps-study-plan.v1::assignment_and_order_policy,design.study_profile_reference_parameters.dashboard_run_setup | design.protocol.participant_order_policy.part_membership,participant-to-arm allocation | participant visit/session/measurement schedule | session-group/part identifiers | event-specific profile plus parameter overrides
doi:10.1038/srep18603::d,doi:10.1038/srep18603,serino_2015_exps_4_to_6,Body part-centered and full body-centered peripersonal space representations. (d),d,partial,manual_publication_review,2026-08-12,For-AI/audiotactile-paper-metadata-audit/manual_reviews/serino_2015_exps_4_to_6.json,"PDF pp.5-7 and pp.12-13, Experiment 4",,,not_assessed,,,,,,,,{},,unclear | all_participants,reported,Within-participant hand-versus-trunk PPS comparison in separate condition blocks.,reported,Hand and trunk PPS are assessed in separate blocks; the study reports 480 total trials.,reported,Body part is between blocks; sound motion/distance and sensory trial family vary within blocks.,reported,Each body-part block binds the shared two-speaker protocol to hand- or trunk-centered tactile placement.,partial,"Separate hand/trunk blocks are explicit, but their exact order and the numeric run-block count are not reported.",not_applicable,No intervention or training phase is reported.,crossover,within_participant,within_session_block_conditions,2,4,1,1,0,0,0,"{""assignment_scope"":""within_participant"",""design_family"":""crossover"",""pps_occurrence_pattern"":""within_session_block_conditions""}","{""design_topology"":""reported"",""factor_scope_map"":""reported"",""intervention_schedule"":""not_applicable"",""order_assignment_spacing"":""partial"",""pps_occasion_schedule"":""reported"",""protocol_binding"":""reported"",""sample_and_assignment"":""not_assessed""}","{""design_topology"":""Within-participant hand-versus-trunk PPS comparison in separate condition blocks."",""factor_scope_map"":""Body part is between blocks; sound motion/distance and sensory trial family vary within blocks."",""intervention_schedule"":""No intervention or training phase is reported."",""order_assignment_spacing"":""Separate hand/trunk blocks are explicit, but their exact order and the numeric run-block count are not reported."",""pps_occasion_schedule"":""Hand and trunk PPS are assessed in separate blocks; the study reports 480 total trials."",""protocol_binding"":""Each body-part block binds the shared two-speaker protocol to hand- or trunk-centered tactile placement."",""sample_and_assignment"":""""}",unsupported_no_typed_study_plan,,pps-study-plan.v1::sample_and_assignment | pps-study-plan.v1::factors[] | pps-study-plan.v1::schedule.events[] | pps-study-plan.v1::schedule.events[].protocol_binding | pps-study-plan.v1::assignment_and_order_policy,design.study_profile_reference_parameters.dashboard_run_setup | design.protocol.participant_order_policy.part_membership,participant-to-arm allocation | participant visit/session/measurement schedule | session-group/part identifiers | event-specific profile plus parameter overrides
doi:10.1038/srep18603::e,doi:10.1038/srep18603,serino_2015_exps_4_to_6,Body part-centered and full body-centered peripersonal space representations. (e),e,partial,manual_publication_review,2026-08-12,For-AI/audiotactile-paper-metadata-audit/manual_reviews/serino_2015_exps_4_to_6.json,"PDF pp.5-7 and pp.12-13, Experiment 5",,,not_assessed,,,,,,,,{},,unclear,reported,Within-participant near-versus-far hand-posture PPS comparison.,partial,"Near and far hand postures are both assessed in the PPS experiment, but their precise block/session schedule is not fully reported.",reported,Hand posture is a condition-level factor; tactile delay and sensory trial family vary within the task.,reported,Both posture conditions bind to the Experiment 5 looming two-speaker protocol.,not_reported,,not_applicable,No intervention or training phase is reported.,crossover,within_participant,within_session_block_conditions,1,2,1,1,0,0,0,"{""assignment_scope"":""within_participant"",""design_family"":""crossover"",""pps_occurrence_pattern"":""within_session_block_conditions""}","{""design_topology"":""reported"",""factor_scope_map"":""reported"",""intervention_schedule"":""not_applicable"",""order_assignment_spacing"":""not_reported"",""pps_occasion_schedule"":""partial"",""protocol_binding"":""reported"",""sample_and_assignment"":""not_assessed""}","{""design_topology"":""Within-participant near-versus-far hand-posture PPS comparison."",""factor_scope_map"":""Hand posture is a condition-level factor; tactile delay and sensory trial family vary within the task."",""intervention_schedule"":""No intervention or training phase is reported."",""order_assignment_spacing"":"""",""pps_occasion_schedule"":""Near and far hand postures are both assessed in the PPS experiment, but their precise block/session schedule is not fully reported."",""protocol_binding"":""Both posture conditions bind to the Experiment 5 looming two-speaker protocol."",""sample_and_assignment"":""""}",unsupported_no_typed_study_plan,,pps-study-plan.v1::sample_and_assignment | pps-study-plan.v1::factors[] | pps-study-plan.v1::schedule.events[] | pps-study-plan.v1::schedule.events[].protocol_binding | pps-study-plan.v1::assignment_and_order_policy,design.study_profile_reference_parameters.dashboard_run_setup | design.protocol.participant_order_policy.part_membership,participant-to-arm allocation | participant visit/session/measurement schedule | session-group/part identifiers | event-specific profile plus parameter overrides
doi:10.1038/srep18603::f,doi:10.1038/srep18603,serino_2015_exps_4_to_6,Body part-centered and full body-centered peripersonal space representations. (f),f,partial,manual_publication_review,2026-08-12,For-AI/audiotactile-paper-metadata-audit/manual_reviews/serino_2015_exps_4_to_6.json,"PDF pp.5-7, p.11, and p.13, Experiment 6",,,partial,Participants were assigned to a 2 by 2 sound-location by touch-location between-subject cell; per-cell N and allocation method were not captured in the current structure review.,,,,,,,{},,unclear | all_participants,reported,"Parallel 2 by 2 between-participant sound-location by touch-location design, with sound motion and distance repeated within participant.",reported,Each participant completes the PPS task for their assigned sound/touch-location cell; 320 total trials are reported.,reported,Sound location and touch location are between participant; looming/receding motion and sampled distance are within the assigned PPS task.,reported,Each cell binds the 16-speaker front-space protocol to the assigned sound and tactile body location.,partial,"Within-task factors are reported, but exact randomization constraints and between-cell allocation method are not.",not_applicable,No intervention or training phase is reported.,parallel_group,between_participant_arms,single_pps,3,6,1,1,0,0,0,"{""assignment_scope"":""between_participant_arms"",""design_family"":""parallel_group"",""pps_occurrence_pattern"":""single_pps""}","{""design_topology"":""reported"",""factor_scope_map"":""reported"",""intervention_schedule"":""not_applicable"",""order_assignment_spacing"":""partial"",""pps_occasion_schedule"":""reported"",""protocol_binding"":""reported"",""sample_and_assignment"":""partial""}","{""design_topology"":""Parallel 2 by 2 between-participant sound-location by touch-location design, with sound motion and distance repeated within participant."",""factor_scope_map"":""Sound location and touch location are between participant; looming/receding motion and sampled distance are within the assigned PPS task."",""intervention_schedule"":""No intervention or training phase is reported."",""order_assignment_spacing"":""Within-task factors are reported, but exact randomization constraints and between-cell allocation method are not."",""pps_occasion_schedule"":""Each participant completes the PPS task for their assigned sound/touch-location cell; 320 total trials are reported."",""protocol_binding"":""Each cell binds the 16-speaker front-space protocol to the assigned sound and tactile body location."",""sample_and_assignment"":""Participants were assigned to a 2 by 2 sound-location by touch-location between-subject cell; per-cell N and allocation method were not captured in the current structure review.""}",unsupported_no_typed_study_plan,,pps-study-plan.v1::sample_and_assignment | pps-study-plan.v1::factors[] | pps-study-plan.v1::schedule.events[] | pps-study-plan.v1::schedule.events[].protocol_binding | pps-study-plan.v1::assignment_and_order_policy,design.study_profile_reference_parameters.dashboard_run_setup | design.protocol.participant_order_policy.part_membership,participant-to-arm allocation | participant visit/session/measurement schedule | session-group/part identifiers | event-specific profile plus parameter overrides
doi:10.1038/srep18603::g,doi:10.1038/srep18603,,Body part-centered and full body-centered peripersonal space representations. (g),g,partial,publication_pdf_adjacent_visual_tactile,2026-08-13,artifacts/paper_metadata_audit/publication_pdfs/doi_10.1038_srep18603__06277eb0d560.pdf,"PDF pp.8,11-13, Experiment 7 and Methods",Participant visual-tactile PPS measurement retained as an adjacent-scope design; auditory protocol binding is explicitly not applicable.,,reported,Twenty healthy participants completed the within-participant visual-tactile experiment.,Healthy adults with normal touch/hearing and normal or corrected vision,,,,20,1,{},All participants completed the visual-tactile face/trunk task.,all_participants,reported,Single-cohort within-participant face-versus-trunk tactile-location by looming/receding visual-direction design.,reported,One 320-trial visual-tactile PPS task measured face and trunk conditions.,reported,"Tactile body location, visual direction, and seven sampled visual distances repeat within participant.",not_applicable,Experiment 7 is visual-tactile and has no auditory PPS Toolkit profile; it requires a visual/VR protocol adapter.,partial,"The total factorial trial allocation and 500-700-ms ITI are reported, but body-location block order or intermixing is not explicit.",not_applicable,No intervention or training phase occurs.,single_measurement,single_cohort,within_session_trial_conditions,2,4,1,1,0,0,1,"{""assignment_scope"":""single_cohort"",""design_family"":""single_measurement"",""pps_occurrence_pattern"":""within_session_trial_conditions"",""sample_and_assignment"":{""analyzed_n"":20,""assignment_summary"":""All participants completed the visual-tactile face/trunk task."",""cohort_or_arm_count"":1,""population_summary"":""Healthy adults with normal touch/hearing and normal or corrected vision""}}","{""design_topology"":""reported"",""factor_scope_map"":""reported"",""intervention_schedule"":""not_applicable"",""order_assignment_spacing"":""partial"",""pps_occasion_schedule"":""reported"",""protocol_binding"":""not_applicable"",""sample_and_assignment"":""reported""}","{""design_topology"":""Single-cohort within-participant face-versus-trunk tactile-location by looming/receding visual-direction design."",""factor_scope_map"":""Tactile body location, visual direction, and seven sampled visual distances repeat within participant."",""intervention_schedule"":""No intervention or training phase occurs."",""order_assignment_spacing"":""The total factorial trial allocation and 500-700-ms ITI are reported, but body-location block order or intermixing is not explicit."",""pps_occasion_schedule"":""One 320-trial visual-tactile PPS task measured face and trunk conditions."",""protocol_binding"":""Experiment 7 is visual-tactile and has no auditory PPS Toolkit profile; it requires a visual/VR protocol adapter."",""sample_and_assignment"":""Twenty healthy participants completed the within-participant visual-tactile experiment.""}",unsupported_no_typed_study_plan,,pps-study-plan.v1::sample_and_assignment | pps-study-plan.v1::factors[] | pps-study-plan.v1::schedule.events[] | pps-study-plan.v1::schedule.events[].protocol_binding | pps-study-plan.v1::assignment_and_order_policy,design.study_profile_reference_parameters.dashboard_run_setup | design.protocol.participant_order_policy.part_membership,participant-to-arm allocation | participant visit/session/measurement schedule | session-group/part identifiers | event-specific profile plus parameter overrides
doi:10.1016/j.neuropsychologia.2009.11.009::a,doi:10.1016/j.neuropsychologia.2009.11.009,bassolino_2010_mouse_use,Everyday use of the computer mouse extends peripersonal space representation. (a),a,composite_requires_split,,,,,,,,,,,,,,,{},,,,,,,,,,,,,,,,,,0,0,0,0,0,0,0,{},{},{},unsupported_no_typed_study_plan,,pps-study-plan.v1::sample_and_assignment | pps-study-plan.v1::factors[] | pps-study-plan.v1::schedule.events[] | pps-study-plan.v1::schedule.events[].protocol_binding | pps-study-plan.v1::assignment_and_order_policy,design.study_profile_reference_parameters.dashboard_run_setup | design.protocol.participant_order_policy.part_membership,participant-to-arm allocation | participant visit/session/measurement schedule | session-group/part identifiers | event-specific profile plus parameter overrides
doi:10.1016/j.neuropsychologia.2009.11.009::b,doi:10.1016/j.neuropsychologia.2009.11.009,bassolino_2010_mouse_use,Everyday use of the computer mouse extends peripersonal space representation. (b),b,composite_requires_split,,,,,,,,,,,,,,,{},,,,,,,,,,,,,,,,,,0,0,0,0,0,0,0,{},{},{},unsupported_no_typed_study_plan,,pps-study-plan.v1::sample_and_assignment | pps-study-plan.v1::factors[] | pps-study-plan.v1::schedule.events[] | pps-study-plan.v1::schedule.events[].protocol_binding | pps-study-plan.v1::assignment_and_order_policy,design.study_profile_reference_parameters.dashboard_run_setup | design.protocol.participant_order_policy.part_membership,participant-to-arm allocation | participant visit/session/measurement schedule | session-group/part identifiers | event-specific profile plus parameter overrides
doi:10.1007/s00221-013-3532-2::a,doi:10.1007/s00221-013-3532-2,canzoneri_2013_tool_use_reshaping,Tool-use reshapes the boundaries of body and peripersonal space representations. (a),a,reported_complete,publication_pdf,2026-08-12,artifacts/paper_metadata_audit/publication_pdfs/doi_10.1007_s00221-013-3532-2__299a1419d7a1.pdf,"PDF pp.3-6, Experiment 1A",,,reported,Twelve healthy right-handed participants completed the within-participant experiment.,Healthy right-handed participants,,,,12,1,{},All participants completed the fixed pre-training/training/post-training sequence.,fixed_order,reported,Single cohort with the same PPS and body-representation tasks before and after tool-use training.,reported,"PPS measurement, 20-min tool-use training, then the same PPS measurement.",reported,Timepoint is between PPS measurements; tool use is an intervening training phase; auditory direction and tactile delay vary within each PPS measurement.,reported,The same Experiment 1A audio-tactile PPS protocol is administered pre- and post-training.,reported,Fixed pre-training then training then post-training order; no washout applies.,reported,Twenty minutes of blindfolded long-tool object retrieval between PPS assessments.,repeated_measure,within_participant,repeated_pre_post,1,2,3,2,0,0,0,"{""assignment_scope"":""within_participant"",""design_family"":""repeated_measure"",""pps_occurrence_pattern"":""repeated_pre_post"",""sample_and_assignment"":{""analyzed_n"":12,""assignment_summary"":""All participants completed the fixed pre-training/training/post-training sequence."",""cohort_or_arm_count"":1,""population_summary"":""Healthy right-handed participants""}}","{""design_topology"":""reported"",""factor_scope_map"":""reported"",""intervention_schedule"":""reported"",""order_assignment_spacing"":""reported"",""pps_occasion_schedule"":""reported"",""protocol_binding"":""reported"",""sample_and_assignment"":""reported""}","{""design_topology"":""Single cohort with the same PPS and body-representation tasks before and after tool-use training."",""factor_scope_map"":""Timepoint is between PPS measurements; tool use is an intervening training phase; auditory direction and tactile delay vary within each PPS measurement."",""intervention_schedule"":""Twenty minutes of blindfolded long-tool object retrieval between PPS assessments."",""order_assignment_spacing"":""Fixed pre-training then training then post-training order; no washout applies."",""pps_occasion_schedule"":""PPS measurement, 20-min tool-use training, then the same PPS measurement."",""protocol_binding"":""The same Experiment 1A audio-tactile PPS protocol is administered pre- and post-training."",""sample_and_assignment"":""Twelve healthy right-handed participants completed the within-participant experiment.""}",unsupported_no_typed_study_plan,,pps-study-plan.v1::sample_and_assignment | pps-study-plan.v1::factors[] | pps-study-plan.v1::schedule.events[] | pps-study-plan.v1::schedule.events[].protocol_binding | pps-study-plan.v1::assignment_and_order_policy,design.study_profile_reference_parameters.dashboard_run_setup | design.protocol.participant_order_policy.part_membership,participant-to-arm allocation | participant visit/session/measurement schedule | session-group/part identifiers | event-specific profile plus parameter overrides
doi:10.1007/s00221-013-3532-2::b,doi:10.1007/s00221-013-3532-2,canzoneri_2013_tool_use_reshaping,Tool-use reshapes the boundaries of body and peripersonal space representations. (b),b,reported_complete,publication_pdf,2026-08-12,artifacts/paper_metadata_audit/publication_pdfs/doi_10.1007_s00221-013-3532-2__299a1419d7a1.pdf,"PDF pp.13-14, Experiment 3",,,reported,Twelve healthy right-handed participants completed the within-participant control experiment.,Healthy right-handed participants,,,,12,1,{},All participants completed the fixed pre-training/training/post-training control sequence.,fixed_order,reported,Single cohort with the same PPS task before and after pointing-control training.,reported,"PPS measurement, 20-min pointing-control training, then the same PPS measurement.",reported,Timepoint is between PPS measurements; pointing is an intervening control-training phase; auditory direction and tactile delay vary within each measurement.,reported,The same Experiment 3 audio-tactile PPS protocol is administered pre- and post-training.,reported,Fixed pre-training then training then post-training order; no washout applies.,reported,Twenty minutes of blindfolded pointing with a short handle between PPS assessments.,repeated_measure,within_participant,repeated_pre_post,1,2,3,2,0,0,0,"{""assignment_scope"":""within_participant"",""design_family"":""repeated_measure"",""pps_occurrence_pattern"":""repeated_pre_post"",""sample_and_assignment"":{""analyzed_n"":12,""assignment_summary"":""All participants completed the fixed pre-training/training/post-training control sequence."",""cohort_or_arm_count"":1,""population_summary"":""Healthy right-handed participants""}}","{""design_topology"":""reported"",""factor_scope_map"":""reported"",""intervention_schedule"":""reported"",""order_assignment_spacing"":""reported"",""pps_occasion_schedule"":""reported"",""protocol_binding"":""reported"",""sample_and_assignment"":""reported""}","{""design_topology"":""Single cohort with the same PPS task before and after pointing-control training."",""factor_scope_map"":""Timepoint is between PPS measurements; pointing is an intervening control-training phase; auditory direction and tactile delay vary within each measurement."",""intervention_schedule"":""Twenty minutes of blindfolded pointing with a short handle between PPS assessments."",""order_assignment_spacing"":""Fixed pre-training then training then post-training order; no washout applies."",""pps_occasion_schedule"":""PPS measurement, 20-min pointing-control training, then the same PPS measurement."",""protocol_binding"":""The same Experiment 3 audio-tactile PPS protocol is administered pre- and post-training."",""sample_and_assignment"":""Twelve healthy right-handed participants completed the within-participant control experiment.""}",unsupported_no_typed_study_plan,,pps-study-plan.v1::sample_and_assignment | pps-study-plan.v1::factors[] | pps-study-plan.v1::schedule.events[] | pps-study-plan.v1::schedule.events[].protocol_binding | pps-study-plan.v1::assignment_and_order_policy,design.study_profile_reference_parameters.dashboard_run_setup | design.protocol.participant_order_policy.part_membership,participant-to-arm allocation | participant visit/session/measurement schedule | session-group/part identifiers | event-specific profile plus parameter overrides
doi:10.1016/j.neuropsychologia.2014.08.030::a,doi:10.1016/j.neuropsychologia.2014.08.030,noel_2015_walking,Full body action remapping of peripersonal space: the case of walking. (a),a,partial,manual_publication_review,2026-08-12,For-AI/audiotactile-paper-metadata-audit/manual_reviews/noel_2015_walking.json,"Methods, Procedure; manual review Segments 2 and 4",,,not_assessed,,,,,,,,{},,counterbalanced_sequence | all_participants,reported,Within-participant standing versus walking locomotion condition design.,partial,PPS trials were administered under blocked standing and walking conditions; the numeric paper block count is not reported.,reported,Locomotion varies between blocks; sound direction and distance vary trial by trial.,reported,The same PPS trial pool is used under standing and walking contexts.,partial,"Standing/walking order was counterbalanced, but exact block count and spacing are not reported; the Toolkit's eight-block distribution is not paper evidence.",not_applicable,Walking is performed during PPS measurement rather than between pre/post assessments.,crossover,within_participant,within_session_block_conditions,2,4,1,1,0,0,0,"{""assignment_scope"":""within_participant"",""design_family"":""crossover"",""pps_occurrence_pattern"":""within_session_block_conditions""}","{""design_topology"":""reported"",""factor_scope_map"":""reported"",""intervention_schedule"":""not_applicable"",""order_assignment_spacing"":""partial"",""pps_occasion_schedule"":""partial"",""protocol_binding"":""reported"",""sample_and_assignment"":""not_assessed""}","{""design_topology"":""Within-participant standing versus walking locomotion condition design."",""factor_scope_map"":""Locomotion varies between blocks; sound direction and distance vary trial by trial."",""intervention_schedule"":""Walking is performed during PPS measurement rather than between pre/post assessments."",""order_assignment_spacing"":""Standing/walking order was counterbalanced, but exact block count and spacing are not reported; the Toolkit's eight-block distribution is not paper evidence."",""pps_occasion_schedule"":""PPS trials were administered under blocked standing and walking conditions; the numeric paper block count is not reported."",""protocol_binding"":""The same PPS trial pool is used under standing and walking contexts."",""sample_and_assignment"":""""}",unsupported_no_typed_study_plan,,pps-study-plan.v1::sample_and_assignment | pps-study-plan.v1::factors[] | pps-study-plan.v1::schedule.events[] | pps-study-plan.v1::schedule.events[].protocol_binding | pps-study-plan.v1::assignment_and_order_policy,design.study_profile_reference_parameters.dashboard_run_setup | design.protocol.participant_order_policy.part_membership,participant-to-arm allocation | participant visit/session/measurement schedule | session-group/part identifiers | event-specific profile plus parameter overrides
doi:10.1016/j.neuropsychologia.2014.08.030::b,doi:10.1016/j.neuropsychologia.2014.08.030,noel_2015_walking,Full body action remapping of peripersonal space: the case of walking. (b),b,partial,publication_pdf,2026-08-13,artifacts/paper_metadata_audit/publication_pdfs/doi_10.1016_j.neuropsychologia.2014.08.030__99797d32c149.pdf,"PDF pp.3-5, Methods, protocol and Experiment 2",,,reported,A separate cohort of 18 participants completed Experiment 2; none participated in Experiment 1.,Healthy adults with normal/corrected vision and normal reported hearing/touch,,,,18,1,{},All participants completed optic-flow standing and walking blocks in counterbalanced order.,counterbalanced_sequence | all_participants,reported,Single-cohort within-participant standing-versus-walking design with optic flow present in both locomotion conditions.,reported,One PPS assessment contains blocked standing and walking conditions and lasts about 50 minutes.,reported,Locomotion varies between counterbalanced blocks; optic flow is fixed for Experiment 2; sound direction and distance vary trial by trial.,reported,Both locomotion blocks use the Experiment 2 optic-flow PPS protocol.,partial,"Standing/walking order was counterbalanced and trials randomized within condition, but exact block count and break spacing are not reported.",not_applicable,Walking and optic flow occur during PPS measurement rather than as a pre/post intervention.,crossover,within_participant,within_session_block_conditions,2,4,1,1,0,0,1,"{""assignment_scope"":""within_participant"",""design_family"":""crossover"",""pps_occurrence_pattern"":""within_session_block_conditions"",""sample_and_assignment"":{""analyzed_n"":18,""assignment_summary"":""All participants completed optic-flow standing and walking blocks in counterbalanced order."",""cohort_or_arm_count"":1,""population_summary"":""Healthy adults with normal/corrected vision and normal reported hearing/touch""}}","{""design_topology"":""reported"",""factor_scope_map"":""reported"",""intervention_schedule"":""not_applicable"",""order_assignment_spacing"":""partial"",""pps_occasion_schedule"":""reported"",""protocol_binding"":""reported"",""sample_and_assignment"":""reported""}","{""design_topology"":""Single-cohort within-participant standing-versus-walking design with optic flow present in both locomotion conditions."",""factor_scope_map"":""Locomotion varies between counterbalanced blocks; optic flow is fixed for Experiment 2; sound direction and distance vary trial by trial."",""intervention_schedule"":""Walking and optic flow occur during PPS measurement rather than as a pre/post intervention."",""order_assignment_spacing"":""Standing/walking order was counterbalanced and trials randomized within condition, but exact block count and break spacing are not reported."",""pps_occasion_schedule"":""One PPS assessment contains blocked standing and walking conditions and lasts about 50 minutes."",""protocol_binding"":""Both locomotion blocks use the Experiment 2 optic-flow PPS protocol."",""sample_and_assignment"":""A separate cohort of 18 participants completed Experiment 2; none participated in Experiment 1.""}",unsupported_no_typed_study_plan,,pps-study-plan.v1::sample_and_assignment | pps-study-plan.v1::factors[] | pps-study-plan.v1::schedule.events[] | pps-study-plan.v1::schedule.events[].protocol_binding | pps-study-plan.v1::assignment_and_order_policy,design.study_profile_reference_parameters.dashboard_run_setup | design.protocol.participant_order_policy.part_membership,participant-to-arm allocation | participant visit/session/measurement schedule | session-group/part identifiers | event-specific profile plus parameter overrides
doi:10.1162/jocn_a_00006::a,doi:10.1162/jocn_a_00006,serino_2011_rtms,Fronto-parietal areas necessary for a multisensory representation of peripersonal space in humans: an rTMS study. (a),a,reported_complete,publication_pdf,2026-08-12,artifacts/paper_metadata_audit/publication_pdfs/doi_10.1162_jocn_a_00006__4a7e63364116.pdf,"PDF pp.2-7, experiment-specific Methods",,,reported,"{""analyzed_n"":12,""cohort_or_arm_count"":1,""inclusion_criteria"":""Normal hearing and touch."",""population_summary"":""Healthy right-handed adults in Experiment 1A.""}",Healthy right-handed adults in Experiment 1A.,Normal hearing and touch.,,,12,1,{},,counterbalanced_sequence,reported,Two counterbalanced target-mapping blocks in one behavioral PPS experiment.,reported,One PPS occurrence across weak-target and strong-target blocks.,reported,The named block/intervention factor varies within participant; near/far and tactile target conditions vary within block.,reported,Every PPS block binds to the experiment-specific static hand-centred audio-tactile protocol.,reported,Two target-mapping blocks; order counterbalanced.,not_applicable,No intervention.,repeated_measure,within_participant,within_session_block_conditions,1,2,1,1,0,1,1,"{""assignment_scope"":""within_participant"",""design_family"":""repeated_measure"",""pps_occurrence_pattern"":""within_session_block_conditions"",""sample_and_assignment"":{""analyzed_n"":12,""cohort_or_arm_count"":1,""inclusion_criteria"":""Normal hearing and touch."",""population_summary"":""Healthy right-handed adults in Experiment 1A.""}}","{""design_topology"":""reported"",""factor_scope_map"":""reported"",""intervention_schedule"":""not_applicable"",""order_assignment_spacing"":""reported"",""pps_occasion_schedule"":""reported"",""protocol_binding"":""reported"",""sample_and_assignment"":""reported""}","{""design_topology"":""Two counterbalanced target-mapping blocks in one behavioral PPS experiment."",""factor_scope_map"":""The named block/intervention factor varies within participant; near/far and tactile target conditions vary within block."",""intervention_schedule"":""No intervention."",""order_assignment_spacing"":""Two target-mapping blocks; order counterbalanced."",""pps_occasion_schedule"":""One PPS occurrence across weak-target and strong-target blocks."",""protocol_binding"":""Every PPS block binds to the experiment-specific static hand-centred audio-tactile protocol."",""sample_and_assignment"":{""analyzed_n"":12,""cohort_or_arm_count"":1,""inclusion_criteria"":""Normal hearing and touch."",""population_summary"":""Healthy right-handed adults in Experiment 1A.""}}",unsupported_no_typed_study_plan,,pps-study-plan.v1::sample_and_assignment | pps-study-plan.v1::factors[] | pps-study-plan.v1::schedule.events[] | pps-study-plan.v1::schedule.events[].protocol_binding | pps-study-plan.v1::assignment_and_order_policy,design.study_profile_reference_parameters.dashboard_run_setup | design.protocol.participant_order_policy.part_membership,participant-to-arm allocation | participant visit/session/measurement schedule | session-group/part identifiers | event-specific profile plus parameter overrides
doi:10.1162/jocn_a_00006::b,doi:10.1162/jocn_a_00006,serino_2011_rtms,Fronto-parietal areas necessary for a multisensory representation of peripersonal space in humans: an rTMS study. (b),b,reported_complete,publication_pdf,2026-08-12,artifacts/paper_metadata_audit/publication_pdfs/doi_10.1162_jocn_a_00006__4a7e63364116.pdf,"PDF pp.2-7, experiment-specific Methods",,,reported,"{""analyzed_n"":18,""cohort_or_arm_count"":1,""inclusion_criteria"":""Normal hearing and touch."",""population_summary"":""Healthy right-handed adults in Experiment 1B.""}",Healthy right-handed adults in Experiment 1B.,Normal hearing and touch.,,,18,1,{},,counterbalanced_sequence,reported,Two counterbalanced hand-position blocks in one behavioral PPS experiment.,reported,One PPS occurrence across hand-forward and hand-backward blocks.,reported,The named block/intervention factor varies within participant; near/far and tactile target conditions vary within block.,reported,Every PPS block binds to the experiment-specific static hand-centred audio-tactile protocol.,reported,Two hand-position blocks; order counterbalanced.,not_applicable,No intervention.,repeated_measure,within_participant,within_session_block_conditions,1,2,1,1,0,1,1,"{""assignment_scope"":""within_participant"",""design_family"":""repeated_measure"",""pps_occurrence_pattern"":""within_session_block_conditions"",""sample_and_assignment"":{""analyzed_n"":18,""cohort_or_arm_count"":1,""inclusion_criteria"":""Normal hearing and touch."",""population_summary"":""Healthy right-handed adults in Experiment 1B.""}}","{""design_topology"":""reported"",""factor_scope_map"":""reported"",""intervention_schedule"":""not_applicable"",""order_assignment_spacing"":""reported"",""pps_occasion_schedule"":""reported"",""protocol_binding"":""reported"",""sample_and_assignment"":""reported""}","{""design_topology"":""Two counterbalanced hand-position blocks in one behavioral PPS experiment."",""factor_scope_map"":""The named block/intervention factor varies within participant; near/far and tactile target conditions vary within block."",""intervention_schedule"":""No intervention."",""order_assignment_spacing"":""Two hand-position blocks; order counterbalanced."",""pps_occasion_schedule"":""One PPS occurrence across hand-forward and hand-backward blocks."",""protocol_binding"":""Every PPS block binds to the experiment-specific static hand-centred audio-tactile protocol."",""sample_and_assignment"":{""analyzed_n"":18,""cohort_or_arm_count"":1,""inclusion_criteria"":""Normal hearing and touch."",""population_summary"":""Healthy right-handed adults in Experiment 1B.""}}",unsupported_no_typed_study_plan,,pps-study-plan.v1::sample_and_assignment | pps-study-plan.v1::factors[] | pps-study-plan.v1::schedule.events[] | pps-study-plan.v1::schedule.events[].protocol_binding | pps-study-plan.v1::assignment_and_order_policy,design.study_profile_reference_parameters.dashboard_run_setup | design.protocol.participant_order_policy.part_membership,participant-to-arm allocation | participant visit/session/measurement schedule | session-group/part identifiers | event-specific profile plus parameter overrides
doi:10.1162/jocn_a_00006::c,doi:10.1162/jocn_a_00006,serino_2011_rtms,Fronto-parietal areas necessary for a multisensory representation of peripersonal space in humans: an rTMS study. (c),c,reported_complete,publication_pdf,2026-08-12,artifacts/paper_metadata_audit/publication_pdfs/doi_10.1162_jocn_a_00006__4a7e63364116.pdf,"PDF pp.2-7, experiment-specific Methods",,,reported,"{""analyzed_n"":10,""cohort_or_arm_count"":1,""inclusion_criteria"":""Normal hearing and touch."",""population_summary"":""Healthy right-handed adults in Experiment 2.""}",Healthy right-handed adults in Experiment 2.,Normal hearing and touch.,,,10,1,{},,counterbalanced_sequence,reported,Four PPS blocks across two days: no-rTMS baseline and three post-rTMS target-site conditions.,reported,"Four condition-specific PPS occurrences/blocks: baseline, vPMc, PPc, V1.",reported,The named block/intervention factor varies within participant; near/far and tactile target conditions vary within block.,reported,Every PPS block binds to the experiment-specific static hand-centred audio-tactile protocol.,reported,"Four blocks across two days; baseline first/last balanced, post-rTMS order counterbalanced, at least 1 h between blocks.",reported,"Each post-rTMS PPS block immediately followed a 15-min, 1-Hz train over vPMc, PPc, or V1; at least 1 h separated blocks.",crossover,within_participant,condition_specific_pps_sessions,1,4,7,4,0,4,4,"{""assignment_scope"":""within_participant"",""design_family"":""crossover"",""pps_occurrence_pattern"":""condition_specific_pps_sessions"",""sample_and_assignment"":{""analyzed_n"":10,""cohort_or_arm_count"":1,""inclusion_criteria"":""Normal hearing and touch."",""population_summary"":""Healthy right-handed adults in Experiment 2.""}}","{""design_topology"":""reported"",""factor_scope_map"":""reported"",""intervention_schedule"":""reported"",""order_assignment_spacing"":""reported"",""pps_occasion_schedule"":""reported"",""protocol_binding"":""reported"",""sample_and_assignment"":""reported""}","{""design_topology"":""Four PPS blocks across two days: no-rTMS baseline and three post-rTMS target-site conditions."",""factor_scope_map"":""The named block/intervention factor varies within participant; near/far and tactile target conditions vary within block."",""intervention_schedule"":""Each post-rTMS PPS block immediately followed a 15-min, 1-Hz train over vPMc, PPc, or V1; at least 1 h separated blocks."",""order_assignment_spacing"":""Four blocks across two days; baseline first/last balanced, post-rTMS order counterbalanced, at least 1 h between blocks."",""pps_occasion_schedule"":""Four condition-specific PPS occurrences/blocks: baseline, vPMc, PPc, V1."",""protocol_binding"":""Every PPS block binds to the experiment-specific static hand-centred audio-tactile protocol."",""sample_and_assignment"":{""analyzed_n"":10,""cohort_or_arm_count"":1,""inclusion_criteria"":""Normal hearing and touch."",""population_summary"":""Healthy right-handed adults in Experiment 2.""}}",unsupported_no_typed_study_plan,,pps-study-plan.v1::sample_and_assignment | pps-study-plan.v1::factors[] | pps-study-plan.v1::schedule.events[] | pps-study-plan.v1::schedule.events[].protocol_binding | pps-study-plan.v1::assignment_and_order_policy,design.study_profile_reference_parameters.dashboard_run_setup | design.protocol.participant_order_policy.part_membership,participant-to-arm allocation | participant visit/session/measurement schedule | session-group/part identifiers | event-specific profile plus parameter overrides
doi:10.1016/j.cognition.2015.07.012::a,doi:10.1016/j.cognition.2015.07.012,noel_2015_bodily_self,Peripersonal space as the space of the bodily self. (a),a,partial,manual_publication_review,2026-08-12,For-AI/audiotactile-paper-metadata-audit/manual_reviews/noel_2015_bodily_self.json,Experiment 1; PDF p.2 and supplement Methods; manual review Segments 2 and 4,,,not_assessed,,,,,,,,{},,counterbalanced_sequence,reported,Within-participant synchronous versus asynchronous full-body-illusion manipulation in separate PPS blocks.,reported,"Two condition-specific PPS blocks per participant, each following a 60-s induction and embedding PPS trials during ongoing stroking.",reported,Stroking synchrony varies between blocks and continues during PPS measurement; PPS distance/trial family varies within block.,reported,Both blocks use the same front-space/chest PPS protocol with synchrony-specific concurrent stroking.,reported,"Synchronous/asynchronous block order counterbalanced; within block, three PPS trials are followed by 10 s of stroking-only exposure.",reported,A 60-s stroking induction precedes PPS trials and stroking continues throughout each block.,crossover,within_participant,within_session_block_conditions,1,2,1,1,0,0,0,"{""assignment_scope"":""within_participant"",""design_family"":""crossover"",""pps_occurrence_pattern"":""within_session_block_conditions""}","{""design_topology"":""reported"",""factor_scope_map"":""reported"",""intervention_schedule"":""reported"",""order_assignment_spacing"":""reported"",""pps_occasion_schedule"":""reported"",""protocol_binding"":""reported"",""sample_and_assignment"":""not_assessed""}","{""design_topology"":""Within-participant synchronous versus asynchronous full-body-illusion manipulation in separate PPS blocks."",""factor_scope_map"":""Stroking synchrony varies between blocks and continues during PPS measurement; PPS distance/trial family varies within block."",""intervention_schedule"":""A 60-s stroking induction precedes PPS trials and stroking continues throughout each block."",""order_assignment_spacing"":""Synchronous/asynchronous block order counterbalanced; within block, three PPS trials are followed by 10 s of stroking-only exposure."",""pps_occasion_schedule"":""Two condition-specific PPS blocks per participant, each following a 60-s induction and embedding PPS trials during ongoing stroking."",""protocol_binding"":""Both blocks use the same front-space/chest PPS protocol with synchrony-specific concurrent stroking."",""sample_and_assignment"":""""}",unsupported_no_typed_study_plan,,pps-study-plan.v1::sample_and_assignment | pps-study-plan.v1::factors[] | pps-study-plan.v1::schedule.events[] | pps-study-plan.v1::schedule.events[].protocol_binding | pps-study-plan.v1::assignment_and_order_policy,design.study_profile_reference_parameters.dashboard_run_setup | design.protocol.participant_order_policy.part_membership,participant-to-arm allocation | participant visit/session/measurement schedule | session-group/part identifiers | event-specific profile plus parameter overrides
doi:10.1016/j.cognition.2015.07.012::b,doi:10.1016/j.cognition.2015.07.012,noel_2015_bodily_self,Peripersonal space as the space of the bodily self. (b),b,partial,manual_publication_review,2026-08-12,For-AI/audiotactile-paper-metadata-audit/manual_reviews/noel_2015_bodily_self.json,Experiment 2; PDF p.2 and supplement Methods; manual review Segments 2 and 4,,,not_assessed,,,,,,,,{},,counterbalanced_sequence,reported,Within-participant synchronous versus asynchronous full-body-illusion manipulation in separate PPS blocks; a participant sample distinct from Experiment 1.,reported,"Two condition-specific PPS blocks per participant, each following a 60-s induction and embedding PPS trials during ongoing stroking.",reported,Stroking synchrony varies between blocks and continues during PPS measurement; PPS distance/trial family varies within block.,reported,Both blocks use the same back-space/back PPS protocol with synchrony-specific concurrent stroking.,reported,"Synchronous/asynchronous block order counterbalanced; within block, three PPS trials are followed by 10 s of stroking-only exposure.",reported,A 60-s stroking induction precedes PPS trials and stroking continues throughout each block.,crossover,within_participant,within_session_block_conditions,1,2,1,1,0,0,0,"{""assignment_scope"":""within_participant"",""design_family"":""crossover"",""pps_occurrence_pattern"":""within_session_block_conditions""}","{""design_topology"":""reported"",""factor_scope_map"":""reported"",""intervention_schedule"":""reported"",""order_assignment_spacing"":""reported"",""pps_occasion_schedule"":""reported"",""protocol_binding"":""reported"",""sample_and_assignment"":""not_assessed""}","{""design_topology"":""Within-participant synchronous versus asynchronous full-body-illusion manipulation in separate PPS blocks; a participant sample distinct from Experiment 1."",""factor_scope_map"":""Stroking synchrony varies between blocks and continues during PPS measurement; PPS distance/trial family varies within block."",""intervention_schedule"":""A 60-s stroking induction precedes PPS trials and stroking continues throughout each block."",""order_assignment_spacing"":""Synchronous/asynchronous block order counterbalanced; within block, three PPS trials are followed by 10 s of stroking-only exposure."",""pps_occasion_schedule"":""Two condition-specific PPS blocks per participant, each following a 60-s induction and embedding PPS trials during ongoing stroking."",""protocol_binding"":""Both blocks use the same back-space/back PPS protocol with synchrony-specific concurrent stroking."",""sample_and_assignment"":""""}",unsupported_no_typed_study_plan,,pps-study-plan.v1::sample_and_assignment | pps-study-plan.v1::factors[] | pps-study-plan.v1::schedule.events[] | pps-study-plan.v1::schedule.events[].protocol_binding | pps-study-plan.v1::assignment_and_order_policy,design.study_profile_reference_parameters.dashboard_run_setup | design.protocol.participant_order_policy.part_membership,participant-to-arm allocation | participant visit/session/measurement schedule | session-group/part identifiers | event-specific profile plus parameter overrides
doi:10.1016/j.cognition.2015.07.012::c,doi:10.1016/j.cognition.2015.07.012,noel_2015_bodily_self,Peripersonal space as the space of the bodily self. (c),c,partial,manual_publication_review,2026-08-12,For-AI/audiotactile-paper-metadata-audit/manual_reviews/noel_2015_bodily_self.json,Supplemental front-space receding control; supplement Methods; manual review Segments 2 and 4,,,not_assessed,,,,,,,,{},,counterbalanced_sequence,reported,Within-participant synchronous versus asynchronous stroking blocks in the supplemental receding control.,reported,Two condition-specific PPS blocks per participant with induction and ongoing stroking.,reported,Stroking synchrony varies between blocks and continues during the receding PPS measurement.,reported,Both blocks use the supplemental front-space receding PPS protocol.,reported,Synchronous/asynchronous block order counterbalanced; three PPS trials alternate with 10 s stroking-only periods.,reported,A 60-s stroking induction precedes PPS trials and stroking continues throughout each block.,crossover,within_participant,within_session_block_conditions,1,2,1,1,0,0,0,"{""assignment_scope"":""within_participant"",""design_family"":""crossover"",""pps_occurrence_pattern"":""within_session_block_conditions""}","{""design_topology"":""reported"",""factor_scope_map"":""reported"",""intervention_schedule"":""reported"",""order_assignment_spacing"":""reported"",""pps_occasion_schedule"":""reported"",""protocol_binding"":""reported"",""sample_and_assignment"":""not_assessed""}","{""design_topology"":""Within-participant synchronous versus asynchronous stroking blocks in the supplemental receding control."",""factor_scope_map"":""Stroking synchrony varies between blocks and continues during the receding PPS measurement."",""intervention_schedule"":""A 60-s stroking induction precedes PPS trials and stroking continues throughout each block."",""order_assignment_spacing"":""Synchronous/asynchronous block order counterbalanced; three PPS trials alternate with 10 s stroking-only periods."",""pps_occasion_schedule"":""Two condition-specific PPS blocks per participant with induction and ongoing stroking."",""protocol_binding"":""Both blocks use the supplemental front-space receding PPS protocol."",""sample_and_assignment"":""""}",unsupported_no_typed_study_plan,,pps-study-plan.v1::sample_and_assignment | pps-study-plan.v1::factors[] | pps-study-plan.v1::schedule.events[] | pps-study-plan.v1::schedule.events[].protocol_binding | pps-study-plan.v1::assignment_and_order_policy,design.study_profile_reference_parameters.dashboard_run_setup | design.protocol.participant_order_policy.part_membership,participant-to-arm allocation | participant visit/session/measurement schedule | session-group/part identifiers | event-specific profile plus parameter overrides
doi:10.1016/j.neuropsychologia.2015.03.001::a,doi:10.1016/j.neuropsychologia.2015.03.001,ferri_2015_artificial_valence,Emotion-inducing approaching sounds shape the boundaries of multisensory peripersonal space. (a),a,reported_complete,publication_pdf,2026-08-12,artifacts/paper_metadata_audit/publication_pdfs/doi_10.1016_j.neuropsychologia.2015.03.001__8a3e82fe7431.pdf,"PDF pp.8-10, Experiment 1",,,reported,Twenty healthy participants enrolled; three excluded for poor model fit; seventeen analyzed.,Healthy participants,,Three of 20 enrolled participants were excluded for poor model fit,,17,1,{},Single analyzed cohort completed the integrated valence PPS task.,all_participants,reported,Single-cohort within-participant artificial-sound valence experiment.,reported,One PPS assessment divided equally into two presentation blocks.,reported,Negative brown-noise versus neutral white-noise condition and tactile delay vary within block.,reported,Both blocks use the Experiment 1 artificial-valence PPS protocol.,reported,Target cells were randomly combined and catches randomly intermingled across two equal blocks.,not_applicable,"Valence is manipulated by the concurrent auditory stimulus, not by an intervening phase.",single_measurement,single_cohort,within_session_trial_conditions,1,2,1,1,0,0,0,"{""assignment_scope"":""single_cohort"",""design_family"":""single_measurement"",""pps_occurrence_pattern"":""within_session_trial_conditions"",""sample_and_assignment"":{""analyzed_n"":17,""assignment_summary"":""Single analyzed cohort completed the integrated valence PPS task."",""cohort_or_arm_count"":1,""exclusion_criteria"":""Three of 20 enrolled participants were excluded for poor model fit"",""population_summary"":""Healthy participants""}}","{""design_topology"":""reported"",""factor_scope_map"":""reported"",""intervention_schedule"":""not_applicable"",""order_assignment_spacing"":""reported"",""pps_occasion_schedule"":""reported"",""protocol_binding"":""reported"",""sample_and_assignment"":""reported""}","{""design_topology"":""Single-cohort within-participant artificial-sound valence experiment."",""factor_scope_map"":""Negative brown-noise versus neutral white-noise condition and tactile delay vary within block."",""intervention_schedule"":""Valence is manipulated by the concurrent auditory stimulus, not by an intervening phase."",""order_assignment_spacing"":""Target cells were randomly combined and catches randomly intermingled across two equal blocks."",""pps_occasion_schedule"":""One PPS assessment divided equally into two presentation blocks."",""protocol_binding"":""Both blocks use the Experiment 1 artificial-valence PPS protocol."",""sample_and_assignment"":""Twenty healthy participants enrolled; three excluded for poor model fit; seventeen analyzed.""}",unsupported_no_typed_study_plan,,pps-study-plan.v1::sample_and_assignment | pps-study-plan.v1::factors[] | pps-study-plan.v1::schedule.events[] | pps-study-plan.v1::schedule.events[].protocol_binding | pps-study-plan.v1::assignment_and_order_policy,design.study_profile_reference_parameters.dashboard_run_setup | design.protocol.participant_order_policy.part_membership,participant-to-arm allocation | participant visit/session/measurement schedule | session-group/part identifiers | event-specific profile plus parameter overrides
doi:10.1016/j.neuropsychologia.2015.03.001::b,doi:10.1016/j.neuropsychologia.2015.03.001,ferri_2015_ecological_valence,Emotion-inducing approaching sounds shape the boundaries of multisensory peripersonal space. (b),b,reported_complete,publication_pdf,2026-08-12,artifacts/paper_metadata_audit/publication_pdfs/doi_10.1016_j.neuropsychologia.2015.03.001__8a3e82fe7431.pdf,"PDF pp.10-13, Experiment 2",,,reported,Twenty-five healthy participants enrolled; three excluded for poor model fit; twenty-two analyzed.,Healthy participants,,Three of 25 enrolled participants were excluded for poor model fit,,22,1,{},Single analyzed cohort completed the integrated ecological-sound PPS task.,all_participants,reported,Single-cohort within-participant ecological-sound valence experiment.,reported,One PPS assessment divided equally into four presentation blocks.,reported,Four ecological/IADS sound conditions and tactile delay vary within block.,reported,All blocks use the Experiment 2 ecological-valence PPS protocol.,reported,Target cells were randomly combined and catches randomly intermingled across four equal blocks.,not_applicable,"Valence is manipulated by the concurrent auditory stimulus, not by an intervening phase.",single_measurement,single_cohort,within_session_trial_conditions,1,4,1,1,0,0,0,"{""assignment_scope"":""single_cohort"",""design_family"":""single_measurement"",""pps_occurrence_pattern"":""within_session_trial_conditions"",""sample_and_assignment"":{""analyzed_n"":22,""assignment_summary"":""Single analyzed cohort completed the integrated ecological-sound PPS task."",""cohort_or_arm_count"":1,""exclusion_criteria"":""Three of 25 enrolled participants were excluded for poor model fit"",""population_summary"":""Healthy participants""}}","{""design_topology"":""reported"",""factor_scope_map"":""reported"",""intervention_schedule"":""not_applicable"",""order_assignment_spacing"":""reported"",""pps_occasion_schedule"":""reported"",""protocol_binding"":""reported"",""sample_and_assignment"":""reported""}","{""design_topology"":""Single-cohort within-participant ecological-sound valence experiment."",""factor_scope_map"":""Four ecological/IADS sound conditions and tactile delay vary within block."",""intervention_schedule"":""Valence is manipulated by the concurrent auditory stimulus, not by an intervening phase."",""order_assignment_spacing"":""Target cells were randomly combined and catches randomly intermingled across four equal blocks."",""pps_occasion_schedule"":""One PPS assessment divided equally into four presentation blocks."",""protocol_binding"":""All blocks use the Experiment 2 ecological-valence PPS protocol."",""sample_and_assignment"":""Twenty-five healthy participants enrolled; three excluded for poor model fit; twenty-two analyzed.""}",unsupported_no_typed_study_plan,,pps-study-plan.v1::sample_and_assignment | pps-study-plan.v1::factors[] | pps-study-plan.v1::schedule.events[] | pps-study-plan.v1::schedule.events[].protocol_binding | pps-study-plan.v1::assignment_and_order_policy,design.study_profile_reference_parameters.dashboard_run_setup | design.protocol.participant_order_policy.part_membership,participant-to-arm allocation | participant visit/session/measurement schedule | session-group/part identifiers | event-specific profile plus parameter overrides
doi:10.3389/fpsyt.2014.00122,doi:10.3389/fpsyt.2014.00122,taffou_2014_cynophobic_rear_looming,Cynophobic fear adaptively extends peri-personal space.,,reported_complete,publication_pdf,2026-08-12,artifacts/paper_metadata_audit/publication_pdfs/doi_10.3389_fpsyt.2014.00122__1e91f2bf0fe4.pdf,"PDF pp.2-4, Materials, Main Experiment, and Emotional Evaluation",,,reported,Thirty healthy adults selected from questionnaire extremes formed observed no-fear and dog-fear groups of 15 each.,Healthy dog-fear and no-fear adults,,,,30,2,{},"Questionnaire-extreme observed groups, 15 each.",observed_cohort | all_participants,reported,"Observed two-cohort, single PPS measurement with threatening/nonthreatening sound and left/right rear hemispace varied within trial; emotional ratings occurred before/after.",reported,One 256-trial PPS occasion divided into eight blocks.,reported,"Dog-fear group is between participant; sound threat, rear hemispace, and delay are within PPS; emotional-rating timepoint is a secondary-task factor.",reported,All eight blocks use the same threat-by-hemispace PPS protocol.,reported,"Diagnostic interview, pre-rating, PPS, then post-rating; dog/sheep order counterbalanced within rating task.",not_applicable,No intervention; sound threat is manipulated within PPS trials.,mixed_factorial,observational_cohorts,single_pps,2,4,4,1,0,0,0,"{""assignment_scope"":""observational_cohorts"",""design_family"":""mixed_factorial"",""pps_occurrence_pattern"":""single_pps"",""sample_and_assignment"":{""analyzed_n"":30,""assignment_summary"":""Questionnaire-extreme observed groups, 15 each."",""cohort_or_arm_count"":2,""population_summary"":""Healthy dog-fear and no-fear adults""}}","{""design_topology"":""reported"",""factor_scope_map"":""reported"",""intervention_schedule"":""not_applicable"",""order_assignment_spacing"":""reported"",""pps_occasion_schedule"":""reported"",""protocol_binding"":""reported"",""sample_and_assignment"":""reported""}","{""design_topology"":""Observed two-cohort, single PPS measurement with threatening/nonthreatening sound and left/right rear hemispace varied within trial; emotional ratings occurred before/after."",""factor_scope_map"":""Dog-fear group is between participant; sound threat, rear hemispace, and delay are within PPS; emotional-rating timepoint is a secondary-task factor."",""intervention_schedule"":""No intervention; sound threat is manipulated within PPS trials."",""order_assignment_spacing"":""Diagnostic interview, pre-rating, PPS, then post-rating; dog/sheep order counterbalanced within rating task."",""pps_occasion_schedule"":""One 256-trial PPS occasion divided into eight blocks."",""protocol_binding"":""All eight blocks use the same threat-by-hemispace PPS protocol."",""sample_and_assignment"":""Thirty healthy adults selected from questionnaire extremes formed observed no-fear and dog-fear groups of 15 each.""}",unsupported_no_typed_study_plan,,pps-study-plan.v1::sample_and_assignment | pps-study-plan.v1::factors[] | pps-study-plan.v1::schedule.events[] | pps-study-plan.v1::schedule.events[].protocol_binding | pps-study-plan.v1::assignment_and_order_policy,design.study_profile_reference_parameters.dashboard_run_setup | design.protocol.participant_order_policy.part_membership,participant-to-arm allocation | participant visit/session/measurement schedule | session-group/part identifiers | event-specific profile plus parameter overrides
doi:10.1038/srep02844::a,doi:10.1038/srep02844,,Amputation and prosthesis implantation shape body and peripersonal space representations. (a),a,partial,publication_pdf_adjacent_body_representation,2026-08-13,artifacts/paper_metadata_audit/publication_pdfs/doi_10.1038_srep02844__53600a56bb34.pdf,"PDF pp.6-7, overall structure and Experiment 1 tactile-distance task",,,reported,"Seven amputee participants and seven healthy controls completed Experiment 1; amputees were measured on healthy limb, stump without prosthesis, and stump with prosthesis, while controls were measured on the right arm.",Upper-limb amputees using a functional prosthesis and healthy controls,,,,14,2,"{""amputee"":{""analyzed_n"":7},""healthy_control"":{""analyzed_n"":7}}",Observed amputee/control cohorts; amputees repeated three limb/prosthesis contexts.,observed_cohort | custom | all_participants,reported,Mixed observational-cohort and repeated limb/prosthesis-state tactile-distance design.,not_applicable,"Experiment 1 is an untimed tactile body-representation task, not a PPS measurement occasion.",reported,Amputee versus control cohort is between participant; limb/prosthesis state is repeated within amputees; three participant-scaled tactile distances vary within task.,not_applicable,No auditory PPS profile is bound; the task uses manually delivered forehead and upper-arm touch pairs.,partial,"Experiment 1 preceded Experiment 2 within one approximately 2.5-hour session, but limb/prosthesis-state order and task breaks are not reported.",not_applicable,"Putting the habitual prosthesis on/off is a measurement context, not a training intervention.",mixed_factorial,mixed_between_within,custom,3,9,1,0,0,0,0,"{""assignment_scope"":""mixed_between_within"",""design_family"":""mixed_factorial"",""pps_occurrence_pattern"":""custom"",""sample_and_assignment"":{""analyzed_n"":14,""assignment_summary"":""Observed amputee/control cohorts; amputees repeated three limb/prosthesis contexts."",""cohort_or_arm_count"":2,""per_arm_n"":{""amputee"":{""analyzed_n"":7},""healthy_control"":{""analyzed_n"":7}},""population_summary"":""Upper-limb amputees using a functional prosthesis and healthy controls""}}","{""design_topology"":""reported"",""factor_scope_map"":""reported"",""intervention_schedule"":""not_applicable"",""order_assignment_spacing"":""partial"",""pps_occasion_schedule"":""not_applicable"",""protocol_binding"":""not_applicable"",""sample_and_assignment"":""reported""}","{""design_topology"":""Mixed observational-cohort and repeated limb/prosthesis-state tactile-distance design."",""factor_scope_map"":""Amputee versus control cohort is between participant; limb/prosthesis state is repeated within amputees; three participant-scaled tactile distances vary within task."",""intervention_schedule"":""Putting the habitual prosthesis on/off is a measurement context, not a training intervention."",""order_assignment_spacing"":""Experiment 1 preceded Experiment 2 within one approximately 2.5-hour session, but limb/prosthesis-state order and task breaks are not reported."",""pps_occasion_schedule"":""Experiment 1 is an untimed tactile body-representation task, not a PPS measurement occasion."",""protocol_binding"":""No auditory PPS profile is bound; the task uses manually delivered forehead and upper-arm touch pairs."",""sample_and_assignment"":""Seven amputee participants and seven healthy controls completed Experiment 1; amputees were measured on healthy limb, stump without prosthesis, and stump with prosthesis, while controls were measured on the right arm.""}",unsupported_no_typed_study_plan,,pps-study-plan.v1::sample_and_assignment | pps-study-plan.v1::factors[] | pps-study-plan.v1::schedule.events[] | pps-study-plan.v1::schedule.events[].protocol_binding | pps-study-plan.v1::assignment_and_order_policy,design.study_profile_reference_parameters.dashboard_run_setup | design.protocol.participant_order_policy.part_membership,participant-to-arm allocation | participant visit/session/measurement schedule | session-group/part identifiers | event-specific profile plus parameter overrides
doi:10.1038/srep02844::b,doi:10.1038/srep02844,canzoneri_2013_amputation_prosthesis,Amputation and prosthesis implantation shape body and peripersonal space representations. (b),b,partial,manual_publication_review,2026-08-12,For-AI/audiotactile-paper-metadata-audit/manual_reviews/canzoneri_2013_amputation_prosthesis.json,"PDF p.7, Experiment 2 Methods; manual review Segments 2 and 4",,,partial,"The source review identifies healthy/control, amputated-without-prosthesis, and amputated-with-prosthesis comparisons, but per-arm N and within/between assignment are not disaggregated.",,,,,,,{},,unclear,partial,"Experiment 2 contains prosthesis/limb-context comparisons, but their participant topology is unresolved in the current audit.",reported,Each administered PPS condition uses two approximately 8-min blocks.,partial,Sound direction and tactile timing vary within block; prosthesis/limb context exists but its exact participant/session scope is not normalized.,reported,The same dynamic IN/OUT PPS task is used for the Experiment 2 comparisons.,partial,Target/catch pool randomized and divided equally into two blocks; condition-level order/spacing is unresolved.,not_applicable,Prosthesis state is treated as a measurement context in current evidence; no training phase is reported.,unclear,unclear,multi_scope,1,3,1,1,0,0,0,"{""assignment_scope"":""unclear"",""design_family"":""unclear"",""pps_occurrence_pattern"":""multi_scope""}","{""design_topology"":""partial"",""factor_scope_map"":""partial"",""intervention_schedule"":""not_applicable"",""order_assignment_spacing"":""partial"",""pps_occasion_schedule"":""reported"",""protocol_binding"":""reported"",""sample_and_assignment"":""partial""}","{""design_topology"":""Experiment 2 contains prosthesis/limb-context comparisons, but their participant topology is unresolved in the current audit."",""factor_scope_map"":""Sound direction and tactile timing vary within block; prosthesis/limb context exists but its exact participant/session scope is not normalized."",""intervention_schedule"":""Prosthesis state is treated as a measurement context in current evidence; no training phase is reported."",""order_assignment_spacing"":""Target/catch pool randomized and divided equally into two blocks; condition-level order/spacing is unresolved."",""pps_occasion_schedule"":""Each administered PPS condition uses two approximately 8-min blocks."",""protocol_binding"":""The same dynamic IN/OUT PPS task is used for the Experiment 2 comparisons."",""sample_and_assignment"":""The source review identifies healthy/control, amputated-without-prosthesis, and amputated-with-prosthesis comparisons, but per-arm N and within/between assignment are not disaggregated.""}",unsupported_no_typed_study_plan,,pps-study-plan.v1::sample_and_assignment | pps-study-plan.v1::factors[] | pps-study-plan.v1::schedule.events[] | pps-study-plan.v1::schedule.events[].protocol_binding | pps-study-plan.v1::assignment_and_order_policy,design.study_profile_reference_parameters.dashboard_run_setup | design.protocol.participant_order_policy.part_membership,participant-to-arm allocation | participant visit/session/measurement schedule | session-group/part identifiers | event-specific profile plus parameter overrides
doi:10.1038/srep02844::c,doi:10.1038/srep02844,canzoneri_2013_amputation_prosthesis,Amputation and prosthesis implantation shape body and peripersonal space representations. (c),c,partial,manual_publication_review,2026-08-12,For-AI/audiotactile-paper-metadata-audit/manual_reviews/canzoneri_2013_amputation_prosthesis.json,PDF Experiment 3; manual review Segments 2 and 4,,,partial,"The source review identifies healthy/control and amputated/prosthesis contexts, but per-arm N and the exact within- versus between-participant allocation are not disaggregated for Experiment 3.",,,,,,,{},,unclear,partial,"Experiment 3 compares limb/prosthesis contexts, but the participant topology is unresolved in the current audit.",reported,Each administered PPS condition uses two approximately 8-min blocks.,partial,Sound direction and tactile timing vary within block; limb/prosthesis context exists but its participant/session scope is unresolved.,reported,The dynamic IN/OUT PPS task is used for the Experiment 3 comparisons.,partial,Trials are randomized and divided across two blocks per administered condition; context-level order and spacing remain unresolved.,not_applicable,No intervening training phase is established by the current evidence.,unclear,unclear,multi_scope,1,3,1,1,0,0,0,"{""assignment_scope"":""unclear"",""design_family"":""unclear"",""pps_occurrence_pattern"":""multi_scope""}","{""design_topology"":""partial"",""factor_scope_map"":""partial"",""intervention_schedule"":""not_applicable"",""order_assignment_spacing"":""partial"",""pps_occasion_schedule"":""reported"",""protocol_binding"":""reported"",""sample_and_assignment"":""partial""}","{""design_topology"":""Experiment 3 compares limb/prosthesis contexts, but the participant topology is unresolved in the current audit."",""factor_scope_map"":""Sound direction and tactile timing vary within block; limb/prosthesis context exists but its participant/session scope is unresolved."",""intervention_schedule"":""No intervening training phase is established by the current evidence."",""order_assignment_spacing"":""Trials are randomized and divided across two blocks per administered condition; context-level order and spacing remain unresolved."",""pps_occasion_schedule"":""Each administered PPS condition uses two approximately 8-min blocks."",""protocol_binding"":""The dynamic IN/OUT PPS task is used for the Experiment 3 comparisons."",""sample_and_assignment"":""The source review identifies healthy/control and amputated/prosthesis contexts, but per-arm N and the exact within- versus between-participant allocation are not disaggregated for Experiment 3.""}",unsupported_no_typed_study_plan,,pps-study-plan.v1::sample_and_assignment | pps-study-plan.v1::factors[] | pps-study-plan.v1::schedule.events[] | pps-study-plan.v1::schedule.events[].protocol_binding | pps-study-plan.v1::assignment_and_order_policy,design.study_profile_reference_parameters.dashboard_run_setup | design.protocol.participant_order_policy.part_membership,participant-to-arm allocation | participant visit/session/measurement schedule | session-group/part identifiers | event-specific profile plus parameter overrides
doi:10.1093/neucas/7.2.97,doi:10.1093/neucas/7.2.97,ladavas_2001_auditory_tactile_extinction,Auditory peripersonal space in humans: a case of auditory-tactile extinction.,,not_assessed,,,,,,,,,,,,,,,{},,,,,,,,,,,,,,,,,,0,0,0,0,0,0,0,{},{},{},unsupported_no_typed_study_plan,,pps-study-plan.v1::sample_and_assignment | pps-study-plan.v1::factors[] | pps-study-plan.v1::schedule.events[] | pps-study-plan.v1::schedule.events[].protocol_binding | pps-study-plan.v1::assignment_and_order_policy,design.study_profile_reference_parameters.dashboard_run_setup | design.protocol.participant_order_policy.part_membership,participant-to-arm allocation | participant visit/session/measurement schedule | session-group/part identifiers | event-specific profile plus parameter overrides
doi:10.1371/journal.pone.0006582::a,doi:10.1371/journal.pone.0006582,serino_2009_tms,Motor properties of peripersonal space in humans. (a),a,reported_complete,publication_pdf,2026-08-12,artifacts/paper_metadata_audit/publication_pdfs/doi_10.1371_journal.pone.0006582__fe73a47a3f39.pdf,"PDF pp.2-4, Participants and Procedure",,,reported,"{""analyzed_n"":12,""cohort_or_arm_count"":1,""inclusion_criteria"":""No reported touch or hearing abnormalities."",""population_summary"":""Twelve healthy right-handed adults in Experiment 1 hand-forward.""}",Twelve healthy right-handed adults in Experiment 1 hand-forward.,No reported touch or hearing abnormalities.,,,12,1,{},,crossover_random_order,reported,"One TMS/MEP PPS session with hand near the near speaker; sound position and TMS delay varied within blocks, and TMS intensity varied between blocks.",reported,One static auditory PPS-related MEP measurement occurrence across six experimental blocks.,reported,TMS intensity varies between block; sound distance and pulse delay vary within block.,reported,The event binds to the static hand-centred auditory TMS/MEP protocol for this hand-position experiment.,reported,Six experimental blocks (three/intensity) in randomized order; two intensity-specific PRE and POST baseline blocks bracketed the session.,not_applicable,No intervention or training phase is part of this experiment.,single_measurement,single_cohort,within_session_block_conditions,1,2,1,1,0,1,1,"{""assignment_scope"":""single_cohort"",""design_family"":""single_measurement"",""pps_occurrence_pattern"":""within_session_block_conditions"",""sample_and_assignment"":{""analyzed_n"":12,""cohort_or_arm_count"":1,""inclusion_criteria"":""No reported touch or hearing abnormalities."",""population_summary"":""Twelve healthy right-handed adults in Experiment 1 hand-forward.""}}","{""design_topology"":""reported"",""factor_scope_map"":""reported"",""intervention_schedule"":""not_applicable"",""order_assignment_spacing"":""reported"",""pps_occasion_schedule"":""reported"",""protocol_binding"":""reported"",""sample_and_assignment"":""reported""}","{""design_topology"":""One TMS/MEP PPS session with hand near the near speaker; sound position and TMS delay varied within blocks, and TMS intensity varied between blocks."",""factor_scope_map"":""TMS intensity varies between block; sound distance and pulse delay vary within block."",""intervention_schedule"":""No intervention or training phase is part of this experiment."",""order_assignment_spacing"":""Six experimental blocks (three/intensity) in randomized order; two intensity-specific PRE and POST baseline blocks bracketed the session."",""pps_occasion_schedule"":""One static auditory PPS-related MEP measurement occurrence across six experimental blocks."",""protocol_binding"":""The event binds to the static hand-centred auditory TMS/MEP protocol for this hand-position experiment."",""sample_and_assignment"":{""analyzed_n"":12,""cohort_or_arm_count"":1,""inclusion_criteria"":""No reported touch or hearing abnormalities."",""population_summary"":""Twelve healthy right-handed adults in Experiment 1 hand-forward.""}}",unsupported_no_typed_study_plan,,pps-study-plan.v1::sample_and_assignment | pps-study-plan.v1::factors[] | pps-study-plan.v1::schedule.events[] | pps-study-plan.v1::schedule.events[].protocol_binding | pps-study-plan.v1::assignment_and_order_policy,design.study_profile_reference_parameters.dashboard_run_setup | design.protocol.participant_order_policy.part_membership,participant-to-arm allocation | participant visit/session/measurement schedule | session-group/part identifiers | event-specific profile plus parameter overrides
doi:10.1371/journal.pone.0006582::b,doi:10.1371/journal.pone.0006582,serino_2009_tms,Motor properties of peripersonal space in humans. (b),b,reported_complete,publication_pdf,2026-08-12,artifacts/paper_metadata_audit/publication_pdfs/doi_10.1371_journal.pone.0006582__fe73a47a3f39.pdf,"PDF pp.2-4, Participants and Procedure",,,reported,"{""analyzed_n"":12,""cohort_or_arm_count"":1,""inclusion_criteria"":""No reported touch or hearing abnormalities."",""population_summary"":""Twelve healthy right-handed adults in Experiment 2 hand-backward.""}",Twelve healthy right-handed adults in Experiment 2 hand-backward.,No reported touch or hearing abnormalities.,,,12,1,{},,crossover_random_order,reported,"One TMS/MEP PPS session with hand displaced away from both speakers; sound position and TMS delay varied within blocks, and TMS intensity varied between blocks.",reported,One static auditory PPS-related MEP measurement occurrence across six experimental blocks.,reported,TMS intensity varies between block; sound distance and pulse delay vary within block.,reported,The event binds to the static hand-centred auditory TMS/MEP protocol for this hand-position experiment.,reported,Six experimental blocks (three/intensity) in randomized order; two intensity-specific PRE and POST baseline blocks bracketed the session.,not_applicable,No intervention or training phase is part of this experiment.,single_measurement,single_cohort,within_session_block_conditions,1,2,1,1,0,1,1,"{""assignment_scope"":""single_cohort"",""design_family"":""single_measurement"",""pps_occurrence_pattern"":""within_session_block_conditions"",""sample_and_assignment"":{""analyzed_n"":12,""cohort_or_arm_count"":1,""inclusion_criteria"":""No reported touch or hearing abnormalities."",""population_summary"":""Twelve healthy right-handed adults in Experiment 2 hand-backward.""}}","{""design_topology"":""reported"",""factor_scope_map"":""reported"",""intervention_schedule"":""not_applicable"",""order_assignment_spacing"":""reported"",""pps_occasion_schedule"":""reported"",""protocol_binding"":""reported"",""sample_and_assignment"":""reported""}","{""design_topology"":""One TMS/MEP PPS session with hand displaced away from both speakers; sound position and TMS delay varied within blocks, and TMS intensity varied between blocks."",""factor_scope_map"":""TMS intensity varies between block; sound distance and pulse delay vary within block."",""intervention_schedule"":""No intervention or training phase is part of this experiment."",""order_assignment_spacing"":""Six experimental blocks (three/intensity) in randomized order; two intensity-specific PRE and POST baseline blocks bracketed the session."",""pps_occasion_schedule"":""One static auditory PPS-related MEP measurement occurrence across six experimental blocks."",""protocol_binding"":""The event binds to the static hand-centred auditory TMS/MEP protocol for this hand-position experiment."",""sample_and_assignment"":{""analyzed_n"":12,""cohort_or_arm_count"":1,""inclusion_criteria"":""No reported touch or hearing abnormalities."",""population_summary"":""Twelve healthy right-handed adults in Experiment 2 hand-backward.""}}",unsupported_no_typed_study_plan,,pps-study-plan.v1::sample_and_assignment | pps-study-plan.v1::factors[] | pps-study-plan.v1::schedule.events[] | pps-study-plan.v1::schedule.events[].protocol_binding | pps-study-plan.v1::assignment_and_order_policy,design.study_profile_reference_parameters.dashboard_run_setup | design.protocol.participant_order_policy.part_membership,participant-to-arm allocation | participant visit/session/measurement schedule | session-group/part identifiers | event-specific profile plus parameter overrides
doi:10.3389/fnbeh.2015.00004::a,doi:10.3389/fnbeh.2015.00004,serino_2015_toolless_sync_training,Extending peripersonal space representation without tool-use: evidence from a combined behavioral-computational approach. (a),a,not_applicable,publication_pdf,2026-08-12,artifacts/paper_metadata_audit/publication_pdfs/doi_10.3389_fnbeh.2015.00004__fc05fe5e1bbf.pdf,"PDF pp.3-8, Simulation Study","Computational simulation instance has no participant assignment, PPS occasions, or external event schedule.",,not_applicable,"Computational simulation instance has no participant assignment, PPS occasions, or external event schedule.",,,,,,,{},,,not_applicable,"Computational simulation instance has no participant assignment, PPS occasions, or external event schedule.",not_applicable,"Computational simulation instance has no participant assignment, PPS occasions, or external event schedule.",not_applicable,"Computational simulation instance has no participant assignment, PPS occasions, or external event schedule.",not_applicable,"Computational simulation instance has no participant assignment, PPS occasions, or external event schedule.",not_applicable,"Computational simulation instance has no participant assignment, PPS occasions, or external event schedule.",not_applicable,"Computational simulation instance has no participant assignment, PPS occasions, or external event schedule.",unclear,unclear,custom,0,0,0,0,0,0,0,"{""assignment_scope"":""unclear"",""design_family"":""unclear"",""pps_occurrence_pattern"":""custom""}","{""design_topology"":""not_applicable"",""factor_scope_map"":""not_applicable"",""intervention_schedule"":""not_applicable"",""order_assignment_spacing"":""not_applicable"",""pps_occasion_schedule"":""not_applicable"",""protocol_binding"":""not_applicable"",""sample_and_assignment"":""not_applicable""}","{""design_topology"":""Computational simulation instance has no participant assignment, PPS occasions, or external event schedule."",""factor_scope_map"":""Computational simulation instance has no participant assignment, PPS occasions, or external event schedule."",""intervention_schedule"":""Computational simulation instance has no participant assignment, PPS occasions, or external event schedule."",""order_assignment_spacing"":""Computational simulation instance has no participant assignment, PPS occasions, or external event schedule."",""pps_occasion_schedule"":""Computational simulation instance has no participant assignment, PPS occasions, or external event schedule."",""protocol_binding"":""Computational simulation instance has no participant assignment, PPS occasions, or external event schedule."",""sample_and_assignment"":""Computational simulation instance has no participant assignment, PPS occasions, or external event schedule.""}",unsupported_no_typed_study_plan,,pps-study-plan.v1::sample_and_assignment | pps-study-plan.v1::factors[] | pps-study-plan.v1::schedule.events[] | pps-study-plan.v1::schedule.events[].protocol_binding | pps-study-plan.v1::assignment_and_order_policy,design.study_profile_reference_parameters.dashboard_run_setup | design.protocol.participant_order_policy.part_membership,participant-to-arm allocation | participant visit/session/measurement schedule | session-group/part identifiers | event-specific profile plus parameter overrides
doi:10.3389/fnbeh.2015.00004::b,doi:10.3389/fnbeh.2015.00004,serino_2015_toolless_sync_training,Extending peripersonal space representation without tool-use: evidence from a combined behavioral-computational approach. (b),b,conflicting_evidence,publication_pdf,2026-08-12,artifacts/paper_metadata_audit/publication_pdfs/doi_10.3389_fnbeh.2015.00004__fc05fe5e1bbf.pdf,"PDF pp.8-10, Behavioral Study",,,reported,Sixteen healthy participants completed both synchronous and asynchronous training days; day order counterbalanced.,Healthy adults,,,,16,1,{},All completed both counterbalanced training days.,counterbalanced_sequence | fixed_order,reported,"Within-participant crossover over two days, each with PPS before/after training and synchronous versus 500-ms-asynchronous training.",conflicting_evidence,"Paper states PPS before and after training on each day, but also two training sessions each intermingled with one assessment block; exact assessment count/order cannot be uniquely reconstructed.",reported,Training type is between visit; pre/post is between measurement; sound direction/distance varies within PPS.,reported,Every assessment uses the same IN/OUT five-delay PPS protocol; training uses distinct pencil-tap/solenoid stimuli and is external.,reported,"Synchronous/asynchronous days counterbalanced; days separate, spacing not quantified.",conflicting_evidence,"Each day includes two approximately 5-min training sessions, but their exact placement relative to all assessment blocks is ambiguously worded.",crossover,within_participant,repeated_multi_timepoint,2,4,3,2,0,0,0,"{""assignment_scope"":""within_participant"",""design_family"":""crossover"",""pps_occurrence_pattern"":""repeated_multi_timepoint"",""sample_and_assignment"":{""analyzed_n"":16,""assignment_summary"":""All completed both counterbalanced training days."",""cohort_or_arm_count"":1,""population_summary"":""Healthy adults""}}","{""design_topology"":""reported"",""factor_scope_map"":""reported"",""intervention_schedule"":""conflicting_evidence"",""order_assignment_spacing"":""reported"",""pps_occasion_schedule"":""conflicting_evidence"",""protocol_binding"":""reported"",""sample_and_assignment"":""reported""}","{""design_topology"":""Within-participant crossover over two days, each with PPS before/after training and synchronous versus 500-ms-asynchronous training."",""factor_scope_map"":""Training type is between visit; pre/post is between measurement; sound direction/distance varies within PPS."",""intervention_schedule"":""Each day includes two approximately 5-min training sessions, but their exact placement relative to all assessment blocks is ambiguously worded."",""order_assignment_spacing"":""Synchronous/asynchronous days counterbalanced; days separate, spacing not quantified."",""pps_occasion_schedule"":""Paper states PPS before and after training on each day, but also two training sessions each intermingled with one assessment block; exact assessment count/order cannot be uniquely reconstructed."",""protocol_binding"":""Every assessment uses the same IN/OUT five-delay PPS protocol; training uses distinct pencil-tap/solenoid stimuli and is external."",""sample_and_assignment"":""Sixteen healthy participants completed both synchronous and asynchronous training days; day order counterbalanced.""}",unsupported_no_typed_study_plan,,pps-study-plan.v1::sample_and_assignment | pps-study-plan.v1::factors[] | pps-study-plan.v1::schedule.events[] | pps-study-plan.v1::schedule.events[].protocol_binding | pps-study-plan.v1::assignment_and_order_policy,design.study_profile_reference_parameters.dashboard_run_setup | design.protocol.participant_order_policy.part_membership,participant-to-arm allocation | participant visit/session/measurement schedule | session-group/part identifiers | event-specific profile plus parameter overrides
doi:10.1093/cercor/bhy156,doi:10.1093/cercor/bhy156,ieeg_trunk_2018,Audio-Tactile and Peripersonal Space Processing Around the Trunk in Human Parietal and Temporal Cortex: An Intracranial EEG Study.,,reported_complete,publication_pdf,2026-08-12,artifacts/paper_metadata_audit/publication_pdfs/doi_10.1093_cercor_bhy156__f189969f0e21.pdf,"PDF p.3 (publication) / pp.4-5 (preprint), Participants and Procedures",Peer-reviewed publication.,,reported,"{""analyzed_n"":6,""cohort_or_arm_count"":1,""population_summary"":""Six patients with pharmacoresistant epilepsy undergoing clinical intracranial monitoring.""}",Six patients with pharmacoresistant epilepsy undergoing clinical intracranial monitoring.,,,,6,1,{},,all_participants,reported,"One passive intracranial-EEG PPS task with auditory-only, tactile-only, and audio-tactile trials randomized together.",reported,One passive PPS occurrence lasting about 20 minutes.,reported,Sensory modality and audio-tactile distance vary within the randomized task.,reported,All task conditions bind to the passive trunk-centred iEEG protocol for this DOI version.,reported,All three trial families were presented in randomized order; no separate condition blocks were reported.,not_applicable,No intervention or training phase is part of this experiment.,single_measurement,single_cohort,within_session_trial_conditions,1,3,1,1,0,1,1,"{""assignment_scope"":""single_cohort"",""design_family"":""single_measurement"",""pps_occurrence_pattern"":""within_session_trial_conditions"",""sample_and_assignment"":{""analyzed_n"":6,""cohort_or_arm_count"":1,""population_summary"":""Six patients with pharmacoresistant epilepsy undergoing clinical intracranial monitoring.""}}","{""design_topology"":""reported"",""factor_scope_map"":""reported"",""intervention_schedule"":""not_applicable"",""order_assignment_spacing"":""reported"",""pps_occasion_schedule"":""reported"",""protocol_binding"":""reported"",""sample_and_assignment"":""reported""}","{""design_topology"":""One passive intracranial-EEG PPS task with auditory-only, tactile-only, and audio-tactile trials randomized together."",""factor_scope_map"":""Sensory modality and audio-tactile distance vary within the randomized task."",""intervention_schedule"":""No intervention or training phase is part of this experiment."",""order_assignment_spacing"":""All three trial families were presented in randomized order; no separate condition blocks were reported."",""pps_occasion_schedule"":""One passive PPS occurrence lasting about 20 minutes."",""protocol_binding"":""All task conditions bind to the passive trunk-centred iEEG protocol for this DOI version."",""sample_and_assignment"":{""analyzed_n"":6,""cohort_or_arm_count"":1,""population_summary"":""Six patients with pharmacoresistant epilepsy undergoing clinical intracranial monitoring.""}}",unsupported_no_typed_study_plan,,pps-study-plan.v1::sample_and_assignment | pps-study-plan.v1::factors[] | pps-study-plan.v1::schedule.events[] | pps-study-plan.v1::schedule.events[].protocol_binding | pps-study-plan.v1::assignment_and_order_policy,design.study_profile_reference_parameters.dashboard_run_setup | design.protocol.participant_order_policy.part_membership,participant-to-arm allocation | participant visit/session/measurement schedule | session-group/part identifiers | event-specific profile plus parameter overrides
doi:10.3389/fpsyg.2015.00639::a,doi:10.3389/fpsyg.2015.00639,galli_2015_wheelchair,The wheelchair as a full-body tool extending the peripersonal space. (a),a,reported_complete,publication_pdf,2026-08-12,artifacts/paper_metadata_audit/publication_pdfs/doi_10.3389_fpsyg.2015.00639__916433c471c3.pdf,"PDF pp.2-5, Participants, PPS Task, and Procedure",,,reported,"Thirty-seven recruited participants were randomly assigned across three experiment groups; one excluded, leaving 12 analyzed in this experiment.",Healthy wheelchair-naive adults,,,,12,1,{},Randomized to one of three formal experiment groups; all in this row complete pre/post.,fixed_order | random_parallel,reported,"Parallel assignment between formal experiments, with a repeated pre/post PPS measure around a active wheelchair intervention within this experiment.",reported,One 216-trial PPS session before and the identical session after wheelchair use.,reported,Experiment/wheelchair mode is between participant; timepoint is between measurement; front/back distance varies within PPS.,reported,Same front/back 12-location PPS protocol at pre and post.,reported,Fixed PPS-pre -> approximately 13-min wheelchair use -> PPS-post.,reported,Participants manually propelled the wheelchair through the skills course.,mixed_factorial,mixed_between_within,repeated_pre_post,2,3,4,2,0,0,0,"{""assignment_scope"":""mixed_between_within"",""design_family"":""mixed_factorial"",""pps_occurrence_pattern"":""repeated_pre_post"",""sample_and_assignment"":{""analyzed_n"":12,""assignment_summary"":""Randomized to one of three formal experiment groups; all in this row complete pre/post."",""cohort_or_arm_count"":1,""population_summary"":""Healthy wheelchair-naive adults""}}","{""design_topology"":""reported"",""factor_scope_map"":""reported"",""intervention_schedule"":""reported"",""order_assignment_spacing"":""reported"",""pps_occasion_schedule"":""reported"",""protocol_binding"":""reported"",""sample_and_assignment"":""reported""}","{""design_topology"":""Parallel assignment between formal experiments, with a repeated pre/post PPS measure around a active wheelchair intervention within this experiment."",""factor_scope_map"":""Experiment/wheelchair mode is between participant; timepoint is between measurement; front/back distance varies within PPS."",""intervention_schedule"":""Participants manually propelled the wheelchair through the skills course."",""order_assignment_spacing"":""Fixed PPS-pre -> approximately 13-min wheelchair use -> PPS-post."",""pps_occasion_schedule"":""One 216-trial PPS session before and the identical session after wheelchair use."",""protocol_binding"":""Same front/back 12-location PPS protocol at pre and post."",""sample_and_assignment"":""Thirty-seven recruited participants were randomly assigned across three experiment groups; one excluded, leaving 12 analyzed in this experiment.""}",unsupported_no_typed_study_plan,,pps-study-plan.v1::sample_and_assignment | pps-study-plan.v1::factors[] | pps-study-plan.v1::schedule.events[] | pps-study-plan.v1::schedule.events[].protocol_binding | pps-study-plan.v1::assignment_and_order_policy,design.study_profile_reference_parameters.dashboard_run_setup | design.protocol.participant_order_policy.part_membership,participant-to-arm allocation | participant visit/session/measurement schedule | session-group/part identifiers | event-specific profile plus parameter overrides
doi:10.3389/fpsyg.2015.00639::b,doi:10.3389/fpsyg.2015.00639,galli_2015_wheelchair,The wheelchair as a full-body tool extending the peripersonal space. (b),b,reported_complete,publication_pdf,2026-08-12,artifacts/paper_metadata_audit/publication_pdfs/doi_10.3389_fpsyg.2015.00639__916433c471c3.pdf,"PDF pp.2-5, Participants, PPS Task, and Procedure",,,reported,"Thirty-seven recruited participants were randomly assigned across three experiment groups; one excluded, leaving 12 analyzed in this experiment.",Healthy wheelchair-naive adults,,,,12,1,{},Randomized to one of three formal experiment groups; all in this row complete pre/post.,fixed_order | random_parallel,reported,"Parallel assignment between formal experiments, with a repeated pre/post PPS measure around a passive wheelchair intervention within this experiment.",reported,One 216-trial PPS session before and the identical session after wheelchair use.,reported,Experiment/wheelchair mode is between participant; timepoint is between measurement; front/back distance varies within PPS.,reported,Same front/back 12-location PPS protocol at pre and post.,reported,Fixed PPS-pre -> approximately 13-min wheelchair use -> PPS-post.,reported,Experimenter propelled the wheelchair while participants remained sighted.,mixed_factorial,mixed_between_within,repeated_pre_post,2,3,4,2,0,0,0,"{""assignment_scope"":""mixed_between_within"",""design_family"":""mixed_factorial"",""pps_occurrence_pattern"":""repeated_pre_post"",""sample_and_assignment"":{""analyzed_n"":12,""assignment_summary"":""Randomized to one of three formal experiment groups; all in this row complete pre/post."",""cohort_or_arm_count"":1,""population_summary"":""Healthy wheelchair-naive adults""}}","{""design_topology"":""reported"",""factor_scope_map"":""reported"",""intervention_schedule"":""reported"",""order_assignment_spacing"":""reported"",""pps_occasion_schedule"":""reported"",""protocol_binding"":""reported"",""sample_and_assignment"":""reported""}","{""design_topology"":""Parallel assignment between formal experiments, with a repeated pre/post PPS measure around a passive wheelchair intervention within this experiment."",""factor_scope_map"":""Experiment/wheelchair mode is between participant; timepoint is between measurement; front/back distance varies within PPS."",""intervention_schedule"":""Experimenter propelled the wheelchair while participants remained sighted."",""order_assignment_spacing"":""Fixed PPS-pre -> approximately 13-min wheelchair use -> PPS-post."",""pps_occasion_schedule"":""One 216-trial PPS session before and the identical session after wheelchair use."",""protocol_binding"":""Same front/back 12-location PPS protocol at pre and post."",""sample_and_assignment"":""Thirty-seven recruited participants were randomly assigned across three experiment groups; one excluded, leaving 12 analyzed in this experiment.""}",unsupported_no_typed_study_plan,,pps-study-plan.v1::sample_and_assignment | pps-study-plan.v1::factors[] | pps-study-plan.v1::schedule.events[] | pps-study-plan.v1::schedule.events[].protocol_binding | pps-study-plan.v1::assignment_and_order_policy,design.study_profile_reference_parameters.dashboard_run_setup | design.protocol.participant_order_policy.part_membership,participant-to-arm allocation | participant visit/session/measurement schedule | session-group/part identifiers | event-specific profile plus parameter overrides
doi:10.3389/fpsyg.2015.00639::c,doi:10.3389/fpsyg.2015.00639,galli_2015_wheelchair,The wheelchair as a full-body tool extending the peripersonal space. (c),c,reported_complete,publication_pdf,2026-08-12,artifacts/paper_metadata_audit/publication_pdfs/doi_10.3389_fpsyg.2015.00639__916433c471c3.pdf,"PDF pp.2-5, Participants, PPS Task, and Procedure",,,reported,"Thirty-seven recruited participants were randomly assigned across three experiment groups; one excluded, leaving 12 analyzed in this experiment.",Healthy wheelchair-naive adults,,,,12,1,{},Randomized to one of three formal experiment groups; all in this row complete pre/post.,fixed_order | random_parallel,reported,"Parallel assignment between formal experiments, with a repeated pre/post PPS measure around a blindfolded passive wheelchair intervention within this experiment.",reported,One 216-trial PPS session before and the identical session after wheelchair use.,reported,Experiment/wheelchair mode is between participant; timepoint is between measurement; front/back distance varies within PPS.,reported,Same front/back 12-location PPS protocol at pre and post.,reported,Fixed PPS-pre -> approximately 13-min wheelchair use -> PPS-post.,reported,Experimenter propelled the wheelchair while participants were blindfolded.,mixed_factorial,mixed_between_within,repeated_pre_post,2,3,4,2,0,0,0,"{""assignment_scope"":""mixed_between_within"",""design_family"":""mixed_factorial"",""pps_occurrence_pattern"":""repeated_pre_post"",""sample_and_assignment"":{""analyzed_n"":12,""assignment_summary"":""Randomized to one of three formal experiment groups; all in this row complete pre/post."",""cohort_or_arm_count"":1,""population_summary"":""Healthy wheelchair-naive adults""}}","{""design_topology"":""reported"",""factor_scope_map"":""reported"",""intervention_schedule"":""reported"",""order_assignment_spacing"":""reported"",""pps_occasion_schedule"":""reported"",""protocol_binding"":""reported"",""sample_and_assignment"":""reported""}","{""design_topology"":""Parallel assignment between formal experiments, with a repeated pre/post PPS measure around a blindfolded passive wheelchair intervention within this experiment."",""factor_scope_map"":""Experiment/wheelchair mode is between participant; timepoint is between measurement; front/back distance varies within PPS."",""intervention_schedule"":""Experimenter propelled the wheelchair while participants were blindfolded."",""order_assignment_spacing"":""Fixed PPS-pre -> approximately 13-min wheelchair use -> PPS-post."",""pps_occasion_schedule"":""One 216-trial PPS session before and the identical session after wheelchair use."",""protocol_binding"":""Same front/back 12-location PPS protocol at pre and post."",""sample_and_assignment"":""Thirty-seven recruited participants were randomly assigned across three experiment groups; one excluded, leaving 12 analyzed in this experiment.""}",unsupported_no_typed_study_plan,,pps-study-plan.v1::sample_and_assignment | pps-study-plan.v1::factors[] | pps-study-plan.v1::schedule.events[] | pps-study-plan.v1::schedule.events[].protocol_binding | pps-study-plan.v1::assignment_and_order_policy,design.study_profile_reference_parameters.dashboard_run_setup | design.protocol.participant_order_policy.part_membership,participant-to-arm allocation | participant visit/session/measurement schedule | session-group/part identifiers | event-specific profile plus parameter overrides
doi:10.3389/fict.2017.00031::a,doi:10.3389/fict.2017.00031,serino_2018_mixed_reality_pps,"Peripersonal Space: An Index of Multisensory Body–Environment Interactions in Real, Virtual, and Mixed Realities (a)",a,not_applicable,publication_pdf,2026-08-12,artifacts/paper_metadata_audit/publication_pdfs/doi_10.3389_fict.2017.00031__f2e7eb47ab97.pdf,"PDF pp.3, 5-8, Experiment 1",Formal empirical instance is visuotactile-only and outside this auditory PPS structure audit.,,not_applicable,Formal empirical instance is visuotactile-only and outside this auditory PPS structure audit.,,,,,,,{},,,not_applicable,Formal empirical instance is visuotactile-only and outside this auditory PPS structure audit.,not_applicable,Formal empirical instance is visuotactile-only and outside this auditory PPS structure audit.,not_applicable,Formal empirical instance is visuotactile-only and outside this auditory PPS structure audit.,not_applicable,Formal empirical instance is visuotactile-only and outside this auditory PPS structure audit.,not_applicable,Formal empirical instance is visuotactile-only and outside this auditory PPS structure audit.,not_applicable,Formal empirical instance is visuotactile-only and outside this auditory PPS structure audit.,unclear,unclear,custom,0,0,0,0,0,0,0,"{""assignment_scope"":""unclear"",""design_family"":""unclear"",""pps_occurrence_pattern"":""custom""}","{""design_topology"":""not_applicable"",""factor_scope_map"":""not_applicable"",""intervention_schedule"":""not_applicable"",""order_assignment_spacing"":""not_applicable"",""pps_occasion_schedule"":""not_applicable"",""protocol_binding"":""not_applicable"",""sample_and_assignment"":""not_applicable""}","{""design_topology"":""Formal empirical instance is visuotactile-only and outside this auditory PPS structure audit."",""factor_scope_map"":""Formal empirical instance is visuotactile-only and outside this auditory PPS structure audit."",""intervention_schedule"":""Formal empirical instance is visuotactile-only and outside this auditory PPS structure audit."",""order_assignment_spacing"":""Formal empirical instance is visuotactile-only and outside this auditory PPS structure audit."",""pps_occasion_schedule"":""Formal empirical instance is visuotactile-only and outside this auditory PPS structure audit."",""protocol_binding"":""Formal empirical instance is visuotactile-only and outside this auditory PPS structure audit."",""sample_and_assignment"":""Formal empirical instance is visuotactile-only and outside this auditory PPS structure audit.""}",unsupported_no_typed_study_plan,,pps-study-plan.v1::sample_and_assignment | pps-study-plan.v1::factors[] | pps-study-plan.v1::schedule.events[] | pps-study-plan.v1::schedule.events[].protocol_binding | pps-study-plan.v1::assignment_and_order_policy,design.study_profile_reference_parameters.dashboard_run_setup | design.protocol.participant_order_policy.part_membership,participant-to-arm allocation | participant visit/session/measurement schedule | session-group/part identifiers | event-specific profile plus parameter overrides
doi:10.3389/fict.2017.00031::b,doi:10.3389/fict.2017.00031,serino_2018_mixed_reality_pps,"Peripersonal Space: An Index of Multisensory Body–Environment Interactions in Real, Virtual, and Mixed Realities (b)",b,reported_complete,publication_pdf,2026-08-12,artifacts/paper_metadata_audit/publication_pdfs/doi_10.3389_fict.2017.00031__f2e7eb47ab97.pdf,"PDF pp.3-8, Experiment 2",,,reported,Twenty-six right-handed healthy students completed the trimodal Experiment 2.,Healthy right-handed students,,,,26,1,{},All completed trimodal task.,,reported,Single-cohort trimodal PPS measurement with trial family/distance varied within participant over four blocks.,reported,One PPS occasion divided into four 135-trial blocks.,reported,Trimodal/tactile-only/audiovisual-only family and five delays vary within measurement.,reported,All four blocks bind to the Experiment 2 trimodal RealiSM/ExpyVR protocol.,reported,Four sequential approximately 12-min blocks; break duration/order details not reported.,not_applicable,No intervention.,single_measurement,single_cohort,single_pps,0,0,1,1,0,0,0,"{""assignment_scope"":""single_cohort"",""design_family"":""single_measurement"",""pps_occurrence_pattern"":""single_pps"",""sample_and_assignment"":{""analyzed_n"":26,""assignment_summary"":""All completed trimodal task."",""cohort_or_arm_count"":1,""population_summary"":""Healthy right-handed students""}}","{""design_topology"":""reported"",""factor_scope_map"":""reported"",""intervention_schedule"":""not_applicable"",""order_assignment_spacing"":""reported"",""pps_occasion_schedule"":""reported"",""protocol_binding"":""reported"",""sample_and_assignment"":""reported""}","{""design_topology"":""Single-cohort trimodal PPS measurement with trial family/distance varied within participant over four blocks."",""factor_scope_map"":""Trimodal/tactile-only/audiovisual-only family and five delays vary within measurement."",""intervention_schedule"":""No intervention."",""order_assignment_spacing"":""Four sequential approximately 12-min blocks; break duration/order details not reported."",""pps_occasion_schedule"":""One PPS occasion divided into four 135-trial blocks."",""protocol_binding"":""All four blocks bind to the Experiment 2 trimodal RealiSM/ExpyVR protocol."",""sample_and_assignment"":""Twenty-six right-handed healthy students completed the trimodal Experiment 2.""}",unsupported_no_typed_study_plan,,pps-study-plan.v1::sample_and_assignment | pps-study-plan.v1::factors[] | pps-study-plan.v1::schedule.events[] | pps-study-plan.v1::schedule.events[].protocol_binding | pps-study-plan.v1::assignment_and_order_policy,design.study_profile_reference_parameters.dashboard_run_setup | design.protocol.participant_order_policy.part_membership,participant-to-arm allocation | participant visit/session/measurement schedule | session-group/part identifiers | event-specific profile plus parameter overrides
doi:10.1016/j.cortex.2017.08.033,doi:10.1016/j.cortex.2017.08.033,social_perception_2017,Social perception of others shapes one's own multisensory peripersonal space.,,not_assessed,,,,,,,,,,,,,,,{},,,,,,,,,,,,,,,,,,0,0,0,0,0,0,0,{},{},{},unsupported_no_typed_study_plan,,pps-study-plan.v1::sample_and_assignment | pps-study-plan.v1::factors[] | pps-study-plan.v1::schedule.events[] | pps-study-plan.v1::schedule.events[].protocol_binding | pps-study-plan.v1::assignment_and_order_policy,design.study_profile_reference_parameters.dashboard_run_setup | design.protocol.participant_order_policy.part_membership,participant-to-arm allocation | participant visit/session/measurement schedule | session-group/part identifiers | event-specific profile plus parameter overrides
doi:10.1016/j.neuropsychologia.2014.10.027,doi:10.1016/j.neuropsychologia.2014.10.027,maister_2015_shared_sensory,Your place or mine: shared sensory experiences elicit a remapping of peripersonal space.,,reported_complete,publication_pdf,2026-08-12,artifacts/paper_metadata_audit/publication_pdfs/doi_10.1016_j.neuropsychologia.2014.10.027__eb43a15b294b.pdf,"PDF pp.7-11, Participants, design, and procedure",,,reported,16 healthy female participants; every participant completed both synchronous and asynchronous IMS blocks.,,,,,16,1,{},All participants completed both counterbalanced IMS conditions.,counterbalanced_sequence | fixed_order,reported,"Within-participant counterbalanced crossover of synchronous versus asynchronous interpersonal multisensory stimulation, each with pre/post PPS measures.",reported,"Two consecutive condition blocks; each block contains pre-PPS, 2-min IMS, post-PPS, then questionnaire (four PPS measurements total).",reported,IMS synchrony varies between counterbalanced blocks; pre/post timepoint varies between PPS measurements within each block; sound delay varies within each PPS task.,reported,All four PPS occasions use the same 50-trial interpersonal looming protocol; only IMS condition and timepoint differ.,reported,Synchronous/asynchronous block order and confederate assignment are counterbalanced; within each block pre-intervention-post order is fixed.,reported,A 2-min synchronous or asynchronous visuo-tactile IMS intervention occurs between pre- and post-PPS measures in each condition block.,crossover,within_participant,multi_scope,2,4,3,2,0,0,2,"{""assignment_scope"":""within_participant"",""design_family"":""crossover"",""pps_occurrence_pattern"":""multi_scope"",""sample_and_assignment"":{""analyzed_n"":16,""assignment_summary"":""All participants completed both counterbalanced IMS conditions."",""cohort_or_arm_count"":1}}","{""design_topology"":""reported"",""factor_scope_map"":""reported"",""intervention_schedule"":""reported"",""order_assignment_spacing"":""reported"",""pps_occasion_schedule"":""reported"",""protocol_binding"":""reported"",""sample_and_assignment"":""reported""}","{""design_topology"":""Within-participant counterbalanced crossover of synchronous versus asynchronous interpersonal multisensory stimulation, each with pre/post PPS measures."",""factor_scope_map"":""IMS synchrony varies between counterbalanced blocks; pre/post timepoint varies between PPS measurements within each block; sound delay varies within each PPS task."",""intervention_schedule"":""A 2-min synchronous or asynchronous visuo-tactile IMS intervention occurs between pre- and post-PPS measures in each condition block."",""order_assignment_spacing"":""Synchronous/asynchronous block order and confederate assignment are counterbalanced; within each block pre-intervention-post order is fixed."",""pps_occasion_schedule"":""Two consecutive condition blocks; each block contains pre-PPS, 2-min IMS, post-PPS, then questionnaire (four PPS measurements total)."",""protocol_binding"":""All four PPS occasions use the same 50-trial interpersonal looming protocol; only IMS condition and timepoint differ."",""sample_and_assignment"":""16 healthy female participants; every participant completed both synchronous and asynchronous IMS blocks.""}",unsupported_no_typed_study_plan,,pps-study-plan.v1::sample_and_assignment | pps-study-plan.v1::factors[] | pps-study-plan.v1::schedule.events[] | pps-study-plan.v1::schedule.events[].protocol_binding | pps-study-plan.v1::assignment_and_order_policy,design.study_profile_reference_parameters.dashboard_run_setup | design.protocol.participant_order_policy.part_membership,participant-to-arm allocation | participant visit/session/measurement schedule | session-group/part identifiers | event-specific profile plus parameter overrides
doi:10.1523/jneurosci.1696-15.2015,doi:10.1523/jneurosci.1696-15.2015,ferri_2015_jneurosci_itv,Intertrial Variability in the Premotor Cortex Accounts for Individual Differences in Peripersonal Space.,,not_assessed,,,,,,,,,,,,,,,{},,,,,,,,,,,,,,,,,,0,0,0,0,0,0,0,{},{},{},unsupported_no_typed_study_plan,,pps-study-plan.v1::sample_and_assignment | pps-study-plan.v1::factors[] | pps-study-plan.v1::schedule.events[] | pps-study-plan.v1::schedule.events[].protocol_binding | pps-study-plan.v1::assignment_and_order_policy,design.study_profile_reference_parameters.dashboard_run_setup | design.protocol.participant_order_policy.part_membership,participant-to-arm allocation | participant visit/session/measurement schedule | session-group/part identifiers | event-specific profile plus parameter overrides
doi:10.1016/j.neuropsychologia.2006.12.004,doi:10.1016/j.neuropsychologia.2006.12.004,,Auditory-somatosensory multisensory interactions in front and rear space.,,not_assessed,,,,,,,,,,,,,,,{},,,,,,,,,,,,,,,,,,0,0,0,0,0,0,0,{},{},{},unsupported_no_typed_study_plan,,pps-study-plan.v1::sample_and_assignment | pps-study-plan.v1::factors[] | pps-study-plan.v1::schedule.events[] | pps-study-plan.v1::schedule.events[].protocol_binding | pps-study-plan.v1::assignment_and_order_policy,design.study_profile_reference_parameters.dashboard_run_setup | design.protocol.participant_order_policy.part_membership,participant-to-arm allocation | participant visit/session/measurement schedule | session-group/part identifiers | event-specific profile plus parameter overrides
doi:10.1152/jn.00652.2017,doi:10.1152/jn.00652.2017,noel_2018_neural_adaptation,Neural adaptation accounts for the dynamic resizing of peripersonal space: evidence from a psychophysical-computational approach.,,reported_complete,publication_pdf,2026-08-12,artifacts/paper_metadata_audit/publication_pdfs/doi_10.1152_jn.00652.2017__3c2ba1457c1b.pdf,"PDF pp.2-3, Participants and Procedure",,,reported,"{""analyzed_n"":31,""cohort_or_arm_count"":2,""exclusion_criteria"":""One peri-trunk participant excluded for technical problems."",""per_arm_n"":{""peri_face"":{""analyzed_n"":16},""peri_trunk"":{""analyzed_n"":15}},""population_summary"":""Healthy adults assigned to peri-face or peri-trunk mapping.""}",Healthy adults assigned to peri-face or peri-trunk mapping.,,One peri-trunk participant excluded for technical problems.,,31,2,"{""peri_face"":{""analyzed_n"":16},""peri_trunk"":{""analyzed_n"":15}}",,observed_cohort | all_participants,reported,One randomized PPS task per participant; mapped body part was between participants and sound velocity/distance were within participants.,reported,One PPS occurrence around either face or trunk.,reported,Body part is between participants; speed and distance vary within trial.,reported,The event binds to the common velocity-manipulation PPS protocol with body-site-specific tactile/speaker altitude.,reported,All trial types/speeds/distances randomized; no separate block structure reported.,not_applicable,No intervention or training phase is part of this experiment.,mixed_factorial,mixed_between_within,within_session_trial_conditions,2,4,1,1,0,1,1,"{""assignment_scope"":""mixed_between_within"",""design_family"":""mixed_factorial"",""pps_occurrence_pattern"":""within_session_trial_conditions"",""sample_and_assignment"":{""analyzed_n"":31,""cohort_or_arm_count"":2,""exclusion_criteria"":""One peri-trunk participant excluded for technical problems."",""per_arm_n"":{""peri_face"":{""analyzed_n"":16},""peri_trunk"":{""analyzed_n"":15}},""population_summary"":""Healthy adults assigned to peri-face or peri-trunk mapping.""}}","{""design_topology"":""reported"",""factor_scope_map"":""reported"",""intervention_schedule"":""not_applicable"",""order_assignment_spacing"":""reported"",""pps_occasion_schedule"":""reported"",""protocol_binding"":""reported"",""sample_and_assignment"":""reported""}","{""design_topology"":""One randomized PPS task per participant; mapped body part was between participants and sound velocity/distance were within participants."",""factor_scope_map"":""Body part is between participants; speed and distance vary within trial."",""intervention_schedule"":""No intervention or training phase is part of this experiment."",""order_assignment_spacing"":""All trial types/speeds/distances randomized; no separate block structure reported."",""pps_occasion_schedule"":""One PPS occurrence around either face or trunk."",""protocol_binding"":""The event binds to the common velocity-manipulation PPS protocol with body-site-specific tactile/speaker altitude."",""sample_and_assignment"":{""analyzed_n"":31,""cohort_or_arm_count"":2,""exclusion_criteria"":""One peri-trunk participant excluded for technical problems."",""per_arm_n"":{""peri_face"":{""analyzed_n"":16},""peri_trunk"":{""analyzed_n"":15}},""population_summary"":""Healthy adults assigned to peri-face or peri-trunk mapping.""}}",unsupported_no_typed_study_plan,,pps-study-plan.v1::sample_and_assignment | pps-study-plan.v1::factors[] | pps-study-plan.v1::schedule.events[] | pps-study-plan.v1::schedule.events[].protocol_binding | pps-study-plan.v1::assignment_and_order_policy,design.study_profile_reference_parameters.dashboard_run_setup | design.protocol.participant_order_policy.part_membership,participant-to-arm allocation | participant visit/session/measurement schedule | session-group/part identifiers | event-specific profile plus parameter overrides
doi:10.1016/j.cognition.2018.04.001,doi:10.1016/j.cognition.2018.04.001,ardizzi_ferri_2018_interoceptive,Interoceptive influences on peripersonal space boundary.,,not_assessed,,,,,,,,,,,,,,,{},,,,,,,,,,,,,,,,,,0,0,0,0,0,0,0,{},{},{},unsupported_no_typed_study_plan,,pps-study-plan.v1::sample_and_assignment | pps-study-plan.v1::factors[] | pps-study-plan.v1::schedule.events[] | pps-study-plan.v1::schedule.events[].protocol_binding | pps-study-plan.v1::assignment_and_order_policy,design.study_profile_reference_parameters.dashboard_run_setup | design.protocol.participant_order_policy.part_membership,participant-to-arm allocation | participant visit/session/measurement schedule | session-group/part identifiers | event-specific profile plus parameter overrides
doi:10.1111/ejn.13872::a,doi:10.1111/ejn.13872,pfeiffer_2018_vestibular,Vestibular modulation of peripersonal space boundaries. (a),a,reported_complete,publication_pdf,2026-08-12,artifacts/paper_metadata_audit/publication_pdfs/doi_10.1111_ejn.13872__9e2ccc01df25.pdf,"PDF pp.2-4, Participants and Experiment 1",,,reported,"{""analyzed_n"":16,""cohort_or_arm_count"":1,""inclusion_criteria"":""Normal touch, hearing, balance, and normal/corrected vision; no neurologic/psychiatric history."",""population_summary"":""Sixteen healthy right-handed adults in Experiment 1.""}",Sixteen healthy right-handed adults in Experiment 1.,"Normal touch, hearing, balance, and normal/corrected vision; no neurologic/psychiatric history.",,,16,1,{},,fixed_order,reported,One audio-tactile PPS interaction task followed by one sound-distance estimation task.,reported,One PPS occurrence in the audio-tactile interaction task.,reported,Sound direction and distance vary within trial; the subsequent estimation task is a control task.,reported,The first event binds to the lateral peri-head PPS protocol; the second reuses stimuli for explicit distance judgments.,reported,"PPS RT task first, then distance-estimation task; PPS trial conditions randomized.",not_applicable,No intervention or training phase is part of this experiment.,single_measurement,single_cohort,within_session_trial_conditions,1,2,2,1,0,1,1,"{""assignment_scope"":""single_cohort"",""design_family"":""single_measurement"",""pps_occurrence_pattern"":""within_session_trial_conditions"",""sample_and_assignment"":{""analyzed_n"":16,""cohort_or_arm_count"":1,""inclusion_criteria"":""Normal touch, hearing, balance, and normal/corrected vision; no neurologic/psychiatric history."",""population_summary"":""Sixteen healthy right-handed adults in Experiment 1.""}}","{""design_topology"":""reported"",""factor_scope_map"":""reported"",""intervention_schedule"":""not_applicable"",""order_assignment_spacing"":""reported"",""pps_occasion_schedule"":""reported"",""protocol_binding"":""reported"",""sample_and_assignment"":""reported""}","{""design_topology"":""One audio-tactile PPS interaction task followed by one sound-distance estimation task."",""factor_scope_map"":""Sound direction and distance vary within trial; the subsequent estimation task is a control task."",""intervention_schedule"":""No intervention or training phase is part of this experiment."",""order_assignment_spacing"":""PPS RT task first, then distance-estimation task; PPS trial conditions randomized."",""pps_occasion_schedule"":""One PPS occurrence in the audio-tactile interaction task."",""protocol_binding"":""The first event binds to the lateral peri-head PPS protocol; the second reuses stimuli for explicit distance judgments."",""sample_and_assignment"":{""analyzed_n"":16,""cohort_or_arm_count"":1,""inclusion_criteria"":""Normal touch, hearing, balance, and normal/corrected vision; no neurologic/psychiatric history."",""population_summary"":""Sixteen healthy right-handed adults in Experiment 1.""}}",unsupported_no_typed_study_plan,,pps-study-plan.v1::sample_and_assignment | pps-study-plan.v1::factors[] | pps-study-plan.v1::schedule.events[] | pps-study-plan.v1::schedule.events[].protocol_binding | pps-study-plan.v1::assignment_and_order_policy,design.study_profile_reference_parameters.dashboard_run_setup | design.protocol.participant_order_policy.part_membership,participant-to-arm allocation | participant visit/session/measurement schedule | session-group/part identifiers | event-specific profile plus parameter overrides
doi:10.1111/ejn.13872::b,doi:10.1111/ejn.13872,pfeiffer_2018_vestibular,Vestibular modulation of peripersonal space boundaries. (b),b,partial,publication_pdf,2026-08-12,artifacts/paper_metadata_audit/publication_pdfs/doi_10.1111_ejn.13872__9e2ccc01df25.pdf,"PDF pp.2 and 4-5, Participants and Experiment 2",,,reported,"{""analyzed_n"":16,""cohort_or_arm_count"":1,""population_summary"":""Sixteen healthy right-handed adults in Experiment 2.""}",Sixteen healthy right-handed adults in Experiment 2.,,,,16,1,{},,all_participants,reported,One vestibular-tactile control task crossed left/right rotation and stationary baseline with seven tactile timings; it contained no auditory PPS measurement.,not_applicable,No auditory PPS measurement occasion applies.,reported,Rotation condition and tactile time vary within trial.,not_applicable,No auditory PPS Toolkit protocol binding applies; the event is a vestibular-tactile control task.,reported,All participants received randomized left/right/stationary trial conditions.,not_applicable,No intervention or training phase is part of this experiment.,single_measurement,single_cohort,custom,1,3,1,0,0,1,0,"{""assignment_scope"":""single_cohort"",""design_family"":""single_measurement"",""pps_occurrence_pattern"":""custom"",""sample_and_assignment"":{""analyzed_n"":16,""cohort_or_arm_count"":1,""population_summary"":""Sixteen healthy right-handed adults in Experiment 2.""}}","{""design_topology"":""reported"",""factor_scope_map"":""reported"",""intervention_schedule"":""not_applicable"",""order_assignment_spacing"":""reported"",""pps_occasion_schedule"":""not_applicable"",""protocol_binding"":""not_applicable"",""sample_and_assignment"":""reported""}","{""design_topology"":""One vestibular-tactile control task crossed left/right rotation and stationary baseline with seven tactile timings; it contained no auditory PPS measurement."",""factor_scope_map"":""Rotation condition and tactile time vary within trial."",""intervention_schedule"":""No intervention or training phase is part of this experiment."",""order_assignment_spacing"":""All participants received randomized left/right/stationary trial conditions."",""pps_occasion_schedule"":""No auditory PPS measurement occasion applies."",""protocol_binding"":""No auditory PPS Toolkit protocol binding applies; the event is a vestibular-tactile control task."",""sample_and_assignment"":{""analyzed_n"":16,""cohort_or_arm_count"":1,""population_summary"":""Sixteen healthy right-handed adults in Experiment 2.""}}",unsupported_no_typed_study_plan,,pps-study-plan.v1::sample_and_assignment | pps-study-plan.v1::factors[] | pps-study-plan.v1::schedule.events[] | pps-study-plan.v1::schedule.events[].protocol_binding | pps-study-plan.v1::assignment_and_order_policy,design.study_profile_reference_parameters.dashboard_run_setup | design.protocol.participant_order_policy.part_membership,participant-to-arm allocation | participant visit/session/measurement schedule | session-group/part identifiers | event-specific profile plus parameter overrides
doi:10.1111/ejn.13872::c,doi:10.1111/ejn.13872,pfeiffer_2018_vestibular,Vestibular modulation of peripersonal space boundaries. (c),c,reported_complete,publication_pdf,2026-08-12,artifacts/paper_metadata_audit/publication_pdfs/doi_10.1111_ejn.13872__9e2ccc01df25.pdf,"PDF pp.2 and 5, Participants and Experiment 3",,,reported,"{""analyzed_n"":25,""cohort_or_arm_count"":2,""per_arm_n"":{""distance_estimation"":{""analyzed_n"":11},""pps_interaction"":{""analyzed_n"":14}},""population_summary"":""Experiment 3 used two task-specific samples: 14 new adults for the vestibular-audio-tactile interaction task and 11 Experiment-2 adults for sound-distance estimation.""}",Experiment 3 used two task-specific samples: 14 new adults for the vestibular-audio-tactile interaction task and 11 Experiment-2 adults for sound-distance estimation.,,,,25,2,"{""distance_estimation"":{""analyzed_n"":11},""pps_interaction"":{""analyzed_n"":14}}",,observed_cohort,reported,A 14-person sample completed the trimodal PPS interaction task; a separate 11-person sample completed the associated sound-distance estimation task.,reported,One PPS occurrence applies only to the 14-person interaction-task sample.,reported,Task/sample is between participants; vestibular-auditory congruency and distance vary within the assigned task.,reported,The interaction event binds to the trimodal peri-head PPS protocol; the other event is a stimulus-estimation control.,reported,Separate participant groups completed the two tasks; within-task trial order was randomized.,not_applicable,No intervention or training phase is part of this experiment.,mixed_factorial,between_participant_arms,single_pps,1,2,2,1,0,2,1,"{""assignment_scope"":""between_participant_arms"",""design_family"":""mixed_factorial"",""pps_occurrence_pattern"":""single_pps"",""sample_and_assignment"":{""analyzed_n"":25,""cohort_or_arm_count"":2,""per_arm_n"":{""distance_estimation"":{""analyzed_n"":11},""pps_interaction"":{""analyzed_n"":14}},""population_summary"":""Experiment 3 used two task-specific samples: 14 new adults for the vestibular-audio-tactile interaction task and 11 Experiment-2 adults for sound-distance estimation.""}}","{""design_topology"":""reported"",""factor_scope_map"":""reported"",""intervention_schedule"":""not_applicable"",""order_assignment_spacing"":""reported"",""pps_occasion_schedule"":""reported"",""protocol_binding"":""reported"",""sample_and_assignment"":""reported""}","{""design_topology"":""A 14-person sample completed the trimodal PPS interaction task; a separate 11-person sample completed the associated sound-distance estimation task."",""factor_scope_map"":""Task/sample is between participants; vestibular-auditory congruency and distance vary within the assigned task."",""intervention_schedule"":""No intervention or training phase is part of this experiment."",""order_assignment_spacing"":""Separate participant groups completed the two tasks; within-task trial order was randomized."",""pps_occasion_schedule"":""One PPS occurrence applies only to the 14-person interaction-task sample."",""protocol_binding"":""The interaction event binds to the trimodal peri-head PPS protocol; the other event is a stimulus-estimation control."",""sample_and_assignment"":{""analyzed_n"":25,""cohort_or_arm_count"":2,""per_arm_n"":{""distance_estimation"":{""analyzed_n"":11},""pps_interaction"":{""analyzed_n"":14}},""population_summary"":""Experiment 3 used two task-specific samples: 14 new adults for the vestibular-audio-tactile interaction task and 11 Experiment-2 adults for sound-distance estimation.""}}",unsupported_no_typed_study_plan,,pps-study-plan.v1::sample_and_assignment | pps-study-plan.v1::factors[] | pps-study-plan.v1::schedule.events[] | pps-study-plan.v1::schedule.events[].protocol_binding | pps-study-plan.v1::assignment_and_order_policy,design.study_profile_reference_parameters.dashboard_run_setup | design.protocol.participant_order_policy.part_membership,participant-to-arm allocation | participant visit/session/measurement schedule | session-group/part identifiers | event-specific profile plus parameter overrides
doi:10.1016/j.neuropsychologia.2014.09.043,doi:10.1016/j.neuropsychologia.2014.09.043,finisguerra_2015_moving_sounds_motor,Moving sounds within the peripersonal space modulate the motor system.,,partial,manual_publication_review,2026-08-12,For-AI/audiotactile-paper-metadata-audit/manual_reviews/finisguerra_2015_moving_sounds_motor.json,"PDF pp.2-4, Main experiment",,,not_assessed,,,,,,,,{},,fixed_order | all_participants,reported,"Fixed PRE baseline, experimental TMS/PPS phase, and POST baseline sequence in one cohort.",reported,One experimental moving-sound PPS/TMS phase bracketed by MEP baselines; the experimental phase is split across four blocks.,reported,"Phase varies sequentially; sound direction and sampled distance vary within experimental blocks; TMS is event-locked, and rare tactile probes are intermingled.",reported,PRE/POST use no-noise baseline protocol and EXP uses the moving-sound TMS protocol.,partial,PRE-EXP-POST order is fixed and EXP trials randomized; exact interphase spacing and total inclusion of baseline tactile probes remain unresolved.,reported,"TMS pulses are delivered during the experimental PPS phase, 50 ms after the sound reaches sampled positions.",custom,single_cohort,single_pps,3,7,3,1,0,0,0,"{""assignment_scope"":""single_cohort"",""design_family"":""custom"",""pps_occurrence_pattern"":""single_pps""}","{""design_topology"":""reported"",""factor_scope_map"":""reported"",""intervention_schedule"":""reported"",""order_assignment_spacing"":""partial"",""pps_occasion_schedule"":""reported"",""protocol_binding"":""reported"",""sample_and_assignment"":""not_assessed""}","{""design_topology"":""Fixed PRE baseline, experimental TMS/PPS phase, and POST baseline sequence in one cohort."",""factor_scope_map"":""Phase varies sequentially; sound direction and sampled distance vary within experimental blocks; TMS is event-locked, and rare tactile probes are intermingled."",""intervention_schedule"":""TMS pulses are delivered during the experimental PPS phase, 50 ms after the sound reaches sampled positions."",""order_assignment_spacing"":""PRE-EXP-POST order is fixed and EXP trials randomized; exact interphase spacing and total inclusion of baseline tactile probes remain unresolved."",""pps_occasion_schedule"":""One experimental moving-sound PPS/TMS phase bracketed by MEP baselines; the experimental phase is split across four blocks."",""protocol_binding"":""PRE/POST use no-noise baseline protocol and EXP uses the moving-sound TMS protocol."",""sample_and_assignment"":""""}",unsupported_no_typed_study_plan,,pps-study-plan.v1::sample_and_assignment | pps-study-plan.v1::factors[] | pps-study-plan.v1::schedule.events[] | pps-study-plan.v1::schedule.events[].protocol_binding | pps-study-plan.v1::assignment_and_order_policy,design.study_profile_reference_parameters.dashboard_run_setup | design.protocol.participant_order_policy.part_membership,participant-to-arm allocation | participant visit/session/measurement schedule | session-group/part identifiers | event-specific profile plus parameter overrides
doi:10.1007/s00221-005-2393-8,doi:10.1007/s00221-005-2393-8,kitagawa_2005_sound_complexity,Audiotactile interactions in near and far space,,not_assessed,,,,,,,,,,,,,,,{},,,,,,,,,,,,,,,,,,0,0,0,0,0,0,0,{},{},{},unsupported_no_typed_study_plan,,pps-study-plan.v1::sample_and_assignment | pps-study-plan.v1::factors[] | pps-study-plan.v1::schedule.events[] | pps-study-plan.v1::schedule.events[].protocol_binding | pps-study-plan.v1::assignment_and_order_policy,design.study_profile_reference_parameters.dashboard_run_setup | design.protocol.participant_order_policy.part_membership,participant-to-arm allocation | participant visit/session/measurement schedule | session-group/part identifiers | event-specific profile plus parameter overrides
doi:10.1007/s00221-017-5158-2,doi:10.1007/s00221-017-5158-2,hobeika_2018_anisotropy,Anisotropy of lateral peripersonal space is linked to handedness.,,not_assessed,,,,,,,,,,,,,,,{},,,,,,,,,,,,,,,,,,0,0,0,0,0,0,0,{},{},{},unsupported_no_typed_study_plan,,pps-study-plan.v1::sample_and_assignment | pps-study-plan.v1::factors[] | pps-study-plan.v1::schedule.events[] | pps-study-plan.v1::schedule.events[].protocol_binding | pps-study-plan.v1::assignment_and_order_policy,design.study_profile_reference_parameters.dashboard_run_setup | design.protocol.participant_order_policy.part_membership,participant-to-arm allocation | participant visit/session/measurement schedule | session-group/part identifiers | event-specific profile plus parameter overrides
doi:10.1016/j.neuropsychologia.2008.07.025,doi:10.1016/j.neuropsychologia.2008.07.025,,Auditory-somatosensory multisensory interactions are spatially modulated by stimulated body surface and acoustic spectra.,,not_assessed,,,,,,,,,,,,,,,{},,,,,,,,,,,,,,,,,,0,0,0,0,0,0,0,{},{},{},unsupported_no_typed_study_plan,,pps-study-plan.v1::sample_and_assignment | pps-study-plan.v1::factors[] | pps-study-plan.v1::schedule.events[] | pps-study-plan.v1::schedule.events[].protocol_binding | pps-study-plan.v1::assignment_and_order_policy,design.study_profile_reference_parameters.dashboard_run_setup | design.protocol.participant_order_policy.part_membership,participant-to-arm allocation | participant visit/session/measurement schedule | session-group/part identifiers | event-specific profile plus parameter overrides
doi:10.1016/j.jneumeth.2019.108534,doi:10.1016/j.jneumeth.2019.108534,hobeika_2020_methods,Capturing the dynamics of peripersonal space by integrating expectancy effects and sound propagation properties.,,reported_complete,publication_pdf,2026-08-12,artifacts/paper_metadata_audit/publication_pdfs/doi_10.1016_j.jneumeth.2019.108534__bf25728d3f5d.pdf,"PDF pp.4,6-7, Participants and Design",,,reported,Nineteen healthy participants enrolled; one excluded; eighteen analyzed. Every participant completed both sessions.,Healthy participants,,One of 19 enrolled participants was excluded,,18,1,{},All analyzed participants completed logarithmic- and linear-distance sessions in counterbalanced order.,counterbalanced_sequence,reported,Within-participant two-session crossover comparing logarithmic and linear distance distributions.,reported,"One logarithmic and one linear PPS session on different days, each divided into eight blocks.",reported,Distance distribution varies between sessions; sound movement and tactile delay vary within session.,reported,Session-specific distance/SOA tables bind to the logarithmic or linear protocol variant.,reported,Session order was counterbalanced; sessions occurred on different days no more than three days apart.,not_applicable,"Distance distribution is a measurement condition, not an intervention.",crossover,within_participant,condition_specific_pps_sessions,1,2,2,2,2,0,0,"{""assignment_scope"":""within_participant"",""design_family"":""crossover"",""pps_occurrence_pattern"":""condition_specific_pps_sessions"",""sample_and_assignment"":{""analyzed_n"":18,""assignment_summary"":""All analyzed participants completed logarithmic- and linear-distance sessions in counterbalanced order."",""cohort_or_arm_count"":1,""exclusion_criteria"":""One of 19 enrolled participants was excluded"",""population_summary"":""Healthy participants""}}","{""design_topology"":""reported"",""factor_scope_map"":""reported"",""intervention_schedule"":""not_applicable"",""order_assignment_spacing"":""reported"",""pps_occasion_schedule"":""reported"",""protocol_binding"":""reported"",""sample_and_assignment"":""reported""}","{""design_topology"":""Within-participant two-session crossover comparing logarithmic and linear distance distributions."",""factor_scope_map"":""Distance distribution varies between sessions; sound movement and tactile delay vary within session."",""intervention_schedule"":""Distance distribution is a measurement condition, not an intervention."",""order_assignment_spacing"":""Session order was counterbalanced; sessions occurred on different days no more than three days apart."",""pps_occasion_schedule"":""One logarithmic and one linear PPS session on different days, each divided into eight blocks."",""protocol_binding"":""Session-specific distance/SOA tables bind to the logarithmic or linear protocol variant."",""sample_and_assignment"":""Nineteen healthy participants enrolled; one excluded; eighteen analyzed. Every participant completed both sessions.""}",unsupported_no_typed_study_plan,,pps-study-plan.v1::sample_and_assignment | pps-study-plan.v1::factors[] | pps-study-plan.v1::schedule.events[] | pps-study-plan.v1::schedule.events[].protocol_binding | pps-study-plan.v1::assignment_and_order_policy,design.study_profile_reference_parameters.dashboard_run_setup | design.protocol.participant_order_policy.part_membership,participant-to-arm allocation | participant visit/session/measurement schedule | session-group/part identifiers | event-specific profile plus parameter overrides
doi:10.1093/schbul/sbac067,doi:10.1093/schbul/sbac067,schizophrenia_tool_use_2022,Tool-use Extends Peripersonal Space Boundaries in Schizophrenic Patients.,,reported_complete,publication_pdf,2026-08-12,artifacts/paper_metadata_audit/publication_pdfs/doi_10.1093_schbul_sbac067__b51d4fd6e869.pdf,"PDF pp.2-4, Participants and Procedure",,,reported,"{""analyzed_n"":59,""cohort_or_arm_count"":2,""exclusion_criteria"":""Medical-condition/drug/alcohol-related mental disorder, relevant cognitive impairment, or touch/hearing anomalies."",""inclusion_criteria"":""SCZ: DSM-5 schizophrenia, clinical stabilization, informed consent; all participants needed adequate testing compliance and normal touch/hearing."",""per_arm_n"":{""healthy_control"":{""analyzed_n"":32},""schizophrenia"":{""analyzed_n"":27}},""planned_n"":54,""population_summary"":""Twenty-seven clinically stable participants with schizophrenia and 32 healthy controls.""}",Twenty-seven clinically stable participants with schizophrenia and 32 healthy controls.,"SCZ: DSM-5 schizophrenia, clinical stabilization, informed consent; all participants needed adequate testing compliance and normal touch/hearing.","Medical-condition/drug/alcohol-related mental disorder, relevant cognitive impairment, or touch/hearing anomalies.",54,59,2,"{""healthy_control"":{""analyzed_n"":32},""schizophrenia"":{""analyzed_n"":27}}",,observed_cohort | fixed_order,reported,Two fixed PPS measurements bracketed one active tool-use training session on the same day; diagnostic group was observational between participants.,reported,PPS Session 1 at baseline and PPS Session 3 after tool use.,reported,Diagnostic group is between participants; pre/post timepoint is within participant.,reported,Both PPS occasions bind to the same adapted audio-tactile protocol; detailed microdesign remains supplement-dependent.,reported,Fixed same-day sequence PPS pre -> approximately 10-min tool training -> PPS post.,reported,Session 2 comprised 100 tool-mediated object movements in far space and lasted about 10 minutes.,repeated_measure,observational_cohorts,repeated_pre_post,2,4,3,2,0,3,2,"{""assignment_scope"":""observational_cohorts"",""design_family"":""repeated_measure"",""pps_occurrence_pattern"":""repeated_pre_post"",""sample_and_assignment"":{""analyzed_n"":59,""cohort_or_arm_count"":2,""exclusion_criteria"":""Medical-condition/drug/alcohol-related mental disorder, relevant cognitive impairment, or touch/hearing anomalies."",""inclusion_criteria"":""SCZ: DSM-5 schizophrenia, clinical stabilization, informed consent; all participants needed adequate testing compliance and normal touch/hearing."",""per_arm_n"":{""healthy_control"":{""analyzed_n"":32},""schizophrenia"":{""analyzed_n"":27}},""planned_n"":54,""population_summary"":""Twenty-seven clinically stable participants with schizophrenia and 32 healthy controls.""}}","{""design_topology"":""reported"",""factor_scope_map"":""reported"",""intervention_schedule"":""reported"",""order_assignment_spacing"":""reported"",""pps_occasion_schedule"":""reported"",""protocol_binding"":""reported"",""sample_and_assignment"":""reported""}","{""design_topology"":""Two fixed PPS measurements bracketed one active tool-use training session on the same day; diagnostic group was observational between participants."",""factor_scope_map"":""Diagnostic group is between participants; pre/post timepoint is within participant."",""intervention_schedule"":""Session 2 comprised 100 tool-mediated object movements in far space and lasted about 10 minutes."",""order_assignment_spacing"":""Fixed same-day sequence PPS pre -> approximately 10-min tool training -> PPS post."",""pps_occasion_schedule"":""PPS Session 1 at baseline and PPS Session 3 after tool use."",""protocol_binding"":""Both PPS occasions bind to the same adapted audio-tactile protocol; detailed microdesign remains supplement-dependent."",""sample_and_assignment"":{""analyzed_n"":59,""cohort_or_arm_count"":2,""exclusion_criteria"":""Medical-condition/drug/alcohol-related mental disorder, relevant cognitive impairment, or touch/hearing anomalies."",""inclusion_criteria"":""SCZ: DSM-5 schizophrenia, clinical stabilization, informed consent; all participants needed adequate testing compliance and normal touch/hearing."",""per_arm_n"":{""healthy_control"":{""analyzed_n"":32},""schizophrenia"":{""analyzed_n"":27}},""planned_n"":54,""population_summary"":""Twenty-seven clinically stable participants with schizophrenia and 32 healthy controls.""}}",unsupported_no_typed_study_plan,,pps-study-plan.v1::sample_and_assignment | pps-study-plan.v1::factors[] | pps-study-plan.v1::schedule.events[] | pps-study-plan.v1::schedule.events[].protocol_binding | pps-study-plan.v1::assignment_and_order_policy,design.study_profile_reference_parameters.dashboard_run_setup | design.protocol.participant_order_policy.part_membership,participant-to-arm allocation | participant visit/session/measurement schedule | session-group/part identifiers | event-specific profile plus parameter overrides
doi:10.1016/j.neuroimage.2012.06.063,doi:10.1016/j.neuroimage.2012.06.063,avenanti_2012_motor_cortex,Suppression of premotor cortex disrupts motor coding of peripersonal space.,,not_assessed,,,,,,,,,,,,,,,{},,,,,,,,,,,,,,,,,,0,0,0,0,0,0,0,{},{},{},unsupported_no_typed_study_plan,,pps-study-plan.v1::sample_and_assignment | pps-study-plan.v1::factors[] | pps-study-plan.v1::schedule.events[] | pps-study-plan.v1::schedule.events[].protocol_binding | pps-study-plan.v1::assignment_and_order_policy,design.study_profile_reference_parameters.dashboard_run_setup | design.protocol.participant_order_policy.part_membership,participant-to-arm allocation | participant visit/session/measurement schedule | session-group/part identifiers | event-specific profile plus parameter overrides
doi:10.1093/cercor/bhh197,doi:10.1093/cercor/bhh197,,Grabbing your ear: rapid auditory-somatosensory multisensory interactions in low-level sensory cortices are not constrained by stimulus alignment.,,not_assessed,,,,,,,,,,,,,,,{},,,,,,,,,,,,,,,,,,0,0,0,0,0,0,0,{},{},{},unsupported_no_typed_study_plan,,pps-study-plan.v1::sample_and_assignment | pps-study-plan.v1::factors[] | pps-study-plan.v1::schedule.events[] | pps-study-plan.v1::schedule.events[].protocol_binding | pps-study-plan.v1::assignment_and_order_policy,design.study_profile_reference_parameters.dashboard_run_setup | design.protocol.participant_order_policy.part_membership,participant-to-arm allocation | participant visit/session/measurement schedule | session-group/part identifiers | event-specific profile plus parameter overrides
doi:10.1016/j.tics.2016.01.005,doi:10.1016/j.tics.2016.01.005,,Variability in Multisensory Responses Predicts the Self-Space.,,not_assessed,,,,,,,,,,,,,,,{},,,,,,,,,,,,,,,,,,0,0,0,0,0,0,0,{},{},{},unsupported_no_typed_study_plan,,pps-study-plan.v1::sample_and_assignment | pps-study-plan.v1::factors[] | pps-study-plan.v1::schedule.events[] | pps-study-plan.v1::schedule.events[].protocol_binding | pps-study-plan.v1::assignment_and_order_policy,design.study_profile_reference_parameters.dashboard_run_setup | design.protocol.participant_order_policy.part_membership,participant-to-arm allocation | participant visit/session/measurement schedule | session-group/part identifiers | event-specific profile plus parameter overrides
doi:10.1007/s00221-020-05771-5::a,doi:10.1007/s00221-020-05771-5,holmes_2020_four_experiments,Do sounds near the hand facilitate tactile reaction times? Four experiments and a meta-analysis provide mixed support and suggest a small effect size. (a),a,reported_complete,publication_pdf,2026-08-12,artifacts/paper_metadata_audit/publication_pdfs/doi_10.1007_s00221-020-05771-5__45ba48c3a23a.pdf,"PDF pp.3-4, Experiment 1, Participants and Design",,,reported,Sixteen consented; two failed training; fourteen participants formed the analyzed single cohort. Hand assignment and masking were balanced across subgroups.,Experiment 1 participants,,Two of 16 consented participants failed training and were excluded,,14,1,{},Single analyzed cohort; masking and hand assignment were balanced.,all_participants,reported,Single PPS measurement with a within-participant 2 x 3 auditory-distance by tactile-state trial design.,reported,One PPS assessment divided into four replicate blocks after threshold training.,reported,Near/far sound and none/weak/strong vibration vary within every block; hand and masking assignment are participant-level balancing factors.,reported,All four blocks use the Experiment 1 protocol.,reported,Trials are pseudorandomized within four 40-trial blocks.,not_applicable,No intervention occurs between PPS measurements.,single_measurement,single_cohort,within_session_trial_conditions,2,5,2,1,0,0,0,"{""assignment_scope"":""single_cohort"",""design_family"":""single_measurement"",""pps_occurrence_pattern"":""within_session_trial_conditions"",""sample_and_assignment"":{""analyzed_n"":14,""assignment_summary"":""Single analyzed cohort; masking and hand assignment were balanced."",""cohort_or_arm_count"":1,""exclusion_criteria"":""Two of 16 consented participants failed training and were excluded"",""population_summary"":""Experiment 1 participants""}}","{""design_topology"":""reported"",""factor_scope_map"":""reported"",""intervention_schedule"":""not_applicable"",""order_assignment_spacing"":""reported"",""pps_occasion_schedule"":""reported"",""protocol_binding"":""reported"",""sample_and_assignment"":""reported""}","{""design_topology"":""Single PPS measurement with a within-participant 2 x 3 auditory-distance by tactile-state trial design."",""factor_scope_map"":""Near/far sound and none/weak/strong vibration vary within every block; hand and masking assignment are participant-level balancing factors."",""intervention_schedule"":""No intervention occurs between PPS measurements."",""order_assignment_spacing"":""Trials are pseudorandomized within four 40-trial blocks."",""pps_occasion_schedule"":""One PPS assessment divided into four replicate blocks after threshold training."",""protocol_binding"":""All four blocks use the Experiment 1 protocol."",""sample_and_assignment"":""Sixteen consented; two failed training; fourteen participants formed the analyzed single cohort. Hand assignment and masking were balanced across subgroups.""}",unsupported_no_typed_study_plan,,pps-study-plan.v1::sample_and_assignment | pps-study-plan.v1::factors[] | pps-study-plan.v1::schedule.events[] | pps-study-plan.v1::schedule.events[].protocol_binding | pps-study-plan.v1::assignment_and_order_policy,design.study_profile_reference_parameters.dashboard_run_setup | design.protocol.participant_order_policy.part_membership,participant-to-arm allocation | participant visit/session/measurement schedule | session-group/part identifiers | event-specific profile plus parameter overrides
doi:10.1007/s00221-020-05771-5::b,doi:10.1007/s00221-020-05771-5,holmes_2020_four_experiments,Do sounds near the hand facilitate tactile reaction times? Four experiments and a meta-analysis provide mixed support and suggest a small effect size. (b),b,reported_complete,publication_pdf,2026-08-12,artifacts/paper_metadata_audit/publication_pdfs/doi_10.1007_s00221-020-05771-5__45ba48c3a23a.pdf,"PDF p.6, Experiment 2",,,reported,Sixteen new participants; response target intensity was balanced between participant subgroups.,,,,,16,2,{},Response-target intensity was balanced between participant subgroups; auditory and tactile factors repeated within participant.,all_participants | custom,reported,Single PPS measurement with within-block near/far by target/nontarget trials.,reported,One PPS assessment divided into four replicate blocks.,reported,Auditory distance and tactile target state vary within block; assigned response-target intensity varies between participants.,reported,All four blocks use the Experiment 2 protocol.,reported,Four trial conditions are pseudorandomized within four 40-trial blocks.,not_applicable,No intervention occurs between PPS measurements.,mixed_factorial,mixed_between_within,within_session_trial_conditions,3,6,1,1,0,0,0,"{""assignment_scope"":""mixed_between_within"",""design_family"":""mixed_factorial"",""pps_occurrence_pattern"":""within_session_trial_conditions"",""sample_and_assignment"":{""analyzed_n"":16,""assignment_summary"":""Response-target intensity was balanced between participant subgroups; auditory and tactile factors repeated within participant."",""cohort_or_arm_count"":2}}","{""design_topology"":""reported"",""factor_scope_map"":""reported"",""intervention_schedule"":""not_applicable"",""order_assignment_spacing"":""reported"",""pps_occasion_schedule"":""reported"",""protocol_binding"":""reported"",""sample_and_assignment"":""reported""}","{""design_topology"":""Single PPS measurement with within-block near/far by target/nontarget trials."",""factor_scope_map"":""Auditory distance and tactile target state vary within block; assigned response-target intensity varies between participants."",""intervention_schedule"":""No intervention occurs between PPS measurements."",""order_assignment_spacing"":""Four trial conditions are pseudorandomized within four 40-trial blocks."",""pps_occasion_schedule"":""One PPS assessment divided into four replicate blocks."",""protocol_binding"":""All four blocks use the Experiment 2 protocol."",""sample_and_assignment"":""Sixteen new participants; response target intensity was balanced between participant subgroups.""}",unsupported_no_typed_study_plan,,pps-study-plan.v1::sample_and_assignment | pps-study-plan.v1::factors[] | pps-study-plan.v1::schedule.events[] | pps-study-plan.v1::schedule.events[].protocol_binding | pps-study-plan.v1::assignment_and_order_policy,design.study_profile_reference_parameters.dashboard_run_setup | design.protocol.participant_order_policy.part_membership,participant-to-arm allocation | participant visit/session/measurement schedule | session-group/part identifiers | event-specific profile plus parameter overrides
doi:10.1007/s00221-020-05771-5::c,doi:10.1007/s00221-020-05771-5,holmes_2020_four_experiments,Do sounds near the hand facilitate tactile reaction times? Four experiments and a meta-analysis provide mixed support and suggest a small effect size. (c),c,reported_complete,publication_pdf,2026-08-12,artifacts/paper_metadata_audit/publication_pdfs/doi_10.1007_s00221-020-05771-5__45ba48c3a23a.pdf,"PDF pp.6-7, Experiment 3",,,reported,Sixteen new participants completed the single-cohort experiment.,,,,,16,1,{},All participants completed the integrated within-participant task.,all_participants,reported,Single PPS measurement with within-block near/far by weak/strong vibration trials.,reported,One PPS assessment divided into four replicate blocks.,reported,Auditory distance and tactile intensity vary within every block.,reported,All four blocks use the Experiment 3 one-interval detection protocol.,reported,Four trial conditions are pseudorandomized within four 40-trial blocks.,not_applicable,No intervention occurs between PPS measurements.,single_measurement,single_cohort,within_session_trial_conditions,2,4,1,1,0,0,0,"{""assignment_scope"":""single_cohort"",""design_family"":""single_measurement"",""pps_occurrence_pattern"":""within_session_trial_conditions"",""sample_and_assignment"":{""analyzed_n"":16,""assignment_summary"":""All participants completed the integrated within-participant task."",""cohort_or_arm_count"":1}}","{""design_topology"":""reported"",""factor_scope_map"":""reported"",""intervention_schedule"":""not_applicable"",""order_assignment_spacing"":""reported"",""pps_occasion_schedule"":""reported"",""protocol_binding"":""reported"",""sample_and_assignment"":""reported""}","{""design_topology"":""Single PPS measurement with within-block near/far by weak/strong vibration trials."",""factor_scope_map"":""Auditory distance and tactile intensity vary within every block."",""intervention_schedule"":""No intervention occurs between PPS measurements."",""order_assignment_spacing"":""Four trial conditions are pseudorandomized within four 40-trial blocks."",""pps_occasion_schedule"":""One PPS assessment divided into four replicate blocks."",""protocol_binding"":""All four blocks use the Experiment 3 one-interval detection protocol."",""sample_and_assignment"":""Sixteen new participants completed the single-cohort experiment.""}",unsupported_no_typed_study_plan,,pps-study-plan.v1::sample_and_assignment | pps-study-plan.v1::factors[] | pps-study-plan.v1::schedule.events[] | pps-study-plan.v1::schedule.events[].protocol_binding | pps-study-plan.v1::assignment_and_order_policy,design.study_profile_reference_parameters.dashboard_run_setup | design.protocol.participant_order_policy.part_membership,participant-to-arm allocation | participant visit/session/measurement schedule | session-group/part identifiers | event-specific profile plus parameter overrides
doi:10.1007/s00221-020-05771-5::d,doi:10.1007/s00221-020-05771-5,holmes_2020_four_experiments,Do sounds near the hand facilitate tactile reaction times? Four experiments and a meta-analysis provide mixed support and suggest a small effect size. (d),d,reported_complete,publication_pdf,2026-08-12,artifacts/paper_metadata_audit/publication_pdfs/doi_10.1007_s00221-020-05771-5__45ba48c3a23a.pdf,"PDF pp.7-8, Experiment 4",,,reported,Forty-six recruited and forty-four analyzed participants completed all three repeated-measures conditions.,,,,,44,1,{},"All analyzed participants completed Away, Passive, and Active conditions in counterbalanced order.",counterbalanced_sequence | all_participants,reported,Within-participant three-condition repeated-measures design.,reported,"Away, Passive, and Active PPS condition blocks were each administered once.",reported,Driving/hand context varies between condition blocks; near/far sound varies within block.,reported,One Experiment 4 protocol with condition-specific stimulator placement and activity instructions.,reported,Condition order was counterbalanced; 17 participants had fixed 5-min inter-block breaks and 27 self-paced breaks.,not_applicable,"Away/Passive/Active are concurrent measurement contexts, not a pre/post intervention.",crossover,within_participant,within_session_block_conditions,2,5,1,1,0,0,0,"{""assignment_scope"":""within_participant"",""design_family"":""crossover"",""pps_occurrence_pattern"":""within_session_block_conditions"",""sample_and_assignment"":{""analyzed_n"":44,""assignment_summary"":""All analyzed participants completed Away, Passive, and Active conditions in counterbalanced order."",""cohort_or_arm_count"":1}}","{""design_topology"":""reported"",""factor_scope_map"":""reported"",""intervention_schedule"":""not_applicable"",""order_assignment_spacing"":""reported"",""pps_occasion_schedule"":""reported"",""protocol_binding"":""reported"",""sample_and_assignment"":""reported""}","{""design_topology"":""Within-participant three-condition repeated-measures design."",""factor_scope_map"":""Driving/hand context varies between condition blocks; near/far sound varies within block."",""intervention_schedule"":""Away/Passive/Active are concurrent measurement contexts, not a pre/post intervention."",""order_assignment_spacing"":""Condition order was counterbalanced; 17 participants had fixed 5-min inter-block breaks and 27 self-paced breaks."",""pps_occasion_schedule"":""Away, Passive, and Active PPS condition blocks were each administered once."",""protocol_binding"":""One Experiment 4 protocol with condition-specific stimulator placement and activity instructions."",""sample_and_assignment"":""Forty-six recruited and forty-four analyzed participants completed all three repeated-measures conditions.""}",unsupported_no_typed_study_plan,,pps-study-plan.v1::sample_and_assignment | pps-study-plan.v1::factors[] | pps-study-plan.v1::schedule.events[] | pps-study-plan.v1::schedule.events[].protocol_binding | pps-study-plan.v1::assignment_and_order_policy,design.study_profile_reference_parameters.dashboard_run_setup | design.protocol.participant_order_policy.part_membership,participant-to-arm allocation | participant visit/session/measurement schedule | session-group/part identifiers | event-specific profile plus parameter overrides
doi:10.1098/rsos.181878::a,doi:10.1098/rsos.181878,social_coding_2019,Social coding of the multisensory space around us. (a),a,reported_complete,publication_pdf,2026-08-12,artifacts/paper_metadata_audit/publication_pdfs/doi_10.1098_rsos.181878__3237f37148ca.pdf,"PDF p.5, Social manipulation and Participants",,,reported,"{""analyzed_n"":26,""cohort_or_arm_count"":1,""inclusion_criteria"":""Normal audition and touch; right-handed."",""population_summary"":""Right-handed healthy adults in the collaboration experiment.""}",Right-handed healthy adults in the collaboration experiment.,Normal audition and touch; right-handed.,,,26,1,{},,counterbalanced_sequence,reported,Every participant completed the same PPS task once isolated and once in the collaboration dyad condition; partner seat position was between participants.,reported,Two condition-specific PPS occurrences: isolated and dyad.,reported,Social condition varies between PPS sessions; partner position varies between participants; hemispace/distance vary within trials.,reported,"Both occurrences bind to the shared lateral-trunk PPS protocol, with the dyad instructions specific to collaboration.",reported,Isolated versus dyad condition order was counterbalanced; seat/partner side stayed fixed throughout.,not_applicable,No intervention or training phase is part of this experiment.,crossover,within_participant,condition_specific_pps_sessions,2,4,2,2,0,2,2,"{""assignment_scope"":""within_participant"",""design_family"":""crossover"",""pps_occurrence_pattern"":""condition_specific_pps_sessions"",""sample_and_assignment"":{""analyzed_n"":26,""cohort_or_arm_count"":1,""inclusion_criteria"":""Normal audition and touch; right-handed."",""population_summary"":""Right-handed healthy adults in the collaboration experiment.""}}","{""design_topology"":""reported"",""factor_scope_map"":""reported"",""intervention_schedule"":""not_applicable"",""order_assignment_spacing"":""reported"",""pps_occasion_schedule"":""reported"",""protocol_binding"":""reported"",""sample_and_assignment"":""reported""}","{""design_topology"":""Every participant completed the same PPS task once isolated and once in the collaboration dyad condition; partner seat position was between participants."",""factor_scope_map"":""Social condition varies between PPS sessions; partner position varies between participants; hemispace/distance vary within trials."",""intervention_schedule"":""No intervention or training phase is part of this experiment."",""order_assignment_spacing"":""Isolated versus dyad condition order was counterbalanced; seat/partner side stayed fixed throughout."",""pps_occasion_schedule"":""Two condition-specific PPS occurrences: isolated and dyad."",""protocol_binding"":""Both occurrences bind to the shared lateral-trunk PPS protocol, with the dyad instructions specific to collaboration."",""sample_and_assignment"":{""analyzed_n"":26,""cohort_or_arm_count"":1,""inclusion_criteria"":""Normal audition and touch; right-handed."",""population_summary"":""Right-handed healthy adults in the collaboration experiment.""}}",unsupported_no_typed_study_plan,,pps-study-plan.v1::sample_and_assignment | pps-study-plan.v1::factors[] | pps-study-plan.v1::schedule.events[] | pps-study-plan.v1::schedule.events[].protocol_binding | pps-study-plan.v1::assignment_and_order_policy,design.study_profile_reference_parameters.dashboard_run_setup | design.protocol.participant_order_policy.part_membership,participant-to-arm allocation | participant visit/session/measurement schedule | session-group/part identifiers | event-specific profile plus parameter overrides
doi:10.1098/rsos.181878::b,doi:10.1098/rsos.181878,social_coding_2019,Social coding of the multisensory space around us. (b),b,reported_complete,publication_pdf,2026-08-12,artifacts/paper_metadata_audit/publication_pdfs/doi_10.1098_rsos.181878__3237f37148ca.pdf,"PDF p.5, Social manipulation and Participants",,,reported,"{""analyzed_n"":29,""cohort_or_arm_count"":1,""inclusion_criteria"":""Normal audition and touch; right-handed."",""population_summary"":""Right-handed healthy adults in the competition experiment.""}",Right-handed healthy adults in the competition experiment.,Normal audition and touch; right-handed.,,,29,1,{},,counterbalanced_sequence,reported,Every participant completed the same PPS task once isolated and once in the competition dyad condition; partner seat position was between participants.,reported,Two condition-specific PPS occurrences: isolated and dyad.,reported,Social condition varies between PPS sessions; partner position varies between participants; hemispace/distance vary within trials.,reported,"Both occurrences bind to the shared lateral-trunk PPS protocol, with the dyad instructions specific to competition.",reported,Isolated versus dyad condition order was counterbalanced; seat/partner side stayed fixed throughout.,not_applicable,No intervention or training phase is part of this experiment.,crossover,within_participant,condition_specific_pps_sessions,2,4,2,2,0,2,2,"{""assignment_scope"":""within_participant"",""design_family"":""crossover"",""pps_occurrence_pattern"":""condition_specific_pps_sessions"",""sample_and_assignment"":{""analyzed_n"":29,""cohort_or_arm_count"":1,""inclusion_criteria"":""Normal audition and touch; right-handed."",""population_summary"":""Right-handed healthy adults in the competition experiment.""}}","{""design_topology"":""reported"",""factor_scope_map"":""reported"",""intervention_schedule"":""not_applicable"",""order_assignment_spacing"":""reported"",""pps_occasion_schedule"":""reported"",""protocol_binding"":""reported"",""sample_and_assignment"":""reported""}","{""design_topology"":""Every participant completed the same PPS task once isolated and once in the competition dyad condition; partner seat position was between participants."",""factor_scope_map"":""Social condition varies between PPS sessions; partner position varies between participants; hemispace/distance vary within trials."",""intervention_schedule"":""No intervention or training phase is part of this experiment."",""order_assignment_spacing"":""Isolated versus dyad condition order was counterbalanced; seat/partner side stayed fixed throughout."",""pps_occasion_schedule"":""Two condition-specific PPS occurrences: isolated and dyad."",""protocol_binding"":""Both occurrences bind to the shared lateral-trunk PPS protocol, with the dyad instructions specific to competition."",""sample_and_assignment"":{""analyzed_n"":29,""cohort_or_arm_count"":1,""inclusion_criteria"":""Normal audition and touch; right-handed."",""population_summary"":""Right-handed healthy adults in the competition experiment.""}}",unsupported_no_typed_study_plan,,pps-study-plan.v1::sample_and_assignment | pps-study-plan.v1::factors[] | pps-study-plan.v1::schedule.events[] | pps-study-plan.v1::schedule.events[].protocol_binding | pps-study-plan.v1::assignment_and_order_policy,design.study_profile_reference_parameters.dashboard_run_setup | design.protocol.participant_order_policy.part_membership,participant-to-arm allocation | participant visit/session/measurement schedule | session-group/part identifiers | event-specific profile plus parameter overrides
doi:10.1098/rsos.181878::c,doi:10.1098/rsos.181878,social_coding_2019,Social coding of the multisensory space around us. (c),c,reported_complete,publication_pdf,2026-08-12,artifacts/paper_metadata_audit/publication_pdfs/doi_10.1098_rsos.181878__3237f37148ca.pdf,"PDF p.5, Social manipulation and Participants",,,reported,"{""analyzed_n"":26,""cohort_or_arm_count"":1,""inclusion_criteria"":""Normal audition and touch; right-handed."",""population_summary"":""Right-handed healthy adults in the audience experiment.""}",Right-handed healthy adults in the audience experiment.,Normal audition and touch; right-handed.,,,26,1,{},,counterbalanced_sequence,reported,Every participant completed the same PPS task once isolated and once in the audience dyad condition; partner seat position was between participants.,reported,Two condition-specific PPS occurrences: isolated and dyad.,reported,Social condition varies between PPS sessions; partner position varies between participants; hemispace/distance vary within trials.,reported,"Both occurrences bind to the shared lateral-trunk PPS protocol, with the dyad instructions specific to audience.",reported,Isolated versus dyad condition order was counterbalanced; seat/partner side stayed fixed throughout.,not_applicable,No intervention or training phase is part of this experiment.,crossover,within_participant,condition_specific_pps_sessions,2,4,2,2,0,2,2,"{""assignment_scope"":""within_participant"",""design_family"":""crossover"",""pps_occurrence_pattern"":""condition_specific_pps_sessions"",""sample_and_assignment"":{""analyzed_n"":26,""cohort_or_arm_count"":1,""inclusion_criteria"":""Normal audition and touch; right-handed."",""population_summary"":""Right-handed healthy adults in the audience experiment.""}}","{""design_topology"":""reported"",""factor_scope_map"":""reported"",""intervention_schedule"":""not_applicable"",""order_assignment_spacing"":""reported"",""pps_occasion_schedule"":""reported"",""protocol_binding"":""reported"",""sample_and_assignment"":""reported""}","{""design_topology"":""Every participant completed the same PPS task once isolated and once in the audience dyad condition; partner seat position was between participants."",""factor_scope_map"":""Social condition varies between PPS sessions; partner position varies between participants; hemispace/distance vary within trials."",""intervention_schedule"":""No intervention or training phase is part of this experiment."",""order_assignment_spacing"":""Isolated versus dyad condition order was counterbalanced; seat/partner side stayed fixed throughout."",""pps_occasion_schedule"":""Two condition-specific PPS occurrences: isolated and dyad."",""protocol_binding"":""Both occurrences bind to the shared lateral-trunk PPS protocol, with the dyad instructions specific to audience."",""sample_and_assignment"":{""analyzed_n"":26,""cohort_or_arm_count"":1,""inclusion_criteria"":""Normal audition and touch; right-handed."",""population_summary"":""Right-handed healthy adults in the audience experiment.""}}",unsupported_no_typed_study_plan,,pps-study-plan.v1::sample_and_assignment | pps-study-plan.v1::factors[] | pps-study-plan.v1::schedule.events[] | pps-study-plan.v1::schedule.events[].protocol_binding | pps-study-plan.v1::assignment_and_order_policy,design.study_profile_reference_parameters.dashboard_run_setup | design.protocol.participant_order_policy.part_membership,participant-to-arm allocation | participant visit/session/measurement schedule | session-group/part identifiers | event-specific profile plus parameter overrides
doi:10.1016/j.neuropsychologia.2020.107579,doi:10.1016/j.neuropsychologia.2020.107579,,Schizotypy and individual differences in peripersonal space plasticity.,,not_assessed,,,,,,,,,,,,,,,{},,,,,,,,,,,,,,,,,,0,0,0,0,0,0,0,{},{},{},unsupported_no_typed_study_plan,,pps-study-plan.v1::sample_and_assignment | pps-study-plan.v1::factors[] | pps-study-plan.v1::schedule.events[] | pps-study-plan.v1::schedule.events[].protocol_binding | pps-study-plan.v1::assignment_and_order_policy,design.study_profile_reference_parameters.dashboard_run_setup | design.protocol.participant_order_policy.part_membership,participant-to-arm allocation | participant visit/session/measurement schedule | session-group/part identifiers | event-specific profile plus parameter overrides
doi:10.1016/j.neuropsychologia.2020.107622,doi:10.1016/j.neuropsychologia.2020.107622,ferroni_2020_tool_observation,Effect of tool-use observation on metric body representation and peripersonal space.,,not_assessed,,,,,,,,,,,,,,,{},,,,,,,,,,,,,,,,,,0,0,0,0,0,0,0,{},{},{},unsupported_no_typed_study_plan,,pps-study-plan.v1::sample_and_assignment | pps-study-plan.v1::factors[] | pps-study-plan.v1::schedule.events[] | pps-study-plan.v1::schedule.events[].protocol_binding | pps-study-plan.v1::assignment_and_order_policy,design.study_profile_reference_parameters.dashboard_run_setup | design.protocol.participant_order_policy.part_membership,participant-to-arm allocation | participant visit/session/measurement schedule | session-group/part identifiers | event-specific profile plus parameter overrides
doi:10.1038/s41598-019-45224-w,doi:10.1038/s41598-019-45224-w,pregnancy_2019,Enlarged representation of peripersonal space in pregnancy.,,partial,publication_pdf,2026-08-12,artifacts/paper_metadata_audit/publication_pdfs/doi_10.1038_s41598-019-45224-w__47c577b5fe75.pdf,"PDF pp.5-6, Participants and Procedure",,,reported,"Pregnant versus nonpregnant observational cohorts with changing attendance: session I 37/19, session II 28/17, session III 20/15; replacement participants entered later sessions.",,,,,,2,{},Observed pregnancy/control cohorts; attrition plus later replacement recruitment.,observed_cohort | fixed_order,reported,Mixed observational cohort by repeated longitudinal timepoint design with attrition and later-entry replacements.,reported,"Up to three separate visits: second trimester (~20 weeks), third trimester (~34 weeks), and approximately 8 weeks postpartum; controls tested on the same three occasions.",reported,Pregnancy cohort is between participant; testing timepoint is between visits; five tactile delays vary within each PPS block.,reported,Each attended visit uses the same 65-trial abdominal PPS protocol.,partial,"Visit order is fixed by pregnancy progression, but exact participant-specific spacing and replacement-entry histories vary.",not_applicable,"Pregnancy stage is an observed longitudinal state, not an intervention.",mixed_factorial,observational_cohorts,repeated_multi_timepoint,2,5,1,1,0,0,1,"{""assignment_scope"":""observational_cohorts"",""design_family"":""mixed_factorial"",""pps_occurrence_pattern"":""repeated_multi_timepoint"",""sample_and_assignment"":{""assignment_summary"":""Observed pregnancy/control cohorts; attrition plus later replacement recruitment."",""cohort_or_arm_count"":2,""occasion_sample_sizes"":{""postpartum"":{""control"":15,""pregnant"":20},""second_trimester"":{""control"":19,""pregnant"":37},""third_trimester"":{""control"":17,""pregnant"":28}}}}","{""design_topology"":""reported"",""factor_scope_map"":""reported"",""intervention_schedule"":""not_applicable"",""order_assignment_spacing"":""partial"",""pps_occasion_schedule"":""reported"",""protocol_binding"":""reported"",""sample_and_assignment"":""reported""}","{""design_topology"":""Mixed observational cohort by repeated longitudinal timepoint design with attrition and later-entry replacements."",""factor_scope_map"":""Pregnancy cohort is between participant; testing timepoint is between visits; five tactile delays vary within each PPS block."",""intervention_schedule"":""Pregnancy stage is an observed longitudinal state, not an intervention."",""order_assignment_spacing"":""Visit order is fixed by pregnancy progression, but exact participant-specific spacing and replacement-entry histories vary."",""pps_occasion_schedule"":""Up to three separate visits: second trimester (~20 weeks), third trimester (~34 weeks), and approximately 8 weeks postpartum; controls tested on the same three occasions."",""protocol_binding"":""Each attended visit uses the same 65-trial abdominal PPS protocol."",""sample_and_assignment"":""Pregnant versus nonpregnant observational cohorts with changing attendance: session I 37/19, session II 28/17, session III 20/15; replacement participants entered later sessions.""}",unsupported_no_typed_study_plan,,pps-study-plan.v1::sample_and_assignment | pps-study-plan.v1::factors[] | pps-study-plan.v1::schedule.events[] | pps-study-plan.v1::schedule.events[].protocol_binding | pps-study-plan.v1::assignment_and_order_policy,design.study_profile_reference_parameters.dashboard_run_setup | design.protocol.participant_order_policy.part_membership,participant-to-arm allocation | participant visit/session/measurement schedule | session-group/part identifiers | event-specific profile plus parameter overrides
doi:10.1016/j.actpsy.2004.10.017,doi:10.1016/j.actpsy.2004.10.017,,Audiotactile temporal order judgments.,,not_assessed,,,,,,,,,,,,,,,{},,,,,,,,,,,,,,,,,,0,0,0,0,0,0,0,{},{},{},unsupported_no_typed_study_plan,,pps-study-plan.v1::sample_and_assignment | pps-study-plan.v1::factors[] | pps-study-plan.v1::schedule.events[] | pps-study-plan.v1::schedule.events[].protocol_binding | pps-study-plan.v1::assignment_and_order_policy,design.study_profile_reference_parameters.dashboard_run_setup | design.protocol.participant_order_policy.part_membership,participant-to-arm allocation | participant visit/session/measurement schedule | session-group/part identifiers | event-specific profile plus parameter overrides
doi:10.1016/j.cortex.2021.08.004,doi:10.1016/j.cortex.2021.08.004,seeming_confines_2021,Seeming confines: Electrophysiological evidence of peripersonal space remapping following tool-use in humans.,,not_assessed,,,,,,,,,,,,,,,{},,,,,,,,,,,,,,,,,,0,0,0,0,0,0,0,{},{},{},unsupported_no_typed_study_plan,,pps-study-plan.v1::sample_and_assignment | pps-study-plan.v1::factors[] | pps-study-plan.v1::schedule.events[] | pps-study-plan.v1::schedule.events[].protocol_binding | pps-study-plan.v1::assignment_and_order_policy,design.study_profile_reference_parameters.dashboard_run_setup | design.protocol.participant_order_policy.part_membership,participant-to-arm allocation | participant visit/session/measurement schedule | session-group/part identifiers | event-specific profile plus parameter overrides
doi:10.1016/j.neuropsychologia.2017.07.018,doi:10.1016/j.neuropsychologia.2017.07.018,biggio_2017_racket_tool_use,This racket is not mine: The influence of the tool-use on peripersonal space.,,partial,manual_publication_review,2026-08-12,For-AI/audiotactile-paper-metadata-audit/manual_reviews/biggio_2017_racket_tool_use.json,"PDF pp.2-3, Experimental procedure/design",,,partial,"Observational tennis-player and novice cohorts are reported; both completed no-racket/common-racket sessions and only players completed personal-racket, but per-cohort N is not recorded in the current audit.",,,,,,,{},,observed_cohort | counterbalanced_sequence,reported,Mixed observational cohort by within-participant racket-session design with a player-only nested condition.,reported,Novices completed two PPS sessions; tennis players completed three PPS sessions.,reported,Expertise is between participants; racket condition is between sessions and personal racket is nested within players; auditory distance varies within session.,reported,Each session uses the same 90-trial near/far task with racket-state metadata.,partial,Session order counterbalanced and trials randomized within session; session spacing is not recorded.,not_applicable,Racket holding is a concurrent session context rather than a training intervention.,mixed_factorial,mixed_between_within,condition_specific_pps_sessions,2,5,1,1,0,0,0,"{""assignment_scope"":""mixed_between_within"",""design_family"":""mixed_factorial"",""pps_occurrence_pattern"":""condition_specific_pps_sessions""}","{""design_topology"":""reported"",""factor_scope_map"":""reported"",""intervention_schedule"":""not_applicable"",""order_assignment_spacing"":""partial"",""pps_occasion_schedule"":""reported"",""protocol_binding"":""reported"",""sample_and_assignment"":""partial""}","{""design_topology"":""Mixed observational cohort by within-participant racket-session design with a player-only nested condition."",""factor_scope_map"":""Expertise is between participants; racket condition is between sessions and personal racket is nested within players; auditory distance varies within session."",""intervention_schedule"":""Racket holding is a concurrent session context rather than a training intervention."",""order_assignment_spacing"":""Session order counterbalanced and trials randomized within session; session spacing is not recorded."",""pps_occasion_schedule"":""Novices completed two PPS sessions; tennis players completed three PPS sessions."",""protocol_binding"":""Each session uses the same 90-trial near/far task with racket-state metadata."",""sample_and_assignment"":""Observational tennis-player and novice cohorts are reported; both completed no-racket/common-racket sessions and only players completed personal-racket, but per-cohort N is not recorded in the current audit.""}",unsupported_no_typed_study_plan,,pps-study-plan.v1::sample_and_assignment | pps-study-plan.v1::factors[] | pps-study-plan.v1::schedule.events[] | pps-study-plan.v1::schedule.events[].protocol_binding | pps-study-plan.v1::assignment_and_order_policy,design.study_profile_reference_parameters.dashboard_run_setup | design.protocol.participant_order_policy.part_membership,participant-to-arm allocation | participant visit/session/measurement schedule | session-group/part identifiers | event-specific profile plus parameter overrides
doi:10.1177/1362361319838950,doi:10.1177/1362361319838950,autism_2019,Altered bodily self-consciousness and peripersonal space in autism.,,reported_complete,publication_pdf,2026-08-12,artifacts/paper_metadata_audit/publication_pdfs/doi_10.1177_1362361319838950__1ddd36b405d0.pdf,"PDF pp.7-11, Participants and Peripersonal space",,,reported,"{""analyzed_n"":51,""cohort_or_arm_count"":2,""per_arm_n"":{""asd"":{""analyzed_n"":22},""non_asd"":{""analyzed_n"":29}},""population_summary"":""Twenty-two adults with ASD and 29 non-ASD adults completed the PPS task (47 completed all parts; four non-ASD completed PPS only).""}",Twenty-two adults with ASD and 29 non-ASD adults completed the PPS task (47 completed all parts; four non-ASD completed PPS only).,,,,51,2,"{""asd"":{""analyzed_n"":22},""non_asd"":{""analyzed_n"":29}}",,observed_cohort,reported,One PPS measurement occurred before the separate full-body-illusion experiment; diagnostic group was observational between participants.,reported,One pre-FBI PPS occurrence per participant.,reported,ASD versus non-ASD is between participant; sound delay varies within the PPS task.,reported,The first event binds to the finger-centred looming PPS protocol; the later FBI is a separate secondary procedure.,reported,PPS always preceded the FBI; the four FBI conditions were randomized.,not_applicable,No intervention or training phase is part of this experiment.,parallel_group,observational_cohorts,single_pps,1,2,2,1,0,2,1,"{""assignment_scope"":""observational_cohorts"",""design_family"":""parallel_group"",""pps_occurrence_pattern"":""single_pps"",""sample_and_assignment"":{""analyzed_n"":51,""cohort_or_arm_count"":2,""per_arm_n"":{""asd"":{""analyzed_n"":22},""non_asd"":{""analyzed_n"":29}},""population_summary"":""Twenty-two adults with ASD and 29 non-ASD adults completed the PPS task (47 completed all parts; four non-ASD completed PPS only).""}}","{""design_topology"":""reported"",""factor_scope_map"":""reported"",""intervention_schedule"":""not_applicable"",""order_assignment_spacing"":""reported"",""pps_occasion_schedule"":""reported"",""protocol_binding"":""reported"",""sample_and_assignment"":""reported""}","{""design_topology"":""One PPS measurement occurred before the separate full-body-illusion experiment; diagnostic group was observational between participants."",""factor_scope_map"":""ASD versus non-ASD is between participant; sound delay varies within the PPS task."",""intervention_schedule"":""No intervention or training phase is part of this experiment."",""order_assignment_spacing"":""PPS always preceded the FBI; the four FBI conditions were randomized."",""pps_occasion_schedule"":""One pre-FBI PPS occurrence per participant."",""protocol_binding"":""The first event binds to the finger-centred looming PPS protocol; the later FBI is a separate secondary procedure."",""sample_and_assignment"":{""analyzed_n"":51,""cohort_or_arm_count"":2,""per_arm_n"":{""asd"":{""analyzed_n"":22},""non_asd"":{""analyzed_n"":29}},""population_summary"":""Twenty-two adults with ASD and 29 non-ASD adults completed the PPS task (47 completed all parts; four non-ASD completed PPS only).""}}",unsupported_no_typed_study_plan,,pps-study-plan.v1::sample_and_assignment | pps-study-plan.v1::factors[] | pps-study-plan.v1::schedule.events[] | pps-study-plan.v1::schedule.events[].protocol_binding | pps-study-plan.v1::assignment_and_order_policy,design.study_profile_reference_parameters.dashboard_run_setup | design.protocol.participant_order_policy.part_membership,participant-to-arm allocation | participant visit/session/measurement schedule | session-group/part identifiers | event-specific profile plus parameter overrides
doi:10.1111/j.1460-9568.2010.07210.x::a,doi:10.1111/j.1460-9568.2010.07210.x,,Seeing the body modulates audiotactile integration (a),a,reported_complete,publication_pdf,2026-08-12,artifacts/paper_metadata_audit/publication_pdfs/doi_10.1111_j.1460-9568.2010.07210.x__9e7fbce07ccb.pdf,"PDF pp.2-3, Participants and Experiments 1-3","Classified as a PPS-related static spatial multisensory task, not a looming PPS-boundary measurement.",,reported,"{""analyzed_n"":14,""cohort_or_arm_count"":1,""inclusion_criteria"":""Normal vision and hearing; no neurologic or psychiatric history."",""population_summary"":""Healthy adults in body visible experiment.""}",Healthy adults in body visible experiment.,Normal vision and hearing; no neurologic or psychiatric history.,,,14,1,{},,crossover_random_order,reported,One crossmodal-congruency session comprised 3 block-level spatial/visibility conditions.,reported,One static audiotactile spatial-interaction occurrence across 3 blocks; this is not a looming boundary paradigm.,reported,Speaker location and/or body visibility vary between blocks; sound/tactile congruency varies within trials.,reported,All blocks bind to the static full-body crossmodal-congruency protocol for this experiment.,reported,3 80-trial blocks were presented in randomized order.,not_applicable,No intervention or training phase is part of this experiment.,single_measurement,single_cohort,within_session_block_conditions,1,3,1,1,0,1,1,"{""assignment_scope"":""single_cohort"",""design_family"":""single_measurement"",""pps_occurrence_pattern"":""within_session_block_conditions"",""sample_and_assignment"":{""analyzed_n"":14,""cohort_or_arm_count"":1,""inclusion_criteria"":""Normal vision and hearing; no neurologic or psychiatric history."",""population_summary"":""Healthy adults in body visible experiment.""}}","{""design_topology"":""reported"",""factor_scope_map"":""reported"",""intervention_schedule"":""not_applicable"",""order_assignment_spacing"":""reported"",""pps_occasion_schedule"":""reported"",""protocol_binding"":""reported"",""sample_and_assignment"":""reported""}","{""design_topology"":""One crossmodal-congruency session comprised 3 block-level spatial/visibility conditions."",""factor_scope_map"":""Speaker location and/or body visibility vary between blocks; sound/tactile congruency varies within trials."",""intervention_schedule"":""No intervention or training phase is part of this experiment."",""order_assignment_spacing"":""3 80-trial blocks were presented in randomized order."",""pps_occasion_schedule"":""One static audiotactile spatial-interaction occurrence across 3 blocks; this is not a looming boundary paradigm."",""protocol_binding"":""All blocks bind to the static full-body crossmodal-congruency protocol for this experiment."",""sample_and_assignment"":{""analyzed_n"":14,""cohort_or_arm_count"":1,""inclusion_criteria"":""Normal vision and hearing; no neurologic or psychiatric history."",""population_summary"":""Healthy adults in body visible experiment.""}}",unsupported_no_typed_study_plan,,pps-study-plan.v1::sample_and_assignment | pps-study-plan.v1::factors[] | pps-study-plan.v1::schedule.events[] | pps-study-plan.v1::schedule.events[].protocol_binding | pps-study-plan.v1::assignment_and_order_policy,design.study_profile_reference_parameters.dashboard_run_setup | design.protocol.participant_order_policy.part_membership,participant-to-arm allocation | participant visit/session/measurement schedule | session-group/part identifiers | event-specific profile plus parameter overrides
doi:10.1111/j.1460-9568.2010.07210.x::b,doi:10.1111/j.1460-9568.2010.07210.x,,Seeing the body modulates audiotactile integration (b),b,reported_complete,publication_pdf,2026-08-12,artifacts/paper_metadata_audit/publication_pdfs/doi_10.1111_j.1460-9568.2010.07210.x__9e7fbce07ccb.pdf,"PDF pp.2-3, Participants and Experiments 1-3","Classified as a PPS-related static spatial multisensory task, not a looming PPS-boundary measurement.",,reported,"{""analyzed_n"":10,""cohort_or_arm_count"":1,""inclusion_criteria"":""Normal vision and hearing; no neurologic or psychiatric history."",""population_summary"":""Healthy adults in body not visible experiment.""}",Healthy adults in body not visible experiment.,Normal vision and hearing; no neurologic or psychiatric history.,,,10,1,{},,crossover_random_order,reported,One crossmodal-congruency session comprised 3 block-level spatial/visibility conditions.,reported,One static audiotactile spatial-interaction occurrence across 3 blocks; this is not a looming boundary paradigm.,reported,Speaker location and/or body visibility vary between blocks; sound/tactile congruency varies within trials.,reported,All blocks bind to the static full-body crossmodal-congruency protocol for this experiment.,reported,3 80-trial blocks were presented in randomized order.,not_applicable,No intervention or training phase is part of this experiment.,single_measurement,single_cohort,within_session_block_conditions,1,3,1,1,0,1,1,"{""assignment_scope"":""single_cohort"",""design_family"":""single_measurement"",""pps_occurrence_pattern"":""within_session_block_conditions"",""sample_and_assignment"":{""analyzed_n"":10,""cohort_or_arm_count"":1,""inclusion_criteria"":""Normal vision and hearing; no neurologic or psychiatric history."",""population_summary"":""Healthy adults in body not visible experiment.""}}","{""design_topology"":""reported"",""factor_scope_map"":""reported"",""intervention_schedule"":""not_applicable"",""order_assignment_spacing"":""reported"",""pps_occasion_schedule"":""reported"",""protocol_binding"":""reported"",""sample_and_assignment"":""reported""}","{""design_topology"":""One crossmodal-congruency session comprised 3 block-level spatial/visibility conditions."",""factor_scope_map"":""Speaker location and/or body visibility vary between blocks; sound/tactile congruency varies within trials."",""intervention_schedule"":""No intervention or training phase is part of this experiment."",""order_assignment_spacing"":""3 80-trial blocks were presented in randomized order."",""pps_occasion_schedule"":""One static audiotactile spatial-interaction occurrence across 3 blocks; this is not a looming boundary paradigm."",""protocol_binding"":""All blocks bind to the static full-body crossmodal-congruency protocol for this experiment."",""sample_and_assignment"":{""analyzed_n"":10,""cohort_or_arm_count"":1,""inclusion_criteria"":""Normal vision and hearing; no neurologic or psychiatric history."",""population_summary"":""Healthy adults in body not visible experiment.""}}",unsupported_no_typed_study_plan,,pps-study-plan.v1::sample_and_assignment | pps-study-plan.v1::factors[] | pps-study-plan.v1::schedule.events[] | pps-study-plan.v1::schedule.events[].protocol_binding | pps-study-plan.v1::assignment_and_order_policy,design.study_profile_reference_parameters.dashboard_run_setup | design.protocol.participant_order_policy.part_membership,participant-to-arm allocation | participant visit/session/measurement schedule | session-group/part identifiers | event-specific profile plus parameter overrides
doi:10.1111/j.1460-9568.2010.07210.x::c,doi:10.1111/j.1460-9568.2010.07210.x,,Seeing the body modulates audiotactile integration (c),c,reported_complete,publication_pdf,2026-08-12,artifacts/paper_metadata_audit/publication_pdfs/doi_10.1111_j.1460-9568.2010.07210.x__9e7fbce07ccb.pdf,"PDF pp.2-3, Participants and Experiments 1-3","Classified as a PPS-related static spatial multisensory task, not a looming PPS-boundary measurement.",,reported,"{""analyzed_n"":13,""cohort_or_arm_count"":1,""inclusion_criteria"":""Normal vision and hearing; no neurologic or psychiatric history."",""population_summary"":""Healthy adults in body visibility by front/back location experiment.""}",Healthy adults in body visibility by front/back location experiment.,Normal vision and hearing; no neurologic or psychiatric history.,,,13,1,{},,crossover_random_order,reported,One crossmodal-congruency session comprised 4 block-level spatial/visibility conditions.,reported,One static audiotactile spatial-interaction occurrence across 4 blocks; this is not a looming boundary paradigm.,reported,Speaker location and/or body visibility vary between blocks; sound/tactile congruency varies within trials.,reported,All blocks bind to the static full-body crossmodal-congruency protocol for this experiment.,reported,4 80-trial blocks were presented in randomized order.,not_applicable,No intervention or training phase is part of this experiment.,single_measurement,single_cohort,within_session_block_conditions,1,4,1,1,0,1,1,"{""assignment_scope"":""single_cohort"",""design_family"":""single_measurement"",""pps_occurrence_pattern"":""within_session_block_conditions"",""sample_and_assignment"":{""analyzed_n"":13,""cohort_or_arm_count"":1,""inclusion_criteria"":""Normal vision and hearing; no neurologic or psychiatric history."",""population_summary"":""Healthy adults in body visibility by front/back location experiment.""}}","{""design_topology"":""reported"",""factor_scope_map"":""reported"",""intervention_schedule"":""not_applicable"",""order_assignment_spacing"":""reported"",""pps_occasion_schedule"":""reported"",""protocol_binding"":""reported"",""sample_and_assignment"":""reported""}","{""design_topology"":""One crossmodal-congruency session comprised 4 block-level spatial/visibility conditions."",""factor_scope_map"":""Speaker location and/or body visibility vary between blocks; sound/tactile congruency varies within trials."",""intervention_schedule"":""No intervention or training phase is part of this experiment."",""order_assignment_spacing"":""4 80-trial blocks were presented in randomized order."",""pps_occasion_schedule"":""One static audiotactile spatial-interaction occurrence across 4 blocks; this is not a looming boundary paradigm."",""protocol_binding"":""All blocks bind to the static full-body crossmodal-congruency protocol for this experiment."",""sample_and_assignment"":{""analyzed_n"":13,""cohort_or_arm_count"":1,""inclusion_criteria"":""Normal vision and hearing; no neurologic or psychiatric history."",""population_summary"":""Healthy adults in body visibility by front/back location experiment.""}}",unsupported_no_typed_study_plan,,pps-study-plan.v1::sample_and_assignment | pps-study-plan.v1::factors[] | pps-study-plan.v1::schedule.events[] | pps-study-plan.v1::schedule.events[].protocol_binding | pps-study-plan.v1::assignment_and_order_policy,design.study_profile_reference_parameters.dashboard_run_setup | design.protocol.participant_order_policy.part_membership,participant-to-arm allocation | participant visit/session/measurement schedule | session-group/part identifiers | event-specific profile plus parameter overrides
doi:10.1007/s00426-020-01365-6,doi:10.1007/s00426-020-01365-6,jazz_duet_2021,Does musical interaction in a jazz duet modulate peripersonal space?,,not_assessed,,,,,,,,,,,,,,,{},,,,,,,,,,,,,,,,,,0,0,0,0,0,0,0,{},{},{},unsupported_no_typed_study_plan,,pps-study-plan.v1::sample_and_assignment | pps-study-plan.v1::factors[] | pps-study-plan.v1::schedule.events[] | pps-study-plan.v1::schedule.events[].protocol_binding | pps-study-plan.v1::assignment_and_order_policy,design.study_profile_reference_parameters.dashboard_run_setup | design.protocol.participant_order_policy.part_membership,participant-to-arm allocation | participant visit/session/measurement schedule | session-group/part identifiers | event-specific profile plus parameter overrides
doi:10.1073/pnas.2024548118,doi:10.1073/pnas.2024548118,ronga_2021_newborn_erp,Spatial tuning of electrophysiological responses to multisensory stimuli reveals a primitive coding of the body boundaries in newborns,,reported_complete,manual_publication_review,2026-08-12,For-AI/audiotactile-paper-metadata-audit/manual_reviews/ronga_2021_newborn_erp.json,"SI Appendix p.3, Stimuli and experimental task",,,reported,25 healthy newborns and 25 adult controls were analyzed as observational age cohorts.,,,,,50,2,"{""adult"":{""analyzed_n"":25},""newborn"":{""analyzed_n"":25}}",Observed newborn and adult control cohorts.,observed_cohort | all_participants,reported,Observational newborn-versus-adult cohort comparison with the same five sensory conditions and cohort-specific block schedules.,reported,Newborns complete 3 to 6 blocks; adults complete 3 blocks; all conditions are intermixed within blocks.,reported,Age cohort is between participant; sensory condition is within block and all participants in each cohort receive each condition.,reported,Newborn and adult events bind to the same near/far audio-tactile ERP condition set with cohort-specific repetition counts.,reported,Trials are pseudorandomized with no more than two identical conditions consecutively; newborn block count varies from three to six.,not_applicable,No intervention or training phase is reported.,mixed_factorial,observational_cohorts,multi_scope,2,7,1,1,0,0,0,"{""assignment_scope"":""observational_cohorts"",""design_family"":""mixed_factorial"",""pps_occurrence_pattern"":""multi_scope"",""sample_and_assignment"":{""analyzed_n"":50,""assignment_summary"":""Observed newborn and adult control cohorts."",""cohort_or_arm_count"":2,""per_arm_n"":{""adult"":{""analyzed_n"":25},""newborn"":{""analyzed_n"":25}}}}","{""design_topology"":""reported"",""factor_scope_map"":""reported"",""intervention_schedule"":""not_applicable"",""order_assignment_spacing"":""reported"",""pps_occasion_schedule"":""reported"",""protocol_binding"":""reported"",""sample_and_assignment"":""reported""}","{""design_topology"":""Observational newborn-versus-adult cohort comparison with the same five sensory conditions and cohort-specific block schedules."",""factor_scope_map"":""Age cohort is between participant; sensory condition is within block and all participants in each cohort receive each condition."",""intervention_schedule"":""No intervention or training phase is reported."",""order_assignment_spacing"":""Trials are pseudorandomized with no more than two identical conditions consecutively; newborn block count varies from three to six."",""pps_occasion_schedule"":""Newborns complete 3 to 6 blocks; adults complete 3 blocks; all conditions are intermixed within blocks."",""protocol_binding"":""Newborn and adult events bind to the same near/far audio-tactile ERP condition set with cohort-specific repetition counts."",""sample_and_assignment"":""25 healthy newborns and 25 adult controls were analyzed as observational age cohorts.""}",unsupported_no_typed_study_plan,,pps-study-plan.v1::sample_and_assignment | pps-study-plan.v1::factors[] | pps-study-plan.v1::schedule.events[] | pps-study-plan.v1::schedule.events[].protocol_binding | pps-study-plan.v1::assignment_and_order_policy,design.study_profile_reference_parameters.dashboard_run_setup | design.protocol.participant_order_policy.part_membership,participant-to-arm allocation | participant visit/session/measurement schedule | session-group/part identifiers | event-specific profile plus parameter overrides
doi:10.1038/s41598-021-90784-5,doi:10.1038/s41598-021-90784-5,matsuda_2021_four_directions,"Peripersonal space in the front, rear, left and right directions for audio-tactile multisensory integration.",,partial,manual_publication_review,2026-08-12,For-AI/audiotactile-paper-metadata-audit/manual_reviews/matsuda_2021_four_directions.json,"PDF p.7, Conditions and Procedure",,,reported,"Single cohort of 20 healthy male observers; all received every direction, motion, and tactile-timing condition.",,,,,20,1,{},All participants received all four direction blocks.,counterbalanced_sequence | all_participants,reported,Within-participant four-direction condition-block design.,reported,"Four 200-trial PPS blocks, one for each body-relative direction.",reported,"Direction varies between blocks; trial family, timing, and sound motion vary within each block.",reported,"The common PPS protocol is rebound to front, rear, left, or right body-relative geometry per block.",reported,Direction-block order counterbalanced; conditions randomized within block.,not_applicable,"Direction is a measurement condition, not an intervention.",crossover,within_participant,within_session_block_conditions,2,6,1,1,0,0,0,"{""assignment_scope"":""within_participant"",""design_family"":""crossover"",""pps_occurrence_pattern"":""within_session_block_conditions"",""sample_and_assignment"":{""analyzed_n"":20,""assignment_summary"":""All participants received all four direction blocks."",""cohort_or_arm_count"":1}}","{""design_topology"":""reported"",""factor_scope_map"":""reported"",""intervention_schedule"":""not_applicable"",""order_assignment_spacing"":""reported"",""pps_occasion_schedule"":""reported"",""protocol_binding"":""reported"",""sample_and_assignment"":""reported""}","{""design_topology"":""Within-participant four-direction condition-block design."",""factor_scope_map"":""Direction varies between blocks; trial family, timing, and sound motion vary within each block."",""intervention_schedule"":""Direction is a measurement condition, not an intervention."",""order_assignment_spacing"":""Direction-block order counterbalanced; conditions randomized within block."",""pps_occasion_schedule"":""Four 200-trial PPS blocks, one for each body-relative direction."",""protocol_binding"":""The common PPS protocol is rebound to front, rear, left, or right body-relative geometry per block."",""sample_and_assignment"":""Single cohort of 20 healthy male observers; all received every direction, motion, and tactile-timing condition.""}",unsupported_no_typed_study_plan,,pps-study-plan.v1::sample_and_assignment | pps-study-plan.v1::factors[] | pps-study-plan.v1::schedule.events[] | pps-study-plan.v1::schedule.events[].protocol_binding | pps-study-plan.v1::assignment_and_order_policy,design.study_profile_reference_parameters.dashboard_run_setup | design.protocol.participant_order_policy.part_membership,participant-to-arm allocation | participant visit/session/measurement schedule | session-group/part identifiers | event-specific profile plus parameter overrides
doi:10.1177/0956797619869337,doi:10.1177/0956797619869337,footsole_vibration_2019,Remapping Peripersonal Space by Using Foot-Sole Vibrations Without Any Body Movement.,,not_assessed,,,,,,,,,,,,,,,{},,,,,,,,,,,,,,,,,,0,0,0,0,0,0,0,{},{},{},unsupported_no_typed_study_plan,,pps-study-plan.v1::sample_and_assignment | pps-study-plan.v1::factors[] | pps-study-plan.v1::schedule.events[] | pps-study-plan.v1::schedule.events[].protocol_binding | pps-study-plan.v1::assignment_and_order_policy,design.study_profile_reference_parameters.dashboard_run_setup | design.protocol.participant_order_policy.part_membership,participant-to-arm allocation | participant visit/session/measurement schedule | session-group/part identifiers | event-specific profile plus parameter overrides
doi:10.1016/j.neuropsychologia.2021.107823,doi:10.1016/j.neuropsychologia.2021.107823,,Phase-coupling of neural oscillations contributes to individual differences in peripersonal space.,,not_assessed,,,,,,,,,,,,,,,{},,,,,,,,,,,,,,,,,,0,0,0,0,0,0,0,{},{},{},unsupported_no_typed_study_plan,,pps-study-plan.v1::sample_and_assignment | pps-study-plan.v1::factors[] | pps-study-plan.v1::schedule.events[] | pps-study-plan.v1::schedule.events[].protocol_binding | pps-study-plan.v1::assignment_and_order_policy,design.study_profile_reference_parameters.dashboard_run_setup | design.protocol.participant_order_policy.part_membership,participant-to-arm allocation | participant visit/session/measurement schedule | session-group/part identifiers | event-specific profile plus parameter overrides
doi:10.1016/j.cortex.2020.11.021,doi:10.1016/j.cortex.2020.11.021,ageing_2021,How ageing shapes body and space representations: A comparison study between healthy young and older adults.,,reported_complete,publication_pdf,2026-08-12,artifacts/paper_metadata_audit/publication_pdfs/doi_10.1016_j.cortex.2020.11.021__cf9743199b72.pdf,"PDF pp.4-6, Participants and PPS task",,,reported,"PPS analysis included 29 young and 23 older healthy adults; age cohort is observational, not randomized.",Healthy young and older adults included in the PPS analysis,,,,52,2,{},Observational young-adult and older-adult cohorts; both completed left and right PPS runs.,observed_cohort | crossover_random_order,reported,Mixed observational age-cohort comparison with within-participant left/right PPS runs.,reported,Each participant completed one left-hand and one right-hand PPS run.,reported,Age cohort is between participants; body side is within participant between runs; tactile delays vary within run.,reported,The same PPS protocol is used for both cohorts and sides with side-specific body anchoring.,reported,Left/right side order was randomized across participants; task-session order within the broader study was randomized.,not_applicable,"Age is an observational cohort factor, not an intervention.",mixed_factorial,observational_cohorts,multi_scope,2,4,1,1,0,0,0,"{""assignment_scope"":""observational_cohorts"",""design_family"":""mixed_factorial"",""pps_occurrence_pattern"":""multi_scope"",""sample_and_assignment"":{""analyzed_n"":52,""assignment_summary"":""Observational young-adult and older-adult cohorts; both completed left and right PPS runs."",""cohort_or_arm_count"":2,""population_summary"":""Healthy young and older adults included in the PPS analysis""}}","{""design_topology"":""reported"",""factor_scope_map"":""reported"",""intervention_schedule"":""not_applicable"",""order_assignment_spacing"":""reported"",""pps_occasion_schedule"":""reported"",""protocol_binding"":""reported"",""sample_and_assignment"":""reported""}","{""design_topology"":""Mixed observational age-cohort comparison with within-participant left/right PPS runs."",""factor_scope_map"":""Age cohort is between participants; body side is within participant between runs; tactile delays vary within run."",""intervention_schedule"":""Age is an observational cohort factor, not an intervention."",""order_assignment_spacing"":""Left/right side order was randomized across participants; task-session order within the broader study was randomized."",""pps_occasion_schedule"":""Each participant completed one left-hand and one right-hand PPS run."",""protocol_binding"":""The same PPS protocol is used for both cohorts and sides with side-specific body anchoring."",""sample_and_assignment"":""PPS analysis included 29 young and 23 older healthy adults; age cohort is observational, not randomized.""}",unsupported_no_typed_study_plan,,pps-study-plan.v1::sample_and_assignment | pps-study-plan.v1::factors[] | pps-study-plan.v1::schedule.events[] | pps-study-plan.v1::schedule.events[].protocol_binding | pps-study-plan.v1::assignment_and_order_policy,design.study_profile_reference_parameters.dashboard_run_setup | design.protocol.participant_order_policy.part_membership,participant-to-arm allocation | participant visit/session/measurement schedule | session-group/part identifiers | event-specific profile plus parameter overrides
doi:10.3233/rnn-120286,doi:10.3233/rnn-120286,cimmino_2013_surgical_arm_elongation,Plasticity of body representations after surgical arm elongation in an achondroplasic patient.,,not_assessed,,,,,,,,,,,,,,,{},,,,,,,,,,,,,,,,,,0,0,0,0,0,0,0,{},{},{},unsupported_no_typed_study_plan,,pps-study-plan.v1::sample_and_assignment | pps-study-plan.v1::factors[] | pps-study-plan.v1::schedule.events[] | pps-study-plan.v1::schedule.events[].protocol_binding | pps-study-plan.v1::assignment_and_order_policy,design.study_profile_reference_parameters.dashboard_run_setup | design.protocol.participant_order_policy.part_membership,participant-to-arm allocation | participant visit/session/measurement schedule | session-group/part identifiers | event-specific profile plus parameter overrides
doi:10.1038/s41598-022-21469-w,doi:10.1038/s41598-022-21469-w,rossi_sebastiano_2022_visuotactile,Multisensory-driven facilitation within the peripersonal space is modulated by the expectations about stimulus location on the body.,,partial,publication_pdf_adjacent_visual_tactile,2026-08-12,artifacts/paper_metadata_audit/publication_pdfs/doi_10.1038_s41598-022-21469-w__5a00a6e273f0.pdf,"PDF pp.2-3, Participants and Experimental procedures",Adjacent visual-tactile PPS participant study retained only to characterize its higher-level topology; it has no auditory PPS protocol binding.,,reported,20 healthy right-handed participants; all completed unilateral and bilateral visual-tactile tasks.,,,,20,20,1,{},All participants completed both task blocks.,counterbalanced_sequence,reported,Within-participant counterbalanced unilateral-versus-bilateral task blocks.,reported,Two subsequent visual-tactile PPS blocks in counterbalanced order.,reported,Task laterality varies between blocks; tactile/visual condition varies within block.,not_applicable,No auditory PPS toolkit protocol: the task uses visual LEDs with electrical touch.,reported,Block order counterbalanced so half began unilateral and half bilateral; conditions randomized within each block.,not_applicable,No intervention.,crossover,within_participant,within_session_block_conditions,1,2,1,1,0,0,1,"{""assignment_scope"":""within_participant"",""design_family"":""crossover"",""pps_occurrence_pattern"":""within_session_block_conditions"",""sample_and_assignment"":{""analyzed_n"":20,""assignment_summary"":""All participants completed both task blocks."",""cohort_or_arm_count"":1,""planned_n"":20}}","{""design_topology"":""reported"",""factor_scope_map"":""reported"",""intervention_schedule"":""not_applicable"",""order_assignment_spacing"":""reported"",""pps_occasion_schedule"":""reported"",""protocol_binding"":""not_applicable"",""sample_and_assignment"":""reported""}","{""design_topology"":""Within-participant counterbalanced unilateral-versus-bilateral task blocks."",""factor_scope_map"":""Task laterality varies between blocks; tactile/visual condition varies within block."",""intervention_schedule"":""No intervention."",""order_assignment_spacing"":""Block order counterbalanced so half began unilateral and half bilateral; conditions randomized within each block."",""pps_occasion_schedule"":""Two subsequent visual-tactile PPS blocks in counterbalanced order."",""protocol_binding"":""No auditory PPS toolkit protocol: the task uses visual LEDs with electrical touch."",""sample_and_assignment"":""20 healthy right-handed participants; all completed unilateral and bilateral visual-tactile tasks.""}",unsupported_no_typed_study_plan,,pps-study-plan.v1::sample_and_assignment | pps-study-plan.v1::factors[] | pps-study-plan.v1::schedule.events[] | pps-study-plan.v1::schedule.events[].protocol_binding | pps-study-plan.v1::assignment_and_order_policy,design.study_profile_reference_parameters.dashboard_run_setup | design.protocol.participant_order_policy.part_membership,participant-to-arm allocation | participant visit/session/measurement schedule | session-group/part identifiers | event-specific profile plus parameter overrides
doi:10.1038/s41598-020-79767-0,doi:10.1038/s41598-020-79767-0,taffou_2021_auditory_roughness,Auditory roughness elicits defense reactions.,,partial,manual_publication_review,2026-08-12,For-AI/audiotactile-paper-metadata-audit/manual_reviews/taffou_2021_auditory_roughness.json,"PDF pp.3-4, Measure of PPS",,,reported,Single cohort of 40 healthy participants; all 40 are represented in the reported analysis.,,,,,40,1,{},All participants received every roughness/timing condition.,all_participants,reported,Single-cohort within-participant rough versus non-rough sound PPS design.,reported,One PPS test divided into ten 32-trial blocks after a small training block.,reported,"Sound roughness and tactile timing vary trial by trial; block is a workload partition, not a condition.",reported,All test blocks use the rear-left roughness PPS protocol.,reported,Fourteen target conditions randomized and catches intermingled; ten fixed-size blocks.,not_applicable,"Roughness is a concurrent sound condition, not an intervention.",single_measurement,single_cohort,within_session_trial_conditions,1,2,2,1,0,0,0,"{""assignment_scope"":""single_cohort"",""design_family"":""single_measurement"",""pps_occurrence_pattern"":""within_session_trial_conditions"",""sample_and_assignment"":{""analyzed_n"":40,""assignment_summary"":""All participants received every roughness/timing condition."",""cohort_or_arm_count"":1}}","{""design_topology"":""reported"",""factor_scope_map"":""reported"",""intervention_schedule"":""not_applicable"",""order_assignment_spacing"":""reported"",""pps_occasion_schedule"":""reported"",""protocol_binding"":""reported"",""sample_and_assignment"":""reported""}","{""design_topology"":""Single-cohort within-participant rough versus non-rough sound PPS design."",""factor_scope_map"":""Sound roughness and tactile timing vary trial by trial; block is a workload partition, not a condition."",""intervention_schedule"":""Roughness is a concurrent sound condition, not an intervention."",""order_assignment_spacing"":""Fourteen target conditions randomized and catches intermingled; ten fixed-size blocks."",""pps_occasion_schedule"":""One PPS test divided into ten 32-trial blocks after a small training block."",""protocol_binding"":""All test blocks use the rear-left roughness PPS protocol."",""sample_and_assignment"":""Single cohort of 40 healthy participants; all 40 are represented in the reported analysis.""}",unsupported_no_typed_study_plan,,pps-study-plan.v1::sample_and_assignment | pps-study-plan.v1::factors[] | pps-study-plan.v1::schedule.events[] | pps-study-plan.v1::schedule.events[].protocol_binding | pps-study-plan.v1::assignment_and_order_policy,design.study_profile_reference_parameters.dashboard_run_setup | design.protocol.participant_order_policy.part_membership,participant-to-arm allocation | participant visit/session/measurement schedule | session-group/part identifiers | event-specific profile plus parameter overrides
doi:10.1007/s00221-019-05469-3,doi:10.1007/s00221-019-05469-3,tonelli_2019_echolocation,Enhanced audio-tactile multisensory interaction in a peripersonal task after echolocation.,,partial,manual_publication_review,2026-08-12,For-AI/audiotactile-paper-metadata-audit/manual_reviews/tonelli_2019_echolocation.json,"PDF p.4, PPS task and Procedure",,,reported,"44 allocated; two ECHO participants excluded during training, leaving 42 analyzed (14 ECHO, 14 TIME, 14 REST). TIME/REST were pseudo-randomly assigned after ECHO recruitment.",,,,44,42,3,"{""echo"":{""analyzed_n"":14,""planned_n"":16},""rest"":{""analyzed_n"":14,""planned_n"":14},""time"":{""analyzed_n"":14,""planned_n"":14}}",ECHO recruited first; TIME/REST pseudo-randomly assigned.,custom | fixed_order,reported,Mixed between-group intervention and within-participant pre/post PPS design.,reported,Every participant completed one PPS block before and one PPS block after the assigned intervention.,reported,Intervention arm is between participants; timepoint is within participant between measurements; PPS trial families are randomized within each block.,reported,The same 140-trial lateral PPS protocol is used at pre- and post-test.,partial,Pre-intervention-post order is fixed and TIME/REST assignment is pseudo-random; full arm-allocation method and intervention-to-post interval are not recorded.,reported,"Group-specific ECHO, TIME, or REST phase occurs between the two PPS assessments.",mixed_factorial,mixed_between_within,repeated_pre_post,2,5,3,2,0,0,0,"{""assignment_scope"":""mixed_between_within"",""design_family"":""mixed_factorial"",""pps_occurrence_pattern"":""repeated_pre_post"",""sample_and_assignment"":{""analyzed_n"":42,""assignment_summary"":""ECHO recruited first; TIME/REST pseudo-randomly assigned."",""cohort_or_arm_count"":3,""per_arm_n"":{""echo"":{""analyzed_n"":14,""planned_n"":16},""rest"":{""analyzed_n"":14,""planned_n"":14},""time"":{""analyzed_n"":14,""planned_n"":14}},""planned_n"":44}}","{""design_topology"":""reported"",""factor_scope_map"":""reported"",""intervention_schedule"":""reported"",""order_assignment_spacing"":""partial"",""pps_occasion_schedule"":""reported"",""protocol_binding"":""reported"",""sample_and_assignment"":""reported""}","{""design_topology"":""Mixed between-group intervention and within-participant pre/post PPS design."",""factor_scope_map"":""Intervention arm is between participants; timepoint is within participant between measurements; PPS trial families are randomized within each block."",""intervention_schedule"":""Group-specific ECHO, TIME, or REST phase occurs between the two PPS assessments."",""order_assignment_spacing"":""Pre-intervention-post order is fixed and TIME/REST assignment is pseudo-random; full arm-allocation method and intervention-to-post interval are not recorded."",""pps_occasion_schedule"":""Every participant completed one PPS block before and one PPS block after the assigned intervention."",""protocol_binding"":""The same 140-trial lateral PPS protocol is used at pre- and post-test."",""sample_and_assignment"":""44 allocated; two ECHO participants excluded during training, leaving 42 analyzed (14 ECHO, 14 TIME, 14 REST). TIME/REST were pseudo-randomly assigned after ECHO recruitment.""}",unsupported_no_typed_study_plan,,pps-study-plan.v1::sample_and_assignment | pps-study-plan.v1::factors[] | pps-study-plan.v1::schedule.events[] | pps-study-plan.v1::schedule.events[].protocol_binding | pps-study-plan.v1::assignment_and_order_policy,design.study_profile_reference_parameters.dashboard_run_setup | design.protocol.participant_order_policy.part_membership,participant-to-arm allocation | participant visit/session/measurement schedule | session-group/part identifiers | event-specific profile plus parameter overrides
doi:10.1038/s41598-019-45084-4::a,doi:10.1038/s41598-019-45084-4,newborn_boundaries_2019,Identifying peripersonal space boundaries in newborns. (a),a,reported_complete,publication_pdf_formal_experiment,2026-08-12,artifacts/paper_metadata_audit/publication_pdfs/doi_10.1038_s41598-019-45084-4__2ed6021a2bf9.pdf,"PDF pp.2-4, 8-9, Pilot study and Methods",,,reported,"12 newborns participated; four were excluded (one experimental error, three insufficient trials), leaving eight analyzed in one Pilot cohort.",Awake/alert healthy term newborns.,,,12,8,1,{},,all_participants,reported,Single-cohort attention-limited Pilot with three within-session audio-tactile intensity conditions.,reported,"One attention-limited randomized task block per newborn, maximum 30 trials.",reported,Static sound intensity varies trial by trial; all retained newborns receive the same audio-tactile protocol.,reported,One Pilot protocol with concurrent forehead stroke and three auditory intensities.,reported,Intensity trials randomized; testing stops when attention/completion criteria fail.,not_applicable,No intervention or training phase.,adaptive,single_cohort,single_pps,1,3,1,1,0,0,1,"{""assignment_scope"":""single_cohort"",""design_family"":""adaptive"",""pps_occurrence_pattern"":""single_pps"",""sample_and_assignment"":{""analyzed_n"":8,""cohort_or_arm_count"":1,""exclusion_summary"":""One experimental error and three insufficient-trial exclusions."",""planned_n"":12,""population_summary"":""Awake/alert healthy term newborns.""}}","{""design_topology"":""reported"",""factor_scope_map"":""reported"",""intervention_schedule"":""not_applicable"",""order_assignment_spacing"":""reported"",""pps_occasion_schedule"":""reported"",""protocol_binding"":""reported"",""sample_and_assignment"":""reported""}","{""design_topology"":""Single-cohort attention-limited Pilot with three within-session audio-tactile intensity conditions."",""factor_scope_map"":""Static sound intensity varies trial by trial; all retained newborns receive the same audio-tactile protocol."",""intervention_schedule"":""No intervention or training phase."",""order_assignment_spacing"":""Intensity trials randomized; testing stops when attention/completion criteria fail."",""pps_occasion_schedule"":""One attention-limited randomized task block per newborn, maximum 30 trials."",""protocol_binding"":""One Pilot protocol with concurrent forehead stroke and three auditory intensities."",""sample_and_assignment"":""12 newborns participated; four were excluded (one experimental error, three insufficient trials), leaving eight analyzed in one Pilot cohort.""}",unsupported_no_typed_study_plan,,pps-study-plan.v1::sample_and_assignment | pps-study-plan.v1::factors[] | pps-study-plan.v1::schedule.events[] | pps-study-plan.v1::schedule.events[].protocol_binding | pps-study-plan.v1::assignment_and_order_policy,design.study_profile_reference_parameters.dashboard_run_setup | design.protocol.participant_order_policy.part_membership,participant-to-arm allocation | participant visit/session/measurement schedule | session-group/part identifiers | event-specific profile plus parameter overrides
doi:10.1038/s41598-019-45084-4::b,doi:10.1038/s41598-019-45084-4,newborn_boundaries_2019,Identifying peripersonal space boundaries in newborns. (b),b,reported_complete,publication_pdf_formal_experiment,2026-08-12,artifacts/paper_metadata_audit/publication_pdfs/doi_10.1038_s41598-019-45084-4__2ed6021a2bf9.pdf,"PDF pp.4-5, 8-9, Study 1 and Methods",,,reported,"48 newborns participated; 17 were excluded, leaving 31 randomly divided into audio-tactile (N=16) and auditory-only (N=15) arms.",Awake/alert healthy term newborns.,,,48,31,2,"{""audio_tactile"":{""analyzed_n"":16},""auditory_only"":{""analyzed_n"":15}}",Random allocation to two sensory-modality arms.,random_parallel | all_participants,reported,Randomized parallel-group Study 1 with assigned audio-tactile versus auditory-only protocol and five within-session sound intensities.,reported,"One attention-limited randomized task block per newborn, maximum 31 trials in the assigned modality arm.",reported,Modality arm is between participants; static sound intensity varies within block.,reported,"Both arms share the five-intensity orienting protocol; audio-tactile arm adds the concurrent forehead stroke, auditory-only arm omits it.",reported,Newborns randomly divided between arms; intensity rows randomized; task stops with insufficient attention.,not_applicable,No intervention or pre/post phase.,parallel_group,between_participant_arms,single_pps,2,7,1,1,0,0,1,"{""assignment_scope"":""between_participant_arms"",""design_family"":""parallel_group"",""pps_occurrence_pattern"":""single_pps"",""sample_and_assignment"":{""analyzed_n"":31,""assignment_summary"":""Random allocation to two sensory-modality arms."",""cohort_or_arm_count"":2,""exclusion_summary"":""17 excluded for error, sleepiness, insufficient trials, or suspected hearing problem."",""per_arm_n"":{""audio_tactile"":{""analyzed_n"":16},""auditory_only"":{""analyzed_n"":15}},""planned_n"":48,""population_summary"":""Awake/alert healthy term newborns.""}}","{""design_topology"":""reported"",""factor_scope_map"":""reported"",""intervention_schedule"":""not_applicable"",""order_assignment_spacing"":""reported"",""pps_occasion_schedule"":""reported"",""protocol_binding"":""reported"",""sample_and_assignment"":""reported""}","{""design_topology"":""Randomized parallel-group Study 1 with assigned audio-tactile versus auditory-only protocol and five within-session sound intensities."",""factor_scope_map"":""Modality arm is between participants; static sound intensity varies within block."",""intervention_schedule"":""No intervention or pre/post phase."",""order_assignment_spacing"":""Newborns randomly divided between arms; intensity rows randomized; task stops with insufficient attention."",""pps_occasion_schedule"":""One attention-limited randomized task block per newborn, maximum 31 trials in the assigned modality arm."",""protocol_binding"":""Both arms share the five-intensity orienting protocol; audio-tactile arm adds the concurrent forehead stroke, auditory-only arm omits it."",""sample_and_assignment"":""48 newborns participated; 17 were excluded, leaving 31 randomly divided into audio-tactile (N=16) and auditory-only (N=15) arms.""}",unsupported_no_typed_study_plan,,pps-study-plan.v1::sample_and_assignment | pps-study-plan.v1::factors[] | pps-study-plan.v1::schedule.events[] | pps-study-plan.v1::schedule.events[].protocol_binding | pps-study-plan.v1::assignment_and_order_policy,design.study_profile_reference_parameters.dashboard_run_setup | design.protocol.participant_order_policy.part_membership,participant-to-arm allocation | participant visit/session/measurement schedule | session-group/part identifiers | event-specific profile plus parameter overrides
doi:10.1093/braincomms/fcac179,doi:10.1093/braincomms/fcac179,,Body and peripersonal space representations in chronic stroke patients with upper limb motor deficits.,,partial,publication_pdf,2026-08-12,artifacts/paper_metadata_audit/publication_pdfs/doi_10.1093_braincomms_fcac179__272ca6c0fa06.pdf,"PDF pp.3-7, Participants, PPS task, and Results",,,reported,Baseline cohort included 60 chronic-stroke patients and 45 controls; PPS analysis retained 39 patients able to detect touch and 36 age-matched controls.,,,,105,75,2,"{""control"":{""analyzed_n"":36,""planned_n"":45},""stroke"":{""analyzed_n"":39,""planned_n"":60}}",Observed chronic-stroke and age-matched healthy cohorts; PPS subset required reliable tactile detection.,observed_cohort | all_participants,reported,Observational chronic-stroke versus healthy-control comparison with side/limb and three PPS distance-delay levels within participant.,reported,One PPS task during an extensive baseline evaluation before the parent rehabilitation trial; no postintervention PPS task is reported in this paper.,reported,Clinical cohort is between participant; limb/side and distance are within participant; unimodal tactile trials provide within-session baseline.,partial,"One foot-pedal PPS protocol applies to patient/control cohorts, but supplementary-only apparatus, count, and block details remain unavailable.",not_reported,PPS block order/randomization and its position among the baseline assessment battery are not reported in the main PDF.,not_applicable,The analyzed PPS measurement is explicitly part of pre-rehabilitation baseline evaluation; rehabilitation intervention is outside this paper's PPS schedule.,mixed_factorial,observational_cohorts,single_pps,2,4,1,1,0,0,1,"{""assignment_scope"":""observational_cohorts"",""design_family"":""mixed_factorial"",""pps_occurrence_pattern"":""single_pps"",""sample_and_assignment"":{""analyzed_n"":75,""assignment_summary"":""Observed chronic-stroke and age-matched healthy cohorts; PPS subset required reliable tactile detection."",""cohort_or_arm_count"":2,""per_arm_n"":{""control"":{""analyzed_n"":36,""planned_n"":45},""stroke"":{""analyzed_n"":39,""planned_n"":60}},""planned_n"":105}}","{""design_topology"":""reported"",""factor_scope_map"":""reported"",""intervention_schedule"":""not_applicable"",""order_assignment_spacing"":""not_reported"",""pps_occasion_schedule"":""reported"",""protocol_binding"":""partial"",""sample_and_assignment"":""reported""}","{""design_topology"":""Observational chronic-stroke versus healthy-control comparison with side/limb and three PPS distance-delay levels within participant."",""factor_scope_map"":""Clinical cohort is between participant; limb/side and distance are within participant; unimodal tactile trials provide within-session baseline."",""intervention_schedule"":""The analyzed PPS measurement is explicitly part of pre-rehabilitation baseline evaluation; rehabilitation intervention is outside this paper's PPS schedule."",""order_assignment_spacing"":""PPS block order/randomization and its position among the baseline assessment battery are not reported in the main PDF."",""pps_occasion_schedule"":""One PPS task during an extensive baseline evaluation before the parent rehabilitation trial; no postintervention PPS task is reported in this paper."",""protocol_binding"":""One foot-pedal PPS protocol applies to patient/control cohorts, but supplementary-only apparatus, count, and block details remain unavailable."",""sample_and_assignment"":""Baseline cohort included 60 chronic-stroke patients and 45 controls; PPS analysis retained 39 patients able to detect touch and 36 age-matched controls.""}",unsupported_no_typed_study_plan,,pps-study-plan.v1::sample_and_assignment | pps-study-plan.v1::factors[] | pps-study-plan.v1::schedule.events[] | pps-study-plan.v1::schedule.events[].protocol_binding | pps-study-plan.v1::assignment_and_order_policy,design.study_profile_reference_parameters.dashboard_run_setup | design.protocol.participant_order_policy.part_membership,participant-to-arm allocation | participant visit/session/measurement schedule | session-group/part identifiers | event-specific profile plus parameter overrides
doi:10.1007/s00221-013-3574-5,doi:10.1007/s00221-013-3574-5,teramoto_2013_beyond_head_audiotactile,Audiotactile interactions beyond the space and body parts around the head,,not_assessed,,,,,,,,,,,,,,,{},,,,,,,,,,,,,,,,,,0,0,0,0,0,0,0,{},{},{},unsupported_no_typed_study_plan,,pps-study-plan.v1::sample_and_assignment | pps-study-plan.v1::factors[] | pps-study-plan.v1::schedule.events[] | pps-study-plan.v1::schedule.events[].protocol_binding | pps-study-plan.v1::assignment_and_order_policy,design.study_profile_reference_parameters.dashboard_run_setup | design.protocol.participant_order_policy.part_membership,participant-to-arm allocation | participant visit/session/measurement schedule | session-group/part identifiers | event-specific profile plus parameter overrides
doi:10.1093/oso/9780198851738.003.0005,doi:10.1093/oso/9780198851738.003.0005,,Visuo-tactile predictive mechanisms of peripersonal space,,not_assessed,,,,,,,,,,,,,,,{},,,,,,,,,,,,,,,,,,0,0,0,0,0,0,0,{},{},{},unsupported_no_typed_study_plan,,pps-study-plan.v1::sample_and_assignment | pps-study-plan.v1::factors[] | pps-study-plan.v1::schedule.events[] | pps-study-plan.v1::schedule.events[].protocol_binding | pps-study-plan.v1::assignment_and_order_policy,design.study_profile_reference_parameters.dashboard_run_setup | design.protocol.participant_order_policy.part_membership,participant-to-arm allocation | participant visit/session/measurement schedule | session-group/part identifiers | event-specific profile plus parameter overrides
doi:10.1038/s41598-021-00048-5,doi:10.1038/s41598-021-00048-5,spadone_2021_connectivity,Frontal and parietal background connectivity and their dynamic changes account for individual differences in the multisensory representation of peripersonal space.,,partial,publication_pdf,2026-08-12,artifacts/paper_metadata_audit/publication_pdfs/doi_10.1038_s41598-021-00048-5__d6b258a443a1.pdf,"PDF pp.9-11, behavioral and fMRI sessions",,,reported,28 healthy right-handed volunteers completed the behavioral PPS task and the linked fMRI experiment; the paper reanalyzes their prior fMRI dataset.,,,,,28,1,{},All participants completed linked behavioral and fMRI sessions.,fixed_order | all_participants,reported,Same-participant two-session design: behavioral PPS estimation followed by individualized near/far audio-tactile fMRI task.,reported,Behavioral session: three task blocks. fMRI session: eight 6-min runs using near/far delays selected from that participant's behavioral RT profile.,reported,Session is within participant between session; sound type and tactile delay vary within session; scanner near/far levels are individualized from behavioral outcomes.,reported,Behavioral loudspeaker profile binds to the boundary task; scanner headphone profile binds to individualized Tnear/Tfar conditions and BOLD acquisition.,partial,Behavioral precedes fMRI because it selects scanner delays; inter-session spacing is not reported. Scanner trials use constrained pseudorandom sequences.,not_applicable,No intervention; behavioral measurement parameterizes the subsequent scanner task.,repeated_measure,within_participant,condition_specific_pps_sessions,2,4,3,2,0,0,2,"{""assignment_scope"":""within_participant"",""design_family"":""repeated_measure"",""pps_occurrence_pattern"":""condition_specific_pps_sessions"",""sample_and_assignment"":{""analyzed_n"":28,""assignment_summary"":""All participants completed linked behavioral and fMRI sessions."",""cohort_or_arm_count"":1}}","{""design_topology"":""reported"",""factor_scope_map"":""reported"",""intervention_schedule"":""not_applicable"",""order_assignment_spacing"":""partial"",""pps_occasion_schedule"":""reported"",""protocol_binding"":""reported"",""sample_and_assignment"":""reported""}","{""design_topology"":""Same-participant two-session design: behavioral PPS estimation followed by individualized near/far audio-tactile fMRI task."",""factor_scope_map"":""Session is within participant between session; sound type and tactile delay vary within session; scanner near/far levels are individualized from behavioral outcomes."",""intervention_schedule"":""No intervention; behavioral measurement parameterizes the subsequent scanner task."",""order_assignment_spacing"":""Behavioral precedes fMRI because it selects scanner delays; inter-session spacing is not reported. Scanner trials use constrained pseudorandom sequences."",""pps_occasion_schedule"":""Behavioral session: three task blocks. fMRI session: eight 6-min runs using near/far delays selected from that participant's behavioral RT profile."",""protocol_binding"":""Behavioral loudspeaker profile binds to the boundary task; scanner headphone profile binds to individualized Tnear/Tfar conditions and BOLD acquisition."",""sample_and_assignment"":""28 healthy right-handed volunteers completed the behavioral PPS task and the linked fMRI experiment; the paper reanalyzes their prior fMRI dataset.""}",unsupported_no_typed_study_plan,,pps-study-plan.v1::sample_and_assignment | pps-study-plan.v1::factors[] | pps-study-plan.v1::schedule.events[] | pps-study-plan.v1::schedule.events[].protocol_binding | pps-study-plan.v1::assignment_and_order_policy,design.study_profile_reference_parameters.dashboard_run_setup | design.protocol.participant_order_policy.part_membership,participant-to-arm allocation | participant visit/session/measurement schedule | session-group/part identifiers | event-specific profile plus parameter overrides
doi:10.1007/s00221-024-06782-2,doi:10.1007/s00221-024-06782-2,teraoka_2024_front_rear,Comparison of peripersonal space in front and rear spaces.,,partial,publication_pdf,2026-08-12,artifacts/paper_metadata_audit/publication_pdfs/doi_10.1007_s00221-024-06782-2__e053c775a82b.pdf,"PDF pp.7-14, Participants, task, and analysis",,,reported,"21 recruited after a power target of 19; two participants were excluded, leaving 19 analyzed in a single cohort.",,,,19,19,1,{},All analyzed participants received both direction blocks.,unclear,reported,Single-cohort within-participant front-versus-rear direction design with two condition blocks.,reported,"One experimental session containing one front block and one rear block (56 trials each), after ten practice trials.",reported,"Direction varies between blocks; probe distance, tactile delay/baseline timing, and catch family vary within block.",reported,Both blocks bind to the same 48-cm trajectory/probe protocol with direction-specific front/rear coordinates.,not_reported,Front/rear block order and between-block spacing are not reported; trials within each block are randomized.,not_applicable,No intervention or training manipulation beyond task practice.,single_measurement,single_cohort,within_session_block_conditions,1,2,2,1,0,0,1,"{""assignment_scope"":""single_cohort"",""design_family"":""single_measurement"",""pps_occurrence_pattern"":""within_session_block_conditions"",""sample_and_assignment"":{""analyzed_n"":19,""assignment_summary"":""All analyzed participants received both direction blocks."",""cohort_or_arm_count"":1,""planned_sample_n"":19,""recruited_n"":21}}","{""design_topology"":""reported"",""factor_scope_map"":""reported"",""intervention_schedule"":""not_applicable"",""order_assignment_spacing"":""not_reported"",""pps_occasion_schedule"":""reported"",""protocol_binding"":""reported"",""sample_and_assignment"":""reported""}","{""design_topology"":""Single-cohort within-participant front-versus-rear direction design with two condition blocks."",""factor_scope_map"":""Direction varies between blocks; probe distance, tactile delay/baseline timing, and catch family vary within block."",""intervention_schedule"":""No intervention or training manipulation beyond task practice."",""order_assignment_spacing"":""Front/rear block order and between-block spacing are not reported; trials within each block are randomized."",""pps_occasion_schedule"":""One experimental session containing one front block and one rear block (56 trials each), after ten practice trials."",""protocol_binding"":""Both blocks bind to the same 48-cm trajectory/probe protocol with direction-specific front/rear coordinates."",""sample_and_assignment"":""21 recruited after a power target of 19; two participants were excluded, leaving 19 analyzed in a single cohort.""}",unsupported_no_typed_study_plan,,pps-study-plan.v1::sample_and_assignment | pps-study-plan.v1::factors[] | pps-study-plan.v1::schedule.events[] | pps-study-plan.v1::schedule.events[].protocol_binding | pps-study-plan.v1::assignment_and_order_policy,design.study_profile_reference_parameters.dashboard_run_setup | design.protocol.participant_order_policy.part_membership,participant-to-arm allocation | participant visit/session/measurement schedule | session-group/part identifiers | event-specific profile plus parameter overrides
doi:10.3389/fpsyg.2011.00077,doi:10.3389/fpsyg.2011.00077,,"Organization, maturation, and plasticity of multisensory integration: insights from computational modeling studies.",,not_applicable,publication_pdf,2026-08-12,artifacts/paper_metadata_audit/publication_pdfs/doi_10.3389_fpsyg.2011.00077__a0f58aaf0364.pdf,"PDF pp.1-21, Review Article",Review/model article reports no new participant study structure.,,not_applicable,Review/model article reports no new participant study structure.,,,,,,,{},,,not_applicable,Review/model article reports no new participant study structure.,not_applicable,Review/model article reports no new participant study structure.,not_applicable,Review/model article reports no new participant study structure.,not_applicable,Review/model article reports no new participant study structure.,not_applicable,Review/model article reports no new participant study structure.,not_applicable,Review/model article reports no new participant study structure.,unclear,unclear,custom,0,0,0,0,0,0,0,"{""assignment_scope"":""unclear"",""design_family"":""unclear"",""pps_occurrence_pattern"":""custom""}","{""design_topology"":""not_applicable"",""factor_scope_map"":""not_applicable"",""intervention_schedule"":""not_applicable"",""order_assignment_spacing"":""not_applicable"",""pps_occasion_schedule"":""not_applicable"",""protocol_binding"":""not_applicable"",""sample_and_assignment"":""not_applicable""}","{""design_topology"":""Review/model article reports no new participant study structure."",""factor_scope_map"":""Review/model article reports no new participant study structure."",""intervention_schedule"":""Review/model article reports no new participant study structure."",""order_assignment_spacing"":""Review/model article reports no new participant study structure."",""pps_occasion_schedule"":""Review/model article reports no new participant study structure."",""protocol_binding"":""Review/model article reports no new participant study structure."",""sample_and_assignment"":""Review/model article reports no new participant study structure.""}",unsupported_no_typed_study_plan,,pps-study-plan.v1::sample_and_assignment | pps-study-plan.v1::factors[] | pps-study-plan.v1::schedule.events[] | pps-study-plan.v1::schedule.events[].protocol_binding | pps-study-plan.v1::assignment_and_order_policy,design.study_profile_reference_parameters.dashboard_run_setup | design.protocol.participant_order_policy.part_membership,participant-to-arm allocation | participant visit/session/measurement schedule | session-group/part identifiers | event-specific profile plus parameter overrides
doi:10.3758/app.72.4.885,doi:10.3758/app.72.4.885,,Crossmodal interaction between the mental number line and peripersonal haptic space representation in sighted and blind individuals.,,not_applicable,publication_pdf,2026-08-12,artifacts/paper_metadata_audit/publication_pdfs/doi_10.3758_app.72.4.885__be940f2b5a56.pdf,"PDF pp.2-4, Method",Empirical haptic rod-bisection task is adjacent but not an audio-tactile PPS protocol structure.,,not_applicable,Empirical haptic rod-bisection task is adjacent but not an audio-tactile PPS protocol structure.,,,,,,,{},,,not_applicable,Empirical haptic rod-bisection task is adjacent but not an audio-tactile PPS protocol structure.,not_applicable,Empirical haptic rod-bisection task is adjacent but not an audio-tactile PPS protocol structure.,not_applicable,Empirical haptic rod-bisection task is adjacent but not an audio-tactile PPS protocol structure.,not_applicable,Empirical haptic rod-bisection task is adjacent but not an audio-tactile PPS protocol structure.,not_applicable,Empirical haptic rod-bisection task is adjacent but not an audio-tactile PPS protocol structure.,not_applicable,Empirical haptic rod-bisection task is adjacent but not an audio-tactile PPS protocol structure.,unclear,unclear,custom,0,0,0,0,0,0,0,"{""assignment_scope"":""unclear"",""design_family"":""unclear"",""pps_occurrence_pattern"":""custom""}","{""design_topology"":""not_applicable"",""factor_scope_map"":""not_applicable"",""intervention_schedule"":""not_applicable"",""order_assignment_spacing"":""not_applicable"",""pps_occasion_schedule"":""not_applicable"",""protocol_binding"":""not_applicable"",""sample_and_assignment"":""not_applicable""}","{""design_topology"":""Empirical haptic rod-bisection task is adjacent but not an audio-tactile PPS protocol structure."",""factor_scope_map"":""Empirical haptic rod-bisection task is adjacent but not an audio-tactile PPS protocol structure."",""intervention_schedule"":""Empirical haptic rod-bisection task is adjacent but not an audio-tactile PPS protocol structure."",""order_assignment_spacing"":""Empirical haptic rod-bisection task is adjacent but not an audio-tactile PPS protocol structure."",""pps_occasion_schedule"":""Empirical haptic rod-bisection task is adjacent but not an audio-tactile PPS protocol structure."",""protocol_binding"":""Empirical haptic rod-bisection task is adjacent but not an audio-tactile PPS protocol structure."",""sample_and_assignment"":""Empirical haptic rod-bisection task is adjacent but not an audio-tactile PPS protocol structure.""}",unsupported_no_typed_study_plan,,pps-study-plan.v1::sample_and_assignment | pps-study-plan.v1::factors[] | pps-study-plan.v1::schedule.events[] | pps-study-plan.v1::schedule.events[].protocol_binding | pps-study-plan.v1::assignment_and_order_policy,design.study_profile_reference_parameters.dashboard_run_setup | design.protocol.participant_order_policy.part_membership,participant-to-arm allocation | participant visit/session/measurement schedule | session-group/part identifiers | event-specific profile plus parameter overrides
doi:10.1016/j.schres.2021.06.026,doi:10.1016/j.schres.2021.06.026,,Influence of E/I balance and pruning in peri-personal space differences in schizophrenia: A computational approach.,,not_applicable,publication_pdf_nonempirical_model,2026-08-13,artifacts/paper_metadata_audit/publication_pdfs/doi_10.1016_j.schres.2021.06.026__79b4f029c561.pdf,"PDF pp.5-8, Methods, computational neural-network model and simulations",Non-empirical computational model paper; all participant study-plan components are explicitly not applicable.,,not_applicable,This publication reports computational simulations calibrated to prior human PPS results; it recruits no participants for a new empirical study.,,,,,,,{},,,not_applicable,"No participant arms, within-participant conditions, or empirical study topology are scheduled.",not_applicable,No new participant PPS measurement occasion is conducted.,not_applicable,Model parameters and simulated conditions are outside the participant study-plan factor contract.,not_applicable,There is no executable participant PPS protocol to bind; the publication models previously reported behavioral data.,not_applicable,"No participant assignment, visit order, or spacing exists.",not_applicable,No participant intervention is administered.,unclear,unclear,custom,0,0,0,0,0,0,0,"{""assignment_scope"":""unclear"",""design_family"":""unclear"",""pps_occurrence_pattern"":""custom""}","{""design_topology"":""not_applicable"",""factor_scope_map"":""not_applicable"",""intervention_schedule"":""not_applicable"",""order_assignment_spacing"":""not_applicable"",""pps_occasion_schedule"":""not_applicable"",""protocol_binding"":""not_applicable"",""sample_and_assignment"":""not_applicable""}","{""design_topology"":""No participant arms, within-participant conditions, or empirical study topology are scheduled."",""factor_scope_map"":""Model parameters and simulated conditions are outside the participant study-plan factor contract."",""intervention_schedule"":""No participant intervention is administered."",""order_assignment_spacing"":""No participant assignment, visit order, or spacing exists."",""pps_occasion_schedule"":""No new participant PPS measurement occasion is conducted."",""protocol_binding"":""There is no executable participant PPS protocol to bind; the publication models previously reported behavioral data."",""sample_and_assignment"":""This publication reports computational simulations calibrated to prior human PPS results; it recruits no participants for a new empirical study.""}",unsupported_no_typed_study_plan,,pps-study-plan.v1::sample_and_assignment | pps-study-plan.v1::factors[] | pps-study-plan.v1::schedule.events[] | pps-study-plan.v1::schedule.events[].protocol_binding | pps-study-plan.v1::assignment_and_order_policy,design.study_profile_reference_parameters.dashboard_run_setup | design.protocol.participant_order_policy.part_membership,participant-to-arm allocation | participant visit/session/measurement schedule | session-group/part identifiers | event-specific profile plus parameter overrides
doi:10.3389/frvir.2021.644214,doi:10.3389/frvir.2021.644214,lerner_2021_3d_boundary,VR Setup to Assess Peripersonal Space Audio-Tactile 3D Boundaries,,conflicting_evidence,publication_pdf,2026-08-12,artifacts/paper_metadata_audit/publication_pdfs/doi_10.3389_frvir.2021.644214__33de42f7f6cb.pdf,"PDF pp.7-12, Participants, Calibration, and Procedure",,,reported,Eight participants completed the pilot within-participant flat/dynamic 3D task.,Healthy pilot participants,,,,8,1,{},All completed individualized flat/dynamic task.,,reported,"Single-cohort pilot with individualized physical/HRTF calibration, practice, then one PPS occasion over four blocks.",reported,"One PPS occasion after calibration/practice, divided into four blocks with a 15-min midpoint break.",reported,"Flat/dynamic sound, 12 directions, and tactile distance vary within measurement; individualized measurements parameterize geometry/rendering.",reported,All blocks bind to one individualized Unity/3D Tune-In profile per participant.,conflicting_evidence,"Calibration -> 10 practice -> four blocks with midpoint break is clear, but 96-versus-144 total conflict prevents exact schedule resolution.",not_applicable,No intervention.,single_measurement,within_participant,single_pps,0,0,3,1,0,0,0,"{""assignment_scope"":""within_participant"",""design_family"":""single_measurement"",""pps_occurrence_pattern"":""single_pps"",""sample_and_assignment"":{""analyzed_n"":8,""assignment_summary"":""All completed individualized flat/dynamic task."",""cohort_or_arm_count"":1,""population_summary"":""Healthy pilot participants""}}","{""design_topology"":""reported"",""factor_scope_map"":""reported"",""intervention_schedule"":""not_applicable"",""order_assignment_spacing"":""conflicting_evidence"",""pps_occasion_schedule"":""reported"",""protocol_binding"":""reported"",""sample_and_assignment"":""reported""}","{""design_topology"":""Single-cohort pilot with individualized physical/HRTF calibration, practice, then one PPS occasion over four blocks."",""factor_scope_map"":""Flat/dynamic sound, 12 directions, and tactile distance vary within measurement; individualized measurements parameterize geometry/rendering."",""intervention_schedule"":""No intervention."",""order_assignment_spacing"":""Calibration -> 10 practice -> four blocks with midpoint break is clear, but 96-versus-144 total conflict prevents exact schedule resolution."",""pps_occasion_schedule"":""One PPS occasion after calibration/practice, divided into four blocks with a 15-min midpoint break."",""protocol_binding"":""All blocks bind to one individualized Unity/3D Tune-In profile per participant."",""sample_and_assignment"":""Eight participants completed the pilot within-participant flat/dynamic 3D task.""}",unsupported_no_typed_study_plan,,pps-study-plan.v1::sample_and_assignment | pps-study-plan.v1::factors[] | pps-study-plan.v1::schedule.events[] | pps-study-plan.v1::schedule.events[].protocol_binding | pps-study-plan.v1::assignment_and_order_policy,design.study_profile_reference_parameters.dashboard_run_setup | design.protocol.participant_order_policy.part_membership,participant-to-arm allocation | participant visit/session/measurement schedule | session-group/part identifiers | event-specific profile plus parameter overrides
doi:10.1016/j.neuropsychologia.2009.07.025,doi:10.1016/j.neuropsychologia.2009.07.025,tajadura_jimenez_2009_visual_deprivation,Early visual deprivation alters multisensory processing in peripersonal space.,,partial,manual_publication_review,2026-08-12,For-AI/audiotactile-paper-metadata-audit/manual_reviews/tajadura_jimenez_2009_visual_deprivation.json,"PDF p.3, Procedure",,,reported,"33 adults in three observed visual-status cohorts: 12 sighted controls, 10 early blind, and 11 late blind.",,,,,33,3,"{""early_blind"":{""analyzed_n"":10},""late_blind"":{""analyzed_n"":11},""sighted_control"":{""analyzed_n"":12}}","Observed sighted, early-blind, and late-blind cohorts.",observed_cohort | counterbalanced_sequence | all_participants,partial,Crossed and uncrossed posture are within-participant blocks; the current audit has not normalized the publication's visual-status cohort assignment.,reported,"Two posture-specific test blocks, each preceded by 21 practice trials.",reported,Posture varies between blocks; stimulus side and auditory/tactile/bimodal modality vary within block.,reported,Crossed and uncrossed blocks share the static lateral protocol with posture-dependent response-hand mapping.,reported,Posture order counterbalanced; 10-min pause between approximately 10-min blocks; within-block trials randomized.,not_applicable,"Posture is a concurrent block condition, not a pre/post intervention.",mixed_factorial,observational_cohorts,within_session_block_conditions,3,8,1,1,0,0,0,"{""assignment_scope"":""observational_cohorts"",""design_family"":""mixed_factorial"",""pps_occurrence_pattern"":""within_session_block_conditions"",""sample_and_assignment"":{""analyzed_n"":33,""assignment_summary"":""Observed sighted, early-blind, and late-blind cohorts."",""cohort_or_arm_count"":3,""per_arm_n"":{""early_blind"":{""analyzed_n"":10},""late_blind"":{""analyzed_n"":11},""sighted_control"":{""analyzed_n"":12}}}}","{""design_topology"":""partial"",""factor_scope_map"":""reported"",""intervention_schedule"":""not_applicable"",""order_assignment_spacing"":""reported"",""pps_occasion_schedule"":""reported"",""protocol_binding"":""reported"",""sample_and_assignment"":""reported""}","{""design_topology"":""Crossed and uncrossed posture are within-participant blocks; the current audit has not normalized the publication's visual-status cohort assignment."",""factor_scope_map"":""Posture varies between blocks; stimulus side and auditory/tactile/bimodal modality vary within block."",""intervention_schedule"":""Posture is a concurrent block condition, not a pre/post intervention."",""order_assignment_spacing"":""Posture order counterbalanced; 10-min pause between approximately 10-min blocks; within-block trials randomized."",""pps_occasion_schedule"":""Two posture-specific test blocks, each preceded by 21 practice trials."",""protocol_binding"":""Crossed and uncrossed blocks share the static lateral protocol with posture-dependent response-hand mapping."",""sample_and_assignment"":""33 adults in three observed visual-status cohorts: 12 sighted controls, 10 early blind, and 11 late blind.""}",unsupported_no_typed_study_plan,,pps-study-plan.v1::sample_and_assignment | pps-study-plan.v1::factors[] | pps-study-plan.v1::schedule.events[] | pps-study-plan.v1::schedule.events[].protocol_binding | pps-study-plan.v1::assignment_and_order_policy,design.study_profile_reference_parameters.dashboard_run_setup | design.protocol.participant_order_policy.part_membership,participant-to-arm allocation | participant visit/session/measurement schedule | session-group/part identifiers | event-specific profile plus parameter overrides
doi:10.1101/2024.10.25.619776::a,doi:10.1101/2024.10.25.619776,,Multisensory integration in Peripersonal Space indexes consciousness states in sleep and disorders of consciousness (a),a,reported_complete,publication_pdf,2026-08-12,artifacts/paper_metadata_audit/publication_pdfs/doi_10.1101_2024.10.25.619776__de2f3f7b2efd.pdf,"PDF pp.17-19, Sleep experiment Methods",,,reported,"{""analyzed_n"":13,""cohort_or_arm_count"":1,""exclusion_criteria"":""Two participants' sleep data unanalysable due to EEG trigger issues; REM analyses additionally lacked one participant without REM."",""inclusion_criteria"":""Good sleep quality, non-extreme chronotype, no excessive fatigue or sleepiness."",""planned_n"":15,""population_summary"":""Fifteen healthy volunteers screened for psychiatric, neurologic, and sleep disorders.""}","Fifteen healthy volunteers screened for psychiatric, neurologic, and sleep disorders.","Good sleep quality, non-extreme chronotype, no excessive fatigue or sleepiness.",Two participants' sleep data unanalysable due to EEG trigger issues; REM analyses additionally lacked one participant without REM.,15,13,1,{},,observed_cohort,reported,"A fixed awake PPS phase preceded overnight repeated PPS stimulation blocks during N2/N3/REM, interleaved with no-stimulation rest and occasional experience questionnaires.",reported,Three awake PPS blocks and repeated sleep PPS blocks across observed sleep stages.,reported,Conscious state/sleep stage varies between repeated measurement blocks; five sensory trial types vary within block.,reported,"Awake and sleep events bind to the same static near/far chest PPS family, with state-specific scheduling.",reported,Awake PPS first; overnight 5-min stimulation and no-stimulation blocks alternated. Sleep-stage order was determined by stable observed N2/N3/REM and randomized administration policy.,not_applicable,No intervention or training phase is part of this experiment.,repeated_measure,single_cohort,repeated_multi_timepoint,1,4,4,2,0,2,2,"{""assignment_scope"":""single_cohort"",""design_family"":""repeated_measure"",""pps_occurrence_pattern"":""repeated_multi_timepoint"",""sample_and_assignment"":{""analyzed_n"":13,""cohort_or_arm_count"":1,""exclusion_criteria"":""Two participants' sleep data unanalysable due to EEG trigger issues; REM analyses additionally lacked one participant without REM."",""inclusion_criteria"":""Good sleep quality, non-extreme chronotype, no excessive fatigue or sleepiness."",""planned_n"":15,""population_summary"":""Fifteen healthy volunteers screened for psychiatric, neurologic, and sleep disorders.""}}","{""design_topology"":""reported"",""factor_scope_map"":""reported"",""intervention_schedule"":""not_applicable"",""order_assignment_spacing"":""reported"",""pps_occasion_schedule"":""reported"",""protocol_binding"":""reported"",""sample_and_assignment"":""reported""}","{""design_topology"":""A fixed awake PPS phase preceded overnight repeated PPS stimulation blocks during N2/N3/REM, interleaved with no-stimulation rest and occasional experience questionnaires."",""factor_scope_map"":""Conscious state/sleep stage varies between repeated measurement blocks; five sensory trial types vary within block."",""intervention_schedule"":""No intervention or training phase is part of this experiment."",""order_assignment_spacing"":""Awake PPS first; overnight 5-min stimulation and no-stimulation blocks alternated. Sleep-stage order was determined by stable observed N2/N3/REM and randomized administration policy."",""pps_occasion_schedule"":""Three awake PPS blocks and repeated sleep PPS blocks across observed sleep stages."",""protocol_binding"":""Awake and sleep events bind to the same static near/far chest PPS family, with state-specific scheduling."",""sample_and_assignment"":{""analyzed_n"":13,""cohort_or_arm_count"":1,""exclusion_criteria"":""Two participants' sleep data unanalysable due to EEG trigger issues; REM analyses additionally lacked one participant without REM."",""inclusion_criteria"":""Good sleep quality, non-extreme chronotype, no excessive fatigue or sleepiness."",""planned_n"":15,""population_summary"":""Fifteen healthy volunteers screened for psychiatric, neurologic, and sleep disorders.""}}",unsupported_no_typed_study_plan,,pps-study-plan.v1::sample_and_assignment | pps-study-plan.v1::factors[] | pps-study-plan.v1::schedule.events[] | pps-study-plan.v1::schedule.events[].protocol_binding | pps-study-plan.v1::assignment_and_order_policy,design.study_profile_reference_parameters.dashboard_run_setup | design.protocol.participant_order_policy.part_membership,participant-to-arm allocation | participant visit/session/measurement schedule | session-group/part identifiers | event-specific profile plus parameter overrides
doi:10.1101/2024.10.25.619776::b,doi:10.1101/2024.10.25.619776,,Multisensory integration in Peripersonal Space indexes consciousness states in sleep and disorders of consciousness (b),b,reported_complete,publication_pdf,2026-08-12,artifacts/paper_metadata_audit/publication_pdfs/doi_10.1101_2024.10.25.619776__de2f3f7b2efd.pdf,"PDF pp.19-21, DoC phenotype patients Methods",,,reported,"{""analyzed_n"":66,""cohort_or_arm_count"":1,""exclusion_criteria"":""Six patients excluded after EEG preprocessing for excessive noise/artifacts."",""population_summary"":""Seventy-two patients across the disorders-of-consciousness/putative cognitive-motor-dissociation spectrum.""}",Seventy-two patients across the disorders-of-consciousness/putative cognitive-motor-dissociation spectrum.,,Six patients excluded after EEG preprocessing for excessive noise/artifacts.,,66,1,{},,observed_cohort,reported,"Clinical patients could have repeated sessions, but the reported cohort analysis used only each patient's first session, containing 1-3 PPS blocks.",reported,"One analyzed PPS occurrence (first session), implemented as 1-3 repeated blocks.",reported,Clinical consciousness phenotype is observational between participants; five sensory types vary within randomized blocks.,reported,The analyzed first-session event binds to the static near/far arm-centred DoC PPS protocol.,reported,Only first-session data were used; within each session 1-3 randomized 250-trial blocks were separated by brief breaks.,not_applicable,No intervention or training phase is part of this experiment.,single_measurement,observational_cohorts,within_session_block_conditions,1,1,1,1,0,1,1,"{""assignment_scope"":""observational_cohorts"",""design_family"":""single_measurement"",""pps_occurrence_pattern"":""within_session_block_conditions"",""sample_and_assignment"":{""analyzed_n"":66,""cohort_or_arm_count"":1,""exclusion_criteria"":""Six patients excluded after EEG preprocessing for excessive noise/artifacts."",""population_summary"":""Seventy-two patients across the disorders-of-consciousness/putative cognitive-motor-dissociation spectrum.""}}","{""design_topology"":""reported"",""factor_scope_map"":""reported"",""intervention_schedule"":""not_applicable"",""order_assignment_spacing"":""reported"",""pps_occasion_schedule"":""reported"",""protocol_binding"":""reported"",""sample_and_assignment"":""reported""}","{""design_topology"":""Clinical patients could have repeated sessions, but the reported cohort analysis used only each patient's first session, containing 1-3 PPS blocks."",""factor_scope_map"":""Clinical consciousness phenotype is observational between participants; five sensory types vary within randomized blocks."",""intervention_schedule"":""No intervention or training phase is part of this experiment."",""order_assignment_spacing"":""Only first-session data were used; within each session 1-3 randomized 250-trial blocks were separated by brief breaks."",""pps_occasion_schedule"":""One analyzed PPS occurrence (first session), implemented as 1-3 repeated blocks."",""protocol_binding"":""The analyzed first-session event binds to the static near/far arm-centred DoC PPS protocol."",""sample_and_assignment"":{""analyzed_n"":66,""cohort_or_arm_count"":1,""exclusion_criteria"":""Six patients excluded after EEG preprocessing for excessive noise/artifacts."",""population_summary"":""Seventy-two patients across the disorders-of-consciousness/putative cognitive-motor-dissociation spectrum.""}}",unsupported_no_typed_study_plan,,pps-study-plan.v1::sample_and_assignment | pps-study-plan.v1::factors[] | pps-study-plan.v1::schedule.events[] | pps-study-plan.v1::schedule.events[].protocol_binding | pps-study-plan.v1::assignment_and_order_policy,design.study_profile_reference_parameters.dashboard_run_setup | design.protocol.participant_order_policy.part_membership,participant-to-arm allocation | participant visit/session/measurement schedule | session-group/part identifiers | event-specific profile plus parameter overrides
doi:10.1109/whc.2017.7989970,doi:10.1109/whc.2017.7989970,amemiya_2017_pseudowalking_footsole,Vibration on the soles of the feet evoking a sensation of walking expands peripersonal space,,not_assessed,,,,,,,,,,,,,,,{},,,,,,,,,,,,,,,,,,0,0,0,0,0,0,0,{},{},{},unsupported_no_typed_study_plan,,pps-study-plan.v1::sample_and_assignment | pps-study-plan.v1::factors[] | pps-study-plan.v1::schedule.events[] | pps-study-plan.v1::schedule.events[].protocol_binding | pps-study-plan.v1::assignment_and_order_policy,design.study_profile_reference_parameters.dashboard_run_setup | design.protocol.participant_order_policy.part_membership,participant-to-arm allocation | participant visit/session/measurement schedule | session-group/part identifiers | event-specific profile plus parameter overrides
doi:10.1250/ast.41.345::a,doi:10.1250/ast.41.345,,Social impact on audiotactile integration near the body (a),a,partial,publication_pdf,2026-08-12,artifacts/paper_metadata_audit/publication_pdfs/doi_10.1250_ast.41.345__bdacce3b4a8e.pdf,"PDF pp.1-3, Method and Collaborative Experiment Results",,,reported,26 right-handed adults with normal audition/touch participated in the collaborative experiment; assigned left/right seat was fixed throughout.,Healthy right-handed adults,,,,26,1,{},All completed isolated and collaborative dyad contexts; seat side fixed.,all_participants | unclear,reported,"Within-participant isolated versus collaborative dyad context, with seating side as a between-participant position factor.",partial,Every participant performed the PPS task in isolated and dyad contexts; whether these were separate blocks/sessions and their order are not reported.,reported,Social context is within participant/between measurement or block; seating position is between participant; sound hemispace and delay vary within measurement.,reported,The same nine-delay bilateral PPS protocol is used in isolated and collaborative dyad contexts; only social instruction differs.,not_reported,Order/spacing of isolated and dyad contexts is not reported; seat remains fixed.,not_applicable,"Social context is present during PPS measurement, not an intervening treatment.",repeated_measure,within_participant,condition_specific_pps_sessions,2,4,1,1,0,0,0,"{""assignment_scope"":""within_participant"",""design_family"":""repeated_measure"",""pps_occurrence_pattern"":""condition_specific_pps_sessions"",""sample_and_assignment"":{""analyzed_n"":26,""assignment_summary"":""All completed isolated and collaborative dyad contexts; seat side fixed."",""cohort_or_arm_count"":1,""population_summary"":""Healthy right-handed adults""}}","{""design_topology"":""reported"",""factor_scope_map"":""reported"",""intervention_schedule"":""not_applicable"",""order_assignment_spacing"":""not_reported"",""pps_occasion_schedule"":""partial"",""protocol_binding"":""reported"",""sample_and_assignment"":""reported""}","{""design_topology"":""Within-participant isolated versus collaborative dyad context, with seating side as a between-participant position factor."",""factor_scope_map"":""Social context is within participant/between measurement or block; seating position is between participant; sound hemispace and delay vary within measurement."",""intervention_schedule"":""Social context is present during PPS measurement, not an intervening treatment."",""order_assignment_spacing"":""Order/spacing of isolated and dyad contexts is not reported; seat remains fixed."",""pps_occasion_schedule"":""Every participant performed the PPS task in isolated and dyad contexts; whether these were separate blocks/sessions and their order are not reported."",""protocol_binding"":""The same nine-delay bilateral PPS protocol is used in isolated and collaborative dyad contexts; only social instruction differs."",""sample_and_assignment"":""26 right-handed adults with normal audition/touch participated in the collaborative experiment; assigned left/right seat was fixed throughout.""}",unsupported_no_typed_study_plan,,pps-study-plan.v1::sample_and_assignment | pps-study-plan.v1::factors[] | pps-study-plan.v1::schedule.events[] | pps-study-plan.v1::schedule.events[].protocol_binding | pps-study-plan.v1::assignment_and_order_policy,design.study_profile_reference_parameters.dashboard_run_setup | design.protocol.participant_order_policy.part_membership,participant-to-arm allocation | participant visit/session/measurement schedule | session-group/part identifiers | event-specific profile plus parameter overrides
doi:10.1250/ast.41.345::b,doi:10.1250/ast.41.345,,Social impact on audiotactile integration near the body (b),b,partial,publication_pdf,2026-08-12,artifacts/paper_metadata_audit/publication_pdfs/doi_10.1250_ast.41.345__bdacce3b4a8e.pdf,"PDF pp.1-3, Method and Competitive Experiment Results",,,reported,29 right-handed adults with normal audition/touch participated in the competitive experiment; assigned left/right seat was fixed throughout.,Healthy right-handed adults,,,,29,1,{},All completed isolated and competitive dyad contexts; seat side fixed.,all_participants | unclear,reported,"Within-participant isolated versus competitive dyad context, with seating side as a between-participant position factor.",partial,Every participant performed the PPS task in isolated and dyad contexts; whether these were separate blocks/sessions and their order are not reported.,reported,Social context is within participant/between measurement or block; seating position is between participant; sound hemispace and delay vary within measurement.,reported,The same nine-delay bilateral PPS protocol is used in isolated and competitive dyad contexts; only social instruction differs.,not_reported,Order/spacing of isolated and dyad contexts is not reported; seat remains fixed.,not_applicable,"Social context is present during PPS measurement, not an intervening treatment.",repeated_measure,within_participant,condition_specific_pps_sessions,2,4,1,1,0,0,0,"{""assignment_scope"":""within_participant"",""design_family"":""repeated_measure"",""pps_occurrence_pattern"":""condition_specific_pps_sessions"",""sample_and_assignment"":{""analyzed_n"":29,""assignment_summary"":""All completed isolated and competitive dyad contexts; seat side fixed."",""cohort_or_arm_count"":1,""population_summary"":""Healthy right-handed adults""}}","{""design_topology"":""reported"",""factor_scope_map"":""reported"",""intervention_schedule"":""not_applicable"",""order_assignment_spacing"":""not_reported"",""pps_occasion_schedule"":""partial"",""protocol_binding"":""reported"",""sample_and_assignment"":""reported""}","{""design_topology"":""Within-participant isolated versus competitive dyad context, with seating side as a between-participant position factor."",""factor_scope_map"":""Social context is within participant/between measurement or block; seating position is between participant; sound hemispace and delay vary within measurement."",""intervention_schedule"":""Social context is present during PPS measurement, not an intervening treatment."",""order_assignment_spacing"":""Order/spacing of isolated and dyad contexts is not reported; seat remains fixed."",""pps_occasion_schedule"":""Every participant performed the PPS task in isolated and dyad contexts; whether these were separate blocks/sessions and their order are not reported."",""protocol_binding"":""The same nine-delay bilateral PPS protocol is used in isolated and competitive dyad contexts; only social instruction differs."",""sample_and_assignment"":""29 right-handed adults with normal audition/touch participated in the competitive experiment; assigned left/right seat was fixed throughout.""}",unsupported_no_typed_study_plan,,pps-study-plan.v1::sample_and_assignment | pps-study-plan.v1::factors[] | pps-study-plan.v1::schedule.events[] | pps-study-plan.v1::schedule.events[].protocol_binding | pps-study-plan.v1::assignment_and_order_policy,design.study_profile_reference_parameters.dashboard_run_setup | design.protocol.participant_order_policy.part_membership,participant-to-arm allocation | participant visit/session/measurement schedule | session-group/part identifiers | event-specific profile plus parameter overrides
doi:10.1250/ast.41.345::c,doi:10.1250/ast.41.345,,Social impact on audiotactile integration near the body (c),c,partial,publication_pdf,2026-08-12,artifacts/paper_metadata_audit/publication_pdfs/doi_10.1250_ast.41.345__bdacce3b4a8e.pdf,"PDF pp.1-3, Method and Audience Experiment Results",,,reported,26 right-handed adults with normal audition/touch participated in the audience experiment; assigned left/right seat was fixed throughout.,Healthy right-handed adults,,,,26,1,{},All completed isolated and audience dyad contexts; seat side fixed.,all_participants | unclear,reported,"Within-participant isolated versus audience dyad context, with seating side as a between-participant position factor.",partial,Every participant performed the PPS task in isolated and dyad contexts; whether these were separate blocks/sessions and their order are not reported.,reported,Social context is within participant/between measurement or block; seating position is between participant; sound hemispace and delay vary within measurement.,reported,The same nine-delay bilateral PPS protocol is used in isolated and audience dyad contexts; only social instruction differs.,not_reported,Order/spacing of isolated and dyad contexts is not reported; seat remains fixed.,not_applicable,"Social context is present during PPS measurement, not an intervening treatment.",repeated_measure,within_participant,condition_specific_pps_sessions,2,4,1,1,0,0,0,"{""assignment_scope"":""within_participant"",""design_family"":""repeated_measure"",""pps_occurrence_pattern"":""condition_specific_pps_sessions"",""sample_and_assignment"":{""analyzed_n"":26,""assignment_summary"":""All completed isolated and audience dyad contexts; seat side fixed."",""cohort_or_arm_count"":1,""population_summary"":""Healthy right-handed adults""}}","{""design_topology"":""reported"",""factor_scope_map"":""reported"",""intervention_schedule"":""not_applicable"",""order_assignment_spacing"":""not_reported"",""pps_occasion_schedule"":""partial"",""protocol_binding"":""reported"",""sample_and_assignment"":""reported""}","{""design_topology"":""Within-participant isolated versus audience dyad context, with seating side as a between-participant position factor."",""factor_scope_map"":""Social context is within participant/between measurement or block; seating position is between participant; sound hemispace and delay vary within measurement."",""intervention_schedule"":""Social context is present during PPS measurement, not an intervening treatment."",""order_assignment_spacing"":""Order/spacing of isolated and dyad contexts is not reported; seat remains fixed."",""pps_occasion_schedule"":""Every participant performed the PPS task in isolated and dyad contexts; whether these were separate blocks/sessions and their order are not reported."",""protocol_binding"":""The same nine-delay bilateral PPS protocol is used in isolated and audience dyad contexts; only social instruction differs."",""sample_and_assignment"":""26 right-handed adults with normal audition/touch participated in the audience experiment; assigned left/right seat was fixed throughout.""}",unsupported_no_typed_study_plan,,pps-study-plan.v1::sample_and_assignment | pps-study-plan.v1::factors[] | pps-study-plan.v1::schedule.events[] | pps-study-plan.v1::schedule.events[].protocol_binding | pps-study-plan.v1::assignment_and_order_policy,design.study_profile_reference_parameters.dashboard_run_setup | design.protocol.participant_order_policy.part_membership,participant-to-arm allocation | participant visit/session/measurement schedule | session-group/part identifiers | event-specific profile plus parameter overrides
doi:10.3390/bs14040306,doi:10.3390/bs14040306,mindfulness_pps_2024,Mindfulness Affects the Boundaries of Bodily Self-Representation: The Effect of Focused-Attention Meditation in Fading the Boundary of Peripersonal Space.,,reported_complete,publication_pdf,2026-08-12,artifacts/paper_metadata_audit/publication_pdfs/doi_10.3390_bs14040306__dfafe5070af5.pdf,"PDF pp.4-6, Participants, Design, Audio-Tactile Task, and FAM",,,reported,Twenty-six meditation-naive healthy adults completed the within-participant pre/post study.,Healthy meditation-naive adults,,,,26,1,{},All completed fixed pre/FAM/post sequence.,fixed_order,reported,Single cohort with identical PPS measurement before and after a 15-min guided focused-attention meditation induction.,reported,One 62-trial PPS occasion before and the same 62-trial occasion after FAM.,reported,Timepoint is between measurement; delay/trial family vary within each PPS measurement.,reported,Same left-cheek IN-sound PPS protocol at pre and post.,reported,Fixed PPS-pre -> 15-min FAM -> PPS-post within one session.,reported,Fifteen-minute prerecorded male-voice focused-attention meditation focused on breathing.,repeated_measure,within_participant,repeated_pre_post,1,2,3,2,0,0,0,"{""assignment_scope"":""within_participant"",""design_family"":""repeated_measure"",""pps_occurrence_pattern"":""repeated_pre_post"",""sample_and_assignment"":{""analyzed_n"":26,""assignment_summary"":""All completed fixed pre/FAM/post sequence."",""cohort_or_arm_count"":1,""population_summary"":""Healthy meditation-naive adults""}}","{""design_topology"":""reported"",""factor_scope_map"":""reported"",""intervention_schedule"":""reported"",""order_assignment_spacing"":""reported"",""pps_occasion_schedule"":""reported"",""protocol_binding"":""reported"",""sample_and_assignment"":""reported""}","{""design_topology"":""Single cohort with identical PPS measurement before and after a 15-min guided focused-attention meditation induction."",""factor_scope_map"":""Timepoint is between measurement; delay/trial family vary within each PPS measurement."",""intervention_schedule"":""Fifteen-minute prerecorded male-voice focused-attention meditation focused on breathing."",""order_assignment_spacing"":""Fixed PPS-pre -> 15-min FAM -> PPS-post within one session."",""pps_occasion_schedule"":""One 62-trial PPS occasion before and the same 62-trial occasion after FAM."",""protocol_binding"":""Same left-cheek IN-sound PPS protocol at pre and post."",""sample_and_assignment"":""Twenty-six meditation-naive healthy adults completed the within-participant pre/post study.""}",unsupported_no_typed_study_plan,,pps-study-plan.v1::sample_and_assignment | pps-study-plan.v1::factors[] | pps-study-plan.v1::schedule.events[] | pps-study-plan.v1::schedule.events[].protocol_binding | pps-study-plan.v1::assignment_and_order_policy,design.study_profile_reference_parameters.dashboard_run_setup | design.protocol.participant_order_policy.part_membership,participant-to-arm allocation | participant visit/session/measurement schedule | session-group/part identifiers | event-specific profile plus parameter overrides
doi:10.1016/j.nicl.2019.101940::a,doi:10.1016/j.nicl.2019.101940,disorders_consciousness_2019,Peri-personal space encoding in patients with disorders of consciousness and cognitive-motor dissociation. (a),a,reported_complete,publication_pdf_and_manual_review,2026-08-12,artifacts/paper_metadata_audit/publication_pdfs/doi_10.1016_j.nicl.2019.101940__c0c7a69f48fb.pdf,"PDF pp.2-4, Experiment 1",,,reported,Nineteen healthy participants formed the normative single cohort.,Healthy normative participants,,,,19,1,{},Healthy normative cohort; all participants completed the randomized sensory-condition task.,all_participants,reported,Single-cohort passive EEG PPS measurement.,reported,Three 250-trial PPS blocks with short breaks.,reported,Five sensory-condition rows vary within every block.,reported,All blocks use the healthy-participant arm-centered passive EEG protocol.,reported,Trials fully randomized within blocks; short breaks between blocks.,not_applicable,No intervention occurs.,single_measurement,single_cohort,within_session_trial_conditions,1,5,1,1,0,0,0,"{""assignment_scope"":""single_cohort"",""design_family"":""single_measurement"",""pps_occurrence_pattern"":""within_session_trial_conditions"",""sample_and_assignment"":{""analyzed_n"":19,""assignment_summary"":""Healthy normative cohort; all participants completed the randomized sensory-condition task."",""cohort_or_arm_count"":1,""population_summary"":""Healthy normative participants""}}","{""design_topology"":""reported"",""factor_scope_map"":""reported"",""intervention_schedule"":""not_applicable"",""order_assignment_spacing"":""reported"",""pps_occasion_schedule"":""reported"",""protocol_binding"":""reported"",""sample_and_assignment"":""reported""}","{""design_topology"":""Single-cohort passive EEG PPS measurement."",""factor_scope_map"":""Five sensory-condition rows vary within every block."",""intervention_schedule"":""No intervention occurs."",""order_assignment_spacing"":""Trials fully randomized within blocks; short breaks between blocks."",""pps_occasion_schedule"":""Three 250-trial PPS blocks with short breaks."",""protocol_binding"":""All blocks use the healthy-participant arm-centered passive EEG protocol."",""sample_and_assignment"":""Nineteen healthy participants formed the normative single cohort.""}",unsupported_no_typed_study_plan,,pps-study-plan.v1::sample_and_assignment | pps-study-plan.v1::factors[] | pps-study-plan.v1::schedule.events[] | pps-study-plan.v1::schedule.events[].protocol_binding | pps-study-plan.v1::assignment_and_order_policy,design.study_profile_reference_parameters.dashboard_run_setup | design.protocol.participant_order_policy.part_membership,participant-to-arm allocation | participant visit/session/measurement schedule | session-group/part identifiers | event-specific profile plus parameter overrides
doi:10.1016/j.nicl.2019.101940::b,doi:10.1016/j.nicl.2019.101940,disorders_consciousness_2019,Peri-personal space encoding in patients with disorders of consciousness and cognitive-motor dissociation. (b),b,reported_complete,publication_pdf_and_manual_review,2026-08-12,artifacts/paper_metadata_audit/publication_pdfs/doi_10.1016_j.nicl.2019.101940__c0c7a69f48fb.pdf,"PDF pp.2-4, Experiment 2",,,reported,Seventeen patients within the disorders-of-consciousness spectrum contributed 30 sessions; CMD versus DOC classification is observational and session-level.,Patients on the disorders-of-consciousness spectrum,,,,17,2,{},Seventeen patients contributed 30 variably repeated sessions; CMD versus DOC grouping is observational.,observed_cohort | all_participants,reported,Adaptive clinical passive EEG PPS protocol with repeated sessions for some patients.,reported,Each patient session contained one to seven 250-trial blocks according to clinical availability; some patients returned for multiple sessions.,reported,Five sensory rows vary within block; clinical classification is observational; session and block exposure vary by availability.,reported,"All sessions use the patient arm-centered passive EEG protocol, with documented left-arm exception for three patients.",reported,Trials randomized within block; block/session count adaptive to clinical availability; exact between-session spacing varies.,not_applicable,No intervention occurs.,adaptive,observational_cohorts,repeated_multi_timepoint,2,7,1,1,0,0,0,"{""assignment_scope"":""observational_cohorts"",""design_family"":""adaptive"",""pps_occurrence_pattern"":""repeated_multi_timepoint"",""sample_and_assignment"":{""analyzed_n"":17,""assignment_summary"":""Seventeen patients contributed 30 variably repeated sessions; CMD versus DOC grouping is observational."",""cohort_or_arm_count"":2,""population_summary"":""Patients on the disorders-of-consciousness spectrum""}}","{""design_topology"":""reported"",""factor_scope_map"":""reported"",""intervention_schedule"":""not_applicable"",""order_assignment_spacing"":""reported"",""pps_occasion_schedule"":""reported"",""protocol_binding"":""reported"",""sample_and_assignment"":""reported""}","{""design_topology"":""Adaptive clinical passive EEG PPS protocol with repeated sessions for some patients."",""factor_scope_map"":""Five sensory rows vary within block; clinical classification is observational; session and block exposure vary by availability."",""intervention_schedule"":""No intervention occurs."",""order_assignment_spacing"":""Trials randomized within block; block/session count adaptive to clinical availability; exact between-session spacing varies."",""pps_occasion_schedule"":""Each patient session contained one to seven 250-trial blocks according to clinical availability; some patients returned for multiple sessions."",""protocol_binding"":""All sessions use the patient arm-centered passive EEG protocol, with documented left-arm exception for three patients."",""sample_and_assignment"":""Seventeen patients within the disorders-of-consciousness spectrum contributed 30 sessions; CMD versus DOC classification is observational and session-level.""}",unsupported_no_typed_study_plan,,pps-study-plan.v1::sample_and_assignment | pps-study-plan.v1::factors[] | pps-study-plan.v1::schedule.events[] | pps-study-plan.v1::schedule.events[].protocol_binding | pps-study-plan.v1::assignment_and_order_policy,design.study_profile_reference_parameters.dashboard_run_setup | design.protocol.participant_order_policy.part_membership,participant-to-arm allocation | participant visit/session/measurement schedule | session-group/part identifiers | event-specific profile plus parameter overrides
doi:10.1007/s00221-004-2212-7,doi:10.1007/s00221-004-2212-7,,Spatial auditory attention is modulated by tactile priming.,,not_assessed,,,,,,,,,,,,,,,{},,,,,,,,,,,,,,,,,,0,0,0,0,0,0,0,{},{},{},unsupported_no_typed_study_plan,,pps-study-plan.v1::sample_and_assignment | pps-study-plan.v1::factors[] | pps-study-plan.v1::schedule.events[] | pps-study-plan.v1::schedule.events[].protocol_binding | pps-study-plan.v1::assignment_and_order_policy,design.study_profile_reference_parameters.dashboard_run_setup | design.protocol.participant_order_policy.part_membership,participant-to-arm allocation | participant visit/session/measurement schedule | session-group/part identifiers | event-specific profile plus parameter overrides
doi:10.1101/249078,doi:10.1101/249078,,Audio-tactile and peripersonal space processing around the trunk in human parietal and temporal cortex: an intracranial EEG study,,reported_complete,publication_pdf,2026-08-12,artifacts/paper_metadata_audit/publication_pdfs/doi_10.1101_249078__f6b0efd068ee.pdf,"PDF p.3 (publication) / pp.4-5 (preprint), Participants and Procedures",bioRxiv predecessor; audited independently.,,reported,"{""analyzed_n"":6,""cohort_or_arm_count"":1,""population_summary"":""Six patients with pharmacoresistant epilepsy undergoing clinical intracranial monitoring.""}",Six patients with pharmacoresistant epilepsy undergoing clinical intracranial monitoring.,,,,6,1,{},,all_participants,reported,"One passive intracranial-EEG PPS task with auditory-only, tactile-only, and audio-tactile trials randomized together.",reported,One passive PPS occurrence lasting about 20 minutes.,reported,Sensory modality and audio-tactile distance vary within the randomized task.,reported,All task conditions bind to the passive trunk-centred iEEG protocol for this DOI version.,reported,All three trial families were presented in randomized order; no separate condition blocks were reported.,not_applicable,No intervention or training phase is part of this experiment.,single_measurement,single_cohort,within_session_trial_conditions,1,3,1,1,0,1,1,"{""assignment_scope"":""single_cohort"",""design_family"":""single_measurement"",""pps_occurrence_pattern"":""within_session_trial_conditions"",""sample_and_assignment"":{""analyzed_n"":6,""cohort_or_arm_count"":1,""population_summary"":""Six patients with pharmacoresistant epilepsy undergoing clinical intracranial monitoring.""}}","{""design_topology"":""reported"",""factor_scope_map"":""reported"",""intervention_schedule"":""not_applicable"",""order_assignment_spacing"":""reported"",""pps_occasion_schedule"":""reported"",""protocol_binding"":""reported"",""sample_and_assignment"":""reported""}","{""design_topology"":""One passive intracranial-EEG PPS task with auditory-only, tactile-only, and audio-tactile trials randomized together."",""factor_scope_map"":""Sensory modality and audio-tactile distance vary within the randomized task."",""intervention_schedule"":""No intervention or training phase is part of this experiment."",""order_assignment_spacing"":""All three trial families were presented in randomized order; no separate condition blocks were reported."",""pps_occasion_schedule"":""One passive PPS occurrence lasting about 20 minutes."",""protocol_binding"":""All task conditions bind to the passive trunk-centred iEEG protocol for this DOI version."",""sample_and_assignment"":{""analyzed_n"":6,""cohort_or_arm_count"":1,""population_summary"":""Six patients with pharmacoresistant epilepsy undergoing clinical intracranial monitoring.""}}",unsupported_no_typed_study_plan,,pps-study-plan.v1::sample_and_assignment | pps-study-plan.v1::factors[] | pps-study-plan.v1::schedule.events[] | pps-study-plan.v1::schedule.events[].protocol_binding | pps-study-plan.v1::assignment_and_order_policy,design.study_profile_reference_parameters.dashboard_run_setup | design.protocol.participant_order_policy.part_membership,participant-to-arm allocation | participant visit/session/measurement schedule | session-group/part identifiers | event-specific profile plus parameter overrides
doi:10.1007/s10548-021-00826-4,doi:10.1007/s10548-021-00826-4,,Slow Resting State Fluctuations Enhance Neuronal and Behavioral Responses to Looming Sounds,,not_assessed,,,,,,,,,,,,,,,{},,,,,,,,,,,,,,,,,,0,0,0,0,0,0,0,{},{},{},unsupported_no_typed_study_plan,,pps-study-plan.v1::sample_and_assignment | pps-study-plan.v1::factors[] | pps-study-plan.v1::schedule.events[] | pps-study-plan.v1::schedule.events[].protocol_binding | pps-study-plan.v1::assignment_and_order_policy,design.study_profile_reference_parameters.dashboard_run_setup | design.protocol.participant_order_policy.part_membership,participant-to-arm allocation | participant visit/session/measurement schedule | session-group/part identifiers | event-specific profile plus parameter overrides
doi:10.1016/j.actpsy.2011.01.003,doi:10.1016/j.actpsy.2011.01.003,,Performance in haptic geometrical matching tasks depends on movement and position of the arms.,,not_assessed,,,,,,,,,,,,,,,{},,,,,,,,,,,,,,,,,,0,0,0,0,0,0,0,{},{},{},unsupported_no_typed_study_plan,,pps-study-plan.v1::sample_and_assignment | pps-study-plan.v1::factors[] | pps-study-plan.v1::schedule.events[] | pps-study-plan.v1::schedule.events[].protocol_binding | pps-study-plan.v1::assignment_and_order_policy,design.study_profile_reference_parameters.dashboard_run_setup | design.protocol.participant_order_policy.part_membership,participant-to-arm allocation | participant visit/session/measurement schedule | session-group/part identifiers | event-specific profile plus parameter overrides
doi:10.1016/j.bodyim.2024.101777,doi:10.1016/j.bodyim.2024.101777,body_image_social_cognition_2024,The impact of body image on social cognition: Fear of negative evaluation mediates the relationship between body surveillance and interpersonal distance in women.,,not_assessed,,,,,,,,,,,,,,,{},,,,,,,,,,,,,,,,,,0,0,0,0,0,0,0,{},{},{},unsupported_no_typed_study_plan,,pps-study-plan.v1::sample_and_assignment | pps-study-plan.v1::factors[] | pps-study-plan.v1::schedule.events[] | pps-study-plan.v1::schedule.events[].protocol_binding | pps-study-plan.v1::assignment_and_order_policy,design.study_profile_reference_parameters.dashboard_run_setup | design.protocol.participant_order_policy.part_membership,participant-to-arm allocation | participant visit/session/measurement schedule | session-group/part identifiers | event-specific profile plus parameter overrides
doi:10.1016/j.cortex.2025.11.015,doi:10.1016/j.cortex.2025.11.015,amiel_2025_front_rear,Functional organization of distance-dependent audio-tactile integration is different in rear and front spaces.,,not_assessed,,,,,,,,,,,,,,,{},,,,,,,,,,,,,,,,,,0,0,0,0,0,0,0,{},{},{},unsupported_no_typed_study_plan,,pps-study-plan.v1::sample_and_assignment | pps-study-plan.v1::factors[] | pps-study-plan.v1::schedule.events[] | pps-study-plan.v1::schedule.events[].protocol_binding | pps-study-plan.v1::assignment_and_order_policy,design.study_profile_reference_parameters.dashboard_run_setup | design.protocol.participant_order_policy.part_membership,participant-to-arm allocation | participant visit/session/measurement schedule | session-group/part identifiers | event-specific profile plus parameter overrides
doi:10.1016/j.neuropsychologia.2026.109490::a,doi:10.1016/j.neuropsychologia.2026.109490,ferroni_2026_pps_plasticity,Dealing with the world close to our body. Characterizing determinants of peripersonal space plasticity. (a),a,composite_requires_split,,,,,,,,,,,,,,,{},,,,,,,,,,,,,,,,,,0,0,0,0,0,0,0,{},{},{},unsupported_no_typed_study_plan,,pps-study-plan.v1::sample_and_assignment | pps-study-plan.v1::factors[] | pps-study-plan.v1::schedule.events[] | pps-study-plan.v1::schedule.events[].protocol_binding | pps-study-plan.v1::assignment_and_order_policy,design.study_profile_reference_parameters.dashboard_run_setup | design.protocol.participant_order_policy.part_membership,participant-to-arm allocation | participant visit/session/measurement schedule | session-group/part identifiers | event-specific profile plus parameter overrides
doi:10.1016/j.neuropsychologia.2026.109490::b,doi:10.1016/j.neuropsychologia.2026.109490,ferroni_2026_pps_plasticity,Dealing with the world close to our body. Characterizing determinants of peripersonal space plasticity. (b),b,composite_requires_split,,,,,,,,,,,,,,,{},,,,,,,,,,,,,,,,,,0,0,0,0,0,0,0,{},{},{},unsupported_no_typed_study_plan,,pps-study-plan.v1::sample_and_assignment | pps-study-plan.v1::factors[] | pps-study-plan.v1::schedule.events[] | pps-study-plan.v1::schedule.events[].protocol_binding | pps-study-plan.v1::assignment_and_order_policy,design.study_profile_reference_parameters.dashboard_run_setup | design.protocol.participant_order_policy.part_membership,participant-to-arm allocation | participant visit/session/measurement schedule | session-group/part identifiers | event-specific profile plus parameter overrides
doi:10.1016/j.neuropsychologia.2026.109490::c,doi:10.1016/j.neuropsychologia.2026.109490,ferroni_2026_pps_plasticity,Dealing with the world close to our body. Characterizing determinants of peripersonal space plasticity. (c),c,composite_requires_split,,,,,,,,,,,,,,,{},,,,,,,,,,,,,,,,,,0,0,0,0,0,0,0,{},{},{},unsupported_no_typed_study_plan,,pps-study-plan.v1::sample_and_assignment | pps-study-plan.v1::factors[] | pps-study-plan.v1::schedule.events[] | pps-study-plan.v1::schedule.events[].protocol_binding | pps-study-plan.v1::assignment_and_order_policy,design.study_profile_reference_parameters.dashboard_run_setup | design.protocol.participant_order_policy.part_membership,participant-to-arm allocation | participant visit/session/measurement schedule | session-group/part identifiers | event-specific profile plus parameter overrides
doi:10.1016/j.neuropsychologia.2026.109490::d,doi:10.1016/j.neuropsychologia.2026.109490,ferroni_2026_pps_plasticity,Dealing with the world close to our body. Characterizing determinants of peripersonal space plasticity. (d),d,composite_requires_split,,,,,,,,,,,,,,,{},,,,,,,,,,,,,,,,,,0,0,0,0,0,0,0,{},{},{},unsupported_no_typed_study_plan,,pps-study-plan.v1::sample_and_assignment | pps-study-plan.v1::factors[] | pps-study-plan.v1::schedule.events[] | pps-study-plan.v1::schedule.events[].protocol_binding | pps-study-plan.v1::assignment_and_order_policy,design.study_profile_reference_parameters.dashboard_run_setup | design.protocol.participant_order_policy.part_membership,participant-to-arm allocation | participant visit/session/measurement schedule | session-group/part identifiers | event-specific profile plus parameter overrides
doi:10.1016/j.xcrm.2026.102705::a,doi:10.1016/j.xcrm.2026.102705,cell_reports_medicine_2026_consciousness,Multisensory integration in peripersonal space indexes consciousness states in sleep and disorders of consciousness. (a),a,partial,manual_publication_review,2026-08-12,For-AI/audiotactile-paper-metadata-audit/manual_reviews/cell_reports_medicine_2026_consciousness.json,"STAR Methods, PDF pp.16-18",,,not_assessed,,,,,,,,{},,unclear | custom,partial,"Healthy wake and sleep protocols are present, but the current audit does not establish whether state exposure is fully within participant or uses distinct cohorts.",partial,Awake testing uses three 110-trial blocks; overnight sleep uses repeated 5-min stimulation/no-stimulation blocks with an unfixed total.,reported,Wake/sleep is a protocol-state factor; sleep stimulation versus no-stimulation varies between blocks; five sensory rows vary within stimulation blocks.,reported,"Awake and sleep phases use the healthy chest-centered 100-ms protocol, with no-stimulation blocks bound to the sleep phase.",partial,Awake trials randomized; sleep stimulation/no-stimulation blocks randomized independently of sleep stage; fixed overnight block count and state-transition spacing are not reported.,reported,Sleep stimulation is administered in 5-min blocks alternating with no-stimulation blocks; awakenings/questionnaires occur during the overnight procedure.,custom,unclear,multi_scope,2,4,2,2,0,0,0,"{""assignment_scope"":""unclear"",""design_family"":""custom"",""pps_occurrence_pattern"":""multi_scope""}","{""design_topology"":""partial"",""factor_scope_map"":""reported"",""intervention_schedule"":""reported"",""order_assignment_spacing"":""partial"",""pps_occasion_schedule"":""partial"",""protocol_binding"":""reported"",""sample_and_assignment"":""not_assessed""}","{""design_topology"":""Healthy wake and sleep protocols are present, but the current audit does not establish whether state exposure is fully within participant or uses distinct cohorts."",""factor_scope_map"":""Wake/sleep is a protocol-state factor; sleep stimulation versus no-stimulation varies between blocks; five sensory rows vary within stimulation blocks."",""intervention_schedule"":""Sleep stimulation is administered in 5-min blocks alternating with no-stimulation blocks; awakenings/questionnaires occur during the overnight procedure."",""order_assignment_spacing"":""Awake trials randomized; sleep stimulation/no-stimulation blocks randomized independently of sleep stage; fixed overnight block count and state-transition spacing are not reported."",""pps_occasion_schedule"":""Awake testing uses three 110-trial blocks; overnight sleep uses repeated 5-min stimulation/no-stimulation blocks with an unfixed total."",""protocol_binding"":""Awake and sleep phases use the healthy chest-centered 100-ms protocol, with no-stimulation blocks bound to the sleep phase."",""sample_and_assignment"":""""}",unsupported_no_typed_study_plan,,pps-study-plan.v1::sample_and_assignment | pps-study-plan.v1::factors[] | pps-study-plan.v1::schedule.events[] | pps-study-plan.v1::schedule.events[].protocol_binding | pps-study-plan.v1::assignment_and_order_policy,design.study_profile_reference_parameters.dashboard_run_setup | design.protocol.participant_order_policy.part_membership,participant-to-arm allocation | participant visit/session/measurement schedule | session-group/part identifiers | event-specific profile plus parameter overrides
doi:10.1016/j.xcrm.2026.102705::b,doi:10.1016/j.xcrm.2026.102705,cell_reports_medicine_2026_consciousness,Multisensory integration in peripersonal space indexes consciousness states in sleep and disorders of consciousness. (b),b,partial,manual_publication_review,2026-08-12,For-AI/audiotactile-paper-metadata-audit/manual_reviews/cell_reports_medicine_2026_consciousness.json,"STAR Methods, PDF pp.16-18",,,not_assessed,,,,,,,,{},,all_participants,reported,Adaptive clinical passive EEG PPS protocol for disorders-of-consciousness patients.,reported,"One to three randomized 250-trial blocks per session, mean 2.8.",reported,Five sensory conditions vary within block; block exposure varies by patient/session availability.,reported,All blocks use the DoC arm-centered 50-ms clinical protocol.,partial,Trials randomized within block and blocks include clinical breaks; exact session repetition and spacing are not normalized in the current review.,not_applicable,No intervention occurs.,adaptive,single_cohort,single_pps,1,5,1,1,0,0,0,"{""assignment_scope"":""single_cohort"",""design_family"":""adaptive"",""pps_occurrence_pattern"":""single_pps""}","{""design_topology"":""reported"",""factor_scope_map"":""reported"",""intervention_schedule"":""not_applicable"",""order_assignment_spacing"":""partial"",""pps_occasion_schedule"":""reported"",""protocol_binding"":""reported"",""sample_and_assignment"":""not_assessed""}","{""design_topology"":""Adaptive clinical passive EEG PPS protocol for disorders-of-consciousness patients."",""factor_scope_map"":""Five sensory conditions vary within block; block exposure varies by patient/session availability."",""intervention_schedule"":""No intervention occurs."",""order_assignment_spacing"":""Trials randomized within block and blocks include clinical breaks; exact session repetition and spacing are not normalized in the current review."",""pps_occasion_schedule"":""One to three randomized 250-trial blocks per session, mean 2.8."",""protocol_binding"":""All blocks use the DoC arm-centered 50-ms clinical protocol."",""sample_and_assignment"":""""}",unsupported_no_typed_study_plan,,pps-study-plan.v1::sample_and_assignment | pps-study-plan.v1::factors[] | pps-study-plan.v1::schedule.events[] | pps-study-plan.v1::schedule.events[].protocol_binding | pps-study-plan.v1::assignment_and_order_policy,design.study_profile_reference_parameters.dashboard_run_setup | design.protocol.participant_order_policy.part_membership,participant-to-arm allocation | participant visit/session/measurement schedule | session-group/part identifiers | event-specific profile plus parameter overrides
doi:10.1038/s41598-026-36796-5::a,doi:10.1038/s41598-026-36796-5,lamia_2026_arm_movement,Somatotopy-independent reduction of audio-tactile intersensory facilitation for looming sounds within the peripersonal space during arm movements execution. (a),a,conflicting_evidence,manual_publication_review,2026-08-12,For-AI/audiotactile-paper-metadata-audit/manual_reviews/lamia_2026_arm_movement.json,PDF pp.4-5 and Table 1,,,not_assessed,,,,,,,,{},,counterbalanced_sequence | unclear,reported,Within-participant motor/static by hand/trunk condition-block design with separate unisensory baseline blocks.,reported,Four audio-tactile PPS blocks and eight tactile-only baseline blocks.,reported,Motor state and tactile body site cross between audio-tactile blocks; sound direction and distance vary within block; unisensory baselines are separate blocks.,reported,All audio-tactile blocks use the 3000-ms Experiment 1 protocol with factor-bound body site and motor state; baseline blocks omit sound.,conflicting_evidence,The source reports unisensory blocks before/after audio-tactile blocks while also describing randomized/counterbalanced block presentation; exact constraint is unresolved.,not_applicable,Arm movement is executed during motor-condition PPS blocks rather than as an intervening training phase.,crossover,within_participant,within_session_block_conditions,3,6,1,1,0,0,0,"{""assignment_scope"":""within_participant"",""design_family"":""crossover"",""pps_occurrence_pattern"":""within_session_block_conditions""}","{""design_topology"":""reported"",""factor_scope_map"":""reported"",""intervention_schedule"":""not_applicable"",""order_assignment_spacing"":""conflicting_evidence"",""pps_occasion_schedule"":""reported"",""protocol_binding"":""reported"",""sample_and_assignment"":""not_assessed""}","{""design_topology"":""Within-participant motor/static by hand/trunk condition-block design with separate unisensory baseline blocks."",""factor_scope_map"":""Motor state and tactile body site cross between audio-tactile blocks; sound direction and distance vary within block; unisensory baselines are separate blocks."",""intervention_schedule"":""Arm movement is executed during motor-condition PPS blocks rather than as an intervening training phase."",""order_assignment_spacing"":""The source reports unisensory blocks before/after audio-tactile blocks while also describing randomized/counterbalanced block presentation; exact constraint is unresolved."",""pps_occasion_schedule"":""Four audio-tactile PPS blocks and eight tactile-only baseline blocks."",""protocol_binding"":""All audio-tactile blocks use the 3000-ms Experiment 1 protocol with factor-bound body site and motor state; baseline blocks omit sound."",""sample_and_assignment"":""""}",unsupported_no_typed_study_plan,,pps-study-plan.v1::sample_and_assignment | pps-study-plan.v1::factors[] | pps-study-plan.v1::schedule.events[] | pps-study-plan.v1::schedule.events[].protocol_binding | pps-study-plan.v1::assignment_and_order_policy,design.study_profile_reference_parameters.dashboard_run_setup | design.protocol.participant_order_policy.part_membership,participant-to-arm allocation | participant visit/session/measurement schedule | session-group/part identifiers | event-specific profile plus parameter overrides
doi:10.1038/s41598-026-36796-5::b,doi:10.1038/s41598-026-36796-5,lamia_2026_arm_movement,Somatotopy-independent reduction of audio-tactile intersensory facilitation for looming sounds within the peripersonal space during arm movements execution. (b),b,partial,manual_publication_review,2026-08-12,For-AI/audiotactile-paper-metadata-audit/manual_reviews/lamia_2026_arm_movement.json,PDF pp.4-5 and Table 1,,,not_assessed,,,,,,,,{},,counterbalanced_sequence,reported,Within-participant motor/static by hand/trunk condition-block design with separate unisensory baseline blocks.,reported,Four audio-tactile PPS blocks and four tactile-only baseline blocks.,reported,Motor state and tactile body site cross between audio-tactile blocks; sound direction and distance vary within block; unisensory baselines are separate.,reported,All audio-tactile blocks use the 4000-ms Experiment 2 protocol with factor-bound body site and motor state; baseline blocks omit sound and match all five delays.,reported,Block presentation randomized/counterbalanced; exact numeric inter-block spacing is not reported but no order conflict is present.,not_applicable,Arm movement is executed during motor-condition PPS blocks rather than as an intervening training phase.,crossover,within_participant,within_session_block_conditions,3,6,1,1,0,0,0,"{""assignment_scope"":""within_participant"",""design_family"":""crossover"",""pps_occurrence_pattern"":""within_session_block_conditions""}","{""design_topology"":""reported"",""factor_scope_map"":""reported"",""intervention_schedule"":""not_applicable"",""order_assignment_spacing"":""reported"",""pps_occasion_schedule"":""reported"",""protocol_binding"":""reported"",""sample_and_assignment"":""not_assessed""}","{""design_topology"":""Within-participant motor/static by hand/trunk condition-block design with separate unisensory baseline blocks."",""factor_scope_map"":""Motor state and tactile body site cross between audio-tactile blocks; sound direction and distance vary within block; unisensory baselines are separate."",""intervention_schedule"":""Arm movement is executed during motor-condition PPS blocks rather than as an intervening training phase."",""order_assignment_spacing"":""Block presentation randomized/counterbalanced; exact numeric inter-block spacing is not reported but no order conflict is present."",""pps_occasion_schedule"":""Four audio-tactile PPS blocks and four tactile-only baseline blocks."",""protocol_binding"":""All audio-tactile blocks use the 4000-ms Experiment 2 protocol with factor-bound body site and motor state; baseline blocks omit sound and match all five delays."",""sample_and_assignment"":""""}",unsupported_no_typed_study_plan,,pps-study-plan.v1::sample_and_assignment | pps-study-plan.v1::factors[] | pps-study-plan.v1::schedule.events[] | pps-study-plan.v1::schedule.events[].protocol_binding | pps-study-plan.v1::assignment_and_order_policy,design.study_profile_reference_parameters.dashboard_run_setup | design.protocol.participant_order_policy.part_membership,participant-to-arm allocation | participant visit/session/measurement schedule | session-group/part identifiers | event-specific profile plus parameter overrides
doi:10.1073/pnas.2516229122,doi:10.1073/pnas.2516229122,interoception_exteroception_2025,"Interoception vs. Exteroception: Cardiac interoception competes with tactile perception, yet also facilitates self-relevance encoding.",,reported_complete,publication_pdf,2026-08-12,artifacts/paper_metadata_audit/publication_pdfs/doi_10.1073_pnas.2516229122__6eec9270d224.pdf,"PDF pp.8-10, Participants, task, and recording procedure",,,reported,"41 healthy adults recorded; four excluded, leaving 37 analyzed in a single cohort.",,,,41,37,1,{},All analyzed participants received all five sensory conditions.,all_participants | custom,reported,Single-cohort within-participant multimodal PPS/physiology design with five sensory conditions across five blocks.,reported,"Five 60-trial PPS blocks, each bracketed by 30-s resting baselines; tactile threshold and eye-tracker calibration repeated between blocks.",reported,Sensory condition and naturally sampled cardiac phase vary at event/trial level; block partitions workload/acquisition.,reported,"All five blocks use the same static near/far audio-tactile protocol bound to behavioral, EEG, ECG, eye, and other physiology acquisition.",reported,"Five conditions pseudorandomly intermixed, 12 each per block; 4-8-s trial-onset jitter.",not_applicable,No intervention; between-block procedures are recalibrations.,single_measurement,single_cohort,within_session_trial_conditions,2,7,2,1,0,0,1,"{""assignment_scope"":""single_cohort"",""design_family"":""single_measurement"",""pps_occurrence_pattern"":""within_session_trial_conditions"",""sample_and_assignment"":{""analyzed_n"":37,""assignment_summary"":""All analyzed participants received all five sensory conditions."",""cohort_or_arm_count"":1,""planned_n"":41}}","{""design_topology"":""reported"",""factor_scope_map"":""reported"",""intervention_schedule"":""not_applicable"",""order_assignment_spacing"":""reported"",""pps_occasion_schedule"":""reported"",""protocol_binding"":""reported"",""sample_and_assignment"":""reported""}","{""design_topology"":""Single-cohort within-participant multimodal PPS/physiology design with five sensory conditions across five blocks."",""factor_scope_map"":""Sensory condition and naturally sampled cardiac phase vary at event/trial level; block partitions workload/acquisition."",""intervention_schedule"":""No intervention; between-block procedures are recalibrations."",""order_assignment_spacing"":""Five conditions pseudorandomly intermixed, 12 each per block; 4-8-s trial-onset jitter."",""pps_occasion_schedule"":""Five 60-trial PPS blocks, each bracketed by 30-s resting baselines; tactile threshold and eye-tracker calibration repeated between blocks."",""protocol_binding"":""All five blocks use the same static near/far audio-tactile protocol bound to behavioral, EEG, ECG, eye, and other physiology acquisition."",""sample_and_assignment"":""41 healthy adults recorded; four excluded, leaving 37 analyzed in a single cohort.""}",unsupported_no_typed_study_plan,,pps-study-plan.v1::sample_and_assignment | pps-study-plan.v1::factors[] | pps-study-plan.v1::schedule.events[] | pps-study-plan.v1::schedule.events[].protocol_binding | pps-study-plan.v1::assignment_and_order_policy,design.study_profile_reference_parameters.dashboard_run_setup | design.protocol.participant_order_policy.part_membership,participant-to-arm allocation | participant visit/session/measurement schedule | session-group/part identifiers | event-specific profile plus parameter overrides
doi:10.1080/17470210903068989,doi:10.1080/17470210903068989,,Assessing the effect of sound complexity on the audiotactile cross-modal dynamic capture task.,,not_assessed,,,,,,,,,,,,,,,{},,,,,,,,,,,,,,,,,,0,0,0,0,0,0,0,{},{},{},unsupported_no_typed_study_plan,,pps-study-plan.v1::sample_and_assignment | pps-study-plan.v1::factors[] | pps-study-plan.v1::schedule.events[] | pps-study-plan.v1::schedule.events[].protocol_binding | pps-study-plan.v1::assignment_and_order_policy,design.study_profile_reference_parameters.dashboard_run_setup | design.protocol.participant_order_policy.part_membership,participant-to-arm allocation | participant visit/session/measurement schedule | session-group/part identifiers | event-specific profile plus parameter overrides
doi:10.1101/2025.06.25.660685,doi:10.1101/2025.06.25.660685,,"Interoception vs. Exteroception: Cardiac interoception competes with tactile perception, yet also facilitates self-relevance encoding",,reported_complete,publication_pdf,2026-08-12,artifacts/paper_metadata_audit/publication_pdfs/doi_10.1101_2025.06.25.660685__9371ad38268a.pdf,"PDF pp.15-16, Participants and Experimental procedure",,,reported,"{""analyzed_n"":37,""cohort_or_arm_count"":1,""exclusion_criteria"":""Four of 41 recorded participants excluded: three for insufficient artifact-free EEG trials and one for implausibly short mean cardiac interbeat interval."",""planned_n"":35,""population_summary"":""Healthy right-handed volunteers.""}",Healthy right-handed volunteers.,,Four of 41 recorded participants excluded: three for insufficient artifact-free EEG trials and one for implausibly short mean cardiac interbeat interval.,35,37,1,{},,fixed_order | all_participants,reported,One PPS session comprised five equivalent randomized experimental blocks after auditory and task training.,reported,One PPS occurrence repeated across five blocks.,reported,Sound distance and sensory modality vary within trial; block number captures repeated calibration/electrode placement.,reported,All five blocks bind to the static near/far hand PPS plus EEG/ECG acquisition protocol.,reported,Training preceded five fixed-sequence experimental blocks; trials were randomized within each block.,not_applicable,No intervention or training phase is part of this experiment.,single_measurement,single_cohort,within_session_block_conditions,2,7,3,1,0,2,1,"{""assignment_scope"":""single_cohort"",""design_family"":""single_measurement"",""pps_occurrence_pattern"":""within_session_block_conditions"",""sample_and_assignment"":{""analyzed_n"":37,""cohort_or_arm_count"":1,""exclusion_criteria"":""Four of 41 recorded participants excluded: three for insufficient artifact-free EEG trials and one for implausibly short mean cardiac interbeat interval."",""planned_n"":35,""population_summary"":""Healthy right-handed volunteers.""}}","{""design_topology"":""reported"",""factor_scope_map"":""reported"",""intervention_schedule"":""not_applicable"",""order_assignment_spacing"":""reported"",""pps_occasion_schedule"":""reported"",""protocol_binding"":""reported"",""sample_and_assignment"":""reported""}","{""design_topology"":""One PPS session comprised five equivalent randomized experimental blocks after auditory and task training."",""factor_scope_map"":""Sound distance and sensory modality vary within trial; block number captures repeated calibration/electrode placement."",""intervention_schedule"":""No intervention or training phase is part of this experiment."",""order_assignment_spacing"":""Training preceded five fixed-sequence experimental blocks; trials were randomized within each block."",""pps_occasion_schedule"":""One PPS occurrence repeated across five blocks."",""protocol_binding"":""All five blocks bind to the static near/far hand PPS plus EEG/ECG acquisition protocol."",""sample_and_assignment"":{""analyzed_n"":37,""cohort_or_arm_count"":1,""exclusion_criteria"":""Four of 41 recorded participants excluded: three for insufficient artifact-free EEG trials and one for implausibly short mean cardiac interbeat interval."",""planned_n"":35,""population_summary"":""Healthy right-handed volunteers.""}}",unsupported_no_typed_study_plan,,pps-study-plan.v1::sample_and_assignment | pps-study-plan.v1::factors[] | pps-study-plan.v1::schedule.events[] | pps-study-plan.v1::schedule.events[].protocol_binding | pps-study-plan.v1::assignment_and_order_policy,design.study_profile_reference_parameters.dashboard_run_setup | design.protocol.participant_order_policy.part_membership,participant-to-arm allocation | participant visit/session/measurement schedule | session-group/part identifiers | event-specific profile plus parameter overrides
doi:10.1101/2025.09.02.673729,doi:10.1101/2025.09.02.673729,,The Proximity Prediction Hypothesis: How predictive coding of CT-touch explains Autonomous Sensory Meridian Response and its therapeutic applications,,partial,publication_pdf,2026-08-12,artifacts/paper_metadata_audit/publication_pdfs/doi_10.1101_2025.09.02.673729__30f14431b56c.pdf,"PDF pp.11-13, Illustrative Behavioural Evidence","Participant-study structure is retained, but its PPS occasion and Toolkit protocol binding are explicitly inapplicable.",,reported,"{""analyzed_n"":64,""cohort_or_arm_count"":1,""inclusion_criteria"":""Age over 18 and no known prior negative experience of ASMR sounds likely to cause discomfort."",""population_summary"":""Sixty-four University of York undergraduates with no requirement for prior ASMR experience.""}",Sixty-four University of York undergraduates with no requirement for prior ASMR experience.,Age over 18 and no known prior negative experience of ASMR sounds likely to cause discomfort.,,,64,1,{},,all_participants,reported,One randomized auditory listening block was followed immediately by a retrospective sound-by-sound questionnaire; this was not a PPS experiment.,not_applicable,No PPS measurement occasion applies.,reported,Sound identity/type varies within the listening block; questionnaire items follow each replayed experimental clip.,not_applicable,No PPS Toolkit protocol binding applies because there is neither tactile stimulation nor a PPS outcome.,reported,"One randomized 18-clip listening block, then a randomized 13-clip questionnaire replay.",not_applicable,No intervention or training phase is part of this experiment.,single_measurement,single_cohort,custom,1,2,2,0,0,2,0,"{""assignment_scope"":""single_cohort"",""design_family"":""single_measurement"",""pps_occurrence_pattern"":""custom"",""sample_and_assignment"":{""analyzed_n"":64,""cohort_or_arm_count"":1,""inclusion_criteria"":""Age over 18 and no known prior negative experience of ASMR sounds likely to cause discomfort."",""population_summary"":""Sixty-four University of York undergraduates with no requirement for prior ASMR experience.""}}","{""design_topology"":""reported"",""factor_scope_map"":""reported"",""intervention_schedule"":""not_applicable"",""order_assignment_spacing"":""reported"",""pps_occasion_schedule"":""not_applicable"",""protocol_binding"":""not_applicable"",""sample_and_assignment"":""reported""}","{""design_topology"":""One randomized auditory listening block was followed immediately by a retrospective sound-by-sound questionnaire; this was not a PPS experiment."",""factor_scope_map"":""Sound identity/type varies within the listening block; questionnaire items follow each replayed experimental clip."",""intervention_schedule"":""No intervention or training phase is part of this experiment."",""order_assignment_spacing"":""One randomized 18-clip listening block, then a randomized 13-clip questionnaire replay."",""pps_occasion_schedule"":""No PPS measurement occasion applies."",""protocol_binding"":""No PPS Toolkit protocol binding applies because there is neither tactile stimulation nor a PPS outcome."",""sample_and_assignment"":{""analyzed_n"":64,""cohort_or_arm_count"":1,""inclusion_criteria"":""Age over 18 and no known prior negative experience of ASMR sounds likely to cause discomfort."",""population_summary"":""Sixty-four University of York undergraduates with no requirement for prior ASMR experience.""}}",unsupported_no_typed_study_plan,,pps-study-plan.v1::sample_and_assignment | pps-study-plan.v1::factors[] | pps-study-plan.v1::schedule.events[] | pps-study-plan.v1::schedule.events[].protocol_binding | pps-study-plan.v1::assignment_and_order_policy,design.study_profile_reference_parameters.dashboard_run_setup | design.protocol.participant_order_policy.part_membership,participant-to-arm allocation | participant visit/session/measurement schedule | session-group/part identifiers | event-specific profile plus parameter overrides
doi:10.1101/492017,doi:10.1101/492017,,Maternal brain gain: enlarged representation of the peripersonal space in pregnancy,,reported_complete,publication_pdf,2026-08-12,artifacts/paper_metadata_audit/publication_pdfs/doi_10.1101_492017__d28f11160d31.pdf,"PDF pp.8-10, Participants and Procedure",,,reported,"{""analyzed_n"":60,""cohort_or_arm_count"":2,""inclusion_criteria"":""Pregnant group: low-risk singleton pregnancy and booking-scan BMI below 28; no participant reported neurological conditions."",""per_arm_n"":{""control"":{""analyzed_n"":19},""pregnant"":{""analyzed_n"":41}},""population_summary"":""Sixty unique women were enrolled longitudinally: 41 pregnant participants (37 at session 1 plus four late recruits who attended sessions 2-3 only) and 19 nonpregnant controls. Session samples were pregnant/control 37/19, 28/17, and 20/15.""}","Sixty unique women were enrolled longitudinally: 41 pregnant participants (37 at session 1 plus four late recruits who attended sessions 2-3 only) and 19 nonpregnant controls. Session samples were pregnant/control 37/19, 28/17, and 20/15.",Pregnant group: low-risk singleton pregnancy and booking-scan BMI below 28; no participant reported neurological conditions.,,,60,2,"{""control"":{""analyzed_n"":19},""pregnant"":{""analyzed_n"":41}}",,observed_cohort | fixed_order,reported,"Pregnant and nonpregnant cohorts were assessed at up to three longitudinal PPS sessions; pregnancy timepoints were second trimester, third trimester, and about 8 weeks postpartum.",reported,"Up to three PPS occurrences per participant; session samples were 37/19, 28/17, and 20/15 (pregnant/control).",reported,Cohort is between participants; longitudinal session/timepoint is within participant with attrition and four late recruits.,reported,Every occurrence binds to the same abdominal looming PPS protocol.,reported,"Chronological longitudinal visits; attrition reduced both cohorts, and four pregnant late recruits joined at visits 2-3 only.",not_applicable,No intervention or training phase is part of this experiment.,repeated_measure,observational_cohorts,repeated_multi_timepoint,2,5,3,3,3,0,3,"{""assignment_scope"":""observational_cohorts"",""design_family"":""repeated_measure"",""pps_occurrence_pattern"":""repeated_multi_timepoint"",""sample_and_assignment"":{""analyzed_n"":60,""cohort_or_arm_count"":2,""inclusion_criteria"":""Pregnant group: low-risk singleton pregnancy and booking-scan BMI below 28; no participant reported neurological conditions."",""per_arm_n"":{""control"":{""analyzed_n"":19},""pregnant"":{""analyzed_n"":41}},""population_summary"":""Sixty unique women were enrolled longitudinally: 41 pregnant participants (37 at session 1 plus four late recruits who attended sessions 2-3 only) and 19 nonpregnant controls. Session samples were pregnant/control 37/19, 28/17, and 20/15.""}}","{""design_topology"":""reported"",""factor_scope_map"":""reported"",""intervention_schedule"":""not_applicable"",""order_assignment_spacing"":""reported"",""pps_occasion_schedule"":""reported"",""protocol_binding"":""reported"",""sample_and_assignment"":""reported""}","{""design_topology"":""Pregnant and nonpregnant cohorts were assessed at up to three longitudinal PPS sessions; pregnancy timepoints were second trimester, third trimester, and about 8 weeks postpartum."",""factor_scope_map"":""Cohort is between participants; longitudinal session/timepoint is within participant with attrition and four late recruits."",""intervention_schedule"":""No intervention or training phase is part of this experiment."",""order_assignment_spacing"":""Chronological longitudinal visits; attrition reduced both cohorts, and four pregnant late recruits joined at visits 2-3 only."",""pps_occasion_schedule"":""Up to three PPS occurrences per participant; session samples were 37/19, 28/17, and 20/15 (pregnant/control)."",""protocol_binding"":""Every occurrence binds to the same abdominal looming PPS protocol."",""sample_and_assignment"":{""analyzed_n"":60,""cohort_or_arm_count"":2,""inclusion_criteria"":""Pregnant group: low-risk singleton pregnancy and booking-scan BMI below 28; no participant reported neurological conditions."",""per_arm_n"":{""control"":{""analyzed_n"":19},""pregnant"":{""analyzed_n"":41}},""population_summary"":""Sixty unique women were enrolled longitudinally: 41 pregnant participants (37 at session 1 plus four late recruits who attended sessions 2-3 only) and 19 nonpregnant controls. Session samples were pregnant/control 37/19, 28/17, and 20/15.""}}",unsupported_no_typed_study_plan,,pps-study-plan.v1::sample_and_assignment | pps-study-plan.v1::factors[] | pps-study-plan.v1::schedule.events[] | pps-study-plan.v1::schedule.events[].protocol_binding | pps-study-plan.v1::assignment_and_order_policy,design.study_profile_reference_parameters.dashboard_run_setup | design.protocol.participant_order_policy.part_membership,participant-to-arm allocation | participant visit/session/measurement schedule | session-group/part identifiers | event-specific profile plus parameter overrides
doi:10.1163/22134808-000s0136,doi:10.1163/22134808-000s0136,,Audio-tactile multisensory integration as a proxy for full body peri-personal space,,not_assessed,,,,,,,,,,,,,,,{},,,,,,,,,,,,,,,,,,0,0,0,0,0,0,0,{},{},{},unsupported_no_typed_study_plan,,pps-study-plan.v1::sample_and_assignment | pps-study-plan.v1::factors[] | pps-study-plan.v1::schedule.events[] | pps-study-plan.v1::schedule.events[].protocol_binding | pps-study-plan.v1::assignment_and_order_policy,design.study_profile_reference_parameters.dashboard_run_setup | design.protocol.participant_order_policy.part_membership,participant-to-arm allocation | participant visit/session/measurement schedule | session-group/part identifiers | event-specific profile plus parameter overrides
doi:10.1177/17470218241261645,doi:10.1177/17470218241261645,depersonalisation_2024,Lost in time and space? Multisensory processing of peripersonal space and time perception in people with frequent experiences of depersonalisation.,,partial,manual_publication_review,2026-08-12,For-AI/audiotactile-paper-metadata-audit/manual_reviews/depersonalisation_2024.json,"PDF pp.4-5, Design and experimental procedure and The PPS task",,,not_assessed,,,,,,,,{},,counterbalanced_sequence | all_participants,reported,Within-participant same-day PPS and mental-time-travel task sessions with task order balanced across participants.,reported,One PPS task session and one separate MTT session on the same day; no internal PPS block count is reported.,reported,Task family is between session; PPS sound form and tactile/catch/baseline trial families vary within the PPS session.,reported,The PPS session binds to the looming-versus-flat two-speaker protocol; the MTT session is external to the PPS protocol.,partial,"PPS-versus-MTT task order is balanced, but the allocation method, inter-session interval, and internal PPS block/trial ordering are not reported.",not_applicable,"The MTT task is a separate measurement task, not an intervention.",crossover,within_participant,single_pps,2,4,2,1,0,2,0,"{""assignment_scope"":""within_participant"",""design_family"":""crossover"",""pps_occurrence_pattern"":""single_pps""}","{""design_topology"":""reported"",""factor_scope_map"":""reported"",""intervention_schedule"":""not_applicable"",""order_assignment_spacing"":""partial"",""pps_occasion_schedule"":""reported"",""protocol_binding"":""reported"",""sample_and_assignment"":""not_assessed""}","{""design_topology"":""Within-participant same-day PPS and mental-time-travel task sessions with task order balanced across participants."",""factor_scope_map"":""Task family is between session; PPS sound form and tactile/catch/baseline trial families vary within the PPS session."",""intervention_schedule"":""The MTT task is a separate measurement task, not an intervention."",""order_assignment_spacing"":""PPS-versus-MTT task order is balanced, but the allocation method, inter-session interval, and internal PPS block/trial ordering are not reported."",""pps_occasion_schedule"":""One PPS task session and one separate MTT session on the same day; no internal PPS block count is reported."",""protocol_binding"":""The PPS session binds to the looming-versus-flat two-speaker protocol; the MTT session is external to the PPS protocol."",""sample_and_assignment"":""""}",unsupported_no_typed_study_plan,,pps-study-plan.v1::sample_and_assignment | pps-study-plan.v1::factors[] | pps-study-plan.v1::schedule.events[] | pps-study-plan.v1::schedule.events[].protocol_binding | pps-study-plan.v1::assignment_and_order_policy,design.study_profile_reference_parameters.dashboard_run_setup | design.protocol.participant_order_policy.part_membership,participant-to-arm allocation | participant visit/session/measurement schedule | session-group/part identifiers | event-specific profile plus parameter overrides
doi:10.17605/osf.io/73x59,doi:10.17605/osf.io/73x59,,Audio-tactile peripersonal space,,not_assessed,,,,,,,,,,,,,,,{},,,,,,,,,,,,,,,,,,0,0,0,0,0,0,0,{},{},{},unsupported_no_typed_study_plan,,pps-study-plan.v1::sample_and_assignment | pps-study-plan.v1::factors[] | pps-study-plan.v1::schedule.events[] | pps-study-plan.v1::schedule.events[].protocol_binding | pps-study-plan.v1::assignment_and_order_policy,design.study_profile_reference_parameters.dashboard_run_setup | design.protocol.participant_order_policy.part_membership,participant-to-arm allocation | participant visit/session/measurement schedule | session-group/part identifiers | event-specific profile plus parameter overrides
doi:10.31234/osf.io/etvb6_v1::a,doi:10.31234/osf.io/etvb6_v1,,The spatial reach of affective touch: a new perspective on social peripersonal space (a),a,reported_complete,publication_pdf,2026-08-12,artifacts/paper_metadata_audit/publication_pdfs/doi_10.31234_osf.io_etvb6_v1__fd8b68576e72.pdf,"PDF pp.4-8, shared procedure and Classic PPS experiment",,,reported,Thirty-five healthy participants completed all three formal tasks in a within-participant design.,Healthy adults,,,,35,1,{},All completed all three tasks in randomized order.,crossover_random_order,reported,One Classic PPS PPS measurement within a three-task same-day crossover; task order randomized per participant.,reported,One two-block Classic PPS PPS occasion; each participant also completed the other two registered experiments that day.,reported,Task identity is between measurement; trial family/delay and task-specific tactile modality vary within its protocol.,reported,This row binds only to the Classic PPS protocol and its two blocks.,reported,All three tasks administered same day in randomized order; no washout reported; pleasantness rating follows each task.,not_applicable,"Task identity is a protocol variant, not an intervention.",crossover,within_participant,condition_specific_pps_sessions,1,3,2,1,0,0,0,"{""assignment_scope"":""within_participant"",""design_family"":""crossover"",""pps_occurrence_pattern"":""condition_specific_pps_sessions"",""sample_and_assignment"":{""analyzed_n"":35,""assignment_summary"":""All completed all three tasks in randomized order."",""cohort_or_arm_count"":1,""population_summary"":""Healthy adults""}}","{""design_topology"":""reported"",""factor_scope_map"":""reported"",""intervention_schedule"":""not_applicable"",""order_assignment_spacing"":""reported"",""pps_occasion_schedule"":""reported"",""protocol_binding"":""reported"",""sample_and_assignment"":""reported""}","{""design_topology"":""One Classic PPS PPS measurement within a three-task same-day crossover; task order randomized per participant."",""factor_scope_map"":""Task identity is between measurement; trial family/delay and task-specific tactile modality vary within its protocol."",""intervention_schedule"":""Task identity is a protocol variant, not an intervention."",""order_assignment_spacing"":""All three tasks administered same day in randomized order; no washout reported; pleasantness rating follows each task."",""pps_occasion_schedule"":""One two-block Classic PPS PPS occasion; each participant also completed the other two registered experiments that day."",""protocol_binding"":""This row binds only to the Classic PPS protocol and its two blocks."",""sample_and_assignment"":""Thirty-five healthy participants completed all three formal tasks in a within-participant design.""}",unsupported_no_typed_study_plan,,pps-study-plan.v1::sample_and_assignment | pps-study-plan.v1::factors[] | pps-study-plan.v1::schedule.events[] | pps-study-plan.v1::schedule.events[].protocol_binding | pps-study-plan.v1::assignment_and_order_policy,design.study_profile_reference_parameters.dashboard_run_setup | design.protocol.participant_order_policy.part_membership,participant-to-arm allocation | participant visit/session/measurement schedule | session-group/part identifiers | event-specific profile plus parameter overrides
doi:10.31234/osf.io/etvb6_v1::b,doi:10.31234/osf.io/etvb6_v1,,The spatial reach of affective touch: a new perspective on social peripersonal space (b),b,reported_complete,publication_pdf,2026-08-12,artifacts/paper_metadata_audit/publication_pdfs/doi_10.31234_osf.io_etvb6_v1__fd8b68576e72.pdf,"PDF pp.4-8, shared procedure and Discriminative PPS experiment",,,reported,Thirty-five healthy participants completed all three formal tasks in a within-participant design.,Healthy adults,,,,35,1,{},All completed all three tasks in randomized order.,crossover_random_order,reported,One Discriminative PPS PPS measurement within a three-task same-day crossover; task order randomized per participant.,reported,One two-block Discriminative PPS PPS occasion; each participant also completed the other two registered experiments that day.,reported,Task identity is between measurement; trial family/delay and task-specific tactile modality vary within its protocol.,reported,This row binds only to the Discriminative PPS protocol and its two blocks.,reported,All three tasks administered same day in randomized order; no washout reported; pleasantness rating follows each task.,not_applicable,"Task identity is a protocol variant, not an intervention.",crossover,within_participant,condition_specific_pps_sessions,1,3,2,1,0,0,0,"{""assignment_scope"":""within_participant"",""design_family"":""crossover"",""pps_occurrence_pattern"":""condition_specific_pps_sessions"",""sample_and_assignment"":{""analyzed_n"":35,""assignment_summary"":""All completed all three tasks in randomized order."",""cohort_or_arm_count"":1,""population_summary"":""Healthy adults""}}","{""design_topology"":""reported"",""factor_scope_map"":""reported"",""intervention_schedule"":""not_applicable"",""order_assignment_spacing"":""reported"",""pps_occasion_schedule"":""reported"",""protocol_binding"":""reported"",""sample_and_assignment"":""reported""}","{""design_topology"":""One Discriminative PPS PPS measurement within a three-task same-day crossover; task order randomized per participant."",""factor_scope_map"":""Task identity is between measurement; trial family/delay and task-specific tactile modality vary within its protocol."",""intervention_schedule"":""Task identity is a protocol variant, not an intervention."",""order_assignment_spacing"":""All three tasks administered same day in randomized order; no washout reported; pleasantness rating follows each task."",""pps_occasion_schedule"":""One two-block Discriminative PPS PPS occasion; each participant also completed the other two registered experiments that day."",""protocol_binding"":""This row binds only to the Discriminative PPS protocol and its two blocks."",""sample_and_assignment"":""Thirty-five healthy participants completed all three formal tasks in a within-participant design.""}",unsupported_no_typed_study_plan,,pps-study-plan.v1::sample_and_assignment | pps-study-plan.v1::factors[] | pps-study-plan.v1::schedule.events[] | pps-study-plan.v1::schedule.events[].protocol_binding | pps-study-plan.v1::assignment_and_order_policy,design.study_profile_reference_parameters.dashboard_run_setup | design.protocol.participant_order_policy.part_membership,participant-to-arm allocation | participant visit/session/measurement schedule | session-group/part identifiers | event-specific profile plus parameter overrides
doi:10.31234/osf.io/etvb6_v1::c,doi:10.31234/osf.io/etvb6_v1,,The spatial reach of affective touch: a new perspective on social peripersonal space (c),c,reported_complete,publication_pdf,2026-08-12,artifacts/paper_metadata_audit/publication_pdfs/doi_10.31234_osf.io_etvb6_v1__fd8b68576e72.pdf,"PDF pp.4-8, shared procedure and Affective PPS experiment",,,reported,Thirty-five healthy participants completed all three formal tasks in a within-participant design.,Healthy adults,,,,35,1,{},All completed all three tasks in randomized order.,crossover_random_order,reported,One Affective PPS PPS measurement within a three-task same-day crossover; task order randomized per participant.,reported,One two-block Affective PPS PPS occasion; each participant also completed the other two registered experiments that day.,reported,Task identity is between measurement; trial family/delay and task-specific tactile modality vary within its protocol.,reported,This row binds only to the Affective PPS protocol and its two blocks.,reported,All three tasks administered same day in randomized order; no washout reported; pleasantness rating follows each task.,not_applicable,"Task identity is a protocol variant, not an intervention.",crossover,within_participant,condition_specific_pps_sessions,1,3,2,1,0,0,0,"{""assignment_scope"":""within_participant"",""design_family"":""crossover"",""pps_occurrence_pattern"":""condition_specific_pps_sessions"",""sample_and_assignment"":{""analyzed_n"":35,""assignment_summary"":""All completed all three tasks in randomized order."",""cohort_or_arm_count"":1,""population_summary"":""Healthy adults""}}","{""design_topology"":""reported"",""factor_scope_map"":""reported"",""intervention_schedule"":""not_applicable"",""order_assignment_spacing"":""reported"",""pps_occasion_schedule"":""reported"",""protocol_binding"":""reported"",""sample_and_assignment"":""reported""}","{""design_topology"":""One Affective PPS PPS measurement within a three-task same-day crossover; task order randomized per participant."",""factor_scope_map"":""Task identity is between measurement; trial family/delay and task-specific tactile modality vary within its protocol."",""intervention_schedule"":""Task identity is a protocol variant, not an intervention."",""order_assignment_spacing"":""All three tasks administered same day in randomized order; no washout reported; pleasantness rating follows each task."",""pps_occasion_schedule"":""One two-block Affective PPS PPS occasion; each participant also completed the other two registered experiments that day."",""protocol_binding"":""This row binds only to the Affective PPS protocol and its two blocks."",""sample_and_assignment"":""Thirty-five healthy participants completed all three formal tasks in a within-participant design.""}",unsupported_no_typed_study_plan,,pps-study-plan.v1::sample_and_assignment | pps-study-plan.v1::factors[] | pps-study-plan.v1::schedule.events[] | pps-study-plan.v1::schedule.events[].protocol_binding | pps-study-plan.v1::assignment_and_order_policy,design.study_profile_reference_parameters.dashboard_run_setup | design.protocol.participant_order_policy.part_membership,participant-to-arm allocation | participant visit/session/measurement schedule | session-group/part identifiers | event-specific profile plus parameter overrides
doi:10.31234/osf.io/t8h6a,doi:10.31234/osf.io/t8h6a,,Lost in time and space? Multisensory processing of peripersonal space and time perception in Depersonalisation,,reported_complete,publication_pdf,2026-08-12,artifacts/paper_metadata_audit/publication_pdfs/doi_10.31234_osf.io_t8h6a__64fec89b47a7.pdf,PDF pp.5-7 and Supplement pp.22-23,,,reported,Seventy healthy participants were grouped by high versus low depersonalization (35 each); all completed PPS and mental-time-travel tasks.,Healthy adults stratified by depersonalization,,,,70,2,{},35 high and 35 low depersonalization; all completed both tasks.,observed_cohort | counterbalanced_sequence,reported,Observed two-cohort design with two same-day tasks in balanced order; PPS itself is one two-block measurement.,reported,"One PPS occasion divided into two blocks, plus a separate mental-time-travel task.",reported,Depersonalization group is between participant; task order is counterbalanced; looming/flat and delay vary within PPS.,reported,Only the PPS event binds to this row's PPS protocol; mental-time-travel remains an external secondary task.,reported,PPS versus mental-time-travel task order balanced on the same day; no washout reported.,not_applicable,No intervention.,mixed_factorial,observational_cohorts,single_pps,2,4,2,1,0,0,0,"{""assignment_scope"":""observational_cohorts"",""design_family"":""mixed_factorial"",""pps_occurrence_pattern"":""single_pps"",""sample_and_assignment"":{""analyzed_n"":70,""assignment_summary"":""35 high and 35 low depersonalization; all completed both tasks."",""cohort_or_arm_count"":2,""population_summary"":""Healthy adults stratified by depersonalization""}}","{""design_topology"":""reported"",""factor_scope_map"":""reported"",""intervention_schedule"":""not_applicable"",""order_assignment_spacing"":""reported"",""pps_occasion_schedule"":""reported"",""protocol_binding"":""reported"",""sample_and_assignment"":""reported""}","{""design_topology"":""Observed two-cohort design with two same-day tasks in balanced order; PPS itself is one two-block measurement."",""factor_scope_map"":""Depersonalization group is between participant; task order is counterbalanced; looming/flat and delay vary within PPS."",""intervention_schedule"":""No intervention."",""order_assignment_spacing"":""PPS versus mental-time-travel task order balanced on the same day; no washout reported."",""pps_occasion_schedule"":""One PPS occasion divided into two blocks, plus a separate mental-time-travel task."",""protocol_binding"":""Only the PPS event binds to this row's PPS protocol; mental-time-travel remains an external secondary task."",""sample_and_assignment"":""Seventy healthy participants were grouped by high versus low depersonalization (35 each); all completed PPS and mental-time-travel tasks.""}",unsupported_no_typed_study_plan,,pps-study-plan.v1::sample_and_assignment | pps-study-plan.v1::factors[] | pps-study-plan.v1::schedule.events[] | pps-study-plan.v1::schedule.events[].protocol_binding | pps-study-plan.v1::assignment_and_order_policy,design.study_profile_reference_parameters.dashboard_run_setup | design.protocol.participant_order_policy.part_membership,participant-to-arm allocation | participant visit/session/measurement schedule | session-group/part identifiers | event-specific profile plus parameter overrides
doi:10.3389/fpsyg.2022.983189,doi:10.3389/fpsyg.2022.983189,,Effects of guided exploration on reaching measures of auditory peripersonal space.,,not_applicable,publication_pdf,2026-08-12,artifacts/paper_metadata_audit/publication_pdfs/doi_10.3389_fpsyg.2022.983189__a9f757338377.pdf,"PDF pp.3-7, Materials and Methods",Adjacent auditory reaching/calibration study is outside the audio-tactile PPS protocol structure scope.,,not_applicable,Adjacent auditory reaching/calibration study is outside the audio-tactile PPS protocol structure scope.,,,,,,,{},,,not_applicable,Adjacent auditory reaching/calibration study is outside the audio-tactile PPS protocol structure scope.,not_applicable,Adjacent auditory reaching/calibration study is outside the audio-tactile PPS protocol structure scope.,not_applicable,Adjacent auditory reaching/calibration study is outside the audio-tactile PPS protocol structure scope.,not_applicable,Adjacent auditory reaching/calibration study is outside the audio-tactile PPS protocol structure scope.,not_applicable,Adjacent auditory reaching/calibration study is outside the audio-tactile PPS protocol structure scope.,not_applicable,Adjacent auditory reaching/calibration study is outside the audio-tactile PPS protocol structure scope.,unclear,unclear,custom,0,0,0,0,0,0,0,"{""assignment_scope"":""unclear"",""design_family"":""unclear"",""pps_occurrence_pattern"":""custom""}","{""design_topology"":""not_applicable"",""factor_scope_map"":""not_applicable"",""intervention_schedule"":""not_applicable"",""order_assignment_spacing"":""not_applicable"",""pps_occasion_schedule"":""not_applicable"",""protocol_binding"":""not_applicable"",""sample_and_assignment"":""not_applicable""}","{""design_topology"":""Adjacent auditory reaching/calibration study is outside the audio-tactile PPS protocol structure scope."",""factor_scope_map"":""Adjacent auditory reaching/calibration study is outside the audio-tactile PPS protocol structure scope."",""intervention_schedule"":""Adjacent auditory reaching/calibration study is outside the audio-tactile PPS protocol structure scope."",""order_assignment_spacing"":""Adjacent auditory reaching/calibration study is outside the audio-tactile PPS protocol structure scope."",""pps_occasion_schedule"":""Adjacent auditory reaching/calibration study is outside the audio-tactile PPS protocol structure scope."",""protocol_binding"":""Adjacent auditory reaching/calibration study is outside the audio-tactile PPS protocol structure scope."",""sample_and_assignment"":""Adjacent auditory reaching/calibration study is outside the audio-tactile PPS protocol structure scope.""}",unsupported_no_typed_study_plan,,pps-study-plan.v1::sample_and_assignment | pps-study-plan.v1::factors[] | pps-study-plan.v1::schedule.events[] | pps-study-plan.v1::schedule.events[].protocol_binding | pps-study-plan.v1::assignment_and_order_policy,design.study_profile_reference_parameters.dashboard_run_setup | design.protocol.participant_order_policy.part_membership,participant-to-arm allocation | participant visit/session/measurement schedule | session-group/part identifiers | event-specific profile plus parameter overrides
doi:10.3390/s25196072::a,doi:10.3390/s25196072,smartphone_rt_methods_2025,Using Android Smartphones to Collect Precise Measures of Reaction Times to Multisensory Stimuli. (a),a,not_applicable,publication_pdf,2026-08-12,artifacts/paper_metadata_audit/publication_pdfs/doi_10.3390_s25196072__37aee401ccad.pdf,"PDF pp.4-14, Sections 2-6 hardware validation",Device-model timing validation has repeated hardware trials but no human participant assignment or PPS occasion structure.,,not_applicable,Device-model timing validation has repeated hardware trials but no human participant assignment or PPS occasion structure.,,,,,,,{},,,not_applicable,Device-model timing validation has repeated hardware trials but no human participant assignment or PPS occasion structure.,not_applicable,Device-model timing validation has repeated hardware trials but no human participant assignment or PPS occasion structure.,not_applicable,Device-model timing validation has repeated hardware trials but no human participant assignment or PPS occasion structure.,not_applicable,Device-model timing validation has repeated hardware trials but no human participant assignment or PPS occasion structure.,not_applicable,Device-model timing validation has repeated hardware trials but no human participant assignment or PPS occasion structure.,not_applicable,Device-model timing validation has repeated hardware trials but no human participant assignment or PPS occasion structure.,unclear,unclear,custom,0,0,0,0,0,0,0,"{""assignment_scope"":""unclear"",""design_family"":""unclear"",""pps_occurrence_pattern"":""custom""}","{""design_topology"":""not_applicable"",""factor_scope_map"":""not_applicable"",""intervention_schedule"":""not_applicable"",""order_assignment_spacing"":""not_applicable"",""pps_occasion_schedule"":""not_applicable"",""protocol_binding"":""not_applicable"",""sample_and_assignment"":""not_applicable""}","{""design_topology"":""Device-model timing validation has repeated hardware trials but no human participant assignment or PPS occasion structure."",""factor_scope_map"":""Device-model timing validation has repeated hardware trials but no human participant assignment or PPS occasion structure."",""intervention_schedule"":""Device-model timing validation has repeated hardware trials but no human participant assignment or PPS occasion structure."",""order_assignment_spacing"":""Device-model timing validation has repeated hardware trials but no human participant assignment or PPS occasion structure."",""pps_occasion_schedule"":""Device-model timing validation has repeated hardware trials but no human participant assignment or PPS occasion structure."",""protocol_binding"":""Device-model timing validation has repeated hardware trials but no human participant assignment or PPS occasion structure."",""sample_and_assignment"":""Device-model timing validation has repeated hardware trials but no human participant assignment or PPS occasion structure.""}",unsupported_no_typed_study_plan,,pps-study-plan.v1::sample_and_assignment | pps-study-plan.v1::factors[] | pps-study-plan.v1::schedule.events[] | pps-study-plan.v1::schedule.events[].protocol_binding | pps-study-plan.v1::assignment_and_order_policy,design.study_profile_reference_parameters.dashboard_run_setup | design.protocol.participant_order_policy.part_membership,participant-to-arm allocation | participant visit/session/measurement schedule | session-group/part identifiers | event-specific profile plus parameter overrides
doi:10.3390/s25196072::b,doi:10.3390/s25196072,smartphone_rt_methods_2025,Using Android Smartphones to Collect Precise Measures of Reaction Times to Multisensory Stimuli. (b),b,conflicting_evidence,publication_pdf,2026-08-12,artifacts/paper_metadata_audit/publication_pdfs/doi_10.3390_s25196072__37aee401ccad.pdf,"PDF pp.14-18, Behavioral Validation",,,reported,"Twenty healthy participants enrolled; one excluded for misses and one for missing-block mishap, leaving 18 analyzed.",Healthy right-handed adults,,,,18,1,{},All used the same phone/task; two excluded from analysis.,,reported,Single-cohort within-participant fixed/looming by six-delay PPS task on one standardized Pixel 2 XL.,conflicting_evidence,"One PPS occasion over six blocks is clear; block text says 72 recorded trials, figure says 76, while 432 total supports 72.",reported,Fixed/looming sound and six delays vary within block; block is a nuisance/repetition factor.,reported,All blocks bind to the same Dynaspace Pixel 2 XL profile.,reported,Six blocks with short breaks and mandatory 10-min midpoint break; five practice trials are described at block start.,not_applicable,No intervention.,single_measurement,single_cohort,single_pps,0,0,2,1,0,0,0,"{""assignment_scope"":""single_cohort"",""design_family"":""single_measurement"",""pps_occurrence_pattern"":""single_pps"",""sample_and_assignment"":{""analyzed_n"":18,""assignment_summary"":""All used the same phone/task; two excluded from analysis."",""cohort_or_arm_count"":1,""enrolled_n"":20,""population_summary"":""Healthy right-handed adults""}}","{""design_topology"":""reported"",""factor_scope_map"":""reported"",""intervention_schedule"":""not_applicable"",""order_assignment_spacing"":""reported"",""pps_occasion_schedule"":""conflicting_evidence"",""protocol_binding"":""reported"",""sample_and_assignment"":""reported""}","{""design_topology"":""Single-cohort within-participant fixed/looming by six-delay PPS task on one standardized Pixel 2 XL."",""factor_scope_map"":""Fixed/looming sound and six delays vary within block; block is a nuisance/repetition factor."",""intervention_schedule"":""No intervention."",""order_assignment_spacing"":""Six blocks with short breaks and mandatory 10-min midpoint break; five practice trials are described at block start."",""pps_occasion_schedule"":""One PPS occasion over six blocks is clear; block text says 72 recorded trials, figure says 76, while 432 total supports 72."",""protocol_binding"":""All blocks bind to the same Dynaspace Pixel 2 XL profile."",""sample_and_assignment"":""Twenty healthy participants enrolled; one excluded for misses and one for missing-block mishap, leaving 18 analyzed.""}",unsupported_no_typed_study_plan,,pps-study-plan.v1::sample_and_assignment | pps-study-plan.v1::factors[] | pps-study-plan.v1::schedule.events[] | pps-study-plan.v1::schedule.events[].protocol_binding | pps-study-plan.v1::assignment_and_order_policy,design.study_profile_reference_parameters.dashboard_run_setup | design.protocol.participant_order_policy.part_membership,participant-to-arm allocation | participant visit/session/measurement schedule | session-group/part identifiers | event-specific profile plus parameter overrides
doi:10.53829/ntr201911fa4,doi:10.53829/ntr201911fa4,,Creating a Walking Sensation for the Seated--A Sensation of Pseudo-walking Expands Peripersonal Space,,not_applicable,publication_pdf,2026-08-12,artifacts/paper_metadata_audit/publication_pdfs/doi_10.53829_ntr201911fa4__47b697efdf32.pdf,"PDF pp.2-4, Sections 2-3",Secondary technical feature is not treated as a distinct primary participant-study structure.,,not_applicable,Secondary technical feature is not treated as a distinct primary participant-study structure.,,,,,,,{},,,not_applicable,Secondary technical feature is not treated as a distinct primary participant-study structure.,not_applicable,Secondary technical feature is not treated as a distinct primary participant-study structure.,not_applicable,Secondary technical feature is not treated as a distinct primary participant-study structure.,not_applicable,Secondary technical feature is not treated as a distinct primary participant-study structure.,not_applicable,Secondary technical feature is not treated as a distinct primary participant-study structure.,not_applicable,Secondary technical feature is not treated as a distinct primary participant-study structure.,unclear,unclear,custom,0,0,0,0,0,0,0,"{""assignment_scope"":""unclear"",""design_family"":""unclear"",""pps_occurrence_pattern"":""custom""}","{""design_topology"":""not_applicable"",""factor_scope_map"":""not_applicable"",""intervention_schedule"":""not_applicable"",""order_assignment_spacing"":""not_applicable"",""pps_occasion_schedule"":""not_applicable"",""protocol_binding"":""not_applicable"",""sample_and_assignment"":""not_applicable""}","{""design_topology"":""Secondary technical feature is not treated as a distinct primary participant-study structure."",""factor_scope_map"":""Secondary technical feature is not treated as a distinct primary participant-study structure."",""intervention_schedule"":""Secondary technical feature is not treated as a distinct primary participant-study structure."",""order_assignment_spacing"":""Secondary technical feature is not treated as a distinct primary participant-study structure."",""pps_occasion_schedule"":""Secondary technical feature is not treated as a distinct primary participant-study structure."",""protocol_binding"":""Secondary technical feature is not treated as a distinct primary participant-study structure."",""sample_and_assignment"":""Secondary technical feature is not treated as a distinct primary participant-study structure.""}",unsupported_no_typed_study_plan,,pps-study-plan.v1::sample_and_assignment | pps-study-plan.v1::factors[] | pps-study-plan.v1::schedule.events[] | pps-study-plan.v1::schedule.events[].protocol_binding | pps-study-plan.v1::assignment_and_order_policy,design.study_profile_reference_parameters.dashboard_run_setup | design.protocol.participant_order_policy.part_membership,participant-to-arm allocation | participant visit/session/measurement schedule | session-group/part identifiers | event-specific profile plus parameter overrides
doi:10.61782/fa.2025.0866::a,doi:10.61782/fa.2025.0866,looming_duration_2025,The Impact of Looming Sound Duration on Peripersonal Space Measurement (a),a,reported_complete,publication_pdf,2026-08-12,artifacts/paper_metadata_audit/publication_pdfs/doi_10.61782_fa.2025.0866__f5a98f9a8ba1.pdf,"PDF pp.2-4, Participants, Procedure, and Experimental Design",,,reported,Thirteen participants completed both duration experiments; seven received 2-s first and six received 3-s first.,Healthy adults,,,,13,1,{},All completed both durations; order semi-counterbalanced 7/6.,counterbalanced_sequence,reported,Within-participant two-experiment crossover; this row is the 2-s PPS experiment followed by its questionnaire.,reported,One 245-trial 2-s PPS occasion with two scheduled breaks; participant also completed the 3-s registered experiment.,reported,Sound duration/path is between formal measurements; baseline/audio-tactile and seven delays vary within this experiment.,reported,This row binds only to the 2-s path/SOA profile; the other duration binds to its lettered row.,reported,Duration experiment order semi-counterbalanced 7/6; PPS then questionnaire within each experiment; spacing between experiments not quantified.,not_applicable,"Duration is a protocol variant, not an intervention.",crossover,within_participant,condition_specific_pps_sessions,1,2,2,1,0,0,0,"{""assignment_scope"":""within_participant"",""design_family"":""crossover"",""pps_occurrence_pattern"":""condition_specific_pps_sessions"",""sample_and_assignment"":{""analyzed_n"":13,""assignment_summary"":""All completed both durations; order semi-counterbalanced 7/6."",""cohort_or_arm_count"":1,""population_summary"":""Healthy adults""}}","{""design_topology"":""reported"",""factor_scope_map"":""reported"",""intervention_schedule"":""not_applicable"",""order_assignment_spacing"":""reported"",""pps_occasion_schedule"":""reported"",""protocol_binding"":""reported"",""sample_and_assignment"":""reported""}","{""design_topology"":""Within-participant two-experiment crossover; this row is the 2-s PPS experiment followed by its questionnaire."",""factor_scope_map"":""Sound duration/path is between formal measurements; baseline/audio-tactile and seven delays vary within this experiment."",""intervention_schedule"":""Duration is a protocol variant, not an intervention."",""order_assignment_spacing"":""Duration experiment order semi-counterbalanced 7/6; PPS then questionnaire within each experiment; spacing between experiments not quantified."",""pps_occasion_schedule"":""One 245-trial 2-s PPS occasion with two scheduled breaks; participant also completed the 3-s registered experiment."",""protocol_binding"":""This row binds only to the 2-s path/SOA profile; the other duration binds to its lettered row."",""sample_and_assignment"":""Thirteen participants completed both duration experiments; seven received 2-s first and six received 3-s first.""}",unsupported_no_typed_study_plan,,pps-study-plan.v1::sample_and_assignment | pps-study-plan.v1::factors[] | pps-study-plan.v1::schedule.events[] | pps-study-plan.v1::schedule.events[].protocol_binding | pps-study-plan.v1::assignment_and_order_policy,design.study_profile_reference_parameters.dashboard_run_setup | design.protocol.participant_order_policy.part_membership,participant-to-arm allocation | participant visit/session/measurement schedule | session-group/part identifiers | event-specific profile plus parameter overrides
doi:10.61782/fa.2025.0866::b,doi:10.61782/fa.2025.0866,looming_duration_2025,The Impact of Looming Sound Duration on Peripersonal Space Measurement (b),b,reported_complete,publication_pdf,2026-08-12,artifacts/paper_metadata_audit/publication_pdfs/doi_10.61782_fa.2025.0866__f5a98f9a8ba1.pdf,"PDF pp.2-4, Participants, Procedure, and Experimental Design",,,reported,Thirteen participants completed both duration experiments; seven received 2-s first and six received 3-s first.,Healthy adults,,,,13,1,{},All completed both durations; order semi-counterbalanced 7/6.,counterbalanced_sequence,reported,Within-participant two-experiment crossover; this row is the 3-s PPS experiment followed by its questionnaire.,reported,One 245-trial 3-s PPS occasion with two scheduled breaks; participant also completed the 2-s registered experiment.,reported,Sound duration/path is between formal measurements; baseline/audio-tactile and seven delays vary within this experiment.,reported,This row binds only to the 3-s path/SOA profile; the other duration binds to its lettered row.,reported,Duration experiment order semi-counterbalanced 7/6; PPS then questionnaire within each experiment; spacing between experiments not quantified.,not_applicable,"Duration is a protocol variant, not an intervention.",crossover,within_participant,condition_specific_pps_sessions,1,2,2,1,0,0,0,"{""assignment_scope"":""within_participant"",""design_family"":""crossover"",""pps_occurrence_pattern"":""condition_specific_pps_sessions"",""sample_and_assignment"":{""analyzed_n"":13,""assignment_summary"":""All completed both durations; order semi-counterbalanced 7/6."",""cohort_or_arm_count"":1,""population_summary"":""Healthy adults""}}","{""design_topology"":""reported"",""factor_scope_map"":""reported"",""intervention_schedule"":""not_applicable"",""order_assignment_spacing"":""reported"",""pps_occasion_schedule"":""reported"",""protocol_binding"":""reported"",""sample_and_assignment"":""reported""}","{""design_topology"":""Within-participant two-experiment crossover; this row is the 3-s PPS experiment followed by its questionnaire."",""factor_scope_map"":""Sound duration/path is between formal measurements; baseline/audio-tactile and seven delays vary within this experiment."",""intervention_schedule"":""Duration is a protocol variant, not an intervention."",""order_assignment_spacing"":""Duration experiment order semi-counterbalanced 7/6; PPS then questionnaire within each experiment; spacing between experiments not quantified."",""pps_occasion_schedule"":""One 245-trial 3-s PPS occasion with two scheduled breaks; participant also completed the 2-s registered experiment."",""protocol_binding"":""This row binds only to the 3-s path/SOA profile; the other duration binds to its lettered row."",""sample_and_assignment"":""Thirteen participants completed both duration experiments; seven received 2-s first and six received 3-s first.""}",unsupported_no_typed_study_plan,,pps-study-plan.v1::sample_and_assignment | pps-study-plan.v1::factors[] | pps-study-plan.v1::schedule.events[] | pps-study-plan.v1::schedule.events[].protocol_binding | pps-study-plan.v1::assignment_and_order_policy,design.study_profile_reference_parameters.dashboard_run_setup | design.protocol.participant_order_policy.part_membership,participant-to-arm allocation | participant visit/session/measurement schedule | session-group/part identifiers | event-specific profile plus parameter overrides
