study_row_id,visualization_id,figure_table_panel,visualization_type,confirmation_status,x_encoding,x_values,x_unit,y_metric,y_values,y_unit,model_family,model_parameters,fit_statistics,boundary_index_definition,boundary_index_value,boundary_index_unit,facets,uncertainty_encoding,visual_parameter_check,evidence_class,field_status,review_note
doi:10.1007/s00221-004-2212-7,doi:10.1007/s00221-004-2212-7::review_required,,,not_assessed,,,,,,,,,,,,,,,required,not_assessed,not_assessed,"Inspect figures, captions, tables, supplements, axes, model annotations, boundary definitions, facets, and uncertainty displays."
doi:10.1007/s00221-005-2393-8,doi:10.1007/s00221-005-2393-8::review_required,,,no_confirmed_visualization_review,,,,,,,,,,,,,,,required,no_confirmed_panel_review,source_unavailable,"No extracted source text is available; inspect the publication PDF, figures, captions, and supplements manually before closing visualization review."
doi:10.1007/s00221-013-3532-2,doi:10.1007/s00221-013-3532-2::review_required,,,no_confirmed_visualization_review,,,,,,,,,,,,,,,required,no_confirmed_panel_review,source_unavailable,"No extracted source text is available; inspect the publication PDF, figures, captions, and supplements manually before closing visualization review."
doi:10.1007/s00221-013-3574-5,doi:10.1007/s00221-013-3574-5::review_required,,,no_confirmed_visualization_review,,,,,,,,,,,,,,,required,no_confirmed_panel_review,source_unavailable,"No extracted source text is available; inspect the publication PDF, figures, captions, and supplements manually before closing visualization review."
doi:10.1007/s00221-017-5158-2,doi:10.1007/s00221-017-5158-2::review_required,,,no_confirmed_visualization_review,,,,,,,,,,,,,,,required,no_confirmed_panel_review,source_unavailable,"No extracted source text is available; inspect the publication PDF, figures, captions, and supplements manually before closing visualization review."
doi:10.1007/s00221-019-05469-3,doi:10.1007/s00221-019-05469-3::candidate_1,,rt_by_soa_or_distance_curve,automated_candidate_unverified,,,,,,,,,,,,,,,required,automated_text_mining_candidate,inferred_low_confidence,"source page/section(s) 3, 8, 1 | Automated PPS visualization miner found result/figure/model terms; verify against figures, captions, axes, legends, and results text before treating this visualization form as confirmed."
doi:10.1007/s00221-019-05469-3,doi:10.1007/s00221-019-05469-3::candidate_2,,pps_boundary_or_size_index,automated_candidate_unverified,,,,,,,,,,,,,,,required,automated_text_mining_candidate,inferred_low_confidence,"source page/section(s) 8, 4 | Automated PPS visualization miner found result/figure/model terms; verify against figures, captions, axes, legends, and results text before treating this visualization form as confirmed."
doi:10.1007/s00221-019-05469-3,doi:10.1007/s00221-019-05469-3::candidate_3,,condition_group_bar_box_summary,automated_candidate_unverified,,,,,,,,,,,,,,,required,automated_text_mining_candidate,inferred_low_confidence,"source page/section(s) 5, 6, 7 | Automated PPS visualization miner found result/figure/model terms; verify against figures, captions, axes, legends, and results text before treating this visualization form as confirmed."
doi:10.1007/s00221-019-05469-3,doi:10.1007/s00221-019-05469-3::candidate_4,,spatial_map_heatmap_or_body_boundary,automated_candidate_unverified,,,,,,,,,,,,,,,required,automated_text_mining_candidate,inferred_low_confidence,"source page/section(s) 10 | Automated PPS visualization miner found result/figure/model terms; verify against figures, captions, axes, legends, and results text before treating this visualization form as confirmed."
doi:10.1007/s00221-019-05469-3,doi:10.1007/s00221-019-05469-3::candidate_5,,apparatus_trajectory_schematic,automated_candidate_unverified,,,,,,,,,,,,,,,required,automated_text_mining_candidate,inferred_low_confidence,"source page/section(s) 2, 3, 4 | Automated PPS visualization miner found result/figure/model terms; verify against figures, captions, axes, legends, and results text before treating this visualization form as confirmed."
doi:10.1007/s00221-019-05469-3,doi:10.1007/s00221-019-05469-3::candidate_6,,neural_trace_topography_or_brain_map,automated_candidate_unverified,,,,,,,,,,,,,,,required,automated_text_mining_candidate,inferred_low_confidence,"source page/section(s) 8 | Automated PPS visualization miner found result/figure/model terms; verify against figures, captions, axes, legends, and results text before treating this visualization form as confirmed."
doi:10.1007/s00221-020-05771-5::a,doi:10.1007/s00221-020-05771-5::a::candidate_1,,rt_by_soa_or_distance_curve,record_level_candidate_requires_experiment_check,,,,,,,,,,,,,,,required,automated_text_mining_candidate,inferred_low_confidence,"source page/section(s) supplement, 14 | Automated PPS visualization miner found result/figure/model terms; verify against figures, captions, axes, legends, and results text before treating this visualization form as confirmed."
doi:10.1007/s00221-020-05771-5::a,doi:10.1007/s00221-020-05771-5::a::candidate_2,,sigmoid_psychometric_fit,record_level_candidate_requires_experiment_check,,,,,,,,,,,,,,,required,automated_text_mining_candidate,inferred_low_confidence,"source page/section(s) supplement | Automated PPS visualization miner found result/figure/model terms; verify against figures, captions, axes, legends, and results text before treating this visualization form as confirmed."
doi:10.1007/s00221-020-05771-5::a,doi:10.1007/s00221-020-05771-5::a::candidate_3,,condition_group_bar_box_summary,record_level_candidate_requires_experiment_check,,,,,,,,,,,,,,,required,automated_text_mining_candidate,inferred_low_confidence,"source page/section(s) 11, 12 | Automated PPS visualization miner found result/figure/model terms; verify against figures, captions, axes, legends, and results text before treating this visualization form as confirmed."
doi:10.1007/s00221-020-05771-5::a,doi:10.1007/s00221-020-05771-5::a::candidate_4,,near_far_or_distance_bin_plot,record_level_candidate_requires_experiment_check,,,,,,,,,,,,,,,required,automated_text_mining_candidate,inferred_low_confidence,"source page/section(s) supplement, 1 | Automated PPS visualization miner found result/figure/model terms; verify against figures, captions, axes, legends, and results text before treating this visualization form as confirmed."
doi:10.1007/s00221-020-05771-5::a,doi:10.1007/s00221-020-05771-5::a::candidate_5,,apparatus_trajectory_schematic,record_level_candidate_requires_experiment_check,,,,,,,,,,,,,,,required,automated_text_mining_candidate,inferred_low_confidence,"source page/section(s) 10, 14, 9 | Automated PPS visualization miner found result/figure/model terms; verify against figures, captions, axes, legends, and results text before treating this visualization form as confirmed."
doi:10.1007/s00221-020-05771-5::a,doi:10.1007/s00221-020-05771-5::a::candidate_6,,neural_trace_topography_or_brain_map,record_level_candidate_requires_experiment_check,,,,,,,,,,,,,,,required,automated_text_mining_candidate,inferred_low_confidence,"source page/section(s) supplement, 10 | Automated PPS visualization miner found result/figure/model terms; verify against figures, captions, axes, legends, and results text before treating this visualization form as confirmed."
doi:10.1007/s00221-020-05771-5::a,doi:10.1007/s00221-020-05771-5::a::candidate_7,,model_parameter_or_fit_table,record_level_candidate_requires_experiment_check,,,,,,,,,,,,,,,required,automated_text_mining_candidate,inferred_low_confidence,"source page/section(s) supplement | Automated PPS visualization miner found result/figure/model terms; verify against figures, captions, axes, legends, and results text before treating this visualization form as confirmed."
doi:10.1007/s00221-020-05771-5::b,doi:10.1007/s00221-020-05771-5::b::candidate_1,,rt_by_soa_or_distance_curve,record_level_candidate_requires_experiment_check,,,,,,,,,,,,,,,required,automated_text_mining_candidate,inferred_low_confidence,"source page/section(s) supplement, 14 | Automated PPS visualization miner found result/figure/model terms; verify against figures, captions, axes, legends, and results text before treating this visualization form as confirmed."
doi:10.1007/s00221-020-05771-5::b,doi:10.1007/s00221-020-05771-5::b::candidate_2,,sigmoid_psychometric_fit,record_level_candidate_requires_experiment_check,,,,,,,,,,,,,,,required,automated_text_mining_candidate,inferred_low_confidence,"source page/section(s) supplement | Automated PPS visualization miner found result/figure/model terms; verify against figures, captions, axes, legends, and results text before treating this visualization form as confirmed."
doi:10.1007/s00221-020-05771-5::b,doi:10.1007/s00221-020-05771-5::b::candidate_3,,condition_group_bar_box_summary,record_level_candidate_requires_experiment_check,,,,,,,,,,,,,,,required,automated_text_mining_candidate,inferred_low_confidence,"source page/section(s) 11, 12 | Automated PPS visualization miner found result/figure/model terms; verify against figures, captions, axes, legends, and results text before treating this visualization form as confirmed."
doi:10.1007/s00221-020-05771-5::b,doi:10.1007/s00221-020-05771-5::b::candidate_4,,near_far_or_distance_bin_plot,record_level_candidate_requires_experiment_check,,,,,,,,,,,,,,,required,automated_text_mining_candidate,inferred_low_confidence,"source page/section(s) supplement, 1 | Automated PPS visualization miner found result/figure/model terms; verify against figures, captions, axes, legends, and results text before treating this visualization form as confirmed."
doi:10.1007/s00221-020-05771-5::b,doi:10.1007/s00221-020-05771-5::b::candidate_5,,apparatus_trajectory_schematic,record_level_candidate_requires_experiment_check,,,,,,,,,,,,,,,required,automated_text_mining_candidate,inferred_low_confidence,"source page/section(s) 10, 14, 9 | Automated PPS visualization miner found result/figure/model terms; verify against figures, captions, axes, legends, and results text before treating this visualization form as confirmed."
doi:10.1007/s00221-020-05771-5::b,doi:10.1007/s00221-020-05771-5::b::candidate_6,,neural_trace_topography_or_brain_map,record_level_candidate_requires_experiment_check,,,,,,,,,,,,,,,required,automated_text_mining_candidate,inferred_low_confidence,"source page/section(s) supplement, 10 | Automated PPS visualization miner found result/figure/model terms; verify against figures, captions, axes, legends, and results text before treating this visualization form as confirmed."
doi:10.1007/s00221-020-05771-5::b,doi:10.1007/s00221-020-05771-5::b::candidate_7,,model_parameter_or_fit_table,record_level_candidate_requires_experiment_check,,,,,,,,,,,,,,,required,automated_text_mining_candidate,inferred_low_confidence,"source page/section(s) supplement | Automated PPS visualization miner found result/figure/model terms; verify against figures, captions, axes, legends, and results text before treating this visualization form as confirmed."
doi:10.1007/s00221-020-05771-5::c,doi:10.1007/s00221-020-05771-5::c::candidate_1,,rt_by_soa_or_distance_curve,record_level_candidate_requires_experiment_check,,,,,,,,,,,,,,,required,automated_text_mining_candidate,inferred_low_confidence,"source page/section(s) supplement, 14 | Automated PPS visualization miner found result/figure/model terms; verify against figures, captions, axes, legends, and results text before treating this visualization form as confirmed."
doi:10.1007/s00221-020-05771-5::c,doi:10.1007/s00221-020-05771-5::c::candidate_2,,sigmoid_psychometric_fit,record_level_candidate_requires_experiment_check,,,,,,,,,,,,,,,required,automated_text_mining_candidate,inferred_low_confidence,"source page/section(s) supplement | Automated PPS visualization miner found result/figure/model terms; verify against figures, captions, axes, legends, and results text before treating this visualization form as confirmed."
doi:10.1007/s00221-020-05771-5::c,doi:10.1007/s00221-020-05771-5::c::candidate_3,,condition_group_bar_box_summary,record_level_candidate_requires_experiment_check,,,,,,,,,,,,,,,required,automated_text_mining_candidate,inferred_low_confidence,"source page/section(s) 11, 12 | Automated PPS visualization miner found result/figure/model terms; verify against figures, captions, axes, legends, and results text before treating this visualization form as confirmed."
doi:10.1007/s00221-020-05771-5::c,doi:10.1007/s00221-020-05771-5::c::candidate_4,,near_far_or_distance_bin_plot,record_level_candidate_requires_experiment_check,,,,,,,,,,,,,,,required,automated_text_mining_candidate,inferred_low_confidence,"source page/section(s) supplement, 1 | Automated PPS visualization miner found result/figure/model terms; verify against figures, captions, axes, legends, and results text before treating this visualization form as confirmed."
doi:10.1007/s00221-020-05771-5::c,doi:10.1007/s00221-020-05771-5::c::candidate_5,,apparatus_trajectory_schematic,record_level_candidate_requires_experiment_check,,,,,,,,,,,,,,,required,automated_text_mining_candidate,inferred_low_confidence,"source page/section(s) 10, 14, 9 | Automated PPS visualization miner found result/figure/model terms; verify against figures, captions, axes, legends, and results text before treating this visualization form as confirmed."
doi:10.1007/s00221-020-05771-5::c,doi:10.1007/s00221-020-05771-5::c::candidate_6,,neural_trace_topography_or_brain_map,record_level_candidate_requires_experiment_check,,,,,,,,,,,,,,,required,automated_text_mining_candidate,inferred_low_confidence,"source page/section(s) supplement, 10 | Automated PPS visualization miner found result/figure/model terms; verify against figures, captions, axes, legends, and results text before treating this visualization form as confirmed."
doi:10.1007/s00221-020-05771-5::c,doi:10.1007/s00221-020-05771-5::c::candidate_7,,model_parameter_or_fit_table,record_level_candidate_requires_experiment_check,,,,,,,,,,,,,,,required,automated_text_mining_candidate,inferred_low_confidence,"source page/section(s) supplement | Automated PPS visualization miner found result/figure/model terms; verify against figures, captions, axes, legends, and results text before treating this visualization form as confirmed."
doi:10.1007/s00221-020-05771-5::d,doi:10.1007/s00221-020-05771-5::d::candidate_1,,rt_by_soa_or_distance_curve,record_level_candidate_requires_experiment_check,,,,,,,,,,,,,,,required,automated_text_mining_candidate,inferred_low_confidence,"source page/section(s) supplement, 14 | Automated PPS visualization miner found result/figure/model terms; verify against figures, captions, axes, legends, and results text before treating this visualization form as confirmed."
doi:10.1007/s00221-020-05771-5::d,doi:10.1007/s00221-020-05771-5::d::candidate_2,,sigmoid_psychometric_fit,record_level_candidate_requires_experiment_check,,,,,,,,,,,,,,,required,automated_text_mining_candidate,inferred_low_confidence,"source page/section(s) supplement | Automated PPS visualization miner found result/figure/model terms; verify against figures, captions, axes, legends, and results text before treating this visualization form as confirmed."
doi:10.1007/s00221-020-05771-5::d,doi:10.1007/s00221-020-05771-5::d::candidate_3,,condition_group_bar_box_summary,record_level_candidate_requires_experiment_check,,,,,,,,,,,,,,,required,automated_text_mining_candidate,inferred_low_confidence,"source page/section(s) 11, 12 | Automated PPS visualization miner found result/figure/model terms; verify against figures, captions, axes, legends, and results text before treating this visualization form as confirmed."
doi:10.1007/s00221-020-05771-5::d,doi:10.1007/s00221-020-05771-5::d::candidate_4,,near_far_or_distance_bin_plot,record_level_candidate_requires_experiment_check,,,,,,,,,,,,,,,required,automated_text_mining_candidate,inferred_low_confidence,"source page/section(s) supplement, 1 | Automated PPS visualization miner found result/figure/model terms; verify against figures, captions, axes, legends, and results text before treating this visualization form as confirmed."
doi:10.1007/s00221-020-05771-5::d,doi:10.1007/s00221-020-05771-5::d::candidate_5,,apparatus_trajectory_schematic,record_level_candidate_requires_experiment_check,,,,,,,,,,,,,,,required,automated_text_mining_candidate,inferred_low_confidence,"source page/section(s) 10, 14, 9 | Automated PPS visualization miner found result/figure/model terms; verify against figures, captions, axes, legends, and results text before treating this visualization form as confirmed."
doi:10.1007/s00221-020-05771-5::d,doi:10.1007/s00221-020-05771-5::d::candidate_6,,neural_trace_topography_or_brain_map,record_level_candidate_requires_experiment_check,,,,,,,,,,,,,,,required,automated_text_mining_candidate,inferred_low_confidence,"source page/section(s) supplement, 10 | Automated PPS visualization miner found result/figure/model terms; verify against figures, captions, axes, legends, and results text before treating this visualization form as confirmed."
doi:10.1007/s00221-020-05771-5::d,doi:10.1007/s00221-020-05771-5::d::candidate_7,,model_parameter_or_fit_table,record_level_candidate_requires_experiment_check,,,,,,,,,,,,,,,required,automated_text_mining_candidate,inferred_low_confidence,"source page/section(s) supplement | Automated PPS visualization miner found result/figure/model terms; verify against figures, captions, axes, legends, and results text before treating this visualization form as confirmed."
doi:10.1007/s00221-024-06782-2,doi:10.1007/s00221-024-06782-2::candidate_1,,rt_by_soa_or_distance_curve,automated_candidate_unverified,,,,,,,,,,,,,,,required,automated_text_mining_candidate,inferred_low_confidence,"source page/section(s) supplement | Automated PPS visualization miner found result/figure/model terms; verify against figures, captions, axes, legends, and results text before treating this visualization form as confirmed."
doi:10.1007/s00221-024-06782-2,doi:10.1007/s00221-024-06782-2::candidate_2,,condition_group_bar_box_summary,automated_candidate_unverified,,,,,,,,,,,,,,,required,automated_text_mining_candidate,inferred_low_confidence,"source page/section(s) supplement | Automated PPS visualization miner found result/figure/model terms; verify against figures, captions, axes, legends, and results text before treating this visualization form as confirmed."
doi:10.1007/s00221-024-06782-2,doi:10.1007/s00221-024-06782-2::candidate_3,,apparatus_trajectory_schematic,automated_candidate_unverified,,,,,,,,,,,,,,,required,automated_text_mining_candidate,inferred_low_confidence,"source page/section(s) supplement | Automated PPS visualization miner found result/figure/model terms; verify against figures, captions, axes, legends, and results text before treating this visualization form as confirmed."
doi:10.1007/s00426-020-01365-6,doi:10.1007/s00426-020-01365-6::review_required,,,no_confirmed_visualization_review,,,,,,,,,,,,,,,required,no_confirmed_panel_review,review_required,"Treat visualization candidates as a triage map. Confirm actual figure forms by inspecting rendered figures/captions and record only short pointers, not figure screenshots or long source text."
doi:10.1007/s10548-021-00826-4,doi:10.1007/s10548-021-00826-4::review_required,,,not_assessed,,,,,,,,,,,,,,,required,not_assessed,not_assessed,"Inspect figures, captions, tables, supplements, axes, model annotations, boundary definitions, facets, and uncertainty displays."
doi:10.1016/j.actpsy.2004.10.017,doi:10.1016/j.actpsy.2004.10.017::review_required,,,not_assessed,,,,,,,,,,,,,,,required,not_assessed,not_assessed,"Inspect figures, captions, tables, supplements, axes, model annotations, boundary definitions, facets, and uncertainty displays."
doi:10.1016/j.actpsy.2011.01.003,doi:10.1016/j.actpsy.2011.01.003::review_required,,,not_assessed,,,,,,,,,,,,,,,required,not_assessed,not_assessed,"Inspect figures, captions, tables, supplements, axes, model annotations, boundary definitions, facets, and uncertainty displays."
doi:10.1016/j.bodyim.2024.101777,doi:10.1016/j.bodyim.2024.101777::review_required,,,no_confirmed_visualization_review,,,,,,,,,,,,,,,required,no_confirmed_panel_review,source_unavailable,"No extracted source text is available; inspect the publication PDF, figures, captions, and supplements manually before closing visualization review."
doi:10.1016/j.cognition.2015.07.012::a,doi:10.1016/j.cognition.2015.07.012::a::candidate_1,,rt_by_soa_or_distance_curve,record_level_candidate_requires_experiment_check,,,,,,,,,,,,,,,required,automated_text_mining_candidate,inferred_low_confidence,"source page/section(s) 4, 3, 5 | Automated PPS visualization miner found result/figure/model terms; verify against figures, captions, axes, legends, and results text before treating this visualization form as confirmed."
doi:10.1016/j.cognition.2015.07.012::a,doi:10.1016/j.cognition.2015.07.012::a::candidate_2,,pps_boundary_or_size_index,record_level_candidate_requires_experiment_check,,,,,,,,,,,,,,,required,automated_text_mining_candidate,inferred_low_confidence,"source page/section(s) 6, 4, 5 | Automated PPS visualization miner found result/figure/model terms; verify against figures, captions, axes, legends, and results text before treating this visualization form as confirmed."
doi:10.1016/j.cognition.2015.07.012::a,doi:10.1016/j.cognition.2015.07.012::a::candidate_3,,condition_group_bar_box_summary,record_level_candidate_requires_experiment_check,,,,,,,,,,,,,,,required,automated_text_mining_candidate,inferred_low_confidence,"source page/section(s) 7 | Automated PPS visualization miner found result/figure/model terms; verify against figures, captions, axes, legends, and results text before treating this visualization form as confirmed."
doi:10.1016/j.cognition.2015.07.012::a,doi:10.1016/j.cognition.2015.07.012::a::candidate_4,,near_far_or_distance_bin_plot,record_level_candidate_requires_experiment_check,,,,,,,,,,,,,,,required,automated_text_mining_candidate,inferred_low_confidence,"source page/section(s) 6, 4, 5 | Automated PPS visualization miner found result/figure/model terms; verify against figures, captions, axes, legends, and results text before treating this visualization form as confirmed."
doi:10.1016/j.cognition.2015.07.012::a,doi:10.1016/j.cognition.2015.07.012::a::candidate_5,,apparatus_trajectory_schematic,record_level_candidate_requires_experiment_check,,,,,,,,,,,,,,,required,automated_text_mining_candidate,inferred_low_confidence,"source page/section(s) 2, 3, 4 | Automated PPS visualization miner found result/figure/model terms; verify against figures, captions, axes, legends, and results text before treating this visualization form as confirmed."
doi:10.1016/j.cognition.2015.07.012::b,doi:10.1016/j.cognition.2015.07.012::b::candidate_1,,rt_by_soa_or_distance_curve,record_level_candidate_requires_experiment_check,,,,,,,,,,,,,,,required,automated_text_mining_candidate,inferred_low_confidence,"source page/section(s) 4, 3, 5 | Automated PPS visualization miner found result/figure/model terms; verify against figures, captions, axes, legends, and results text before treating this visualization form as confirmed."
doi:10.1016/j.cognition.2015.07.012::b,doi:10.1016/j.cognition.2015.07.012::b::candidate_2,,pps_boundary_or_size_index,record_level_candidate_requires_experiment_check,,,,,,,,,,,,,,,required,automated_text_mining_candidate,inferred_low_confidence,"source page/section(s) 6, 4, 5 | Automated PPS visualization miner found result/figure/model terms; verify against figures, captions, axes, legends, and results text before treating this visualization form as confirmed."
doi:10.1016/j.cognition.2015.07.012::b,doi:10.1016/j.cognition.2015.07.012::b::candidate_3,,condition_group_bar_box_summary,record_level_candidate_requires_experiment_check,,,,,,,,,,,,,,,required,automated_text_mining_candidate,inferred_low_confidence,"source page/section(s) 7 | Automated PPS visualization miner found result/figure/model terms; verify against figures, captions, axes, legends, and results text before treating this visualization form as confirmed."
doi:10.1016/j.cognition.2015.07.012::b,doi:10.1016/j.cognition.2015.07.012::b::candidate_4,,near_far_or_distance_bin_plot,record_level_candidate_requires_experiment_check,,,,,,,,,,,,,,,required,automated_text_mining_candidate,inferred_low_confidence,"source page/section(s) 6, 4, 5 | Automated PPS visualization miner found result/figure/model terms; verify against figures, captions, axes, legends, and results text before treating this visualization form as confirmed."
doi:10.1016/j.cognition.2015.07.012::b,doi:10.1016/j.cognition.2015.07.012::b::candidate_5,,apparatus_trajectory_schematic,record_level_candidate_requires_experiment_check,,,,,,,,,,,,,,,required,automated_text_mining_candidate,inferred_low_confidence,"source page/section(s) 2, 3, 4 | Automated PPS visualization miner found result/figure/model terms; verify against figures, captions, axes, legends, and results text before treating this visualization form as confirmed."
doi:10.1016/j.cognition.2015.07.012::c,doi:10.1016/j.cognition.2015.07.012::c::candidate_1,,rt_by_soa_or_distance_curve,record_level_candidate_requires_experiment_check,,,,,,,,,,,,,,,required,automated_text_mining_candidate,inferred_low_confidence,"source page/section(s) 4, 3, 5 | Automated PPS visualization miner found result/figure/model terms; verify against figures, captions, axes, legends, and results text before treating this visualization form as confirmed."
doi:10.1016/j.cognition.2015.07.012::c,doi:10.1016/j.cognition.2015.07.012::c::candidate_2,,pps_boundary_or_size_index,record_level_candidate_requires_experiment_check,,,,,,,,,,,,,,,required,automated_text_mining_candidate,inferred_low_confidence,"source page/section(s) 6, 4, 5 | Automated PPS visualization miner found result/figure/model terms; verify against figures, captions, axes, legends, and results text before treating this visualization form as confirmed."
doi:10.1016/j.cognition.2015.07.012::c,doi:10.1016/j.cognition.2015.07.012::c::candidate_3,,condition_group_bar_box_summary,record_level_candidate_requires_experiment_check,,,,,,,,,,,,,,,required,automated_text_mining_candidate,inferred_low_confidence,"source page/section(s) 7 | Automated PPS visualization miner found result/figure/model terms; verify against figures, captions, axes, legends, and results text before treating this visualization form as confirmed."
doi:10.1016/j.cognition.2015.07.012::c,doi:10.1016/j.cognition.2015.07.012::c::candidate_4,,near_far_or_distance_bin_plot,record_level_candidate_requires_experiment_check,,,,,,,,,,,,,,,required,automated_text_mining_candidate,inferred_low_confidence,"source page/section(s) 6, 4, 5 | Automated PPS visualization miner found result/figure/model terms; verify against figures, captions, axes, legends, and results text before treating this visualization form as confirmed."
doi:10.1016/j.cognition.2015.07.012::c,doi:10.1016/j.cognition.2015.07.012::c::candidate_5,,apparatus_trajectory_schematic,record_level_candidate_requires_experiment_check,,,,,,,,,,,,,,,required,automated_text_mining_candidate,inferred_low_confidence,"source page/section(s) 2, 3, 4 | Automated PPS visualization miner found result/figure/model terms; verify against figures, captions, axes, legends, and results text before treating this visualization form as confirmed."
doi:10.1016/j.cognition.2018.04.001,doi:10.1016/j.cognition.2018.04.001::review_required,,,no_confirmed_visualization_review,,,,,,,,,,,,,,,required,no_confirmed_panel_review,source_unavailable,"No extracted source text is available; inspect the publication PDF, figures, captions, and supplements manually before closing visualization review."
doi:10.1016/j.cortex.2017.08.033,doi:10.1016/j.cortex.2017.08.033::review_required,,,no_confirmed_visualization_review,,,,,,,,,,,,,,,required,no_confirmed_panel_review,source_unavailable,"No extracted source text is available; inspect the publication PDF, figures, captions, and supplements manually before closing visualization review."
doi:10.1016/j.cortex.2020.11.021,doi:10.1016/j.cortex.2020.11.021::candidate_1,,rt_by_soa_or_distance_curve,automated_candidate_unverified,,,,,,,,,,,,,,,required,automated_text_mining_candidate,inferred_low_confidence,"source page/section(s) 16, 6, 12 | Automated PPS visualization miner found result/figure/model terms; verify against figures, captions, axes, legends, and results text before treating this visualization form as confirmed."
doi:10.1016/j.cortex.2020.11.021,doi:10.1016/j.cortex.2020.11.021::candidate_2,,condition_group_bar_box_summary,automated_candidate_unverified,,,,,,,,,,,,,,,required,automated_text_mining_candidate,inferred_low_confidence,"source page/section(s) 13, 3, 5 | Automated PPS visualization miner found result/figure/model terms; verify against figures, captions, axes, legends, and results text before treating this visualization form as confirmed."
doi:10.1016/j.cortex.2020.11.021,doi:10.1016/j.cortex.2020.11.021::candidate_3,,near_far_or_distance_bin_plot,automated_candidate_unverified,,,,,,,,,,,,,,,required,automated_text_mining_candidate,inferred_low_confidence,"source page/section(s) 6, 11, 12 | Automated PPS visualization miner found result/figure/model terms; verify against figures, captions, axes, legends, and results text before treating this visualization form as confirmed."
doi:10.1016/j.cortex.2020.11.021,doi:10.1016/j.cortex.2020.11.021::candidate_4,,apparatus_trajectory_schematic,automated_candidate_unverified,,,,,,,,,,,,,,,required,automated_text_mining_candidate,inferred_low_confidence,"source page/section(s) 5, 6 | Automated PPS visualization miner found result/figure/model terms; verify against figures, captions, axes, legends, and results text before treating this visualization form as confirmed."
doi:10.1016/j.cortex.2020.11.021,doi:10.1016/j.cortex.2020.11.021::candidate_5,,neural_trace_topography_or_brain_map,automated_candidate_unverified,,,,,,,,,,,,,,,required,automated_text_mining_candidate,inferred_low_confidence,"source page/section(s) 21, 1, 9 | Automated PPS visualization miner found result/figure/model terms; verify against figures, captions, axes, legends, and results text before treating this visualization form as confirmed."
doi:10.1016/j.cortex.2020.11.021,doi:10.1016/j.cortex.2020.11.021::candidate_6,,model_parameter_or_fit_table,automated_candidate_unverified,,,,,,,,,,,,,,,required,automated_text_mining_candidate,inferred_low_confidence,"source page/section(s) 7 | Automated PPS visualization miner found result/figure/model terms; verify against figures, captions, axes, legends, and results text before treating this visualization form as confirmed."
doi:10.1016/j.cortex.2021.08.004,doi:10.1016/j.cortex.2021.08.004::review_required,,,no_confirmed_visualization_review,,,,,,,,,,,,,,,required,no_confirmed_panel_review,source_unavailable,"No extracted source text is available; inspect the publication PDF, figures, captions, and supplements manually before closing visualization review."
doi:10.1016/j.cortex.2025.11.015,doi:10.1016/j.cortex.2025.11.015::review_required,,,no_confirmed_visualization_review,,,,,,,,,,,,,,,required,no_confirmed_panel_review,source_unavailable,"No extracted source text is available; inspect the publication PDF, figures, captions, and supplements manually before closing visualization review."
doi:10.1016/j.cub.2013.01.043,doi:10.1016/j.cub.2013.01.043::review_required,,,no_confirmed_visualization_review,,,,,,,,,,,,,,,required,no_confirmed_panel_review,source_unavailable,"No extracted source text is available; inspect the publication PDF, figures, captions, and supplements manually before closing visualization review."
doi:10.1016/j.jneumeth.2019.108534,doi:10.1016/j.jneumeth.2019.108534::review_required,,,no_confirmed_visualization_review,,,,,,,,,,,,,,,required,no_confirmed_panel_review,source_unavailable,"No extracted source text is available; inspect the publication PDF, figures, captions, and supplements manually before closing visualization review."
doi:10.1016/j.neuroimage.2012.06.063,doi:10.1016/j.neuroimage.2012.06.063::review_required,,,no_confirmed_visualization_review,,,,,,,,,,,,,,,required,no_confirmed_panel_review,source_unavailable,"No extracted source text is available; inspect the publication PDF, figures, captions, and supplements manually before closing visualization review."
doi:10.1016/j.neuropsychologia.2006.12.004,doi:10.1016/j.neuropsychologia.2006.12.004::review_required,,,not_assessed,,,,,,,,,,,,,,,required,not_assessed,not_assessed,"Inspect figures, captions, tables, supplements, axes, model annotations, boundary definitions, facets, and uncertainty displays."
doi:10.1016/j.neuropsychologia.2008.07.025,doi:10.1016/j.neuropsychologia.2008.07.025::review_required,,,not_assessed,,,,,,,,,,,,,,,required,not_assessed,not_assessed,"Inspect figures, captions, tables, supplements, axes, model annotations, boundary definitions, facets, and uncertainty displays."
doi:10.1016/j.neuropsychologia.2009.07.025,doi:10.1016/j.neuropsychologia.2009.07.025::review_required,,,no_confirmed_visualization_review,,,,,,,,,,,,,,,required,no_confirmed_panel_review,source_unavailable,"No extracted source text is available; inspect the publication PDF, figures, captions, and supplements manually before closing visualization review."
doi:10.1016/j.neuropsychologia.2009.11.009,doi:10.1016/j.neuropsychologia.2009.11.009::review_required,,,no_confirmed_visualization_review,,,,,,,,,,,,,,,required,no_confirmed_panel_review,source_unavailable,"No extracted source text is available; inspect the publication PDF, figures, captions, and supplements manually before closing visualization review."
doi:10.1016/j.neuropsychologia.2014.08.030::a,doi:10.1016/j.neuropsychologia.2014.08.030::a::review_required,,,no_confirmed_visualization_review,,,,,,,,,,,,,,,required,no_confirmed_panel_review,source_unavailable,"No extracted source text is available; inspect the publication PDF, figures, captions, and supplements manually before closing visualization review."
doi:10.1016/j.neuropsychologia.2014.08.030::b,doi:10.1016/j.neuropsychologia.2014.08.030::b::review_required,,,no_confirmed_visualization_review,,,,,,,,,,,,,,,required,no_confirmed_panel_review,source_unavailable,"No extracted source text is available; inspect the publication PDF, figures, captions, and supplements manually before closing visualization review."
doi:10.1016/j.neuropsychologia.2014.09.043,doi:10.1016/j.neuropsychologia.2014.09.043::review_required,,,no_confirmed_visualization_review,,,,,,,,,,,,,,,required,no_confirmed_panel_review,source_unavailable,"No extracted source text is available; inspect the publication PDF, figures, captions, and supplements manually before closing visualization review."
doi:10.1016/j.neuropsychologia.2014.10.027,doi:10.1016/j.neuropsychologia.2014.10.027::review_required,,,no_confirmed_visualization_review,,,,,,,,,,,,,,,required,no_confirmed_panel_review,source_unavailable,"No extracted source text is available; inspect the publication PDF, figures, captions, and supplements manually before closing visualization review."
doi:10.1016/j.neuropsychologia.2015.03.001::a,doi:10.1016/j.neuropsychologia.2015.03.001::a::review_required,,,no_confirmed_visualization_review,,,,,,,,,,,,,,,required,no_confirmed_panel_review,source_unavailable,"No extracted source text is available; inspect the publication PDF, figures, captions, and supplements manually before closing visualization review."
doi:10.1016/j.neuropsychologia.2015.03.001::b,doi:10.1016/j.neuropsychologia.2015.03.001::b::review_required,,,no_confirmed_visualization_review,,,,,,,,,,,,,,,required,no_confirmed_panel_review,source_unavailable,"No extracted source text is available; inspect the publication PDF, figures, captions, and supplements manually before closing visualization review."
doi:10.1016/j.neuropsychologia.2017.07.018,doi:10.1016/j.neuropsychologia.2017.07.018::review_required,,,no_confirmed_visualization_review,,,,,,,,,,,,,,,required,no_confirmed_panel_review,source_unavailable,"No extracted source text is available; inspect the publication PDF, figures, captions, and supplements manually before closing visualization review."
doi:10.1016/j.neuropsychologia.2020.107579,doi:10.1016/j.neuropsychologia.2020.107579::review_required,,,not_assessed,,,,,,,,,,,,,,,required,not_assessed,not_assessed,"Inspect figures, captions, tables, supplements, axes, model annotations, boundary definitions, facets, and uncertainty displays."
doi:10.1016/j.neuropsychologia.2020.107622,doi:10.1016/j.neuropsychologia.2020.107622::review_required,,,no_confirmed_visualization_review,,,,,,,,,,,,,,,required,no_confirmed_panel_review,source_unavailable,"No extracted source text is available; inspect the publication PDF, figures, captions, and supplements manually before closing visualization review."
doi:10.1016/j.neuropsychologia.2021.107823,doi:10.1016/j.neuropsychologia.2021.107823::review_required,,,not_assessed,,,,,,,,,,,,,,,required,not_assessed,not_assessed,"Inspect figures, captions, tables, supplements, axes, model annotations, boundary definitions, facets, and uncertainty displays."
doi:10.1016/j.neuropsychologia.2026.109490::a,doi:10.1016/j.neuropsychologia.2026.109490::a::review_required,,,no_confirmed_visualization_review,,,,,,,,,,,,,,,required,no_confirmed_panel_review,source_unavailable,"No extracted source text is available; inspect the publication PDF, figures, captions, and supplements manually before closing visualization review."
doi:10.1016/j.neuropsychologia.2026.109490::b,doi:10.1016/j.neuropsychologia.2026.109490::b::review_required,,,no_confirmed_visualization_review,,,,,,,,,,,,,,,required,no_confirmed_panel_review,source_unavailable,"No extracted source text is available; inspect the publication PDF, figures, captions, and supplements manually before closing visualization review."
doi:10.1016/j.neuropsychologia.2026.109490::c,doi:10.1016/j.neuropsychologia.2026.109490::c::review_required,,,no_confirmed_visualization_review,,,,,,,,,,,,,,,required,no_confirmed_panel_review,source_unavailable,"No extracted source text is available; inspect the publication PDF, figures, captions, and supplements manually before closing visualization review."
doi:10.1016/j.neuropsychologia.2026.109490::d,doi:10.1016/j.neuropsychologia.2026.109490::d::review_required,,,no_confirmed_visualization_review,,,,,,,,,,,,,,,required,no_confirmed_panel_review,source_unavailable,"No extracted source text is available; inspect the publication PDF, figures, captions, and supplements manually before closing visualization review."
doi:10.1016/j.nicl.2019.101940::a,doi:10.1016/j.nicl.2019.101940::a::candidate_1,,rt_by_soa_or_distance_curve,record_level_candidate_requires_experiment_check,,,,,,,,,,,,,,,required,automated_text_mining_candidate,inferred_low_confidence,"source page/section(s) 3, 6, 1 | Automated PPS visualization miner found result/figure/model terms; verify against figures, captions, axes, legends, and results text before treating this visualization form as confirmed."
doi:10.1016/j.nicl.2019.101940::a,doi:10.1016/j.nicl.2019.101940::a::candidate_2,,condition_group_bar_box_summary,record_level_candidate_requires_experiment_check,,,,,,,,,,,,,,,required,automated_text_mining_candidate,inferred_low_confidence,"source page/section(s) 12 | Automated PPS visualization miner found result/figure/model terms; verify against figures, captions, axes, legends, and results text before treating this visualization form as confirmed."
doi:10.1016/j.nicl.2019.101940::a,doi:10.1016/j.nicl.2019.101940::a::candidate_3,,near_far_or_distance_bin_plot,record_level_candidate_requires_experiment_check,,,,,,,,,,,,,,,required,automated_text_mining_candidate,inferred_low_confidence,"source page/section(s) 3, 7, 6 | Automated PPS visualization miner found result/figure/model terms; verify against figures, captions, axes, legends, and results text before treating this visualization form as confirmed."
doi:10.1016/j.nicl.2019.101940::a,doi:10.1016/j.nicl.2019.101940::a::candidate_4,,apparatus_trajectory_schematic,record_level_candidate_requires_experiment_check,,,,,,,,,,,,,,,required,automated_text_mining_candidate,inferred_low_confidence,"source page/section(s) 3, 13 | Automated PPS visualization miner found result/figure/model terms; verify against figures, captions, axes, legends, and results text before treating this visualization form as confirmed."
doi:10.1016/j.nicl.2019.101940::a,doi:10.1016/j.nicl.2019.101940::a::candidate_5,,neural_trace_topography_or_brain_map,record_level_candidate_requires_experiment_check,,,,,,,,,,,,,,,required,automated_text_mining_candidate,inferred_low_confidence,"source page/section(s) 5, 13, 6 | Automated PPS visualization miner found result/figure/model terms; verify against figures, captions, axes, legends, and results text before treating this visualization form as confirmed."
doi:10.1016/j.nicl.2019.101940::b,doi:10.1016/j.nicl.2019.101940::b::candidate_1,,rt_by_soa_or_distance_curve,record_level_candidate_requires_experiment_check,,,,,,,,,,,,,,,required,automated_text_mining_candidate,inferred_low_confidence,"source page/section(s) 3, 6, 1 | Automated PPS visualization miner found result/figure/model terms; verify against figures, captions, axes, legends, and results text before treating this visualization form as confirmed."
doi:10.1016/j.nicl.2019.101940::b,doi:10.1016/j.nicl.2019.101940::b::candidate_2,,condition_group_bar_box_summary,record_level_candidate_requires_experiment_check,,,,,,,,,,,,,,,required,automated_text_mining_candidate,inferred_low_confidence,"source page/section(s) 12 | Automated PPS visualization miner found result/figure/model terms; verify against figures, captions, axes, legends, and results text before treating this visualization form as confirmed."
doi:10.1016/j.nicl.2019.101940::b,doi:10.1016/j.nicl.2019.101940::b::candidate_3,,near_far_or_distance_bin_plot,record_level_candidate_requires_experiment_check,,,,,,,,,,,,,,,required,automated_text_mining_candidate,inferred_low_confidence,"source page/section(s) 3, 7, 6 | Automated PPS visualization miner found result/figure/model terms; verify against figures, captions, axes, legends, and results text before treating this visualization form as confirmed."
doi:10.1016/j.nicl.2019.101940::b,doi:10.1016/j.nicl.2019.101940::b::candidate_4,,apparatus_trajectory_schematic,record_level_candidate_requires_experiment_check,,,,,,,,,,,,,,,required,automated_text_mining_candidate,inferred_low_confidence,"source page/section(s) 3, 13 | Automated PPS visualization miner found result/figure/model terms; verify against figures, captions, axes, legends, and results text before treating this visualization form as confirmed."
doi:10.1016/j.nicl.2019.101940::b,doi:10.1016/j.nicl.2019.101940::b::candidate_5,,neural_trace_topography_or_brain_map,record_level_candidate_requires_experiment_check,,,,,,,,,,,,,,,required,automated_text_mining_candidate,inferred_low_confidence,"source page/section(s) 5, 13, 6 | Automated PPS visualization miner found result/figure/model terms; verify against figures, captions, axes, legends, and results text before treating this visualization form as confirmed."
doi:10.1016/j.schres.2021.06.026,doi:10.1016/j.schres.2021.06.026::review_required,,,not_assessed,,,,,,,,,,,,,,,required,not_assessed,not_assessed,"Inspect figures, captions, tables, supplements, axes, model annotations, boundary definitions, facets, and uncertainty displays."
doi:10.1016/j.tics.2016.01.005,doi:10.1016/j.tics.2016.01.005::review_required,,,not_assessed,,,,,,,,,,,,,,,required,not_assessed,not_assessed,"Inspect figures, captions, tables, supplements, axes, model annotations, boundary definitions, facets, and uncertainty displays."
doi:10.1016/j.xcrm.2026.102705::a,doi:10.1016/j.xcrm.2026.102705::a::review_required,,,no_confirmed_visualization_review,,,,,,,,,,,,,,,required,no_confirmed_panel_review,source_unavailable,"No extracted source text is available; inspect the publication PDF, figures, captions, and supplements manually before closing visualization review."
doi:10.1016/j.xcrm.2026.102705::b,doi:10.1016/j.xcrm.2026.102705::b::review_required,,,no_confirmed_visualization_review,,,,,,,,,,,,,,,required,no_confirmed_panel_review,source_unavailable,"No extracted source text is available; inspect the publication PDF, figures, captions, and supplements manually before closing visualization review."
doi:10.1038/s41598-019-45084-4,doi:10.1038/s41598-019-45084-4::candidate_1,,rt_by_soa_or_distance_curve,automated_candidate_unverified,,,,,,,,,,,,,,,required,automated_text_mining_candidate,inferred_low_confidence,"source page/section(s) 8, 1, 2 | Automated PPS visualization miner found result/figure/model terms; verify against figures, captions, axes, legends, and results text before treating this visualization form as confirmed."
doi:10.1038/s41598-019-45084-4,doi:10.1038/s41598-019-45084-4::candidate_2,,pps_boundary_or_size_index,automated_candidate_unverified,,,,,,,,,,,,,,,required,automated_text_mining_candidate,inferred_low_confidence,"source page/section(s) 6 | Automated PPS visualization miner found result/figure/model terms; verify against figures, captions, axes, legends, and results text before treating this visualization form as confirmed."
doi:10.1038/s41598-019-45084-4,doi:10.1038/s41598-019-45084-4::candidate_3,,condition_group_bar_box_summary,automated_candidate_unverified,,,,,,,,,,,,,,,required,automated_text_mining_candidate,inferred_low_confidence,"source page/section(s) 4, 2, 6 | Automated PPS visualization miner found result/figure/model terms; verify against figures, captions, axes, legends, and results text before treating this visualization form as confirmed."
doi:10.1038/s41598-019-45084-4,doi:10.1038/s41598-019-45084-4::candidate_4,,spatial_map_heatmap_or_body_boundary,automated_candidate_unverified,,,,,,,,,,,,,,,required,automated_text_mining_candidate,inferred_low_confidence,"source page/section(s) 10 | Automated PPS visualization miner found result/figure/model terms; verify against figures, captions, axes, legends, and results text before treating this visualization form as confirmed."
doi:10.1038/s41598-019-45084-4,doi:10.1038/s41598-019-45084-4::candidate_5,,near_far_or_distance_bin_plot,automated_candidate_unverified,,,,,,,,,,,,,,,required,automated_text_mining_candidate,inferred_low_confidence,"source page/section(s) 1 | Automated PPS visualization miner found result/figure/model terms; verify against figures, captions, axes, legends, and results text before treating this visualization form as confirmed."
doi:10.1038/s41598-019-45084-4,doi:10.1038/s41598-019-45084-4::candidate_6,,apparatus_trajectory_schematic,automated_candidate_unverified,,,,,,,,,,,,,,,required,automated_text_mining_candidate,inferred_low_confidence,"source page/section(s) 8, 2, 6 | Automated PPS visualization miner found result/figure/model terms; verify against figures, captions, axes, legends, and results text before treating this visualization form as confirmed."
doi:10.1038/s41598-019-45084-4,doi:10.1038/s41598-019-45084-4::candidate_7,,model_parameter_or_fit_table,automated_candidate_unverified,,,,,,,,,,,,,,,required,automated_text_mining_candidate,inferred_low_confidence,"source page/section(s) 9 | Automated PPS visualization miner found result/figure/model terms; verify against figures, captions, axes, legends, and results text before treating this visualization form as confirmed."
doi:10.1038/s41598-019-45224-w,doi:10.1038/s41598-019-45224-w::candidate_1,,rt_by_soa_or_distance_curve,automated_candidate_unverified,,,,,,,,,,,,,,,required,automated_text_mining_candidate,inferred_low_confidence,"source page/section(s) 6, 2, 3 | Automated PPS visualization miner found result/figure/model terms; verify against figures, captions, axes, legends, and results text before treating this visualization form as confirmed."
doi:10.1038/s41598-019-45224-w,doi:10.1038/s41598-019-45224-w::candidate_2,,sigmoid_psychometric_fit,automated_candidate_unverified,,,,,,,,,,,,,,,required,automated_text_mining_candidate,inferred_low_confidence,"source page/section(s) 3 | Automated PPS visualization miner found result/figure/model terms; verify against figures, captions, axes, legends, and results text before treating this visualization form as confirmed."
doi:10.1038/s41598-019-45224-w,doi:10.1038/s41598-019-45224-w::candidate_3,,pps_boundary_or_size_index,automated_candidate_unverified,,,,,,,,,,,,,,,required,automated_text_mining_candidate,inferred_low_confidence,"source page/section(s) 3, 1, 6 | Automated PPS visualization miner found result/figure/model terms; verify against figures, captions, axes, legends, and results text before treating this visualization form as confirmed."
doi:10.1038/s41598-019-45224-w,doi:10.1038/s41598-019-45224-w::candidate_4,,condition_group_bar_box_summary,automated_candidate_unverified,,,,,,,,,,,,,,,required,automated_text_mining_candidate,inferred_low_confidence,"source page/section(s) 2 | Automated PPS visualization miner found result/figure/model terms; verify against figures, captions, axes, legends, and results text before treating this visualization form as confirmed."
doi:10.1038/s41598-019-45224-w,doi:10.1038/s41598-019-45224-w::candidate_5,,near_far_or_distance_bin_plot,automated_candidate_unverified,,,,,,,,,,,,,,,required,automated_text_mining_candidate,inferred_low_confidence,"source page/section(s) 5, 2, 3 | Automated PPS visualization miner found result/figure/model terms; verify against figures, captions, axes, legends, and results text before treating this visualization form as confirmed."
doi:10.1038/s41598-019-45224-w,doi:10.1038/s41598-019-45224-w::candidate_6,,apparatus_trajectory_schematic,automated_candidate_unverified,,,,,,,,,,,,,,,required,automated_text_mining_candidate,inferred_low_confidence,"source page/section(s) 6, 5 | Automated PPS visualization miner found result/figure/model terms; verify against figures, captions, axes, legends, and results text before treating this visualization form as confirmed."
doi:10.1038/s41598-019-45224-w,doi:10.1038/s41598-019-45224-w::candidate_7,,model_parameter_or_fit_table,automated_candidate_unverified,,,,,,,,,,,,,,,required,automated_text_mining_candidate,inferred_low_confidence,"source page/section(s) 2, 3 | Automated PPS visualization miner found result/figure/model terms; verify against figures, captions, axes, legends, and results text before treating this visualization form as confirmed."
doi:10.1038/s41598-020-79767-0,doi:10.1038/s41598-020-79767-0::candidate_1,,rt_by_soa_or_distance_curve,automated_candidate_unverified,,,,,,,,,,,,,,,required,automated_text_mining_candidate,inferred_low_confidence,"source page/section(s) supplement, 8, 7 | Automated PPS visualization miner found result/figure/model terms; verify against figures, captions, axes, legends, and results text before treating this visualization form as confirmed."
doi:10.1038/s41598-020-79767-0,doi:10.1038/s41598-020-79767-0::candidate_2,,condition_group_bar_box_summary,automated_candidate_unverified,,,,,,,,,,,,,,,required,automated_text_mining_candidate,inferred_low_confidence,"source page/section(s) supplement, 5, 6 | Automated PPS visualization miner found result/figure/model terms; verify against figures, captions, axes, legends, and results text before treating this visualization form as confirmed."
doi:10.1038/s41598-020-79767-0,doi:10.1038/s41598-020-79767-0::candidate_3,,spatial_map_heatmap_or_body_boundary,automated_candidate_unverified,,,,,,,,,,,,,,,required,automated_text_mining_candidate,inferred_low_confidence,"source page/section(s) 7 | Automated PPS visualization miner found result/figure/model terms; verify against figures, captions, axes, legends, and results text before treating this visualization form as confirmed."
doi:10.1038/s41598-020-79767-0,doi:10.1038/s41598-020-79767-0::candidate_4,,near_far_or_distance_bin_plot,automated_candidate_unverified,,,,,,,,,,,,,,,required,automated_text_mining_candidate,inferred_low_confidence,"source page/section(s) 1, 2, supplement | Automated PPS visualization miner found result/figure/model terms; verify against figures, captions, axes, legends, and results text before treating this visualization form as confirmed."
doi:10.1038/s41598-020-79767-0,doi:10.1038/s41598-020-79767-0::candidate_5,,apparatus_trajectory_schematic,automated_candidate_unverified,,,,,,,,,,,,,,,required,automated_text_mining_candidate,inferred_low_confidence,"source page/section(s) 4, 2, 3 | Automated PPS visualization miner found result/figure/model terms; verify against figures, captions, axes, legends, and results text before treating this visualization form as confirmed."
doi:10.1038/s41598-020-79767-0,doi:10.1038/s41598-020-79767-0::candidate_6,,neural_trace_topography_or_brain_map,automated_candidate_unverified,,,,,,,,,,,,,,,required,automated_text_mining_candidate,inferred_low_confidence,"source page/section(s) 1 | Automated PPS visualization miner found result/figure/model terms; verify against figures, captions, axes, legends, and results text before treating this visualization form as confirmed."
doi:10.1038/s41598-020-79767-0,doi:10.1038/s41598-020-79767-0::candidate_7,,model_parameter_or_fit_table,automated_candidate_unverified,,,,,,,,,,,,,,,required,automated_text_mining_candidate,inferred_low_confidence,"source page/section(s) supplement, 10 | Automated PPS visualization miner found result/figure/model terms; verify against figures, captions, axes, legends, and results text before treating this visualization form as confirmed."
doi:10.1038/s41598-021-00048-5,doi:10.1038/s41598-021-00048-5::candidate_1,,rt_by_soa_or_distance_curve,automated_candidate_unverified,,,,,,,,,,,,,,,required,automated_text_mining_candidate,inferred_low_confidence,"source page/section(s) 9, 10, 3 | Automated PPS visualization miner found result/figure/model terms; verify against figures, captions, axes, legends, and results text before treating this visualization form as confirmed."
doi:10.1038/s41598-021-00048-5,doi:10.1038/s41598-021-00048-5::candidate_2,,sigmoid_psychometric_fit,automated_candidate_unverified,,,,,,,,,,,,,,,required,automated_text_mining_candidate,inferred_low_confidence,"source page/section(s) 9 | Automated PPS visualization miner found result/figure/model terms; verify against figures, captions, axes, legends, and results text before treating this visualization form as confirmed."
doi:10.1038/s41598-021-00048-5,doi:10.1038/s41598-021-00048-5::candidate_3,,pps_boundary_or_size_index,automated_candidate_unverified,,,,,,,,,,,,,,,required,automated_text_mining_candidate,inferred_low_confidence,"source page/section(s) 9, 7, 8 | Automated PPS visualization miner found result/figure/model terms; verify against figures, captions, axes, legends, and results text before treating this visualization form as confirmed."
doi:10.1038/s41598-021-00048-5,doi:10.1038/s41598-021-00048-5::candidate_4,,condition_group_bar_box_summary,automated_candidate_unverified,,,,,,,,,,,,,,,required,automated_text_mining_candidate,inferred_low_confidence,"source page/section(s) 5 | Automated PPS visualization miner found result/figure/model terms; verify against figures, captions, axes, legends, and results text before treating this visualization form as confirmed."
doi:10.1038/s41598-021-00048-5,doi:10.1038/s41598-021-00048-5::candidate_5,,near_far_or_distance_bin_plot,automated_candidate_unverified,,,,,,,,,,,,,,,required,automated_text_mining_candidate,inferred_low_confidence,"source page/section(s) 7, 8, 9 | Automated PPS visualization miner found result/figure/model terms; verify against figures, captions, axes, legends, and results text before treating this visualization form as confirmed."
doi:10.1038/s41598-021-00048-5,doi:10.1038/s41598-021-00048-5::candidate_6,,apparatus_trajectory_schematic,automated_candidate_unverified,,,,,,,,,,,,,,,required,automated_text_mining_candidate,inferred_low_confidence,"source page/section(s) 10, 9, 2 | Automated PPS visualization miner found result/figure/model terms; verify against figures, captions, axes, legends, and results text before treating this visualization form as confirmed."
doi:10.1038/s41598-021-00048-5,doi:10.1038/s41598-021-00048-5::candidate_7,,neural_trace_topography_or_brain_map,automated_candidate_unverified,,,,,,,,,,,,,,,required,automated_text_mining_candidate,inferred_low_confidence,"source page/section(s) 13, 2, 9 | Automated PPS visualization miner found result/figure/model terms; verify against figures, captions, axes, legends, and results text before treating this visualization form as confirmed."
doi:10.1038/s41598-021-00048-5,doi:10.1038/s41598-021-00048-5::candidate_8,,model_parameter_or_fit_table,automated_candidate_unverified,,,,,,,,,,,,,,,required,automated_text_mining_candidate,inferred_low_confidence,"source page/section(s) 11, 2, 12 | Automated PPS visualization miner found result/figure/model terms; verify against figures, captions, axes, legends, and results text before treating this visualization form as confirmed."
doi:10.1038/s41598-021-90784-5,doi:10.1038/s41598-021-90784-5::candidate_1,,rt_by_soa_or_distance_curve,automated_candidate_unverified,,,,,,,,,,,,,,,required,automated_text_mining_candidate,inferred_low_confidence,"source page/section(s) 7, 2, 5 | Automated PPS visualization miner found result/figure/model terms; verify against figures, captions, axes, legends, and results text before treating this visualization form as confirmed."
doi:10.1038/s41598-021-90784-5,doi:10.1038/s41598-021-90784-5::candidate_2,,sigmoid_psychometric_fit,automated_candidate_unverified,,,,,,,,,,,,,,,required,automated_text_mining_candidate,inferred_low_confidence,"source page/section(s) 5 | Automated PPS visualization miner found result/figure/model terms; verify against figures, captions, axes, legends, and results text before treating this visualization form as confirmed."
doi:10.1038/s41598-021-90784-5,doi:10.1038/s41598-021-90784-5::candidate_3,,pps_boundary_or_size_index,automated_candidate_unverified,,,,,,,,,,,,,,,required,automated_text_mining_candidate,inferred_low_confidence,"source page/section(s) 2 | Automated PPS visualization miner found result/figure/model terms; verify against figures, captions, axes, legends, and results text before treating this visualization form as confirmed."
doi:10.1038/s41598-021-90784-5,doi:10.1038/s41598-021-90784-5::candidate_4,,condition_group_bar_box_summary,automated_candidate_unverified,,,,,,,,,,,,,,,required,automated_text_mining_candidate,inferred_low_confidence,"source page/section(s) 4, 3 | Automated PPS visualization miner found result/figure/model terms; verify against figures, captions, axes, legends, and results text before treating this visualization form as confirmed."
doi:10.1038/s41598-021-90784-5,doi:10.1038/s41598-021-90784-5::candidate_5,,spatial_map_heatmap_or_body_boundary,automated_candidate_unverified,,,,,,,,,,,,,,,required,automated_text_mining_candidate,inferred_low_confidence,"source page/section(s) 2, 5, 6 | Automated PPS visualization miner found result/figure/model terms; verify against figures, captions, axes, legends, and results text before treating this visualization form as confirmed."
doi:10.1038/s41598-021-90784-5,doi:10.1038/s41598-021-90784-5::candidate_6,,near_far_or_distance_bin_plot,automated_candidate_unverified,,,,,,,,,,,,,,,required,automated_text_mining_candidate,inferred_low_confidence,"source page/section(s) 2, 6, 7 | Automated PPS visualization miner found result/figure/model terms; verify against figures, captions, axes, legends, and results text before treating this visualization form as confirmed."
doi:10.1038/s41598-021-90784-5,doi:10.1038/s41598-021-90784-5::candidate_7,,apparatus_trajectory_schematic,automated_candidate_unverified,,,,,,,,,,,,,,,required,automated_text_mining_candidate,inferred_low_confidence,"source page/section(s) 2, 7, 3 | Automated PPS visualization miner found result/figure/model terms; verify against figures, captions, axes, legends, and results text before treating this visualization form as confirmed."
doi:10.1038/s41598-021-90784-5,doi:10.1038/s41598-021-90784-5::candidate_8,,model_parameter_or_fit_table,automated_candidate_unverified,,,,,,,,,,,,,,,required,automated_text_mining_candidate,inferred_low_confidence,"source page/section(s) 5 | Automated PPS visualization miner found result/figure/model terms; verify against figures, captions, axes, legends, and results text before treating this visualization form as confirmed."
doi:10.1038/s41598-022-21469-w,doi:10.1038/s41598-022-21469-w::review_required,,,no_confirmed_visualization_review,,,,,,,,,,,,,,,required,no_confirmed_panel_review,review_required,Adjacent/out-of-scope record; PPS visualization extraction is not required.
doi:10.1038/s41598-026-36796-5::a,doi:10.1038/s41598-026-36796-5::a::candidate_1,,rt_by_soa_or_distance_curve,record_level_candidate_requires_experiment_check,,,,,,,,,,,,,,,required,automated_text_mining_candidate,inferred_low_confidence,"source page/section(s) 5, 7, supplement | Automated PPS visualization miner found result/figure/model terms; verify against figures, captions, axes, legends, and results text before treating this visualization form as confirmed."
doi:10.1038/s41598-026-36796-5::a,doi:10.1038/s41598-026-36796-5::a::candidate_2,,pps_boundary_or_size_index,record_level_candidate_requires_experiment_check,,,,,,,,,,,,,,,required,automated_text_mining_candidate,inferred_low_confidence,"source page/section(s) 10 | Automated PPS visualization miner found result/figure/model terms; verify against figures, captions, axes, legends, and results text before treating this visualization form as confirmed."
doi:10.1038/s41598-026-36796-5::a,doi:10.1038/s41598-026-36796-5::a::candidate_3,,condition_group_bar_box_summary,record_level_candidate_requires_experiment_check,,,,,,,,,,,,,,,required,automated_text_mining_candidate,inferred_low_confidence,"source page/section(s) 7, 8 | Automated PPS visualization miner found result/figure/model terms; verify against figures, captions, axes, legends, and results text before treating this visualization form as confirmed."
doi:10.1038/s41598-026-36796-5::a,doi:10.1038/s41598-026-36796-5::a::candidate_4,,near_far_or_distance_bin_plot,record_level_candidate_requires_experiment_check,,,,,,,,,,,,,,,required,automated_text_mining_candidate,inferred_low_confidence,"source page/section(s) 5, 6, 2 | Automated PPS visualization miner found result/figure/model terms; verify against figures, captions, axes, legends, and results text before treating this visualization form as confirmed."
doi:10.1038/s41598-026-36796-5::a,doi:10.1038/s41598-026-36796-5::a::candidate_5,,apparatus_trajectory_schematic,record_level_candidate_requires_experiment_check,,,,,,,,,,,,,,,required,automated_text_mining_candidate,inferred_low_confidence,"source page/section(s) 3, 10, 4 | Automated PPS visualization miner found result/figure/model terms; verify against figures, captions, axes, legends, and results text before treating this visualization form as confirmed."
doi:10.1038/s41598-026-36796-5::a,doi:10.1038/s41598-026-36796-5::a::candidate_6,,model_parameter_or_fit_table,record_level_candidate_requires_experiment_check,,,,,,,,,,,,,,,required,automated_text_mining_candidate,inferred_low_confidence,"source page/section(s) supplement, 6 | Automated PPS visualization miner found result/figure/model terms; verify against figures, captions, axes, legends, and results text before treating this visualization form as confirmed."
doi:10.1038/s41598-026-36796-5::b,doi:10.1038/s41598-026-36796-5::b::candidate_1,,rt_by_soa_or_distance_curve,record_level_candidate_requires_experiment_check,,,,,,,,,,,,,,,required,automated_text_mining_candidate,inferred_low_confidence,"source page/section(s) 5, 7, supplement | Automated PPS visualization miner found result/figure/model terms; verify against figures, captions, axes, legends, and results text before treating this visualization form as confirmed."
doi:10.1038/s41598-026-36796-5::b,doi:10.1038/s41598-026-36796-5::b::candidate_2,,pps_boundary_or_size_index,record_level_candidate_requires_experiment_check,,,,,,,,,,,,,,,required,automated_text_mining_candidate,inferred_low_confidence,"source page/section(s) 10 | Automated PPS visualization miner found result/figure/model terms; verify against figures, captions, axes, legends, and results text before treating this visualization form as confirmed."
doi:10.1038/s41598-026-36796-5::b,doi:10.1038/s41598-026-36796-5::b::candidate_3,,condition_group_bar_box_summary,record_level_candidate_requires_experiment_check,,,,,,,,,,,,,,,required,automated_text_mining_candidate,inferred_low_confidence,"source page/section(s) 7, 8 | Automated PPS visualization miner found result/figure/model terms; verify against figures, captions, axes, legends, and results text before treating this visualization form as confirmed."
doi:10.1038/s41598-026-36796-5::b,doi:10.1038/s41598-026-36796-5::b::candidate_4,,near_far_or_distance_bin_plot,record_level_candidate_requires_experiment_check,,,,,,,,,,,,,,,required,automated_text_mining_candidate,inferred_low_confidence,"source page/section(s) 5, 6, 2 | Automated PPS visualization miner found result/figure/model terms; verify against figures, captions, axes, legends, and results text before treating this visualization form as confirmed."
doi:10.1038/s41598-026-36796-5::b,doi:10.1038/s41598-026-36796-5::b::candidate_5,,apparatus_trajectory_schematic,record_level_candidate_requires_experiment_check,,,,,,,,,,,,,,,required,automated_text_mining_candidate,inferred_low_confidence,"source page/section(s) 3, 10, 4 | Automated PPS visualization miner found result/figure/model terms; verify against figures, captions, axes, legends, and results text before treating this visualization form as confirmed."
doi:10.1038/s41598-026-36796-5::b,doi:10.1038/s41598-026-36796-5::b::candidate_6,,model_parameter_or_fit_table,record_level_candidate_requires_experiment_check,,,,,,,,,,,,,,,required,automated_text_mining_candidate,inferred_low_confidence,"source page/section(s) supplement, 6 | Automated PPS visualization miner found result/figure/model terms; verify against figures, captions, axes, legends, and results text before treating this visualization form as confirmed."
doi:10.1038/srep02844::a,doi:10.1038/srep02844::a::review_required,,,not_assessed,,,,,,,,,,,,,,,required,not_assessed,not_assessed,"Inspect figures, captions, tables, supplements, axes, model annotations, boundary definitions, facets, and uncertainty displays."
doi:10.1038/srep02844::b,doi:10.1038/srep02844::b::candidate_1,,rt_by_soa_or_distance_curve,record_level_candidate_requires_experiment_check,,,,,,,,,,,,,,,required,automated_text_mining_candidate,inferred_low_confidence,"source page/section(s) 2, 4, 6 | Automated PPS visualization miner found result/figure/model terms; verify against figures, captions, axes, legends, and results text before treating this visualization form as confirmed."
doi:10.1038/srep02844::b,doi:10.1038/srep02844::b::candidate_2,,pps_boundary_or_size_index,record_level_candidate_requires_experiment_check,,,,,,,,,,,,,,,required,automated_text_mining_candidate,inferred_low_confidence,"source page/section(s) 2 | Automated PPS visualization miner found result/figure/model terms; verify against figures, captions, axes, legends, and results text before treating this visualization form as confirmed."
doi:10.1038/srep02844::b,doi:10.1038/srep02844::b::candidate_3,,condition_group_bar_box_summary,record_level_candidate_requires_experiment_check,,,,,,,,,,,,,,,required,automated_text_mining_candidate,inferred_low_confidence,"source page/section(s) 4, 6, 5 | Automated PPS visualization miner found result/figure/model terms; verify against figures, captions, axes, legends, and results text before treating this visualization form as confirmed."
doi:10.1038/srep02844::b,doi:10.1038/srep02844::b::candidate_4,,near_far_or_distance_bin_plot,record_level_candidate_requires_experiment_check,,,,,,,,,,,,,,,required,automated_text_mining_candidate,inferred_low_confidence,"source page/section(s) 4, 3, 7 | Automated PPS visualization miner found result/figure/model terms; verify against figures, captions, axes, legends, and results text before treating this visualization form as confirmed."
doi:10.1038/srep02844::b,doi:10.1038/srep02844::b::candidate_5,,apparatus_trajectory_schematic,record_level_candidate_requires_experiment_check,,,,,,,,,,,,,,,required,automated_text_mining_candidate,inferred_low_confidence,"source page/section(s) 2, 4, 7 | Automated PPS visualization miner found result/figure/model terms; verify against figures, captions, axes, legends, and results text before treating this visualization form as confirmed."
doi:10.1038/srep02844::b,doi:10.1038/srep02844::b::candidate_6,,neural_trace_topography_or_brain_map,record_level_candidate_requires_experiment_check,,,,,,,,,,,,,,,required,automated_text_mining_candidate,inferred_low_confidence,"source page/section(s) 7 | Automated PPS visualization miner found result/figure/model terms; verify against figures, captions, axes, legends, and results text before treating this visualization form as confirmed."
doi:10.1038/srep02844::c,doi:10.1038/srep02844::c::candidate_1,,rt_by_soa_or_distance_curve,record_level_candidate_requires_experiment_check,,,,,,,,,,,,,,,required,automated_text_mining_candidate,inferred_low_confidence,"source page/section(s) 2, 4, 6 | Automated PPS visualization miner found result/figure/model terms; verify against figures, captions, axes, legends, and results text before treating this visualization form as confirmed."
doi:10.1038/srep02844::c,doi:10.1038/srep02844::c::candidate_2,,pps_boundary_or_size_index,record_level_candidate_requires_experiment_check,,,,,,,,,,,,,,,required,automated_text_mining_candidate,inferred_low_confidence,"source page/section(s) 2 | Automated PPS visualization miner found result/figure/model terms; verify against figures, captions, axes, legends, and results text before treating this visualization form as confirmed."
doi:10.1038/srep02844::c,doi:10.1038/srep02844::c::candidate_3,,condition_group_bar_box_summary,record_level_candidate_requires_experiment_check,,,,,,,,,,,,,,,required,automated_text_mining_candidate,inferred_low_confidence,"source page/section(s) 4, 6, 5 | Automated PPS visualization miner found result/figure/model terms; verify against figures, captions, axes, legends, and results text before treating this visualization form as confirmed."
doi:10.1038/srep02844::c,doi:10.1038/srep02844::c::candidate_4,,near_far_or_distance_bin_plot,record_level_candidate_requires_experiment_check,,,,,,,,,,,,,,,required,automated_text_mining_candidate,inferred_low_confidence,"source page/section(s) 4, 3, 7 | Automated PPS visualization miner found result/figure/model terms; verify against figures, captions, axes, legends, and results text before treating this visualization form as confirmed."
doi:10.1038/srep02844::c,doi:10.1038/srep02844::c::candidate_5,,apparatus_trajectory_schematic,record_level_candidate_requires_experiment_check,,,,,,,,,,,,,,,required,automated_text_mining_candidate,inferred_low_confidence,"source page/section(s) 2, 4, 7 | Automated PPS visualization miner found result/figure/model terms; verify against figures, captions, axes, legends, and results text before treating this visualization form as confirmed."
doi:10.1038/srep02844::c,doi:10.1038/srep02844::c::candidate_6,,neural_trace_topography_or_brain_map,record_level_candidate_requires_experiment_check,,,,,,,,,,,,,,,required,automated_text_mining_candidate,inferred_low_confidence,"source page/section(s) 7 | Automated PPS visualization miner found result/figure/model terms; verify against figures, captions, axes, legends, and results text before treating this visualization form as confirmed."
doi:10.1038/srep18603::a,doi:10.1038/srep18603::a::candidate_1,,rt_by_soa_or_distance_curve,automated_candidate_unverified,,,,,,,,,,,,,,,required,automated_text_mining_candidate,inferred_low_confidence,"source page/section(s) 12, 2, 5 | Automated PPS visualization miner found result/figure/model terms; verify against figures, captions, axes, legends, and results text before treating this visualization form as confirmed."
doi:10.1038/srep18603::a,doi:10.1038/srep18603::a::candidate_2,,sigmoid_psychometric_fit,automated_candidate_unverified,,,,,,,,,,,,,,,required,automated_text_mining_candidate,inferred_low_confidence,"source page/section(s) 8, 13 | Automated PPS visualization miner found result/figure/model terms; verify against figures, captions, axes, legends, and results text before treating this visualization form as confirmed."
doi:10.1038/srep18603::a,doi:10.1038/srep18603::a::candidate_3,,pps_boundary_or_size_index,automated_candidate_unverified,,,,,,,,,,,,,,,required,automated_text_mining_candidate,inferred_low_confidence,"source page/section(s) 5, 9, 3 | Automated PPS visualization miner found result/figure/model terms; verify against figures, captions, axes, legends, and results text before treating this visualization form as confirmed."
doi:10.1038/srep18603::a,doi:10.1038/srep18603::a::candidate_4,,spatial_map_heatmap_or_body_boundary,automated_candidate_unverified,,,,,,,,,,,,,,,required,automated_text_mining_candidate,inferred_low_confidence,"source page/section(s) 10, 13, 2 | Automated PPS visualization miner found result/figure/model terms; verify against figures, captions, axes, legends, and results text before treating this visualization form as confirmed."
doi:10.1038/srep18603::a,doi:10.1038/srep18603::a::candidate_5,,near_far_or_distance_bin_plot,automated_candidate_unverified,,,,,,,,,,,,,,,required,automated_text_mining_candidate,inferred_low_confidence,"source page/section(s) 5, 2, 13 | Automated PPS visualization miner found result/figure/model terms; verify against figures, captions, axes, legends, and results text before treating this visualization form as confirmed."
doi:10.1038/srep18603::a,doi:10.1038/srep18603::a::candidate_6,,apparatus_trajectory_schematic,automated_candidate_unverified,,,,,,,,,,,,,,,required,automated_text_mining_candidate,inferred_low_confidence,"source page/section(s) 3, 7, 11 | Automated PPS visualization miner found result/figure/model terms; verify against figures, captions, axes, legends, and results text before treating this visualization form as confirmed."
doi:10.1038/srep18603::b,doi:10.1038/srep18603::b::candidate_1,,rt_by_soa_or_distance_curve,automated_candidate_unverified,,,,,,,,,,,,,,,required,automated_text_mining_candidate,inferred_low_confidence,"source page/section(s) 12, 2, 5 | Automated PPS visualization miner found result/figure/model terms; verify against figures, captions, axes, legends, and results text before treating this visualization form as confirmed."
doi:10.1038/srep18603::b,doi:10.1038/srep18603::b::candidate_2,,sigmoid_psychometric_fit,automated_candidate_unverified,,,,,,,,,,,,,,,required,automated_text_mining_candidate,inferred_low_confidence,"source page/section(s) 8, 13 | Automated PPS visualization miner found result/figure/model terms; verify against figures, captions, axes, legends, and results text before treating this visualization form as confirmed."
doi:10.1038/srep18603::b,doi:10.1038/srep18603::b::candidate_3,,pps_boundary_or_size_index,automated_candidate_unverified,,,,,,,,,,,,,,,required,automated_text_mining_candidate,inferred_low_confidence,"source page/section(s) 5, 9, 3 | Automated PPS visualization miner found result/figure/model terms; verify against figures, captions, axes, legends, and results text before treating this visualization form as confirmed."
doi:10.1038/srep18603::b,doi:10.1038/srep18603::b::candidate_4,,spatial_map_heatmap_or_body_boundary,automated_candidate_unverified,,,,,,,,,,,,,,,required,automated_text_mining_candidate,inferred_low_confidence,"source page/section(s) 10, 13, 2 | Automated PPS visualization miner found result/figure/model terms; verify against figures, captions, axes, legends, and results text before treating this visualization form as confirmed."
doi:10.1038/srep18603::b,doi:10.1038/srep18603::b::candidate_5,,near_far_or_distance_bin_plot,automated_candidate_unverified,,,,,,,,,,,,,,,required,automated_text_mining_candidate,inferred_low_confidence,"source page/section(s) 5, 2, 13 | Automated PPS visualization miner found result/figure/model terms; verify against figures, captions, axes, legends, and results text before treating this visualization form as confirmed."
doi:10.1038/srep18603::b,doi:10.1038/srep18603::b::candidate_6,,apparatus_trajectory_schematic,automated_candidate_unverified,,,,,,,,,,,,,,,required,automated_text_mining_candidate,inferred_low_confidence,"source page/section(s) 3, 7, 11 | Automated PPS visualization miner found result/figure/model terms; verify against figures, captions, axes, legends, and results text before treating this visualization form as confirmed."
doi:10.1038/srep18603::c,doi:10.1038/srep18603::c::candidate_1,,rt_by_soa_or_distance_curve,automated_candidate_unverified,,,,,,,,,,,,,,,required,automated_text_mining_candidate,inferred_low_confidence,"source page/section(s) 12, 2, 5 | Automated PPS visualization miner found result/figure/model terms; verify against figures, captions, axes, legends, and results text before treating this visualization form as confirmed."
doi:10.1038/srep18603::c,doi:10.1038/srep18603::c::candidate_2,,sigmoid_psychometric_fit,automated_candidate_unverified,,,,,,,,,,,,,,,required,automated_text_mining_candidate,inferred_low_confidence,"source page/section(s) 8, 13 | Automated PPS visualization miner found result/figure/model terms; verify against figures, captions, axes, legends, and results text before treating this visualization form as confirmed."
doi:10.1038/srep18603::c,doi:10.1038/srep18603::c::candidate_3,,pps_boundary_or_size_index,automated_candidate_unverified,,,,,,,,,,,,,,,required,automated_text_mining_candidate,inferred_low_confidence,"source page/section(s) 5, 9, 3 | Automated PPS visualization miner found result/figure/model terms; verify against figures, captions, axes, legends, and results text before treating this visualization form as confirmed."
doi:10.1038/srep18603::c,doi:10.1038/srep18603::c::candidate_4,,spatial_map_heatmap_or_body_boundary,automated_candidate_unverified,,,,,,,,,,,,,,,required,automated_text_mining_candidate,inferred_low_confidence,"source page/section(s) 10, 13, 2 | Automated PPS visualization miner found result/figure/model terms; verify against figures, captions, axes, legends, and results text before treating this visualization form as confirmed."
doi:10.1038/srep18603::c,doi:10.1038/srep18603::c::candidate_5,,near_far_or_distance_bin_plot,automated_candidate_unverified,,,,,,,,,,,,,,,required,automated_text_mining_candidate,inferred_low_confidence,"source page/section(s) 5, 2, 13 | Automated PPS visualization miner found result/figure/model terms; verify against figures, captions, axes, legends, and results text before treating this visualization form as confirmed."
doi:10.1038/srep18603::c,doi:10.1038/srep18603::c::candidate_6,,apparatus_trajectory_schematic,automated_candidate_unverified,,,,,,,,,,,,,,,required,automated_text_mining_candidate,inferred_low_confidence,"source page/section(s) 3, 7, 11 | Automated PPS visualization miner found result/figure/model terms; verify against figures, captions, axes, legends, and results text before treating this visualization form as confirmed."
doi:10.1038/srep18603::d,doi:10.1038/srep18603::d::candidate_1,,rt_by_soa_or_distance_curve,record_level_candidate_requires_experiment_check,,,,,,,,,,,,,,,required,automated_text_mining_candidate,inferred_low_confidence,"source page/section(s) 12, 2, 5 | Automated PPS visualization miner found result/figure/model terms; verify against figures, captions, axes, legends, and results text before treating this visualization form as confirmed."
doi:10.1038/srep18603::d,doi:10.1038/srep18603::d::candidate_2,,sigmoid_psychometric_fit,record_level_candidate_requires_experiment_check,,,,,,,,,,,,,,,required,automated_text_mining_candidate,inferred_low_confidence,"source page/section(s) 8, 13 | Automated PPS visualization miner found result/figure/model terms; verify against figures, captions, axes, legends, and results text before treating this visualization form as confirmed."
doi:10.1038/srep18603::d,doi:10.1038/srep18603::d::candidate_3,,pps_boundary_or_size_index,record_level_candidate_requires_experiment_check,,,,,,,,,,,,,,,required,automated_text_mining_candidate,inferred_low_confidence,"source page/section(s) 5, 9, 3 | Automated PPS visualization miner found result/figure/model terms; verify against figures, captions, axes, legends, and results text before treating this visualization form as confirmed."
doi:10.1038/srep18603::d,doi:10.1038/srep18603::d::candidate_4,,spatial_map_heatmap_or_body_boundary,record_level_candidate_requires_experiment_check,,,,,,,,,,,,,,,required,automated_text_mining_candidate,inferred_low_confidence,"source page/section(s) 10, 13, 2 | Automated PPS visualization miner found result/figure/model terms; verify against figures, captions, axes, legends, and results text before treating this visualization form as confirmed."
doi:10.1038/srep18603::d,doi:10.1038/srep18603::d::candidate_5,,near_far_or_distance_bin_plot,record_level_candidate_requires_experiment_check,,,,,,,,,,,,,,,required,automated_text_mining_candidate,inferred_low_confidence,"source page/section(s) 5, 2, 13 | Automated PPS visualization miner found result/figure/model terms; verify against figures, captions, axes, legends, and results text before treating this visualization form as confirmed."
doi:10.1038/srep18603::d,doi:10.1038/srep18603::d::candidate_6,,apparatus_trajectory_schematic,record_level_candidate_requires_experiment_check,,,,,,,,,,,,,,,required,automated_text_mining_candidate,inferred_low_confidence,"source page/section(s) 3, 7, 11 | Automated PPS visualization miner found result/figure/model terms; verify against figures, captions, axes, legends, and results text before treating this visualization form as confirmed."
doi:10.1038/srep18603::e,doi:10.1038/srep18603::e::candidate_1,,rt_by_soa_or_distance_curve,record_level_candidate_requires_experiment_check,,,,,,,,,,,,,,,required,automated_text_mining_candidate,inferred_low_confidence,"source page/section(s) 12, 2, 5 | Automated PPS visualization miner found result/figure/model terms; verify against figures, captions, axes, legends, and results text before treating this visualization form as confirmed."
doi:10.1038/srep18603::e,doi:10.1038/srep18603::e::candidate_2,,sigmoid_psychometric_fit,record_level_candidate_requires_experiment_check,,,,,,,,,,,,,,,required,automated_text_mining_candidate,inferred_low_confidence,"source page/section(s) 8, 13 | Automated PPS visualization miner found result/figure/model terms; verify against figures, captions, axes, legends, and results text before treating this visualization form as confirmed."
doi:10.1038/srep18603::e,doi:10.1038/srep18603::e::candidate_3,,pps_boundary_or_size_index,record_level_candidate_requires_experiment_check,,,,,,,,,,,,,,,required,automated_text_mining_candidate,inferred_low_confidence,"source page/section(s) 5, 9, 3 | Automated PPS visualization miner found result/figure/model terms; verify against figures, captions, axes, legends, and results text before treating this visualization form as confirmed."
doi:10.1038/srep18603::e,doi:10.1038/srep18603::e::candidate_4,,spatial_map_heatmap_or_body_boundary,record_level_candidate_requires_experiment_check,,,,,,,,,,,,,,,required,automated_text_mining_candidate,inferred_low_confidence,"source page/section(s) 10, 13, 2 | Automated PPS visualization miner found result/figure/model terms; verify against figures, captions, axes, legends, and results text before treating this visualization form as confirmed."
doi:10.1038/srep18603::e,doi:10.1038/srep18603::e::candidate_5,,near_far_or_distance_bin_plot,record_level_candidate_requires_experiment_check,,,,,,,,,,,,,,,required,automated_text_mining_candidate,inferred_low_confidence,"source page/section(s) 5, 2, 13 | Automated PPS visualization miner found result/figure/model terms; verify against figures, captions, axes, legends, and results text before treating this visualization form as confirmed."
doi:10.1038/srep18603::e,doi:10.1038/srep18603::e::candidate_6,,apparatus_trajectory_schematic,record_level_candidate_requires_experiment_check,,,,,,,,,,,,,,,required,automated_text_mining_candidate,inferred_low_confidence,"source page/section(s) 3, 7, 11 | Automated PPS visualization miner found result/figure/model terms; verify against figures, captions, axes, legends, and results text before treating this visualization form as confirmed."
doi:10.1038/srep18603::f,doi:10.1038/srep18603::f::candidate_1,,rt_by_soa_or_distance_curve,record_level_candidate_requires_experiment_check,,,,,,,,,,,,,,,required,automated_text_mining_candidate,inferred_low_confidence,"source page/section(s) 12, 2, 5 | Automated PPS visualization miner found result/figure/model terms; verify against figures, captions, axes, legends, and results text before treating this visualization form as confirmed."
doi:10.1038/srep18603::f,doi:10.1038/srep18603::f::candidate_2,,sigmoid_psychometric_fit,record_level_candidate_requires_experiment_check,,,,,,,,,,,,,,,required,automated_text_mining_candidate,inferred_low_confidence,"source page/section(s) 8, 13 | Automated PPS visualization miner found result/figure/model terms; verify against figures, captions, axes, legends, and results text before treating this visualization form as confirmed."
doi:10.1038/srep18603::f,doi:10.1038/srep18603::f::candidate_3,,pps_boundary_or_size_index,record_level_candidate_requires_experiment_check,,,,,,,,,,,,,,,required,automated_text_mining_candidate,inferred_low_confidence,"source page/section(s) 5, 9, 3 | Automated PPS visualization miner found result/figure/model terms; verify against figures, captions, axes, legends, and results text before treating this visualization form as confirmed."
doi:10.1038/srep18603::f,doi:10.1038/srep18603::f::candidate_4,,spatial_map_heatmap_or_body_boundary,record_level_candidate_requires_experiment_check,,,,,,,,,,,,,,,required,automated_text_mining_candidate,inferred_low_confidence,"source page/section(s) 10, 13, 2 | Automated PPS visualization miner found result/figure/model terms; verify against figures, captions, axes, legends, and results text before treating this visualization form as confirmed."
doi:10.1038/srep18603::f,doi:10.1038/srep18603::f::candidate_5,,near_far_or_distance_bin_plot,record_level_candidate_requires_experiment_check,,,,,,,,,,,,,,,required,automated_text_mining_candidate,inferred_low_confidence,"source page/section(s) 5, 2, 13 | Automated PPS visualization miner found result/figure/model terms; verify against figures, captions, axes, legends, and results text before treating this visualization form as confirmed."
doi:10.1038/srep18603::f,doi:10.1038/srep18603::f::candidate_6,,apparatus_trajectory_schematic,record_level_candidate_requires_experiment_check,,,,,,,,,,,,,,,required,automated_text_mining_candidate,inferred_low_confidence,"source page/section(s) 3, 7, 11 | Automated PPS visualization miner found result/figure/model terms; verify against figures, captions, axes, legends, and results text before treating this visualization form as confirmed."
doi:10.1038/srep18603::g,doi:10.1038/srep18603::g::review_required,,,not_assessed,,,,,,,,,,,,,,,required,not_assessed,not_assessed,"Inspect figures, captions, tables, supplements, axes, model annotations, boundary definitions, facets, and uncertainty displays."
doi:10.1073/pnas.2024548118,doi:10.1073/pnas.2024548118::candidate_1,,condition_group_bar_box_summary,automated_candidate_unverified,,,,,,,,,,,,,,,required,automated_text_mining_candidate,inferred_low_confidence,"source page/section(s) 2 | Automated PPS visualization miner found result/figure/model terms; verify against figures, captions, axes, legends, and results text before treating this visualization form as confirmed."
doi:10.1073/pnas.2024548118,doi:10.1073/pnas.2024548118::candidate_2,,near_far_or_distance_bin_plot,automated_candidate_unverified,,,,,,,,,,,,,,,required,automated_text_mining_candidate,inferred_low_confidence,"source page/section(s) 1, 2, 3 | Automated PPS visualization miner found result/figure/model terms; verify against figures, captions, axes, legends, and results text before treating this visualization form as confirmed."
doi:10.1073/pnas.2024548118,doi:10.1073/pnas.2024548118::candidate_3,,apparatus_trajectory_schematic,automated_candidate_unverified,,,,,,,,,,,,,,,required,automated_text_mining_candidate,inferred_low_confidence,"source page/section(s) 3 | Automated PPS visualization miner found result/figure/model terms; verify against figures, captions, axes, legends, and results text before treating this visualization form as confirmed."
doi:10.1073/pnas.2024548118,doi:10.1073/pnas.2024548118::candidate_4,,neural_trace_topography_or_brain_map,automated_candidate_unverified,,,,,,,,,,,,,,,required,automated_text_mining_candidate,inferred_low_confidence,"source page/section(s) 3, 1, 2 | Automated PPS visualization miner found result/figure/model terms; verify against figures, captions, axes, legends, and results text before treating this visualization form as confirmed."
doi:10.1073/pnas.2516229122,doi:10.1073/pnas.2516229122::review_required,,,no_confirmed_visualization_review,,,,,,,,,,,,,,,required,no_confirmed_panel_review,source_unavailable,"No extracted source text is available; inspect the publication PDF, figures, captions, and supplements manually before closing visualization review."
doi:10.1080/17470210903068989,doi:10.1080/17470210903068989::review_required,,,not_assessed,,,,,,,,,,,,,,,required,not_assessed,not_assessed,"Inspect figures, captions, tables, supplements, axes, model annotations, boundary definitions, facets, and uncertainty displays."
doi:10.1093/braincomms/fcac179,doi:10.1093/braincomms/fcac179::review_required,,,not_assessed,,,,,,,,,,,,,,,required,not_assessed,not_assessed,"Inspect figures, captions, tables, supplements, axes, model annotations, boundary definitions, facets, and uncertainty displays."
doi:10.1093/cercor/bhh197,doi:10.1093/cercor/bhh197::review_required,,,not_assessed,,,,,,,,,,,,,,,required,not_assessed,not_assessed,"Inspect figures, captions, tables, supplements, axes, model annotations, boundary definitions, facets, and uncertainty displays."
doi:10.1093/cercor/bhy156,doi:10.1093/cercor/bhy156::candidate_1,,rt_by_soa_or_distance_curve,automated_candidate_unverified,,,,,,,,,,,,,,,required,automated_text_mining_candidate,inferred_low_confidence,"source page/section(s) 8, 4, 3 | Automated PPS visualization miner found result/figure/model terms; verify against figures, captions, axes, legends, and results text before treating this visualization form as confirmed."
doi:10.1093/cercor/bhy156,doi:10.1093/cercor/bhy156::candidate_2,,condition_group_bar_box_summary,automated_candidate_unverified,,,,,,,,,,,,,,,required,automated_text_mining_candidate,inferred_low_confidence,"source page/section(s) 2, 4, 7 | Automated PPS visualization miner found result/figure/model terms; verify against figures, captions, axes, legends, and results text before treating this visualization form as confirmed."
doi:10.1093/cercor/bhy156,doi:10.1093/cercor/bhy156::candidate_3,,spatial_map_heatmap_or_body_boundary,automated_candidate_unverified,,,,,,,,,,,,,,,required,automated_text_mining_candidate,inferred_low_confidence,"source page/section(s) 2 | Automated PPS visualization miner found result/figure/model terms; verify against figures, captions, axes, legends, and results text before treating this visualization form as confirmed."
doi:10.1093/cercor/bhy156,doi:10.1093/cercor/bhy156::candidate_4,,near_far_or_distance_bin_plot,automated_candidate_unverified,,,,,,,,,,,,,,,required,automated_text_mining_candidate,inferred_low_confidence,"source page/section(s) 3, 7, 5 | Automated PPS visualization miner found result/figure/model terms; verify against figures, captions, axes, legends, and results text before treating this visualization form as confirmed."
doi:10.1093/cercor/bhy156,doi:10.1093/cercor/bhy156::candidate_5,,apparatus_trajectory_schematic,automated_candidate_unverified,,,,,,,,,,,,,,,required,automated_text_mining_candidate,inferred_low_confidence,"source page/section(s) 3, 12 | Automated PPS visualization miner found result/figure/model terms; verify against figures, captions, axes, legends, and results text before treating this visualization form as confirmed."
doi:10.1093/cercor/bhy156,doi:10.1093/cercor/bhy156::candidate_6,,neural_trace_topography_or_brain_map,automated_candidate_unverified,,,,,,,,,,,,,,,required,automated_text_mining_candidate,inferred_low_confidence,"source page/section(s) 9, 2, 4 | Automated PPS visualization miner found result/figure/model terms; verify against figures, captions, axes, legends, and results text before treating this visualization form as confirmed."
doi:10.1093/neucas/7.2.97,doi:10.1093/neucas/7.2.97::review_required,,,no_confirmed_visualization_review,,,,,,,,,,,,,,,required,no_confirmed_panel_review,source_unavailable,"No extracted source text is available; inspect the publication PDF, figures, captions, and supplements manually before closing visualization review."
doi:10.1093/oso/9780198851738.003.0005,doi:10.1093/oso/9780198851738.003.0005::review_required,,,not_assessed,,,,,,,,,,,,,,,required,not_assessed,not_assessed,"Inspect figures, captions, tables, supplements, axes, model annotations, boundary definitions, facets, and uncertainty displays."
doi:10.1093/schbul/sbac067,doi:10.1093/schbul/sbac067::review_required,,,no_confirmed_visualization_review,,,,,,,,,,,,,,,required,no_confirmed_panel_review,source_unavailable,"No extracted source text is available; inspect the publication PDF, figures, captions, and supplements manually before closing visualization review."
doi:10.1098/rsos.181878,doi:10.1098/rsos.181878::review_required,,,no_confirmed_visualization_review,,,,,,,,,,,,,,,required,no_confirmed_panel_review,source_unavailable,"No extracted source text is available; inspect the publication PDF, figures, captions, and supplements manually before closing visualization review."
doi:10.1101/2024.10.25.619776,doi:10.1101/2024.10.25.619776::review_required,,,not_assessed,,,,,,,,,,,,,,,required,not_assessed,not_assessed,"Inspect figures, captions, tables, supplements, axes, model annotations, boundary definitions, facets, and uncertainty displays."
doi:10.1101/2025.06.25.660685,doi:10.1101/2025.06.25.660685::review_required,,,not_assessed,,,,,,,,,,,,,,,required,not_assessed,not_assessed,"Inspect figures, captions, tables, supplements, axes, model annotations, boundary definitions, facets, and uncertainty displays."
doi:10.1101/2025.09.02.673729,doi:10.1101/2025.09.02.673729::review_required,,,not_assessed,,,,,,,,,,,,,,,required,not_assessed,not_assessed,"Inspect figures, captions, tables, supplements, axes, model annotations, boundary definitions, facets, and uncertainty displays."
doi:10.1101/249078,doi:10.1101/249078::review_required,,,not_assessed,,,,,,,,,,,,,,,required,not_assessed,not_assessed,"Inspect figures, captions, tables, supplements, axes, model annotations, boundary definitions, facets, and uncertainty displays."
doi:10.1101/492017,doi:10.1101/492017::review_required,,,not_assessed,,,,,,,,,,,,,,,required,not_assessed,not_assessed,"Inspect figures, captions, tables, supplements, axes, model annotations, boundary definitions, facets, and uncertainty displays."
doi:10.1109/whc.2017.7989970,doi:10.1109/whc.2017.7989970::review_required,,,no_confirmed_visualization_review,,,,,,,,,,,,,,,required,no_confirmed_panel_review,source_unavailable,"No extracted source text is available; inspect the publication PDF, figures, captions, and supplements manually before closing visualization review."
doi:10.1111/ejn.13872::a,doi:10.1111/ejn.13872::a::review_required,,,no_confirmed_visualization_review,,,,,,,,,,,,,,,required,no_confirmed_panel_review,source_unavailable,"No extracted source text is available; inspect the publication PDF, figures, captions, and supplements manually before closing visualization review."
doi:10.1111/ejn.13872::b,doi:10.1111/ejn.13872::b::review_required,,,no_confirmed_visualization_review,,,,,,,,,,,,,,,required,no_confirmed_panel_review,source_unavailable,"No extracted source text is available; inspect the publication PDF, figures, captions, and supplements manually before closing visualization review."
doi:10.1111/ejn.13872::c,doi:10.1111/ejn.13872::c::review_required,,,no_confirmed_visualization_review,,,,,,,,,,,,,,,required,no_confirmed_panel_review,source_unavailable,"No extracted source text is available; inspect the publication PDF, figures, captions, and supplements manually before closing visualization review."
doi:10.1111/j.1460-9568.2010.07210.x,doi:10.1111/j.1460-9568.2010.07210.x::review_required,,,not_assessed,,,,,,,,,,,,,,,required,not_assessed,not_assessed,"Inspect figures, captions, tables, supplements, axes, model annotations, boundary definitions, facets, and uncertainty displays."
doi:10.1111/j.1467-9280.2007.01952.x,doi:10.1111/j.1467-9280.2007.01952.x::review_required,,,no_confirmed_visualization_review,,,,,,,,,,,,,,,required,no_confirmed_panel_review,source_unavailable,"No extracted source text is available; inspect the publication PDF, figures, captions, and supplements manually before closing visualization review."
doi:10.1152/jn.00652.2017,doi:10.1152/jn.00652.2017::candidate_1,,rt_by_soa_or_distance_curve,automated_candidate_unverified,,,,,,,,,,,,,,,required,automated_text_mining_candidate,inferred_low_confidence,"source page/section(s) 3, 15, 13 | Automated PPS visualization miner found result/figure/model terms; verify against figures, captions, axes, legends, and results text before treating this visualization form as confirmed."
doi:10.1152/jn.00652.2017,doi:10.1152/jn.00652.2017::candidate_2,,sigmoid_psychometric_fit,automated_candidate_unverified,,,,,,,,,,,,,,,required,automated_text_mining_candidate,inferred_low_confidence,"source page/section(s) 3, 11, 13 | Automated PPS visualization miner found result/figure/model terms; verify against figures, captions, axes, legends, and results text before treating this visualization form as confirmed."
doi:10.1152/jn.00652.2017,doi:10.1152/jn.00652.2017::candidate_3,,pps_boundary_or_size_index,automated_candidate_unverified,,,,,,,,,,,,,,,required,automated_text_mining_candidate,inferred_low_confidence,"source page/section(s) 3, 24, 25 | Automated PPS visualization miner found result/figure/model terms; verify against figures, captions, axes, legends, and results text before treating this visualization form as confirmed."
doi:10.1152/jn.00652.2017,doi:10.1152/jn.00652.2017::candidate_4,,condition_group_bar_box_summary,automated_candidate_unverified,,,,,,,,,,,,,,,required,automated_text_mining_candidate,inferred_low_confidence,"source page/section(s) 11, 21, 22 | Automated PPS visualization miner found result/figure/model terms; verify against figures, captions, axes, legends, and results text before treating this visualization form as confirmed."
doi:10.1152/jn.00652.2017,doi:10.1152/jn.00652.2017::candidate_5,,spatial_map_heatmap_or_body_boundary,automated_candidate_unverified,,,,,,,,,,,,,,,required,automated_text_mining_candidate,inferred_low_confidence,"source page/section(s) 1, 5, 9 | Automated PPS visualization miner found result/figure/model terms; verify against figures, captions, axes, legends, and results text before treating this visualization form as confirmed."
doi:10.1152/jn.00652.2017,doi:10.1152/jn.00652.2017::candidate_6,,near_far_or_distance_bin_plot,automated_candidate_unverified,,,,,,,,,,,,,,,required,automated_text_mining_candidate,inferred_low_confidence,"source page/section(s) 3, 13, 1 | Automated PPS visualization miner found result/figure/model terms; verify against figures, captions, axes, legends, and results text before treating this visualization form as confirmed."
doi:10.1152/jn.00652.2017,doi:10.1152/jn.00652.2017::candidate_7,,apparatus_trajectory_schematic,automated_candidate_unverified,,,,,,,,,,,,,,,required,automated_text_mining_candidate,inferred_low_confidence,"source page/section(s) 3, 6, 22 | Automated PPS visualization miner found result/figure/model terms; verify against figures, captions, axes, legends, and results text before treating this visualization form as confirmed."
doi:10.1152/jn.00652.2017,doi:10.1152/jn.00652.2017::candidate_8,,neural_trace_topography_or_brain_map,automated_candidate_unverified,,,,,,,,,,,,,,,required,automated_text_mining_candidate,inferred_low_confidence,"source page/section(s) 26, 10, 22 | Automated PPS visualization miner found result/figure/model terms; verify against figures, captions, axes, legends, and results text before treating this visualization form as confirmed."
doi:10.1152/jn.00652.2017,doi:10.1152/jn.00652.2017::candidate_9,,model_parameter_or_fit_table,automated_candidate_unverified,,,,,,,,,,,,,,,required,automated_text_mining_candidate,inferred_low_confidence,"source page/section(s) 6, 11, 20 | Automated PPS visualization miner found result/figure/model terms; verify against figures, captions, axes, legends, and results text before treating this visualization form as confirmed."
doi:10.1162/089892902320474481::a,doi:10.1162/089892902320474481::a::review_required,,,no_confirmed_visualization_review,,,,,,,,,,,,,,,required,no_confirmed_panel_review,source_unavailable,"No extracted source text is available; inspect the publication PDF, figures, captions, and supplements manually before closing visualization review."
doi:10.1162/089892902320474481::b,doi:10.1162/089892902320474481::b::review_required,,,no_confirmed_visualization_review,,,,,,,,,,,,,,,required,no_confirmed_panel_review,source_unavailable,"No extracted source text is available; inspect the publication PDF, figures, captions, and supplements manually before closing visualization review."
doi:10.1162/jocn_a_00006,doi:10.1162/jocn_a_00006::review_required,,,no_confirmed_visualization_review,,,,,,,,,,,,,,,required,no_confirmed_panel_review,source_unavailable,"No extracted source text is available; inspect the publication PDF, figures, captions, and supplements manually before closing visualization review."
doi:10.1163/22134808-000s0136,doi:10.1163/22134808-000s0136::review_required,,,not_assessed,,,,,,,,,,,,,,,required,not_assessed,not_assessed,"Inspect figures, captions, tables, supplements, axes, model annotations, boundary definitions, facets, and uncertainty displays."
doi:10.1177/0956797619869337,doi:10.1177/0956797619869337::review_required,,,no_confirmed_visualization_review,,,,,,,,,,,,,,,required,no_confirmed_panel_review,source_unavailable,"No extracted source text is available; inspect the publication PDF, figures, captions, and supplements manually before closing visualization review."
doi:10.1177/1362361319838950,doi:10.1177/1362361319838950::review_required,,,no_confirmed_visualization_review,,,,,,,,,,,,,,,required,no_confirmed_panel_review,source_unavailable,"No extracted source text is available; inspect the publication PDF, figures, captions, and supplements manually before closing visualization review."
doi:10.1177/17470218241261645,doi:10.1177/17470218241261645::review_required,,,no_confirmed_visualization_review,,,,,,,,,,,,,,,required,no_confirmed_panel_review,source_unavailable,"No extracted source text is available; inspect the publication PDF, figures, captions, and supplements manually before closing visualization review."
doi:10.1250/ast.41.345,doi:10.1250/ast.41.345::review_required,,,not_assessed,,,,,,,,,,,,,,,required,not_assessed,not_assessed,"Inspect figures, captions, tables, supplements, axes, model annotations, boundary definitions, facets, and uncertainty displays."
doi:10.1371/journal.pone.0006582,doi:10.1371/journal.pone.0006582::review_required,,,no_confirmed_visualization_review,,,,,,,,,,,,,,,required,no_confirmed_panel_review,source_unavailable,"No extracted source text is available; inspect the publication PDF, figures, captions, and supplements manually before closing visualization review."
doi:10.1371/journal.pone.0044306,doi:10.1371/journal.pone.0044306::candidate_1,,rt_by_soa_or_distance_curve,automated_candidate_unverified,,,,,,,,,,,,,,,required,automated_text_mining_candidate,inferred_low_confidence,"source page/section(s) 5, 3, 4 | Automated PPS visualization miner found result/figure/model terms; verify against figures, captions, axes, legends, and results text before treating this visualization form as confirmed."
doi:10.1371/journal.pone.0044306,doi:10.1371/journal.pone.0044306::candidate_2,,sigmoid_psychometric_fit,automated_candidate_unverified,,,,,,,,,,,,,,,required,automated_text_mining_candidate,inferred_low_confidence,"source page/section(s) 5, 6 | Automated PPS visualization miner found result/figure/model terms; verify against figures, captions, axes, legends, and results text before treating this visualization form as confirmed."
doi:10.1371/journal.pone.0044306,doi:10.1371/journal.pone.0044306::candidate_3,,pps_boundary_or_size_index,automated_candidate_unverified,,,,,,,,,,,,,,,required,automated_text_mining_candidate,inferred_low_confidence,"source page/section(s) 2, 5 | Automated PPS visualization miner found result/figure/model terms; verify against figures, captions, axes, legends, and results text before treating this visualization form as confirmed."
doi:10.1371/journal.pone.0044306,doi:10.1371/journal.pone.0044306::candidate_4,,condition_group_bar_box_summary,automated_candidate_unverified,,,,,,,,,,,,,,,required,automated_text_mining_candidate,inferred_low_confidence,"source page/section(s) 2, 7 | Automated PPS visualization miner found result/figure/model terms; verify against figures, captions, axes, legends, and results text before treating this visualization form as confirmed."
doi:10.1371/journal.pone.0044306,doi:10.1371/journal.pone.0044306::candidate_5,,near_far_or_distance_bin_plot,automated_candidate_unverified,,,,,,,,,,,,,,,required,automated_text_mining_candidate,inferred_low_confidence,"source page/section(s) 2, 6 | Automated PPS visualization miner found result/figure/model terms; verify against figures, captions, axes, legends, and results text before treating this visualization form as confirmed."
doi:10.1371/journal.pone.0044306,doi:10.1371/journal.pone.0044306::candidate_6,,apparatus_trajectory_schematic,automated_candidate_unverified,,,,,,,,,,,,,,,required,automated_text_mining_candidate,inferred_low_confidence,"source page/section(s) 2, 4, 3 | Automated PPS visualization miner found result/figure/model terms; verify against figures, captions, axes, legends, and results text before treating this visualization form as confirmed."
doi:10.1371/journal.pone.0044306,doi:10.1371/journal.pone.0044306::candidate_7,,neural_trace_topography_or_brain_map,automated_candidate_unverified,,,,,,,,,,,,,,,required,automated_text_mining_candidate,inferred_low_confidence,"source page/section(s) 2, 8 | Automated PPS visualization miner found result/figure/model terms; verify against figures, captions, axes, legends, and results text before treating this visualization form as confirmed."
doi:10.1371/journal.pone.0044306,doi:10.1371/journal.pone.0044306::candidate_8,,model_parameter_or_fit_table,automated_candidate_unverified,,,,,,,,,,,,,,,required,automated_text_mining_candidate,inferred_low_confidence,"source page/section(s) 5, 6 | Automated PPS visualization miner found result/figure/model terms; verify against figures, captions, axes, legends, and results text before treating this visualization form as confirmed."
doi:10.1523/jneurosci.1696-15.2015,doi:10.1523/jneurosci.1696-15.2015::candidate_1,,rt_by_soa_or_distance_curve,automated_candidate_unverified,,,,,,,,,,,,,,,required,automated_text_mining_candidate,inferred_low_confidence,"source page/section(s) 4, 7, 3 | Automated PPS visualization miner found result/figure/model terms; verify against figures, captions, axes, legends, and results text before treating this visualization form as confirmed."
doi:10.1523/jneurosci.1696-15.2015,doi:10.1523/jneurosci.1696-15.2015::candidate_2,,sigmoid_psychometric_fit,automated_candidate_unverified,,,,,,,,,,,,,,,required,automated_text_mining_candidate,inferred_low_confidence,"source page/section(s) 6, 2, 3 | Automated PPS visualization miner found result/figure/model terms; verify against figures, captions, axes, legends, and results text before treating this visualization form as confirmed."
doi:10.1523/jneurosci.1696-15.2015,doi:10.1523/jneurosci.1696-15.2015::candidate_3,,pps_boundary_or_size_index,automated_candidate_unverified,,,,,,,,,,,,,,,required,automated_text_mining_candidate,inferred_low_confidence,"source page/section(s) 2, 8, 9 | Automated PPS visualization miner found result/figure/model terms; verify against figures, captions, axes, legends, and results text before treating this visualization form as confirmed."
doi:10.1523/jneurosci.1696-15.2015,doi:10.1523/jneurosci.1696-15.2015::candidate_4,,near_far_or_distance_bin_plot,automated_candidate_unverified,,,,,,,,,,,,,,,required,automated_text_mining_candidate,inferred_low_confidence,"source page/section(s) 6, 4, 9 | Automated PPS visualization miner found result/figure/model terms; verify against figures, captions, axes, legends, and results text before treating this visualization form as confirmed."
doi:10.1523/jneurosci.1696-15.2015,doi:10.1523/jneurosci.1696-15.2015::candidate_5,,apparatus_trajectory_schematic,automated_candidate_unverified,,,,,,,,,,,,,,,required,automated_text_mining_candidate,inferred_low_confidence,"source page/section(s) 2, 7, 4 | Automated PPS visualization miner found result/figure/model terms; verify against figures, captions, axes, legends, and results text before treating this visualization form as confirmed."
doi:10.1523/jneurosci.1696-15.2015,doi:10.1523/jneurosci.1696-15.2015::candidate_6,,neural_trace_topography_or_brain_map,automated_candidate_unverified,,,,,,,,,,,,,,,required,automated_text_mining_candidate,inferred_low_confidence,"source page/section(s) 2, 7, 11 | Automated PPS visualization miner found result/figure/model terms; verify against figures, captions, axes, legends, and results text before treating this visualization form as confirmed."
doi:10.1523/jneurosci.1696-15.2015,doi:10.1523/jneurosci.1696-15.2015::candidate_7,,model_parameter_or_fit_table,automated_candidate_unverified,,,,,,,,,,,,,,,required,automated_text_mining_candidate,inferred_low_confidence,"source page/section(s) 3, 5, 6 | Automated PPS visualization miner found result/figure/model terms; verify against figures, captions, axes, legends, and results text before treating this visualization form as confirmed."
doi:10.17605/osf.io/73x59,doi:10.17605/osf.io/73x59::review_required,,,not_assessed,,,,,,,,,,,,,,,required,not_assessed,not_assessed,"Inspect figures, captions, tables, supplements, axes, model annotations, boundary definitions, facets, and uncertainty displays."
doi:10.31234/osf.io/etvb6_v1,doi:10.31234/osf.io/etvb6_v1::review_required,,,not_assessed,,,,,,,,,,,,,,,required,not_assessed,not_assessed,"Inspect figures, captions, tables, supplements, axes, model annotations, boundary definitions, facets, and uncertainty displays."
doi:10.31234/osf.io/t8h6a,doi:10.31234/osf.io/t8h6a::review_required,,,not_assessed,,,,,,,,,,,,,,,required,not_assessed,not_assessed,"Inspect figures, captions, tables, supplements, axes, model annotations, boundary definitions, facets, and uncertainty displays."
doi:10.3233/rnn-120286,doi:10.3233/rnn-120286::review_required,,,no_confirmed_visualization_review,,,,,,,,,,,,,,,required,no_confirmed_panel_review,source_unavailable,"No extracted source text is available; inspect the publication PDF, figures, captions, and supplements manually before closing visualization review."
doi:10.3389/fict.2017.00031::a,doi:10.3389/fict.2017.00031::a::review_required,,,not_assessed,,,,,,,,,,,,,,,required,not_assessed,not_assessed,"Inspect figures, captions, tables, supplements, axes, model annotations, boundary definitions, facets, and uncertainty displays."
doi:10.3389/fict.2017.00031::b,doi:10.3389/fict.2017.00031::b::candidate_1,,rt_by_soa_or_distance_curve,record_level_candidate_requires_experiment_check,,,,,,,,,,,,,,,required,automated_text_mining_candidate,inferred_low_confidence,"source page/section(s) 7, 8, 5 | Automated PPS visualization miner found result/figure/model terms; verify against figures, captions, axes, legends, and results text before treating this visualization form as confirmed."
doi:10.3389/fict.2017.00031::b,doi:10.3389/fict.2017.00031::b::candidate_2,,sigmoid_psychometric_fit,record_level_candidate_requires_experiment_check,,,,,,,,,,,,,,,required,automated_text_mining_candidate,inferred_low_confidence,"source page/section(s) 7, 6, 8 | Automated PPS visualization miner found result/figure/model terms; verify against figures, captions, axes, legends, and results text before treating this visualization form as confirmed."
doi:10.3389/fict.2017.00031::b,doi:10.3389/fict.2017.00031::b::candidate_3,,pps_boundary_or_size_index,record_level_candidate_requires_experiment_check,,,,,,,,,,,,,,,required,automated_text_mining_candidate,inferred_low_confidence,"source page/section(s) 9, 6, 7 | Automated PPS visualization miner found result/figure/model terms; verify against figures, captions, axes, legends, and results text before treating this visualization form as confirmed."
doi:10.3389/fict.2017.00031::b,doi:10.3389/fict.2017.00031::b::candidate_4,,condition_group_bar_box_summary,record_level_candidate_requires_experiment_check,,,,,,,,,,,,,,,required,automated_text_mining_candidate,inferred_low_confidence,"source page/section(s) 9, 7, 8 | Automated PPS visualization miner found result/figure/model terms; verify against figures, captions, axes, legends, and results text before treating this visualization form as confirmed."
doi:10.3389/fict.2017.00031::b,doi:10.3389/fict.2017.00031::b::candidate_5,,near_far_or_distance_bin_plot,record_level_candidate_requires_experiment_check,,,,,,,,,,,,,,,required,automated_text_mining_candidate,inferred_low_confidence,"source page/section(s) 7, 9, 5 | Automated PPS visualization miner found result/figure/model terms; verify against figures, captions, axes, legends, and results text before treating this visualization form as confirmed."
doi:10.3389/fict.2017.00031::b,doi:10.3389/fict.2017.00031::b::candidate_6,,apparatus_trajectory_schematic,record_level_candidate_requires_experiment_check,,,,,,,,,,,,,,,required,automated_text_mining_candidate,inferred_low_confidence,"source page/section(s) 5, 4, 3 | Automated PPS visualization miner found result/figure/model terms; verify against figures, captions, axes, legends, and results text before treating this visualization form as confirmed."
doi:10.3389/fict.2017.00031::b,doi:10.3389/fict.2017.00031::b::candidate_7,,model_parameter_or_fit_table,record_level_candidate_requires_experiment_check,,,,,,,,,,,,,,,required,automated_text_mining_candidate,inferred_low_confidence,"source page/section(s) 7 | Automated PPS visualization miner found result/figure/model terms; verify against figures, captions, axes, legends, and results text before treating this visualization form as confirmed."
doi:10.3389/fnbeh.2015.00004,doi:10.3389/fnbeh.2015.00004::candidate_1,,rt_by_soa_or_distance_curve,automated_candidate_unverified,,,,,,,,,,,,,,,required,automated_text_mining_candidate,inferred_low_confidence,"source page/section(s) 9, 2, 6 | Automated PPS visualization miner found result/figure/model terms; verify against figures, captions, axes, legends, and results text before treating this visualization form as confirmed."
doi:10.3389/fnbeh.2015.00004,doi:10.3389/fnbeh.2015.00004::candidate_2,,sigmoid_psychometric_fit,automated_candidate_unverified,,,,,,,,,,,,,,,required,automated_text_mining_candidate,inferred_low_confidence,"source page/section(s) 11, 6 | Automated PPS visualization miner found result/figure/model terms; verify against figures, captions, axes, legends, and results text before treating this visualization form as confirmed."
doi:10.3389/fnbeh.2015.00004,doi:10.3389/fnbeh.2015.00004::candidate_3,,pps_boundary_or_size_index,automated_candidate_unverified,,,,,,,,,,,,,,,required,automated_text_mining_candidate,inferred_low_confidence,"source page/section(s) 12, 6 | Automated PPS visualization miner found result/figure/model terms; verify against figures, captions, axes, legends, and results text before treating this visualization form as confirmed."
doi:10.3389/fnbeh.2015.00004,doi:10.3389/fnbeh.2015.00004::candidate_4,,condition_group_bar_box_summary,automated_candidate_unverified,,,,,,,,,,,,,,,required,automated_text_mining_candidate,inferred_low_confidence,"source page/section(s) 10, 5, 7 | Automated PPS visualization miner found result/figure/model terms; verify against figures, captions, axes, legends, and results text before treating this visualization form as confirmed."
doi:10.3389/fnbeh.2015.00004,doi:10.3389/fnbeh.2015.00004::candidate_5,,near_far_or_distance_bin_plot,automated_candidate_unverified,,,,,,,,,,,,,,,required,automated_text_mining_candidate,inferred_low_confidence,"source page/section(s) 10, 9, 11 | Automated PPS visualization miner found result/figure/model terms; verify against figures, captions, axes, legends, and results text before treating this visualization form as confirmed."
doi:10.3389/fnbeh.2015.00004,doi:10.3389/fnbeh.2015.00004::candidate_6,,apparatus_trajectory_schematic,automated_candidate_unverified,,,,,,,,,,,,,,,required,automated_text_mining_candidate,inferred_low_confidence,"source page/section(s) 8, 9, 10 | Automated PPS visualization miner found result/figure/model terms; verify against figures, captions, axes, legends, and results text before treating this visualization form as confirmed."
doi:10.3389/fnbeh.2015.00004,doi:10.3389/fnbeh.2015.00004::candidate_7,,neural_trace_topography_or_brain_map,automated_candidate_unverified,,,,,,,,,,,,,,,required,automated_text_mining_candidate,inferred_low_confidence,"source page/section(s) 13 | Automated PPS visualization miner found result/figure/model terms; verify against figures, captions, axes, legends, and results text before treating this visualization form as confirmed."
doi:10.3389/fpsyg.2011.00077,doi:10.3389/fpsyg.2011.00077::review_required,,,not_assessed,,,,,,,,,,,,,,,required,not_assessed,not_assessed,"Inspect figures, captions, tables, supplements, axes, model annotations, boundary definitions, facets, and uncertainty displays."
doi:10.3389/fpsyg.2015.00639::a,doi:10.3389/fpsyg.2015.00639::a::candidate_1,,rt_by_soa_or_distance_curve,record_level_candidate_requires_experiment_check,,,,,,,,,,,,,,,required,automated_text_mining_candidate,inferred_low_confidence,"source page/section(s) 5, 3, 6 | Automated PPS visualization miner found result/figure/model terms; verify against figures, captions, axes, legends, and results text before treating this visualization form as confirmed."
doi:10.3389/fpsyg.2015.00639::a,doi:10.3389/fpsyg.2015.00639::a::candidate_2,,pps_boundary_or_size_index,record_level_candidate_requires_experiment_check,,,,,,,,,,,,,,,required,automated_text_mining_candidate,inferred_low_confidence,"source page/section(s) 4 | Automated PPS visualization miner found result/figure/model terms; verify against figures, captions, axes, legends, and results text before treating this visualization form as confirmed."
doi:10.3389/fpsyg.2015.00639::a,doi:10.3389/fpsyg.2015.00639::a::candidate_3,,condition_group_bar_box_summary,record_level_candidate_requires_experiment_check,,,,,,,,,,,,,,,required,automated_text_mining_candidate,inferred_low_confidence,"source page/section(s) 5, 7, 8 | Automated PPS visualization miner found result/figure/model terms; verify against figures, captions, axes, legends, and results text before treating this visualization form as confirmed."
doi:10.3389/fpsyg.2015.00639::a,doi:10.3389/fpsyg.2015.00639::a::candidate_4,,spatial_map_heatmap_or_body_boundary,record_level_candidate_requires_experiment_check,,,,,,,,,,,,,,,required,automated_text_mining_candidate,inferred_low_confidence,"source page/section(s) 9 | Automated PPS visualization miner found result/figure/model terms; verify against figures, captions, axes, legends, and results text before treating this visualization form as confirmed."
doi:10.3389/fpsyg.2015.00639::a,doi:10.3389/fpsyg.2015.00639::a::candidate_5,,near_far_or_distance_bin_plot,record_level_candidate_requires_experiment_check,,,,,,,,,,,,,,,required,automated_text_mining_candidate,inferred_low_confidence,"source page/section(s) 6, 5, 3 | Automated PPS visualization miner found result/figure/model terms; verify against figures, captions, axes, legends, and results text before treating this visualization form as confirmed."
doi:10.3389/fpsyg.2015.00639::a,doi:10.3389/fpsyg.2015.00639::a::candidate_6,,apparatus_trajectory_schematic,record_level_candidate_requires_experiment_check,,,,,,,,,,,,,,,required,automated_text_mining_candidate,inferred_low_confidence,"source page/section(s) 3, 2, 4 | Automated PPS visualization miner found result/figure/model terms; verify against figures, captions, axes, legends, and results text before treating this visualization form as confirmed."
doi:10.3389/fpsyg.2015.00639::a,doi:10.3389/fpsyg.2015.00639::a::candidate_7,,neural_trace_topography_or_brain_map,record_level_candidate_requires_experiment_check,,,,,,,,,,,,,,,required,automated_text_mining_candidate,inferred_low_confidence,"source page/section(s) 11 | Automated PPS visualization miner found result/figure/model terms; verify against figures, captions, axes, legends, and results text before treating this visualization form as confirmed."
doi:10.3389/fpsyg.2015.00639::b,doi:10.3389/fpsyg.2015.00639::b::candidate_1,,rt_by_soa_or_distance_curve,record_level_candidate_requires_experiment_check,,,,,,,,,,,,,,,required,automated_text_mining_candidate,inferred_low_confidence,"source page/section(s) 5, 3, 6 | Automated PPS visualization miner found result/figure/model terms; verify against figures, captions, axes, legends, and results text before treating this visualization form as confirmed."
doi:10.3389/fpsyg.2015.00639::b,doi:10.3389/fpsyg.2015.00639::b::candidate_2,,pps_boundary_or_size_index,record_level_candidate_requires_experiment_check,,,,,,,,,,,,,,,required,automated_text_mining_candidate,inferred_low_confidence,"source page/section(s) 4 | Automated PPS visualization miner found result/figure/model terms; verify against figures, captions, axes, legends, and results text before treating this visualization form as confirmed."
doi:10.3389/fpsyg.2015.00639::b,doi:10.3389/fpsyg.2015.00639::b::candidate_3,,condition_group_bar_box_summary,record_level_candidate_requires_experiment_check,,,,,,,,,,,,,,,required,automated_text_mining_candidate,inferred_low_confidence,"source page/section(s) 5, 7, 8 | Automated PPS visualization miner found result/figure/model terms; verify against figures, captions, axes, legends, and results text before treating this visualization form as confirmed."
doi:10.3389/fpsyg.2015.00639::b,doi:10.3389/fpsyg.2015.00639::b::candidate_4,,spatial_map_heatmap_or_body_boundary,record_level_candidate_requires_experiment_check,,,,,,,,,,,,,,,required,automated_text_mining_candidate,inferred_low_confidence,"source page/section(s) 9 | Automated PPS visualization miner found result/figure/model terms; verify against figures, captions, axes, legends, and results text before treating this visualization form as confirmed."
doi:10.3389/fpsyg.2015.00639::b,doi:10.3389/fpsyg.2015.00639::b::candidate_5,,near_far_or_distance_bin_plot,record_level_candidate_requires_experiment_check,,,,,,,,,,,,,,,required,automated_text_mining_candidate,inferred_low_confidence,"source page/section(s) 6, 5, 3 | Automated PPS visualization miner found result/figure/model terms; verify against figures, captions, axes, legends, and results text before treating this visualization form as confirmed."
doi:10.3389/fpsyg.2015.00639::b,doi:10.3389/fpsyg.2015.00639::b::candidate_6,,apparatus_trajectory_schematic,record_level_candidate_requires_experiment_check,,,,,,,,,,,,,,,required,automated_text_mining_candidate,inferred_low_confidence,"source page/section(s) 3, 2, 4 | Automated PPS visualization miner found result/figure/model terms; verify against figures, captions, axes, legends, and results text before treating this visualization form as confirmed."
doi:10.3389/fpsyg.2015.00639::b,doi:10.3389/fpsyg.2015.00639::b::candidate_7,,neural_trace_topography_or_brain_map,record_level_candidate_requires_experiment_check,,,,,,,,,,,,,,,required,automated_text_mining_candidate,inferred_low_confidence,"source page/section(s) 11 | Automated PPS visualization miner found result/figure/model terms; verify against figures, captions, axes, legends, and results text before treating this visualization form as confirmed."
doi:10.3389/fpsyg.2015.00639::c,doi:10.3389/fpsyg.2015.00639::c::candidate_1,,rt_by_soa_or_distance_curve,record_level_candidate_requires_experiment_check,,,,,,,,,,,,,,,required,automated_text_mining_candidate,inferred_low_confidence,"source page/section(s) 5, 3, 6 | Automated PPS visualization miner found result/figure/model terms; verify against figures, captions, axes, legends, and results text before treating this visualization form as confirmed."
doi:10.3389/fpsyg.2015.00639::c,doi:10.3389/fpsyg.2015.00639::c::candidate_2,,pps_boundary_or_size_index,record_level_candidate_requires_experiment_check,,,,,,,,,,,,,,,required,automated_text_mining_candidate,inferred_low_confidence,"source page/section(s) 4 | Automated PPS visualization miner found result/figure/model terms; verify against figures, captions, axes, legends, and results text before treating this visualization form as confirmed."
doi:10.3389/fpsyg.2015.00639::c,doi:10.3389/fpsyg.2015.00639::c::candidate_3,,condition_group_bar_box_summary,record_level_candidate_requires_experiment_check,,,,,,,,,,,,,,,required,automated_text_mining_candidate,inferred_low_confidence,"source page/section(s) 5, 7, 8 | Automated PPS visualization miner found result/figure/model terms; verify against figures, captions, axes, legends, and results text before treating this visualization form as confirmed."
doi:10.3389/fpsyg.2015.00639::c,doi:10.3389/fpsyg.2015.00639::c::candidate_4,,spatial_map_heatmap_or_body_boundary,record_level_candidate_requires_experiment_check,,,,,,,,,,,,,,,required,automated_text_mining_candidate,inferred_low_confidence,"source page/section(s) 9 | Automated PPS visualization miner found result/figure/model terms; verify against figures, captions, axes, legends, and results text before treating this visualization form as confirmed."
doi:10.3389/fpsyg.2015.00639::c,doi:10.3389/fpsyg.2015.00639::c::candidate_5,,near_far_or_distance_bin_plot,record_level_candidate_requires_experiment_check,,,,,,,,,,,,,,,required,automated_text_mining_candidate,inferred_low_confidence,"source page/section(s) 6, 5, 3 | Automated PPS visualization miner found result/figure/model terms; verify against figures, captions, axes, legends, and results text before treating this visualization form as confirmed."
doi:10.3389/fpsyg.2015.00639::c,doi:10.3389/fpsyg.2015.00639::c::candidate_6,,apparatus_trajectory_schematic,record_level_candidate_requires_experiment_check,,,,,,,,,,,,,,,required,automated_text_mining_candidate,inferred_low_confidence,"source page/section(s) 3, 2, 4 | Automated PPS visualization miner found result/figure/model terms; verify against figures, captions, axes, legends, and results text before treating this visualization form as confirmed."
doi:10.3389/fpsyg.2015.00639::c,doi:10.3389/fpsyg.2015.00639::c::candidate_7,,neural_trace_topography_or_brain_map,record_level_candidate_requires_experiment_check,,,,,,,,,,,,,,,required,automated_text_mining_candidate,inferred_low_confidence,"source page/section(s) 11 | Automated PPS visualization miner found result/figure/model terms; verify against figures, captions, axes, legends, and results text before treating this visualization form as confirmed."
doi:10.3389/fpsyg.2022.983189,doi:10.3389/fpsyg.2022.983189::review_required,,,not_assessed,,,,,,,,,,,,,,,required,not_assessed,not_assessed,"Inspect figures, captions, tables, supplements, axes, model annotations, boundary definitions, facets, and uncertainty displays."
doi:10.3389/fpsyt.2014.00122,doi:10.3389/fpsyt.2014.00122::review_required,,,no_confirmed_visualization_review,,,,,,,,,,,,,,,required,no_confirmed_panel_review,source_unavailable,Publisher HTML review found Figure 3/report text describing RT-by-delay sigmoid fits and PPS-boundary inflection points; figure-image verification from a local PDF/render is still pending.
doi:10.3389/frvir.2021.644214,doi:10.3389/frvir.2021.644214::candidate_1,,rt_by_soa_or_distance_curve,automated_candidate_unverified,,,,,,,,,,,,,,,required,automated_text_mining_candidate,inferred_low_confidence,"source page/section(s) 6, 9, 11 | Automated PPS visualization miner found result/figure/model terms; verify against figures, captions, axes, legends, and results text before treating this visualization form as confirmed."
doi:10.3389/frvir.2021.644214,doi:10.3389/frvir.2021.644214::candidate_2,,pps_boundary_or_size_index,automated_candidate_unverified,,,,,,,,,,,,,,,required,automated_text_mining_candidate,inferred_low_confidence,"source page/section(s) 12 | Automated PPS visualization miner found result/figure/model terms; verify against figures, captions, axes, legends, and results text before treating this visualization form as confirmed."
doi:10.3389/frvir.2021.644214,doi:10.3389/frvir.2021.644214::candidate_3,,near_far_or_distance_bin_plot,automated_candidate_unverified,,,,,,,,,,,,,,,required,automated_text_mining_candidate,inferred_low_confidence,"source page/section(s) 12 | Automated PPS visualization miner found result/figure/model terms; verify against figures, captions, axes, legends, and results text before treating this visualization form as confirmed."
doi:10.3389/frvir.2021.644214,doi:10.3389/frvir.2021.644214::candidate_4,,apparatus_trajectory_schematic,automated_candidate_unverified,,,,,,,,,,,,,,,required,automated_text_mining_candidate,inferred_low_confidence,"source page/section(s) 2, 6, 7 | Automated PPS visualization miner found result/figure/model terms; verify against figures, captions, axes, legends, and results text before treating this visualization form as confirmed."
doi:10.3389/frvir.2021.644214,doi:10.3389/frvir.2021.644214::candidate_5,,neural_trace_topography_or_brain_map,automated_candidate_unverified,,,,,,,,,,,,,,,required,automated_text_mining_candidate,inferred_low_confidence,"source page/section(s) 9, 15 | Automated PPS visualization miner found result/figure/model terms; verify against figures, captions, axes, legends, and results text before treating this visualization form as confirmed."
doi:10.3390/bs14040306,doi:10.3390/bs14040306::review_required,,,no_confirmed_visualization_review,,,,,,,,,,,,,,,required,no_confirmed_panel_review,source_unavailable,"No extracted source text is available; inspect the publication PDF, figures, captions, and supplements manually before closing visualization review."
doi:10.3390/s25196072,doi:10.3390/s25196072::review_required,,,no_confirmed_visualization_review,,,,,,,,,,,,,,,required,no_confirmed_panel_review,source_unavailable,No tracked extracted source text is available for visualization mining yet.
doi:10.3758/app.72.4.885,doi:10.3758/app.72.4.885::review_required,,,not_assessed,,,,,,,,,,,,,,,required,not_assessed,not_assessed,"Inspect figures, captions, tables, supplements, axes, model annotations, boundary definitions, facets, and uncertainty displays."
doi:10.53829/ntr201911fa4,doi:10.53829/ntr201911fa4::review_required,,,not_assessed,,,,,,,,,,,,,,,required,not_assessed,not_assessed,"Inspect figures, captions, tables, supplements, axes, model annotations, boundary definitions, facets, and uncertainty displays."
doi:10.61782/fa.2025.0866,doi:10.61782/fa.2025.0866::candidate_1,,rt_by_soa_or_distance_curve,automated_candidate_unverified,,,,,,,,,,,,,,,required,automated_text_mining_candidate,inferred_low_confidence,"source page/section(s) 4, 5, 3 | Automated PPS visualization miner found result/figure/model terms; verify against figures, captions, axes, legends, and results text before treating this visualization form as confirmed."
doi:10.61782/fa.2025.0866,doi:10.61782/fa.2025.0866::candidate_2,,sigmoid_psychometric_fit,automated_candidate_unverified,,,,,,,,,,,,,,,required,automated_text_mining_candidate,inferred_low_confidence,"source page/section(s) 4, 5, 3 | Automated PPS visualization miner found result/figure/model terms; verify against figures, captions, axes, legends, and results text before treating this visualization form as confirmed."
doi:10.61782/fa.2025.0866,doi:10.61782/fa.2025.0866::candidate_3,,pps_boundary_or_size_index,automated_candidate_unverified,,,,,,,,,,,,,,,required,automated_text_mining_candidate,inferred_low_confidence,"source page/section(s) 5, 4, 7 | Automated PPS visualization miner found result/figure/model terms; verify against figures, captions, axes, legends, and results text before treating this visualization form as confirmed."
doi:10.61782/fa.2025.0866,doi:10.61782/fa.2025.0866::candidate_4,,condition_group_bar_box_summary,automated_candidate_unverified,,,,,,,,,,,,,,,required,automated_text_mining_candidate,inferred_low_confidence,"source page/section(s) 3 | Automated PPS visualization miner found result/figure/model terms; verify against figures, captions, axes, legends, and results text before treating this visualization form as confirmed."
doi:10.61782/fa.2025.0866,doi:10.61782/fa.2025.0866::candidate_5,,near_far_or_distance_bin_plot,automated_candidate_unverified,,,,,,,,,,,,,,,required,automated_text_mining_candidate,inferred_low_confidence,"source page/section(s) 4, 5 | Automated PPS visualization miner found result/figure/model terms; verify against figures, captions, axes, legends, and results text before treating this visualization form as confirmed."
doi:10.61782/fa.2025.0866,doi:10.61782/fa.2025.0866::candidate_6,,apparatus_trajectory_schematic,automated_candidate_unverified,,,,,,,,,,,,,,,required,automated_text_mining_candidate,inferred_low_confidence,"source page/section(s) 2, 1, 3 | Automated PPS visualization miner found result/figure/model terms; verify against figures, captions, axes, legends, and results text before treating this visualization form as confirmed."
doi:10.61782/fa.2025.0866,doi:10.61782/fa.2025.0866::candidate_7,,neural_trace_topography_or_brain_map,automated_candidate_unverified,,,,,,,,,,,,,,,required,automated_text_mining_candidate,inferred_low_confidence,"source page/section(s) 8 | Automated PPS visualization miner found result/figure/model terms; verify against figures, captions, axes, legends, and results text before treating this visualization form as confirmed."
doi:10.61782/fa.2025.0866,doi:10.61782/fa.2025.0866::candidate_8,,model_parameter_or_fit_table,automated_candidate_unverified,,,,,,,,,,,,,,,required,automated_text_mining_candidate,inferred_low_confidence,"source page/section(s) 4 | Automated PPS visualization miner found result/figure/model terms; verify against figures, captions, axes, legends, and results text before treating this visualization form as confirmed."
